$MeshFormat
2.2 0 8
$EndMeshFormat
$PhysicalNames
2
2 1 "boundary"
3 1 "domain"
$EndPhysicalNames
$Nodes
1904
1 0 0 3.141592653589793
2 0 0 0
3 0 3.141592653589793 3.141592653589793
4 0 3.141592653589793 0
5 3.141592653589793 0 3.141592653589793
6 3.141592653589793 0 0
7 3.141592653589793 3.141592653589793 3.141592653589793
8 3.141592653589793 3.141592653589793 0
9 0 0 0.2617993877991499
10 0 0 0.5235987755982999
11 0 0 0.7853981633974503
12 0 0 1.047197551196601
13 0 0 1.308996938995749
14 0 0 1.570796326794899
15 0 0 1.832595714594048
16 0 0 2.094395102393197
17 0 0 2.356194490192346
18 0 0 2.617993877991495
19 0 0 2.879793265790644
20 0 0.2617993877991499 3.141592653589793
21 0 0.5235987755982999 3.141592653589793
22 0 0.7853981633974503 3.141592653589793
23 0 1.047197551196601 3.141592653589793
24 0 1.308996938995749 3.141592653589793
25 0 1.570796326794899 3.141592653589793
26 0 1.832595714594048 3.141592653589793
27 0 2.094395102393197 3.141592653589793
28 0 2.356194490192346 3.141592653589793
29 0 2.617993877991495 3.141592653589793
30 0 2.879793265790644 3.141592653589793
31 0 3.141592653589793 0.2617993877991499
32 0 3.141592653589793 0.5235987755982999
33 0 3.141592653589793 0.7853981633974503
34 0 3.141592653589793 1.047197551196601
35 0 3.141592653589793 1.308996938995749
36 0 3.141592653589793 1.570796326794899
37 0 3.141592653589793 1.832595714594048
38 0 3.141592653589793 2.094395102393197
39 0 3.141592653589793 2.356194490192346
40 0 3.141592653589793 2.617993877991495
41 0 3.141592653589793 2.879793265790644
42 0 0.2617993877991499 0
43 0 0.5235987755982999 0
44 0 0.7853981633974503 0
45 0 1.047197551196601 0
46 0 1.308996938995749 0
47 0 1.570796326794899 0
48 0 1.832595714594048 0
49 0 2.094395102393197 0
50 0 2.356194490192346 0
51 0 2.617993877991495 0
52 0 2.879793265790644 0
53 3.141592653589793 0 0.2617993877991499
54 3.141592653589793 0 0.5235987755982999
55 3.141592653589793 0 0.7853981633974503
56 3.141592653589793 0 1.047197551196601
57 3.141592653589793 0 1.308996938995749
58 3.141592653589793 0 1.570796326794899
59 3.141592653589793 0 1.832595714594048
60 3.141592653589793 0 2.094395102393197
61 3.141592653589793 0 2.356194490192346
62 3.141592653589793 0 2.617993877991495
63 3.141592653589793 0 2.879793265790644
64 3.141592653589793 0.2617993877991499 3.141592653589793
65 3.141592653589793 0.5235987755982999 3.141592653589793
66 3.141592653589793 0.7853981633974503 3.141592653589793
67 3.141592653589793 1.047197551196601 3.141592653589793
68 3.141592653589793 1.308996938995749 3.141592653589793
69 3.141592653589793 1.570796326794899 3.141592653589793
70 3.141592653589793 1.832595714594048 3.141592653589793
71 3.141592653589793 2.094395102393197 3.141592653589793
72 3.141592653589793 2.356194490192346 3.141592653589793
73 3.141592653589793 2.617993877991495 3.141592653589793
74 3.141592653589793 2.879793265790644 3.141592653589793
75 3.141592653589793 3.141592653589793 0.2617993877991499
76 3.141592653589793 3.141592653589793 0.5235987755982999
77 3.141592653589793 3.141592653589793 0.7853981633974503
78 3.141592653589793 3.141592653589793 1.047197551196601
79 3.141592653589793 3.141592653589793 1.308996938995749
80 3.141592653589793 3.141592653589793 1.570796326794899
81 3.141592653589793 3.141592653589793 1.832595714594048
82 3.141592653589793 3.141592653589793 2.094395102393197
83 3.141592653589793 3.141592653589793 2.356194490192346
84 3.141592653589793 3.141592653589793 2.617993877991495
85 3.141592653589793 3.141592653589793 2.879793265790644
86 3.141592653589793 0.2617993877991499 0
87 3.141592653589793 0.5235987755982999 0
88 3.141592653589793 0.7853981633974503 0
89 3.141592653589793 1.047197551196601 0
90 3.141592653589793 1.308996938995749 0
91 3.141592653589793 1.570796326794899 0
92 3.141592653589793 1.832595714594048 0
93 3.141592653589793 2.094395102393197 0
94 3.141592653589793 2.356194490192346 0
95 3.141592653589793 2.617993877991495 0
96 3.141592653589793 2.879793265790644 0
97 0.2617993877991499 0 0
98 0.5235987755982999 0 0
99 0.7853981633974503 0 0
100 1.047197551196601 0 0
101 1.308996938995749 0 0
102 1.570796326794899 0 0
103 1.832595714594048 0 0
104 2.094395102393197 0 0
105 2.356194490192346 0 0
106 2.617993877991495 0 0
107 2.879793265790644 0 0
108 0.2617993877991499 0 3.141592653589793
109 0.5235987755982999 0 3.141592653589793
110 0.7853981633974503 0 3.141592653589793
111 1.047197551196601 0 3.141592653589793
112 1.308996938995749 0 3.141592653589793
113 1.570796326794899 0 3.141592653589793
114 1.832595714594048 0 3.141592653589793
115 2.094395102393197 0 3.141592653589793
116 2.356194490192346 0 3.141592653589793
117 2.617993877991495 0 3.141592653589793
118 2.879793265790644 0 3.141592653589793
119 0.2617993877991499 3.141592653589793 0
120 0.5235987755982999 3.141592653589793 0
121 0.7853981633974503 3.141592653589793 0
122 1.047197551196601 3.141592653589793 0
123 1.308996938995749 3.141592653589793 0
124 1.570796326794899 3.141592653589793 0
125 1.832595714594048 3.141592653589793 0
126 2.094395102393197 3.141592653589793 0
127 2.356194490192346 3.141592653589793 0
128 2.617993877991495 3.141592653589793 0
129 2.879793265790644 3.141592653589793 0
130 0.2617993877991499 3.141592653589793 3.141592653589793
131 0.5235987755982999 3.141592653589793 3.141592653589793
132 0.7853981633974503 3.141592653589793 3.141592653589793
133 1.047197551196601 3.141592653589793 3.141592653589793
134 1.308996938995749 3.141592653589793 3.141592653589793
135 1.570796326794899 3.141592653589793 3.141592653589793
136 1.832595714594048 3.141592653589793 3.141592653589793
137 2.094395102393197 3.141592653589793 3.141592653589793
138 2.356194490192346 3.141592653589793 3.141592653589793
139 2.617993877991495 3.141592653589793 3.141592653589793
140 2.879793265790644 3.141592653589793 3.141592653589793
141 0 1.441512388882873 0.2199049746134435
142 0 2.89977398510354 1.729379422927871
143 0 1.439896632895324 2.914867733060516
144 0 0.2271446261042389 1.453154484515269
145 0 2.8919593028228 0.8952559219640477
146 0 0.2516881745274067 2.227824213905592
147 0 2.225294796292768 2.914867733060511
148 0 2.229818913057908 0.2158728425892484
149 0 0.9162978572970251 2.914867733060516
150 0 0.2267249205292773 0.9162978572970254
151 0 2.908972634732587 2.227703874001834
152 0 0.8928803557341997 0.2424487838168314
153 0 2.904481668678417 2.724853681037561
154 0 0.3938084223823373 2.919908250588742
155 0 2.908406374937798 0.4044327397520041
156 0 0.2208791759842988 0.4028242082586969
157 0 0.6546833596118103 2.91570781931522
158 0 0.7854289784164381 2.688282826907023
159 0 1.047202687033096 2.688166148260535
160 0 0.9163038491062696 2.461445117019474
161 0 1.178097245096171 2.461417892001959
162 0 1.047198549831469 2.234697508975602
163 0 1.308997105434889 2.234693727723168
164 0 1.17809743927517 2.007968933235639
165 0 1.439896632895316 2.007968050943403
166 0 1.308996971358907 1.781243277462832
167 0 1.57079633218875 1.781243154922242
168 0 1.43989663918815 1.554518238477653
169 0 1.701696020694462 1.554518209884847
170 0 1.832595715493015 1.781243134498809
171 0 1.963495408643441 1.554518210565626
172 0 1.832595714619007 1.327793289469032
173 0 1.17809725153883 1.554518239158436
174 0 1.30899694111832 1.327793298999971
175 0 1.57079635453475 2.234693097514428
176 0 2.094395102567988 1.781243131208366
177 0 2.094395102422318 1.327793289487942
178 0 1.963495408502627 1.101068368867264
179 0 1.047197551924924 1.327793292664928
180 0 1.178097245571312 1.101068370985256
181 0 0.9162980560993308 2.007968954242599
182 0 2.225294796299116 1.101068368855181
183 0 0.92055204748526 1.10352452747225
184 0 2.349704004121499 1.326948771031516
185 0 2.094395102395744 0.8743434483086578
186 0 1.832595714595412 0.8743434483032794
187 0 1.047906582973816 0.8747528084311729
188 0 2.356194490193817 0.8743434483037673
189 0 0.804576819815889 0.8854162509499595
190 0 0.7786698961145816 1.327526082356054
191 0 1.309115111037797 0.8744116753458707
192 0 1.963495408672576 2.007968051756555
193 0 2.226979192868368 2.006995564428991
194 0 2.094675835185616 2.234530890522468
195 0 2.358206408270321 2.233531390112931
196 0 2.356194490192336 1.781243130414122
197 0 1.963495408494263 0.6503333936139681
198 0 1.178097245096154 0.6476185277677434
199 0 1.703958079077367 0.6493770054259225
200 0 0.6620984488892245 2.457061456825445
201 0 2.225676904771165 2.461197281616959
202 0 1.963605882038753 2.461354110112755
203 0 2.487493188517976 2.461187526711161
204 0 1.837496841089774 0.4324912424292309
205 0 2.6266705508246 2.231559383338324
206 0 2.751972039664248 2.470090243618671
207 0 2.755446590182883 1.988384447278813
208 0 2.620548499498498 2.696903639515769
209 0 2.497200563191782 2.002133130249555
210 0 2.615932621902197 1.763970093909365
211 0 2.714969130805788 1.519453926103017
212 0 2.094477199397114 2.688095413818865
213 0 1.832627809685553 2.688124282430971
214 0 1.963514440509525 2.914856744925074
215 0 1.308997794968497 2.688146701819454
216 0 1.442555396348711 0.6519419980533541
217 0 1.571636159108176 0.8753684774635022
218 0 2.481357058751444 1.098002871775035
219 0 2.612878962667777 0.8737462243456346
220 0 2.488503756587438 0.6488249904597313
221 0 2.748893571891051 0.6476185277677305
222 0 2.617993877991472 0.4208936072384551
223 0 1.570796328201618 1.327793295747348
224 0 0.225750629771781 0.6561859905912036
225 0 0.4500198545980974 0.5255675502071834
226 0 0.4260886969035654 0.2411590899676247
227 0 0.6579168338380272 0.3840366089718047
228 0 0.4364376779455153 0.786007546014485
229 0 0.4414174442398628 1.039854390810237
230 0 2.935830143468772 1.182334274724345
231 0 1.439896807920611 2.461418687265367
232 0 2.485869954980255 2.916793082353311
233 0 0.7866660248370764 2.233972343246536
234 0 0.6547098128715261 2.007848096788916
235 0 0.7854334204267694 1.781223288604914
236 0 0.5283389632554139 1.783932850571856
237 0 0.4001112344497906 2.002475653308203
238 0 0.2540876540339246 1.753116814125999
239 0 0.2388103191331028 2.51022047700272
240 0 0.2267249205292764 1.178097245096175
241 0 0.489910367592594 1.319964579241598
242 0 1.178098243731049 2.914872270563434
243 0 1.178097245096175 0.2267249205292763
244 0 1.44005630095528 1.10125058122804
245 0 1.04720349933267 1.781240150431546
246 0 0.5322559744656034 2.227382300937375
247 0 0.9336319708961476 0.6607718674645342
248 0 2.22169917998074 1.555828839865064
249 0 1.701862604330353 1.101269576846411
250 0 1.701696026396407 2.007968076851352
251 0 0.9151833481392733 1.554469877183456
252 0 0.6544984694978648 1.554518209884857
253 0 0.4846292133008318 2.666049756862114
254 0 2.356560090576296 2.689840779512763
255 0 1.57080184780982 2.688140504939796
256 0 2.227791783425366 0.6522929483865205
257 0 1.832660921253761 2.234655353126586
258 0 1.701705462048195 2.91486242875599
259 0 1.701731603873875 2.461397672564983
260 0 0.6664148781275622 0.6544984694978742
261 0 2.739652102052991 2.925511036530355
262 0 0.2184820429007177 2.751242958404371
263 0 1.96506628237043 0.2159971021310379
264 0 1.572702610848158 0.4335537783567112
265 0 2.357599602924547 0.4309171527402838
266 0 1.058217083997548 0.4466515412864733
267 0 1.308996938995749 0.4371717241485023
268 0 1.703361694096697 0.2169911829217372
269 0 2.487094184091921 0.2104357254698135
270 0 2.096878138560381 0.4329841136483816
271 0 2.74778321480803 0.2104468036192347
272 0 2.474459515873458 1.549191221373078
273 0 2.94094471215075 1.439896632895324
274 0 2.586563541368614 1.316042565596165
275 0 0.6758782745848229 1.10711074012527
276 0 0.4279667564229939 1.572325655989912
277 0 2.714757831344859 1.104706396380151
278 0 2.969722330050968 2.479367233368381
279 0 0.6571765650943086 0.1735288965512522
280 0 2.966488911366247 0.6512608256959065
281 0 0.4338964260632338 2.417707641106649
282 0 2.970752155163472 1.963495408493621
283 0 0.1805322926469573 1.979312656696029
284 0 0.1916504532594051 2.949942200330389
285 0 2.949942200330388 2.949942200330388
286 0 0.1916504532594054 0.1916504532594054
287 0 2.950568864728474 0.1910237888613189
288 0 0.600694043258692 0.9052160318799533
289 0 2.784017500660371 1.31918170798433
290 0 0.841812224518697 0.4776814542075036
291 3.141592653589793 0.2267249205292769 1.439896632895324
292 3.141592653589793 2.892883004487791 1.738113084418614
293 3.141592653589793 1.439896632895324 2.914867733060516
294 3.141592653589793 1.701696020694473 0.2267249205292769
295 3.141592653589793 0.9179136132845751 0.2199049746134445
296 3.141592653589793 0.2326871533185152 2.227985899764514
297 3.141592653589793 2.891959302822801 0.895255921964048
298 3.141592653589793 2.225294796292769 2.914867733060512
299 3.141592653589793 0.9162978572970251 2.914867733060516
300 3.141592653589793 0.2496333507669815 0.8952559219640537
301 3.141592653589793 2.904246877304885 2.229322585655586
302 3.141592653589793 2.226910552280321 0.2199049746134421
303 3.141592653589793 2.904481668678418 2.724853681037561
304 3.141592653589793 0.3933135205750868 0.2170789761088931
305 3.141592653589793 2.908406374937798 0.4044327397520038
306 3.141592653589793 0.4028242082586978 2.920713477605494
307 3.141592653589793 0.6561859905912037 2.915842023818012
308 3.141592653589793 0.7856794169130035 2.688305194324155
309 3.141592653589793 1.047244426782524 2.68816987616339
310 3.141592653589793 0.9163525454806016 2.461449466239472
311 3.141592653589793 1.178114172391088 2.461427664980237
312 3.141592653589793 1.047209487109678 2.234699862675314
313 3.141592653589793 1.30900174953041 2.234695748836165
314 3.141592653589793 1.178100036170793 2.00796966237109
315 3.141592653589793 1.439897899830199 2.007968782408597
316 3.141592653589793 1.308997615330658 1.781243520896273
317 3.141592653589793 1.57079665067319 1.781243317405348
318 3.141592653589793 1.439896799597517 1.554518306130411
319 3.141592653589793 1.70169610245788 1.554518257090978
320 3.141592653589793 1.832595782200992 1.781243169447016
321 3.141592653589793 1.963495433388674 1.554518224258016
322 3.141592653589793 1.570796368205824 1.327793313264187
323 3.141592653589793 1.308996973681261 1.327793309381269
324 3.141592653589793 1.570797339706484 2.234693556277458
325 3.141592653589793 1.439896636196734 1.101068370732372
326 3.141592653589793 1.701696028146521 1.101068373128743
327 3.141592653589793 1.17809725142732 1.101068372481592
328 3.141592653589793 2.09439511781019 1.781243139315133
329 3.141592653589793 1.047198129098181 1.781243464065767
330 3.141592653589793 1.308996940601166 0.8743434492239143
331 3.141592653589793 2.225294803011439 1.554518213763875
332 3.141592653589793 1.047197552519351 0.8743434490607187
333 3.141592653589793 0.9162978585726673 1.101068369562797
334 3.141592653589793 2.356194493881617 1.781243132544128
335 3.141592653589793 2.225294799477144 2.007968052781902
336 3.141592653589793 0.7853981638305073 0.8743434485470548
337 3.141592653589793 0.7854092674135558 2.234699382379374
338 3.141592653589793 2.094395107662142 1.327793292397601
339 3.141592653589793 2.356194492190273 1.327793290509077
340 3.141592653589793 2.225294797503907 1.101068369525547
341 3.141592653589793 0.6606848703885545 1.097496648935589
342 3.141592653589793 0.7864292304251645 1.327198002829874
343 3.141592653589793 1.180359303966765 0.6489245280656087
344 3.141592653589793 1.440273642974648 0.6505510604817801
345 3.141592653589793 2.487094184390124 2.00796805111557
346 3.141592653589793 2.35619449077277 2.234692971807788
347 3.141592653589793 2.094395103020658 2.234692971834945
348 3.141592653589793 2.480907784020855 1.09749664907995
349 3.141592653589793 2.35516342371568 0.8737481617891651
350 3.141592653589793 2.094223258182264 0.8742442339955834
351 3.141592653589793 2.655200877290149 1.321176628965107
352 3.141592653589793 2.225294796494081 2.461417892118184
353 3.141592653589793 1.963495408631746 2.461417892081703
354 3.141592653589793 2.487094184222205 2.461417892077177
355 3.141592653589793 1.313960900585872 0.4324521073471478
356 3.141592653589793 2.227356369560734 0.651521797133964
357 3.141592653589793 1.963610187955285 0.6498270001246926
358 3.141592653589793 2.489527993606364 0.6494758582602304
359 3.141592653589793 0.486559927014093 1.321013755844741
360 3.141592653589793 0.6544984694978684 1.554518209884854
361 3.141592653589793 2.617993877991487 1.781243130414121
362 3.141592653589793 0.5287885702527915 0.8736618539129491
363 3.141592653589793 0.6544984694978615 0.6476185277677458
364 3.141592653589793 0.3926990816987121 0.6476185277677476
365 3.141592653589793 2.747868796386297 1.996899827837422
366 3.141592653589793 2.094395102449766 2.688142812563895
367 3.141592653589793 1.832595714626494 2.68814281254997
368 3.141592653589793 1.963495408508457 2.91486773306908
369 3.141592653589793 2.356194490257039 2.688142812568583
370 3.141592653589793 2.619968920831122 2.695496641813542
371 3.141592653589793 2.75000097437809 2.472146326024743
372 3.141592653589793 1.309007572809221 2.688148951966309
373 3.141592653589793 2.487094184091911 1.554518209884843
374 3.141592653589793 2.613037874052067 0.8738721945594365
375 3.141592653589793 2.748893571891052 0.6476185277677294
376 3.141592653589793 2.617993877991476 0.420893607238454
377 3.141592653589793 2.487094184091919 2.914867733060507
378 3.141592653589793 1.439902196987761 2.461421104432227
379 3.141592653589793 0.6548701686418604 0.2185545665032252
380 3.141592653589793 2.911032255708803 1.180904179850375
381 3.141592653589793 0.6545563104504134 2.461451286491482
382 3.141592653589793 0.5170309996041674 2.232817499755543
383 3.141592653589793 0.6533857173005921 2.00757600619114
384 3.141592653589793 0.3926990816987231 2.461417892001965
385 3.141592653589793 0.3928674471684693 1.997899045901158
386 3.141592653589793 0.5221984618531385 1.781243130414131
387 3.141592653589793 0.2513734546425195 1.746854750369577
388 3.141592653589793 0.9189369257839922 0.6518552141541172
389 3.141592653589793 0.9161168000817066 2.007905251349469
390 3.141592653589793 0.2305804158231841 1.18088479019319
391 3.141592653589793 1.96363280271025 0.2233766059258803
392 3.141592653589793 1.570859163867926 0.8748322049385946
393 3.141592653589793 1.178097333508715 1.55451826092986
394 3.141592653589793 1.178106829996074 2.914873266905053
395 3.141592653589793 1.70169646591642 2.007968307992416
396 3.141592653589793 2.914867733060517 1.439896632895325
397 3.141592653589793 1.832595741392442 1.327793304827636
398 3.141592653589793 1.047369417485357 1.327694087511708
399 3.141592653589793 1.963495497169907 2.007968102140681
400 3.141592653589793 2.622083251242395 2.233741275753047
401 3.141592653589793 1.701697116890237 2.461418524890878
402 3.141592653589793 0.7853981633974407 1.781243130414132
403 3.141592653589793 1.83259667789001 0.8747764514636076
404 3.141592653589793 1.963466935129548 1.10112400422312
405 3.141592653589793 0.9164984572354546 1.554402525939366
406 3.141592653589793 0.5256240659518663 2.689312114462058
407 3.141592653589793 1.832596155222575 2.23469322586968
408 3.141592653589793 1.570799209150584 2.68814447666007
409 3.141592653589793 1.701729766437293 0.6499648638251183
410 3.141592653589793 1.701696501094967 2.91486801041987
411 3.141592653589793 0.2411671636454361 2.715181001753423
412 3.141592653589793 2.741167516636262 2.926406807112707
413 3.141592653589793 1.440723959827008 0.2177992592740292
414 3.141592653589793 1.049111025352472 0.4334573789664399
415 3.141592653589793 2.360799821082696 0.4307565171986368
416 3.141592653589793 0.5150644660467127 0.4267902339991405
417 3.141592653589793 0.7850657781012456 0.4330301493340188
418 3.141592653589793 1.832643367830896 0.4373746528085675
419 3.141592653589793 2.095825516903363 0.4354602579675305
420 3.141592653589793 1.179650664873713 0.2172689533668435
421 3.141592653589793 2.487404602568283 0.2116132977396661
422 3.141592653589793 1.570796326794882 0.4371828022979354
423 3.141592653589793 2.747783214808032 0.2104468036192334
424 3.141592653589793 0.2298865765161697 0.4103325806064255
425 3.141592653589793 2.718853171984661 1.569805388259045
426 3.141592653589793 0.4262049169036649 1.569147069280053
427 3.141592653589793 2.710427618778935 1.073741114883783
428 3.141592653589793 0.4312494268491209 1.073662594170105
429 3.141592653589793 2.964541494940573 1.963495408493621
430 3.141592653589793 2.968382965508196 2.480102192180346
431 3.141592653589793 0.1753723363493608 2.487094184091921
432 3.141592653589793 2.966488911366247 0.6512608256959063
433 3.141592653589793 0.1745169726104571 0.6534486349922222
434 3.141592653589793 0.1753856110259008 1.979946102604498
435 3.141592653589793 0.1916504532594051 2.949942200330389
436 3.141592653589793 2.949942200330388 2.949942200330388
437 3.141592653589793 2.950568864728476 0.1910237888613179
438 3.141592653589793 0.1903174904154342 0.1903174904154341
439 0.2267249205292769 0 1.439896632895324
440 1.701696020694473 0 2.914867733060515
441 2.914448027485549 0 1.45315448451526
442 1.410383313091629 0 0.2474604816557255
443 0.9162978572970252 0 2.914867733060515
444 2.225294796292771 0 0.2267249205292769
445 2.906926189765909 0 2.229785793613387
446 0.2531207078906043 0 2.250219682209708
447 2.891959302822797 0 0.8952559219640488
448 0.2267249205292773 0 0.9162978572970254
449 0.912957583818351 0 0.2319017703225408
450 2.225294796292771 0 2.914867733060508
451 2.738768445331098 0 2.920713477605486
452 0.2267249205292777 0 0.3926990816987249
453 0.4028242082586971 0 2.920713477605493
454 2.908406374937798 0 0.4044327397520042
455 0.656185990591204 0 2.915842023818011
456 0.7856794169130046 0 2.688305194324155
457 1.047244426782524 0 2.68816987616339
458 0.9163525454806023 0 2.461449466239473
459 1.178114172391089 0 2.461427664980236
460 1.04892947254221 0 2.235692896727789
461 1.309288413769166 0 2.234861254511578
462 1.180154463215205 0 2.009155786378213
463 1.440288081710725 0 2.008194054022352
464 1.30940505015148 0 1.781478753499753
465 1.570929586790079 0 1.781320068108219
466 1.439986861420465 0 1.554570303348135
467 1.701733268781183 0 1.554539715077742
468 1.832624132607688 0 1.781259537561952
469 1.570817572896861 0 1.327805555798266
470 1.832605463625481 0 1.327798917961498
471 1.309380273466254 0 1.344422066756759
472 1.701701186550025 0 1.101071351334395
473 1.963497894308106 0 1.101069804011961
474 1.057416686328061 0 1.791693492841918
475 2.094397141534172 0 1.327794466654165
476 1.570854398528637 0 2.234726499203786
477 1.832596989872372 0 0.8773748976467132
478 1.586530693360178 0 0.8659943752265475
479 2.094395729241983 0 0.874848929052906
480 0.7433745193796559 0 2.217846088145146
481 1.968026123449953 0 0.6566647681560854
482 2.225294796292748 0 0.6476185277677324
483 2.356194594667125 0 0.8744276950896587
484 2.487094201504365 0 0.6503474347430847
485 1.309007572809221 0 2.688148951966307
486 2.617993877991472 0 0.8743434482970092
487 2.488527208325688 0 1.09932680177532
488 2.748893571891047 0 0.6476185277677322
489 2.617993877991472 0 0.4208936072384548
490 1.178106829996074 0 2.914873266905051
491 0.2280583900053664 0 0.6479141119801783
492 0.4530693413029329 0 0.7794450742023593
493 0.4533864244326175 0 1.046205369664085
494 0.6777992816144494 0 0.9111540077906917
495 0.6797682788212787 0 1.177074573256366
496 0.9049933819661462 0 1.043671072391355
497 0.9038845581865957 0 0.7799668042937885
498 0.8994893585425264 0 1.292646767163812
499 0.6784747469099852 0 1.436313164777019
500 1.141504897552333 0 0.9212846286696014
501 1.132449185379277 0 0.6544606644187021
502 0.905711516822761 0 0.5095994908004814
503 1.149991394563976 0 0.3906787235741616
504 0.6748714049580352 0 0.3731625950720036
505 1.360349523175664 0 0.5235987755983017
506 1.589255810811848 0 0.457386038617445
507 0.6730487889475728 0 0.6351671009703522
508 0.5256144257931104 0 2.689306548713803
509 0.2411657864799011 0 2.715180206646528
510 0.3955617502681935 0 2.482960684927606
511 1.396652119063602 0 1.072725862113409
512 1.43995948416458 0 2.461454179199182
513 1.70169602069447 0 2.461417892001953
514 1.832605393216332 0 2.234698559427859
515 1.963497021597334 0 2.461418823327813
516 2.094396984347525 0 2.234694058019512
517 2.225294947924816 0 2.461417979546749
518 2.356194829123404 0 2.234693167154608
519 2.487094265852436 0 2.461417939206399
520 2.225295166440328 0 2.007968264648189
521 2.487094302271683 0 2.007968119174512
522 2.356194571580224 0 1.781243177403433
523 2.613294823662804 0 1.783956169102526
524 2.487094184091908 0 1.554518209884835
525 2.744360470070892 0 2.002826473412201
526 2.887802977541505 0 1.753154991537687
527 2.356194529091105 0 2.688142834989435
528 2.616306377008045 0 2.689117114899164
529 2.745722382274824 0 2.465041802635787
530 2.900020718480623 0 2.715670846192122
531 1.832595983444665 0 2.688142967752207
532 2.094399913984703 0 1.781245908387775
533 1.570808619117122 0 2.688149909506779
534 2.094395447807386 0 2.688143011956202
535 0.2311242184228315 0 1.967649556146445
536 0.4808071373229635 0 2.087725340915116
537 0.4587426067515479 0 1.832176445623171
538 0.6866482633294216 0 1.951211038249342
539 0.2283402644603684 0 1.702318500474798
540 0.6712568412771351 0 1.69692982124581
541 1.439902051401256 0 2.914870861436373
542 1.968025806428776 0 0.2176833581623304
543 0.2267143510916211 0 1.177931881507422
544 2.914867733060518 0 1.178097245096176
545 2.665347523760247 0 1.319236309704656
546 1.96349551087109 0 2.914867792168169
547 0.4530864271405555 0 1.308036324815852
548 0.4527709678448115 0 1.569278481638662
549 2.48512541931781 0 2.91600441128903
550 1.701799500224512 0 2.008027794877927
551 1.187203305960936 0 1.567383007879257
552 1.963520181803514 0 2.007982353820535
553 2.225295951646157 0 1.554518876928435
554 1.963509312029897 0 1.554526237095261
555 2.225534509711567 0 1.100876830989929
556 2.621232073226524 0 2.233622215866149
557 0.6544984694978756 0 2.461417892001963
558 2.364366086511623 0 1.32604524932289
559 0.9202949560355667 0 1.567834987607656
560 0.4466231544238407 0 0.5102721130299963
561 0.4239660807998596 0 0.2332447142563599
562 0.9266177698922148 0 2.013926255258258
563 2.483084184354761 0 0.2167358979432495
564 2.098709804833954 0 0.4371735998831237
565 2.356245276878345 0 0.433248998017487
566 2.742973407632441 0 0.205514338965838
567 1.124968764480545 0 1.163104893610845
568 1.722969934118203 0 0.6599737446295932
569 1.341661445139021 0 0.7853981633974517
570 1.705139178987695 0 0.2266169337640001
571 1.842021109771738 0 0.4425830738687629
572 2.71562651846352 0 1.572230402619246
573 2.71379759730488 0 1.076379832613837
574 1.174923596417782 0 0.1762590502728305
575 0.1766974958281281 0 2.485775614858048
576 2.966566746649958 0 2.48339271836053
577 2.966488911366246 0 0.6512608256959072
578 2.961060360942835 0 1.979312656696009
579 0.5143506844113419 0 2.297345770257939
580 0.654498469497875 0 0.1619753954298918
581 0.8524469033724795 0 1.804319119040597
582 2.949942200330388 0 2.949942200330388
583 0.191650453259405 0 2.949942200330388
584 0.1916504532594054 0 0.1916504532594054
585 2.950568864728474 0 0.1910237888613192
586 1.088267331697166 0 1.387078344603666
587 1.520153481320983 0 0.6584702194938679
588 0.2267249205292769 3.141592653589793 1.439896632895324
589 1.701696020694473 3.141592653589793 2.914867733060515
590 2.914448027485549 3.141592653589793 1.45315448451526
591 1.410383313091629 3.141592653589793 0.2474604816557255
592 0.9162978572970252 3.141592653589793 2.914867733060515
593 2.225294796292771 3.141592653589793 0.2267249205292769
594 2.906926189765909 3.141592653589793 2.229785793613387
595 0.2531207078906043 3.141592653589793 2.250219682209708
596 2.891959302822797 3.141592653589793 0.8952559219640488
597 0.2267249205292773 3.141592653589793 0.9162978572970254
598 0.912957583818351 3.141592653589793 0.2319017703225408
599 2.225294796292771 3.141592653589793 2.914867733060508
600 2.738768445331098 3.141592653589793 2.920713477605486
601 0.2267249205292777 3.141592653589793 0.3926990816987249
602 0.4028242082586971 3.141592653589793 2.920713477605493
603 2.908406374937798 3.141592653589793 0.4044327397520042
604 0.656185990591204 3.141592653589793 2.915842023818011
605 0.7856794169130046 3.141592653589793 2.688305194324155
606 1.047244426782524 3.141592653589793 2.68816987616339
607 0.9163525454806023 3.141592653589793 2.461449466239473
608 1.178114172391089 3.141592653589793 2.461427664980236
609 1.04892947254221 3.141592653589793 2.235692896727789
610 1.309288413769166 3.141592653589793 2.234861254511578
611 1.180154463215205 3.141592653589793 2.009155786378213
612 1.440288081710725 3.141592653589793 2.008194054022352
613 1.30940505015148 3.141592653589793 1.781478753499753
614 1.570929586790079 3.141592653589793 1.781320068108219
615 1.439986861420465 3.141592653589793 1.554570303348135
616 1.701733268781183 3.141592653589793 1.554539715077742
617 1.832624132607688 3.141592653589793 1.781259537561952
618 1.570817572896861 3.141592653589793 1.327805555798266
619 1.832605463625481 3.141592653589793 1.327798917961498
620 1.309380273466254 3.141592653589793 1.344422066756759
621 1.701701186550025 3.141592653589793 1.101071351334395
622 1.963497894308106 3.141592653589793 1.101069804011961
623 1.057416686328061 3.141592653589793 1.791693492841918
624 2.094397141534172 3.141592653589793 1.327794466654165
625 1.570854398528637 3.141592653589793 2.234726499203786
626 1.832596989872372 3.141592653589793 0.8773748976467132
627 1.586530693360178 3.141592653589793 0.8659943752265475
628 2.094395729241983 3.141592653589793 0.874848929052906
629 0.7433745193796559 3.141592653589793 2.217846088145146
630 1.968026123449953 3.141592653589793 0.6566647681560854
631 2.225294796292748 3.141592653589793 0.6476185277677324
632 2.356194594667125 3.141592653589793 0.8744276950896587
633 2.487094201504365 3.141592653589793 0.6503474347430847
634 1.309007572809221 3.141592653589793 2.688148951966307
635 2.617993877991472 3.141592653589793 0.8743434482970092
636 2.488527208325688 3.141592653589793 1.09932680177532
637 2.748893571891047 3.141592653589793 0.6476185277677322
638 2.617993877991472 3.141592653589793 0.4208936072384548
639 1.178106829996074 3.141592653589793 2.914873266905051
640 0.2280583900053664 3.141592653589793 0.6479141119801783
641 0.4530693413029329 3.141592653589793 0.7794450742023593
642 0.4533864244326175 3.141592653589793 1.046205369664085
643 0.6777992816144494 3.141592653589793 0.9111540077906917
644 0.6797682788212787 3.141592653589793 1.177074573256366
645 0.9049933819661462 3.141592653589793 1.043671072391355
646 0.9038845581865957 3.141592653589793 0.7799668042937885
647 0.8994893585425264 3.141592653589793 1.292646767163812
648 0.6784747469099852 3.141592653589793 1.436313164777019
649 1.141504897552333 3.141592653589793 0.9212846286696014
650 1.132449185379277 3.141592653589793 0.6544606644187021
651 0.905711516822761 3.141592653589793 0.5095994908004814
652 1.149991394563976 3.141592653589793 0.3906787235741616
653 0.6748714049580352 3.141592653589793 0.3731625950720036
654 1.360349523175664 3.141592653589793 0.5235987755983017
655 1.589255810811848 3.141592653589793 0.457386038617445
656 0.6730487889475728 3.141592653589793 0.6351671009703522
657 0.5256144257931104 3.141592653589793 2.689306548713803
658 0.2411657864799011 3.141592653589793 2.715180206646528
659 0.3955617502681935 3.141592653589793 2.482960684927606
660 1.396652119063602 3.141592653589793 1.072725862113409
661 1.43995948416458 3.141592653589793 2.461454179199182
662 1.70169602069447 3.141592653589793 2.461417892001953
663 1.832605393216332 3.141592653589793 2.234698559427859
664 1.963497021597334 3.141592653589793 2.461418823327813
665 2.094396984347525 3.141592653589793 2.234694058019512
666 2.225294947924816 3.141592653589793 2.461417979546749
667 2.356194829123404 3.141592653589793 2.234693167154608
668 2.487094265852436 3.141592653589793 2.461417939206399
669 2.225295166440328 3.141592653589793 2.007968264648189
670 2.487094302271683 3.141592653589793 2.007968119174512
671 2.356194571580224 3.141592653589793 1.781243177403433
672 2.613294823662804 3.141592653589793 1.783956169102526
673 2.487094184091908 3.141592653589793 1.554518209884835
674 2.744360470070892 3.141592653589793 2.002826473412201
675 2.887802977541505 3.141592653589793 1.753154991537687
676 2.356194529091105 3.141592653589793 2.688142834989435
677 2.616306377008045 3.141592653589793 2.689117114899164
678 2.745722382274824 3.141592653589793 2.465041802635787
679 2.900020718480623 3.141592653589793 2.715670846192122
680 1.832595983444665 3.141592653589793 2.688142967752207
681 2.094399913984703 3.141592653589793 1.781245908387775
682 1.570808619117122 3.141592653589793 2.688149909506779
683 2.094395447807386 3.141592653589793 2.688143011956202
684 0.2311242184228315 3.141592653589793 1.967649556146445
685 0.4808071373229635 3.141592653589793 2.087725340915116
686 0.4587426067515479 3.141592653589793 1.832176445623171
687 0.6866482633294216 3.141592653589793 1.951211038249342
688 0.2283402644603684 3.141592653589793 1.702318500474798
689 0.6712568412771351 3.141592653589793 1.69692982124581
690 1.439902051401256 3.141592653589793 2.914870861436373
691 1.968025806428776 3.141592653589793 0.2176833581623304
692 0.2267143510916211 3.141592653589793 1.177931881507422
693 2.914867733060518 3.141592653589793 1.178097245096176
694 2.665347523760247 3.141592653589793 1.319236309704656
695 1.96349551087109 3.141592653589793 2.914867792168169
696 0.4530864271405555 3.141592653589793 1.308036324815852
697 0.4527709678448115 3.141592653589793 1.569278481638662
698 2.48512541931781 3.141592653589793 2.91600441128903
699 1.701799500224512 3.141592653589793 2.008027794877927
700 1.187203305960936 3.141592653589793 1.567383007879257
701 1.963520181803514 3.141592653589793 2.007982353820535
702 2.225295951646157 3.141592653589793 1.554518876928435
703 1.963509312029897 3.141592653589793 1.554526237095261
704 2.225534509711567 3.141592653589793 1.100876830989929
705 2.621232073226524 3.141592653589793 2.233622215866149
706 0.6544984694978756 3.141592653589793 2.461417892001963
707 2.364366086511623 3.141592653589793 1.32604524932289
708 0.9202949560355667 3.141592653589793 1.567834987607656
709 0.4466231544238407 3.141592653589793 0.5102721130299963
710 0.4239660807998596 3.141592653589793 0.2332447142563599
711 0.9266177698922148 3.141592653589793 2.013926255258258
712 2.483084184354761 3.141592653589793 0.2167358979432495
713 2.098709804833954 3.141592653589793 0.4371735998831237
714 2.356245276878345 3.141592653589793 0.433248998017487
715 2.742973407632441 3.141592653589793 0.205514338965838
716 1.124968764480545 3.141592653589793 1.163104893610845
717 1.722969934118203 3.141592653589793 0.6599737446295932
718 1.341661445139021 3.141592653589793 0.7853981633974517
719 1.705139178987695 3.141592653589793 0.2266169337640001
720 1.842021109771738 3.141592653589793 0.4425830738687629
721 2.71562651846352 3.141592653589793 1.572230402619246
722 2.71379759730488 3.141592653589793 1.076379832613837
723 1.174923596417782 3.141592653589793 0.1762590502728305
724 0.1766974958281281 3.141592653589793 2.485775614858048
725 2.966566746649958 3.141592653589793 2.48339271836053
726 2.966488911366246 3.141592653589793 0.6512608256959072
727 2.961060360942835 3.141592653589793 1.979312656696009
728 0.5143506844113419 3.141592653589793 2.297345770257939
729 0.654498469497875 3.141592653589793 0.1619753954298918
730 0.8524469033724795 3.141592653589793 1.804319119040597
731 2.949942200330388 3.141592653589793 2.949942200330388
732 0.191650453259405 3.141592653589793 2.949942200330388
733 0.1916504532594054 3.141592653589793 0.1916504532594054
734 2.950568864728474 3.141592653589793 0.1910237888613192
735 1.088267331697166 3.141592653589793 1.387078344603666
736 1.520153481320983 3.141592653589793 0.6584702194938679
737 1.437634574512747 0.222705901028169 0
738 1.439896632895323 2.914867733060513 0
739 2.914867733060516 1.439896632895324 0
740 0.2487096491019984 1.403479569171178 0
741 2.225294796292771 2.914867733060513 0
742 0.2326200188572047 2.227703874001839 0
743 2.226910552280321 0.2199049746134412 0
744 2.906926189765909 2.229785793613391 0
745 0.9162978572970254 2.914867733060516 0
746 2.891959302822797 0.8952559219640447 0
747 0.2511908696705888 0.9160280465702616 0
748 0.9162978572970254 0.2267249205292773 0
749 2.904481668678418 2.724853681037559 0
750 2.908406374937798 0.4044327397520026 0
751 0.4028242082586982 2.920713477605496 0
752 0.3938084223823373 0.221684403001051 0
753 0.6561859905912039 2.915842023818013 0
754 0.7856794169130035 2.688305194324155 0
755 1.047244426782524 2.68816987616339 0
756 0.916352545480601 2.461449466239472 0
757 1.178114172391088 2.461427664980235 0
758 1.047209487109676 2.234699862675313 0
759 1.309001749530409 2.234695748836164 0
760 1.17810003617079 2.00796966237109 0
761 1.439897899830196 2.007968782408595 0
762 1.311259673713226 1.782549520912373 0
763 1.571173660403614 1.781460984074696 0
764 1.442598702665583 1.556078250594084 0
765 1.702209254590957 1.554814525613145 0
766 1.832671443123391 1.781286852300928 0
767 1.571332210739342 1.328102682095157 0
768 1.832770567567522 1.32789424076688 0
769 1.309536597948193 1.338956939537072 0
770 1.570797339706483 2.234693556277457 0
771 1.701814476847444 1.101136759518106 0
772 1.963544293348015 1.101096592510141 0
773 1.052099255593753 1.78678430389409 0
774 2.094432392031165 1.327814818538092 0
775 1.832623604761925 0.8743595506929562 0
776 1.570820717848358 0.8743575304783064 0
777 2.094407898230226 0.8743508359769745 0
778 0.7854092674135544 2.234699382379375 0
779 1.963495408493596 0.6476185277677325 0
780 2.227558987314833 0.6516387785488318 0
781 2.35657398800218 0.8750147213738493 0
782 2.489796857279793 0.6497064484268186 0
783 2.617993877991472 0.8743434482970009 0
784 2.480971033120979 1.097608527617291 0
785 2.748893571891045 0.6476185277677234 0
786 2.617993877991468 0.4208936072384475 0
787 1.309007572809221 2.688148951966307 0
788 1.43990219698776 2.461421104432224 0
789 1.701697116861806 2.461418524874461 0
790 1.832596066107196 2.234693174418889 0
791 1.963495649773699 2.461418031305073 0
792 2.094395201192063 2.234693028514229 0
793 2.225294852972592 2.461417924726064 0
794 2.356194516105455 2.234692986433616 0
795 2.225294817078094 2.007968062943811 0
796 2.487094191874986 2.007968055436953 0
797 2.356194494953737 1.781243133163113 0
798 2.487094197857405 2.461417899949455 0
799 2.613294792492274 1.783956151106216 0
800 1.832595937501948 2.688142941227173 0
801 2.481611916378985 1.557683399943363 0
802 2.744360446476354 2.002826459789891 0
803 2.88784579905272 1.751802146309264 0
804 2.35619450193323 2.688142819309832 0
805 2.619968925049688 2.695496644249128 0
806 2.750447529430556 2.47222352906902 0
807 2.487094184091925 2.914867733060499 0
808 2.224387300740502 1.555049330216515 0
809 2.094395125500262 2.688142825872111 0
810 2.094256478813824 1.781338939908767 0
811 1.963485004501505 2.007991351505003 0
812 0.6546833596118106 0.225884834274573 0
813 0.7854289784164394 0.4533098266827705 0
814 1.0471975511966 0.4534498410585548 0
815 0.9140409347509504 0.6788454258424335 0
816 0.6617212964966732 0.684314178309702 0
817 0.7862258141395706 0.9073680289465209 0
818 1.042435222464125 0.8987181449622268 0
819 0.9133800192493929 1.131033070909373 0
820 0.6541501049469567 1.133270738495119 0
821 0.7848537962976916 1.357143758017706 0
822 0.5235987755983006 1.360349523175663 0
823 0.6569005547355808 1.582411456110128 0
824 0.396383222260894 1.149687467437584 0
825 1.046710460164105 1.347676971606811 0
826 2.356194490192336 1.327793289355563 0
827 2.654426731488615 1.32164478145687 0
828 1.437837639529967 1.107114327079239 0
829 1.303340000389871 0.8876559823880859 0
830 1.435994579544919 0.6570286706998073 0
831 0.2387274349903002 0.631748777734751 0
832 1.178106829996074 2.914873266905052 0
833 0.6545563104504128 2.461451286491483 0
834 0.5170198105272815 2.232770495461766 0
835 0.6536595603988558 2.010903465595329 0
836 0.3926990816987227 2.461417892001966 0
837 0.3871315011592383 1.989015085261866 0
838 1.701770235612064 2.008015783497594 0
839 2.910940095494334 1.180959912289869 0
840 1.963632802710251 0.2233766059258799 0
841 1.701443084484238 0.2219721148239671 0
842 2.224354015820817 1.100613130895318 0
843 1.570799246291755 2.688144498103532 0
844 0.2499284934489307 1.732528525490669 0
845 0.4845634937957817 0.4755656942552552 0
846 0.5313222431222135 0.9161915119665706 0
847 1.175458176983172 0.2247490839296581 0
848 1.963495408493606 1.554518209884841 0
849 1.701696544428599 2.914868035438554 0
850 0.9192413533965823 2.010689301237655 0
851 1.701237714488618 0.6526181184021879 0
852 1.963495536785137 2.914867807129656 0
853 0.5256240659518666 2.689312114462059 0
854 2.622019511918444 2.234819120715387 0
855 0.2411671636454361 2.715181001753423 0
856 0.2184643519902592 0.3903972426467622 0
857 2.741167517138474 2.926406807402656 0
858 0.5279140384456564 1.779122331627271 0
859 0.7876854366445755 1.790116017851659 0
860 1.179750424563647 1.563805205864985 0
861 1.175539989957609 1.118525906080468 0
862 1.297986827161335 0.4453431610622635 0
863 1.173499185917966 0.6701735376688953 0
864 2.360855949824066 0.4307978947678554 0
865 1.56781541579765 0.4394732816941487 0
866 1.832003254727925 0.4370383954604018 0
867 2.095742825891832 0.4350625295140237 0
868 0.916297857297025 1.57078524864548 0
869 2.487408011748395 0.2116158109545115 0
870 2.747783214808034 0.2104468036192321 0
871 0.4414103022660933 1.571578281114982 0
872 2.713349295025107 1.570939395042972 0
873 2.71125820818364 1.073962518325015 0
874 0.1770511586492187 1.178097245096175 0
875 2.969008139010894 2.480210274380762 0
876 0.1748321750860617 2.484127723007032 0
877 2.966488911366245 0.6512608256959043 0
878 0.4335050676151115 0.724769641767308 0
879 0.1708404984263248 1.963495408493621 0
880 2.961946238585505 1.980085352094789 0
881 0.1916504532594051 2.949942200330389 0
882 2.949942200330388 2.949942200330388 0
883 0.1916504532594054 0.1916504532594054 0
884 2.950568864728476 0.1910237888613168 0
885 0.2271446261042394 1.453154484515268 3.141592653589793
886 2.899675656266045 1.73101352151239 3.141592653589793
887 1.439896632895323 2.914867733060517 3.141592653589793
888 1.703961206635378 0.2072908994525984 3.141592653589793
889 0.9162978572970246 0.2130551109349623 3.141592653589793
890 0.2323990751793584 2.230894676657503 3.141592653589793
891 2.90780543084259 0.9183225620036671 3.141592653589793
892 2.225294796292771 2.914867733060516 3.141592653589793
893 0.9162978572970251 2.914867733060516 3.141592653589793
894 0.2496333507669865 0.8952559219640556 3.141592653589793
895 2.908972634732588 2.227703874001838 3.141592653589793
896 2.223948062779849 0.2324585411375815 3.141592653589793
897 2.738768445331097 2.920713477605496 3.141592653589793
898 0.3978131745065605 2.92087823407484 3.141592653589793
899 0.2331862786519915 0.4044327397520072 3.141592653589793
900 2.889084657783667 0.409079229690118 3.141592653589793
901 2.485406662998591 2.915842023818013 3.141592653589793
902 2.35591323667679 2.688305194324156 3.141592653589793
903 2.094348226807271 2.688169876163392 3.141592653589793
904 2.225240108109191 2.461449466239474 3.141592653589793
905 1.963478481198705 2.461427664980239 3.141592653589793
906 2.094383166480114 2.234699862675317 3.141592653589793
907 1.832590904059381 2.23469574883617 3.141592653589793
908 1.963492617418997 2.007969662371095 3.141592653589793
909 1.701694753759591 2.007968782408605 3.141592653589793
910 1.832595038259129 1.781243520896279 3.141592653589793
911 1.570796002916598 1.781243317405357 3.141592653589793
912 1.701695853992269 1.554518306130417 3.141592653589793
913 1.439896551131906 1.554518257090987 3.141592653589793
914 1.308996871388795 1.781243169447025 3.141592653589793
915 1.962128231091583 1.572276527721648 3.141592653589793
916 1.57079628538396 1.327793313264194 3.141592653589793
917 1.308996918466689 1.327793301208037 3.141592653589793
918 1.435075801019275 1.103851677407656 3.141592653589793
919 1.678411451799956 1.07283427257945 3.141592653589793
920 1.177293769695322 1.101532255565271 3.141592653589793
921 1.047063635208279 1.327870605787483 3.141592653589793
922 1.570795313883308 2.234693556277467 3.141592653589793
923 1.303238732896883 0.877667950138254 3.141592653589793
924 1.046103937613311 0.8749748463937258 3.141592653589793
925 2.225294796292771 2.007968050943409 3.141592653589793
926 1.179217333531718 0.6495838444401703 3.141592653589793
927 1.42448421274278 0.65071002525884 3.141592653589793
928 0.9162978572970224 0.64761852776775 3.141592653589793
929 0.7852158944669007 0.8744486813131438 3.141592653589793
930 0.6522060329602113 0.6489420666198698 3.141592653589793
931 2.487038193808731 2.461450218007033 3.141592653589793
932 1.832585080780574 2.688148951966311 3.141592653589793
933 1.31052921687954 0.4292471638885749 3.141592653589793
934 0.5235987755982991 0.8743434482970279 3.141592653589793
935 0.6530575421136731 1.099327712256363 3.141592653589793
936 0.392699081698724 0.6476185277677511 3.141592653589793
937 0.5235987755982984 0.4208936072384737 3.141592653589793
938 2.61596889608282 2.689311936381316 3.141592653589793
939 2.745997864274452 2.464732666081006 3.141592653589793
940 2.625431756332176 2.232138515437839 3.141592653589793
941 2.754885645039501 1.988438537135043 3.141592653589793
942 2.495130416641071 2.00086887611195 3.141592653589793
943 2.612896982412326 1.768852362380096 3.141592653589793
944 2.707041849087107 1.520330937368261 3.141592653589793
945 2.455421950710888 1.568494211129527 3.141592653589793
946 2.536610434877244 1.324308296518294 3.141592653589793
947 2.2889897708313 1.373297168420712 3.141592653589793
948 2.363494404452539 1.129828481998168 3.141592653589793
949 2.106743845891918 1.186071757386605 3.141592653589793
950 2.187898848210713 0.9362619388565691 3.141592653589793
951 2.440942524060712 0.8809548630142682 3.141592653589793
952 2.267816859296526 0.6890356397732599 3.141592653589793
953 2.012406770969941 0.7422974199312942 3.141592653589793
954 2.516687612303075 0.6395513301929562 3.141592653589793
955 2.749513746899667 1.299459608492779 3.141592653589793
956 2.069539813488575 0.4639423179240454 3.141592653589793
957 1.820361233493291 0.5649903859309413 3.141592653589793
958 1.761584681156059 0.8037655379040205 3.141592653589793
959 0.6540240746720836 2.914726506209042 3.141592653589793
960 0.7826443136290855 2.686574987480983 3.141592653589793
961 1.046738576235204 2.687881508356196 3.141592653589793
962 0.9157623865087285 2.461113037131078 3.141592653589793
963 0.6544984694978727 2.461417892001962 3.141592653589793
964 0.7853089182660633 2.234642162327537 3.141592653589793
965 1.047093431876651 2.23463369413668 3.141592653589793
966 0.9162656298884653 2.007949703196549 3.141592653589793
967 0.6544782240745467 2.007956524794741 3.141592653589793
968 0.7853894179254631 1.781238151431543 3.141592653589793
969 0.5282930313723669 1.783953399043931 3.141592653589793
970 0.6544984694978663 1.554518209884855 3.141592653589793
971 0.3968501311117781 2.003008893179837 3.141592653589793
972 0.2537502014603477 1.753173323140662 3.141592653589793
973 1.047190711115348 1.781239249131372 3.141592653589793
974 2.914466705555611 0.6753168409085306 3.141592653589793
975 1.43989618767337 2.007968307992425 3.141592653589793
976 1.3089793427535 2.234683232225651 3.141592653589793
977 1.439893531369683 2.461416366261586 3.141592653589793
978 2.095114312101854 1.794938389214926 3.141592653589793
979 0.5235987755982955 2.234692971472686 3.141592653589793
980 0.3879672794316751 2.465228981350437 3.141592653589793
981 0.5207882001346664 2.691203945985773 3.141592653589793
982 0.9162729403734301 1.554529619245947 3.141592653589793
983 2.483639822737097 0.2198779562097222 3.141592653589793
984 1.178069604614074 1.554532366985141 3.141592653589793
985 0.2267249205292764 1.178097245096175 3.141592653589793
986 0.4762443233856178 1.319236402610893 3.141592653589793
987 1.959505935747515 0.2107733196521235 3.141592653589793
988 1.861889940458292 1.298558458695697 3.141592653589793
989 1.963485823593722 2.914873266905053 3.141592653589793
990 1.178020749269275 2.914824182364675 3.141592653589793
991 0.9156888237491561 1.100991231778594 3.141592653589793
992 2.358753072944009 2.23309583156917 3.141592653589793
993 1.701695143511643 2.91486823950226 3.141592653589793
994 1.308907176943425 2.688091749096029 3.141592653589793
995 1.178070362449354 2.007952892688283 3.141592653589793
996 2.900011861491254 2.715654515467466 3.141592653589793
997 1.57077893103252 2.688135155314776 3.141592653589793
998 1.701687040387362 2.461419573939424 3.141592653589793
999 1.177953313561666 2.461336015239515 3.141592653589793
1000 0.7771376223880037 1.326078963594022 3.141592653589793
1001 2.661291896443272 1.071358665185763 3.141592653589793
1002 0.2371706432517425 2.716019241373642 3.141592653589793
1003 1.93434083490638 0.9890158187282495 3.141592653589793
1004 2.36317740305253 0.4441045195729518 3.141592653589793
1005 2.739647678723891 0.2067281618932317 3.141592653589793
1006 2.691235739615404 0.8038813202741483 3.141592653589793
1007 0.7718258131020237 0.4287296073350724 3.141592653589793
1008 1.440532671091107 0.2140261975276848 3.141592653589793
1009 1.045377553867251 0.4297783299727242 3.141592653589793
1010 1.589133907637826 0.4366545337355554 3.141592653589793
1011 1.178138711614058 0.2132324456489884 3.141592653589793
1012 0.654498469497875 0.210435725469814 3.141592653589793
1013 0.3938094387817656 0.2104468036192363 3.141592653589793
1014 2.354800592379763 1.798710868882957 3.141592653589793
1015 0.4259596951853373 1.572232638969344 3.141592653589793
1016 2.939752052887338 1.452386559387269 3.141592653589793
1017 1.541196668449099 0.8660977840836841 3.141592653589793
1018 2.619057810826549 0.4187124289301032 3.141592653589793
1019 2.205927989542894 1.582519396738181 3.141592653589793
1020 0.4277941675507874 1.076379935000302 3.141592653589793
1021 2.967229757451249 2.479495398845428 3.141592653589793
1022 0.1751037422235404 0.6512608256959128 3.141592653589793
1023 2.970385561421298 1.966445726442831 3.141592653589793
1024 0.1795086537733992 1.980223965863307 3.141592653589793
1025 2.930011457449491 1.166129149826358 3.141592653589793
1026 0.1687839698175082 2.480074233678466 3.141592653589793
1027 0.1916504532594051 2.949942200330389 3.141592653589793
1028 2.949942200330388 0.191650453259405 3.141592653589793
1029 2.94994220033039 2.94994220033039 3.141592653589793
1030 1.634901679004223 0.6465388873292247 3.141592653589793
1031 0.1910237888613215 0.1910237888613215 3.141592653589793
1032 2.079113080141978 1.387399215059317 3.141592653589793
1033 2.726106505216861 0.5893082299991712 3.141592653589793
1034 1.831103260077455 0.3666996652077494 3.141592653589793
1035 1.570665159074222 1.570796331732141 1.570915337349446
1036 2.149195981836359 0.9924542862144512 0.9938873565457494
1037 2.150164255500806 2.147448115540427 0.9947702282490014
1038 2.148396080137768 0.9931977814237158 2.14532876698186
1039 0.9945542255362541 0.9958638367056482 2.150871370370707
1040 2.14765692909331 2.147656923683806 2.14765829238344
1041 0.9912493608560463 2.146677197686402 0.9944065210115473
1042 0.9910189516457903 0.9948051367524079 0.9950261038773601
1043 0.9884303589402783 2.117395543526903 2.158701667464276
1044 1.570408041290308 2.360886788699206 1.493353691729133
1045 2.362285865455032 1.570796465184187 1.630093356483801
1046 1.570166398357596 0.7807199912275411 1.493928526297023
1047 1.582094323262377 1.63657243512104 0.7801566729660028
1048 0.7805729934712231 1.571054105177363 1.498199020834408
1049 1.507246618537348 1.558038436554993 2.35636978884934
1050 1.570609251079371 2.433479073399774 0.6983524378149801
1051 1.56923535111834 0.7082877692313636 0.6965258248574769
1052 1.572173219260224 0.6975954945612841 2.436250619594877
1053 1.562782774177874 2.437998637363875 2.438009247712182
1054 2.444949289686478 1.57004057866584 2.432382422396534
1055 0.6946918366729911 1.570645959963211 0.7074752847011894
1056 2.452305313673397 1.569903195249461 0.7252321597177881
1057 0.7122115065905142 2.437859822214602 1.583573260906176
1058 0.6687769853711691 1.553324814872092 2.375756025569834
1059 0.7080092828195986 0.6979303559330684 1.574092166570319
1060 2.464737825570794 2.356194493808674 1.57186333965203
1061 2.465381412364424 0.7855053079238037 1.569961861051467
1062 2.512656770682888 0.6289356559083024 2.510341458397741
1063 2.51238671097077 0.6291236412457003 0.6292437362871721
1064 0.632519398794689 2.509069717540253 2.509069717540253
1065 2.511650763853988 2.511766897684784 0.6282005611730828
1066 0.6281761497988172 0.6288625225308625 2.511006171902955
1067 2.512403532884694 2.512403526056716 2.512403195967603
1068 0.6301094341275357 2.512205505058799 0.6283665947115484
1069 0.6296512147376065 0.6297379208089539 0.628089352598252
1070 1.5781948741797 2.021088590342125 2.010877934152937
1071 1.584085245560112 1.09403590116304 1.996366722792178
1072 2.037637894164625 1.550185180300965 1.140907541485368
1073 1.280513996308976 2.573090001146613 1.949197460833446
1074 1.109532581878765 1.109558102908257 1.598505578651057
1075 1.114881901381857 2.027246605910205 1.60456235399285
1076 1.303600423389049 0.5567961978280316 1.949572853224153
1077 1.957290602811259 1.829505904599169 2.584470007850105
1078 1.298829971154111 1.192835027489283 0.5544166828719566
1079 1.994651283376268 2.579786730414009 1.806939974459416
1080 2.002488090680297 1.540503588090904 2.072539866569431
1081 2.004757116453953 1.275847043227576 2.602030893437231
1082 1.995803424850216 0.5616104912422549 1.804565907492486
1083 0.5515181476341555 1.17809951131335 1.841857342157708
1084 2.008902260291383 2.017015719281996 1.610967109245892
1085 1.079249486875851 1.532943940160159 1.981557545772279
1086 2.009412041599283 1.124376249205105 1.608919478734159
1087 1.606169925786185 1.143120955061218 1.058976138538131
1088 2.590451468847676 1.285715404065545 1.196164873813294
1089 2.591013473951127 1.853621801498684 1.195660152953466
1090 1.865069039183121 1.202626752226045 0.5513590249137493
1091 0.5487936966478439 1.959539353200648 1.838712635570481
1092 1.117891070346322 1.529277507236366 1.06155840511081
1093 1.135730851127645 1.861738845275984 0.5421810119434636
1094 2.023672272041419 1.862639272531781 0.5403721387541235
1095 0.5410132524957461 2.014019172972769 1.279348336312084
1096 1.285163993755313 1.994635860297239 2.603613820649855
1097 1.275253253423414 1.127045937247089 2.602953604214854
1098 2.602509838216339 1.878930048908201 2.011035799815954
1099 0.5405236889751532 1.129028479144678 1.278458906074867
1100 2.602860918129677 1.262766747591799 2.010419100646786
1101 1.877819154791371 2.603757587509758 1.114793362139091
1102 1.874944048670116 0.537320127980059 1.113690348194999
1103 1.132781304081059 2.607958028080886 1.279378863764762
1104 2.62081269411535 2.621144282563059 1.137480717823368
1105 1.135358820408801 0.5320126649368544 1.279801228745215
1106 2.621661500117337 0.5196002709171949 1.137442298338915
1107 1.440525189470373 1.941623575959328 1.192527413927034
1108 0.7582689146584434 2.009897684120485 2.62438243758391
1109 0.5128806513170525 1.12417341659958 2.628783279444667
1110 2.630444213315178 1.125601206896638 0.5142504672400644
1111 2.01379210436227 2.627102187950173 2.627097413701405
1112 2.01671159755015 2.631625392819472 0.5131624128909308
1113 2.016772040546945 0.5111296519518218 0.5113134494181248
1114 2.043342830529365 0.5105258185453423 2.319974773988593
1115 0.5187096055084313 2.625577793907694 1.13079064284462
1116 2.615696054417067 2.626135653952752 2.003829588070867
1117 2.615656127067199 0.515303277407425 2.001831792663363
1118 1.121752873383819 2.631261473839896 2.631308778714631
1119 0.5017878320314333 2.019236141635838 0.5349385787225368
1120 2.637625724805498 2.016367330775692 0.5344094057972028
1121 1.123561183467831 0.5139703251506371 2.631714225988103
1122 0.7912696028180277 1.105220298432275 0.502414962145541
1123 2.644582210386506 2.020224763084323 2.579815130987896
1124 2.645027207609763 1.120383908562569 2.579245671796822
1125 1.121751977527327 2.580035285854383 0.4964565171863576
1126 1.120895732329551 0.5556649259627968 0.4978789016287222
1127 0.5606094248987513 0.498629821833007 1.121963487478508
1128 0.7990736299118503 0.4992908751105029 2.041612264612203
1129 0.7845619416484411 2.649116344553413 2.042467389589755
1130 1.062611420828492 1.563278777150038 2.666097446000178
1131 1.579380030739285 2.018925686761822 0.4614641126832352
1132 0.4582753901687356 1.571727588966729 1.121563935032469
1133 0.469803623523903 2.134325720991591 2.270943765357157
1134 0.4494445575128388 1.17843775952517 0.8186185313618105
1135 0.4533461758352867 0.8084698653785795 2.114084271619947
1136 2.10821299319429 0.8166679986094914 2.680138907185686
1137 2.207630126089875 2.20805282689095 2.690329043004194
1138 2.202903368489791 2.690540196077313 2.207357250278741
1139 2.700035262460638 0.9246198548918196 0.930227564446544
1140 2.219732549509422 0.9304368528875833 0.4398390066957005
1141 2.705322974653023 2.216402792508435 0.9407092540217376
1142 2.207198586244122 0.4378593361467805 1.415499963993441
1143 2.206544823212219 2.703496160174272 1.419108569876808
1144 0.9381765590744121 0.4365838209070593 0.8891092112305543
1145 1.824916304416546 0.4453665513385281 2.702955010718018
1146 1.680427215215049 2.704606557396478 2.099183383058535
1147 0.424080269784794 1.701716564953856 2.716154190764737
1148 0.8981579664756946 0.9186117203440833 2.713596002943456
1149 2.218665560185221 2.245381721372491 0.4265198088218389
1150 1.73069999579512 2.05955433952934 0.877306498262323
1151 0.4267490991063681 2.239026974367845 0.9136895739182875
1152 0.4238687001869029 1.569049287205324 2.00681281788766
1153 0.8870877261704221 2.210591512679296 0.4314618587366143
1154 0.9406268991692781 2.707453684741271 0.8865005375653616
1155 0.4288738028040536 2.410057442528664 1.924821694708752
1156 2.70494831248143 1.989020535130883 1.598012761648347
1157 2.252420560070634 0.4247650005502074 0.918750188209118
1158 2.705517231654923 1.151961234687552 1.598186623987299
1159 2.253235783175332 2.717080986096335 0.9175803195540487
1160 2.714899536041068 2.25265201064006 2.213379061771197
1161 2.701083935027161 0.8882280906281109 2.213183346927417
1162 2.710516364319842 0.4309259466906824 1.550293586847688
1163 2.710425672328566 2.710493026652865 1.550209644596046
1164 1.67923262615065 2.13293115894023 2.725482640316339
1165 0.4322520494495231 0.4398624714893765 1.802984748175006
1166 0.4102221031146045 1.440502760645084 0.4100694941695842
1167 1.693435878914137 0.4255764803607406 2.081400667338145
1168 1.001190963170976 1.472107464074689 0.4121591220849866
1169 2.211903369137362 1.411411146188981 0.405447225210523
1170 1.010811536819686 0.4097263774455349 1.672086383833709
1171 1.423339224929329 2.356666678177527 1.092116241368241
1172 1.657523470591742 1.114402540756613 2.415457591544756
1173 0.4133952020901825 0.9276120705534291 0.4107335115935843
1174 0.9934472951573261 2.73714873810682 1.685229813896345
1175 1.622412282490528 2.73462941806459 1.682275371077613
1176 1.631664188481973 0.4005846056172468 1.665237894347654
1177 1.438794286067104 0.7579699205838804 1.094156831816389
1178 2.727292627158179 1.625507149780848 0.4146944143320887
1179 1.576475598529511 1.465515351705488 0.3967330252183969
1180 0.4087757415059342 1.217236970894352 2.233790002959718
1181 0.423203346346743 0.4032605282293699 2.221604047889223
1182 2.745177961507236 1.569751812026012 1.461513217159133
1183 1.622832899305326 2.729860900482514 2.729865665059219
1184 0.4061534834915222 2.726055418443458 1.642318163599045
1185 1.580199934723465 1.728726325112358 2.728853131062488
1186 0.4108697862744169 2.735554531567067 2.22573294224236
1187 0.4046511264171242 2.224293198177632 2.731449280073925
1188 1.850783825809095 1.906148528669347 1.243686666627296
1189 1.503485066814132 2.733099793412795 0.4119855182591078
1190 1.348221887250264 1.316923502191323 1.331732796666071
1191 1.363631547965598 2.73671369444918 0.9120080198498759
1192 2.728222086185121 1.638081217792355 2.737242574002227
1193 0.798679356823884 1.786884458017625 1.040814844405018
1194 1.503272764797619 0.4074830977122609 0.4126147170088991
1195 0.3846166994880316 1.570796334897451 1.599897316964367
1196 2.242248917627533 0.4021506095328203 2.740289566649935
1197 2.063404962552797 2.327175427647239 1.351019275677678
1198 2.061116503433247 0.8132649070849655 1.349853562202081
1199 1.525608945475899 2.718381273522482 1.286146898218336
1200 1.471132493530733 1.641397053853163 1.95941677740382
1201 1.114403523357956 1.76336512356961 2.315345331345509
1202 1.960871486064167 1.61829174545753 1.675468952118464
1203 1.78783065867414 2.115794545431318 2.334114624652736
1204 1.517197002919061 1.972372086194677 1.598835275884074
1205 0.910294533709196 1.239273497641281 2.464774747470948
1206 1.354701124418701 0.4048849382432866 0.8873721966849785
1207 1.169851259503032 1.625638191442654 1.59742079228067
1208 2.332878621189522 1.813530911656059 2.736828101919692
1209 1.634655961763571 1.553321756443417 1.172189081519528
1210 1.336178350607911 2.746017829165669 2.309417698664725
1211 1.342236298229481 2.111723803559386 0.7820878772785668
1212 1.608673704949225 1.167537178925484 1.600748452463499
1213 2.217288355331274 1.835647284308419 1.903422726827261
1214 1.339587312015118 0.3928609720490201 2.314952979367303
1215 1.80761272700204 0.8352913665485494 0.3990878908568753
1216 0.7719135910971073 1.330211104820657 1.019450881981914
1217 1.760187675014103 2.768468928323732 0.7775472010362323
1218 2.023095557520962 1.516984391713209 0.7422577490906227
1219 1.284811336490057 1.266624165639376 2.197268286579559
1220 0.3878305066446082 0.8491521689537493 1.037035450336734
1221 1.760023362910135 0.3738628609849639 0.7752851551759704
1222 2.366618463014718 1.346295135112093 2.752130159961512
1223 1.012407351649281 0.7892531616582632 1.81221007558083
1224 2.747435557492003 1.32843041973608 0.8344146741705458
1225 1.776133019317945 2.353244126822137 0.3716829506754869
1226 1.672888711045998 0.9109422297632325 2.763184746143811
1227 1.034569031782789 2.263928234332462 2.747783096648296
1228 1.805516396256893 0.7993828530838587 2.135557285257689
1229 2.231774115183873 1.819032506499737 1.353494913471349
1230 2.751318708746927 1.797698819129682 0.8409010718065588
1231 2.753148889813788 0.3880417211789718 2.749178894550335
1232 0.998920191602614 2.328231288896452 1.82796576835366
1233 0.3912885628076984 2.21213646823219 1.583116063409216
1234 0.3701812774295683 0.8696276465827362 1.678901203290558
1235 1.366680991820552 0.8428581319208917 0.3863939626262637
1236 2.214336619113296 1.235758626731596 1.294054054964058
1237 0.7967556462088188 1.783585827761558 2.085777870731902
1238 2.755849794077232 0.8382765379788253 1.828093516023652
1239 2.756550123116255 2.302197325163205 1.827244313806571
1240 2.236516529231505 1.295298884736439 1.877509397889325
1241 0.3925461698804267 2.751013927082768 2.749364850206229
1242 1.524671921781507 0.4011994133850567 1.271820874011995
1243 1.048760879129895 2.484124367161366 2.27741003702708
1244 2.751555645685857 2.753238530887361 2.753311966334319
1245 2.753988398056684 1.570750065474731 2.195109891834837
1246 1.66074558233781 2.391102311955134 1.870215416109626
1247 0.3913159458024344 2.749862785709245 0.3872284424658639
1248 1.4520706317146 0.3604223360269631 2.770744293527212
1249 2.370190655442131 1.775791130504104 0.3880603673197774
1250 0.7841807587831595 1.794437394457381 0.3892115696252672
1251 1.63786293009353 1.33418697111267 2.748122432149058
1252 0.3870703281146391 1.855997427872435 0.86752037327522
1253 1.270574083970325 2.240074601410969 0.3854161734280391
1254 2.351255968139085 2.761387898962249 2.761358726039334
1255 0.3722571464793936 0.3583835890121597 1.429503495229642
1256 2.313302344017655 1.20918511976129 0.7189776958255443
1257 0.7814410197359178 2.761580817969079 2.76184559640858
1258 0.7053723912231868 1.438775033961405 2.74249352104503
1259 2.759792788788312 0.795846303304767 2.75929728505994
1260 0.3708246850316004 0.3751809612298236 0.3876132365118948
1261 2.255241021535284 0.3830666204362533 2.025368482512409
1262 2.354401165899488 2.759999713254995 0.3787136720244577
1263 2.759615405718443 2.759615405718443 0.4207205418718629
1264 2.334108666087794 2.757817935658728 1.777661578363977
1265 0.3839450037521812 0.3814133480032506 0.7969836448700621
1266 2.47785648796619 0.3573907694530011 0.3590826666499542
1267 0.7971937152439417 2.769104692003072 0.3836118857721021
1268 0.8165373879546723 2.402682145630096 1.217752461288727
1269 1.35019947371529 2.168810970522814 2.269951683316715
1270 2.316389074566178 2.404088287754582 1.920482444125277
1271 0.3604430311519055 1.776615907422413 2.347262601090595
1272 2.756728487573657 0.8769360931393285 1.318681659138494
1273 0.7854695390710429 0.379119337103724 2.75932561830398
1274 1.208626781659447 0.8082477159313243 2.404611568034494
1275 0.7914769573036294 1.315175522279963 2.104499036561894
1276 0.7935643098371994 2.775709587892599 1.356927512666392
1277 0.3671917627535448 2.756885723224233 0.7912123448729422
1278 1.935559217885887 2.395547021691333 0.8009855776491066
1279 1.933879043562767 0.7452185144545087 0.8000729927466278
1280 2.770028688481456 0.3715639651083291 0.795986606298687
1281 2.449555941078135 2.205993688523574 1.222432160139227
1282 2.321908178102959 0.7418351866522604 1.919169493648373
1283 2.72512316030647 2.779376674769079 0.8030542071418711
1284 2.757864238100676 2.344924889487693 2.768346801132212
1285 0.385572472452087 0.3770611601013958 2.710998517448124
1286 1.395068007132568 2.379971794476937 2.773560650287689
1287 2.32383135389383 1.212287017320312 2.400123183966509
1288 0.9647276290443496 0.8632055207102057 1.349500341106399
1289 2.335112229130453 1.929756826136044 0.7456692841523471
1290 1.214918320555517 0.8370316777229309 0.7333938912776772
1291 1.087796858681246 1.836917756791858 1.279110942813731
1292 2.756001819889784 0.7858320384881271 0.366074379778196
1293 2.182586051002279 1.796957663075553 2.283199399260337
1294 1.907537332495242 2.470532972892888 2.288584075395034
1295 0.3873448571997908 2.326758890200443 0.3764355978257553
1296 2.756173509177759 2.350122334317187 0.3705940611003156
1297 1.337679360102271 1.31459023017112 1.816627452804827
1298 1.230407438800816 1.530350186326734 0.7035423396997565
1299 1.190415657113471 1.887944436685573 1.943291079884949
1300 2.406284114477785 0.8183181856424209 1.202205307573312
1301 1.316764014291291 0.7989454780445093 2.776668387780284
1302 0.8467282670927347 0.7660354085558653 0.3566869876923105
1303 1.844280381307332 1.278430929393672 1.312123679940448
1304 2.766965605448093 2.764897125267136 2.34307719424896
1305 0.795280658343252 0.3835343710553002 0.3801846533193681
1306 2.764955511417023 0.3753641404636231 2.340726019435498
1307 0.8220626837968551 1.966944342401289 0.7163749670627101
1308 2.698579778555744 1.571084999929602 1.828922966245899
1309 1.795639114196251 0.8709800642610765 1.772848660646026
1310 1.272233538468517 1.223579463614137 0.9219796449033839
1311 0.4108569008929615 0.7882850529875798 2.784650548575985
1312 1.361234873112543 0.9031397236933487 1.772479011893254
1313 0.8138485611965898 0.3580062194718467 1.358455672798725
1314 0.6903410369882288 0.955756850782127 2.353944240984776
1315 0.9768983049840113 1.314205355992422 1.323827805648802
1316 2.399860380729977 1.563106603035864 2.068150288604364
1317 1.151194006993809 2.242931806174206 1.310130435164913
1318 1.733087832158183 1.402525637608973 1.865408977239157
1319 1.751927260769561 1.778414759830909 2.195168428142107
1320 1.176370193136047 2.434369353812096 0.827294273393911
1321 0.8733644089412562 0.3684645230617983 2.388464217155343
1322 1.241959663951624 2.475699612444223 1.600522585696479
1323 0.7569540173505487 2.077499527787709 1.564916768404147
1324 2.395184462236958 1.56976210620158 1.083379441058572
1325 0.7524675596374701 1.062694636175886 1.564043978313968
1326 2.768177940198735 2.352824069142027 1.352801569752908
1327 2.351376298150246 0.3305071182649876 2.383061200803738
1328 0.3416939466111965 1.516482743197531 0.7555945465406602
1329 1.754478926639418 2.248030470765047 1.183414270292762
1330 0.852518922282002 2.78265291944928 2.383780649317325
1331 2.803260613366258 1.561370189968868 1.106811190589676
1332 0.8764691181954208 1.339946509806718 1.756182018374642
1333 1.85898556455793 2.794871485940383 1.418549801351521
1334 2.002955925360215 1.829278001995121 0.9179563170112807
1335 0.7226888020700761 0.7639966990445628 0.9459026685508338
1336 0.348847599037848 2.334094647475041 1.249574363808459
1337 2.399129825881809 0.3448784596898316 1.701314757507482
1338 0.4021751729644729 0.7071797877522008 1.363460900363341
1339 1.592818999471805 1.114208448057703 0.3390565447963123
1340 1.907472795592101 1.586171695206264 0.3495722527097571
1341 2.400477516467733 2.197424788851171 2.392189183941687
1342 1.875309275337988 1.219716489938755 2.155701851466707
1343 1.142812738810404 1.841724164863555 0.8960144134592235
1344 0.3290951781214508 1.371757873162854 2.803059925539149
1345 1.58518648722994 1.061276883255736 0.7153604523805432
1346 1.331696278996725 2.209957874007312 1.81549406467958
1347 1.86708651924471 0.342331755531883 1.408261106545584
1348 0.3498110368753086 0.8694169565548499 2.446291584654637
1349 1.783191423719429 2.800145181473842 2.423218779137535
1350 1.925072456308012 1.263878978094111 0.9678856069944171
1351 0.8830133829059972 1.801559000917943 1.744451754950733
1352 1.322297672498357 0.5449341676277526 1.578154734428647
1353 1.310239364818711 0.9671379479881035 1.346617794406437
1354 0.9788945959389278 1.286777444225944 0.7382666864163161
1355 2.35874110411519 2.029026359179332 1.645849603624647
1356 0.348834742620613 1.223370094262034 1.557926129857878
1357 2.077578383946975 1.567525672997741 2.800431574491281
1358 2.389444738489184 2.395364872509702 0.9345644870767265
1359 1.848875298402333 1.536105553748707 2.42799652359363
1360 2.818289109327191 1.313279106070314 2.80501990135176
1361 1.008668036314767 1.240696829127336 2.802736104116073
1362 2.358074863522606 1.117310457695656 1.589521988542458
1363 0.3342791524409479 2.826762544487648 1.3287060482621
1364 1.025813092173588 1.880363824524691 2.807509315218114
1365 2.395810561574964 0.9923310193613657 2.803457056620577
1366 2.810598828184746 1.211377797863719 2.285952690273526
1367 2.809662544792852 1.925395450784159 2.28766572304609
1368 1.310366569615898 2.814585260708021 1.545025970592777
1369 1.084749578700571 1.03871741675564 0.3267832914014275
1370 1.759398725914883 0.8573565552939448 1.183507991223697
1371 1.43396070942171 0.8159868898878324 2.140459783403265
1372 0.7356140568027197 2.349564658549221 2.211100432474331
1373 1.393383845286531 1.754074679783782 0.3360332467215816
1374 1.081742738860099 2.819690865454259 2.087448740216383
1375 1.66594463180435 0.3403298322141838 2.414928822647519
1376 1.895270772046058 2.141344130023465 1.91226363787661
1377 0.7100966705453516 2.36467989445643 2.81393456012116
1378 1.091340801016034 0.323285800316911 2.086948166092275
1379 1.817881847630336 2.825621200872177 0.3131430913586604
1380 1.924426485982419 2.355326921010797 2.817225284119711
1381 0.3427707259033403 1.456758472210573 2.470719045600367
1382 0.3247767425420354 0.7721562581082523 0.7062287847480703
1383 0.3273586094423335 2.432863356271017 2.367991533188628
1384 1.312902011167234 2.831508817879972 2.831527780007006
1385 2.799526076045676 0.4515233147457481 0.4572923395114702
1386 0.6850433266865995 0.8655000692590025 1.870319130285414
1387 0.9043813945659025 0.6960710029010732 2.299333448985479
1388 1.81681521510256 0.3154948076259168 0.3175093946680256
1389 2.305850240323881 0.7147209118484729 2.256312766288699
1390 1.945670859711679 0.9380502933724113 2.409942983309903
1391 1.337655422175618 1.462397240147732 2.833511263140086
1392 0.3258688107684278 1.889917636329903 1.507633333433394
1393 2.821680913569212 2.463418315404718 0.7462152662893152
1394 0.74249738894933 2.347346116526074 0.8965355862332008
1395 0.3118778465068053 1.74421784304774 0.5116907699305723
1396 1.559837625710824 1.89675918055615 2.44116123533478
1397 2.397368322309091 0.8953557678175905 0.7936149483922063
1398 2.274295319870967 0.6202775356530883 0.3290595343348631
1399 1.879526082050261 2.323299407933538 1.628564007254617
1400 2.423400459679534 0.6642861343643057 2.826044646342707
1401 2.406138522744962 2.819258455573245 2.437867297805253
1402 0.5307611400043295 2.832683599963781 1.93137851290543
1403 1.715107403675395 1.801022542223328 1.801970876284529
1404 1.357213193434076 1.649805657512794 1.325313757290393
1405 2.821840314156378 0.734149635145335 0.6872446068600206
1406 2.408458033907551 2.439216191674411 2.819454998638127
1407 0.8910513232016697 0.8424050394090862 0.673949480236493
1408 0.5450519366918375 0.6433215934906389 0.3105074139535653
1409 2.838856848616408 2.0692936566806 1.202462116178225
1410 1.871321810176687 2.044391698252629 0.3131431026183999
1411 0.3116913603601361 1.279476066060193 1.098353862009534
1412 2.267027924316296 0.3226376611062003 0.6076361655869489
1413 2.129941883071457 0.8267543630303029 1.668889124334098
1414 2.823777462918681 1.31584669838115 0.3056281247624367
1415 0.7269241570074827 1.753139321472374 2.822922742097476
1416 0.7111922020639807 1.359968000591748 0.3167656153036572
1417 2.200765330570391 2.451428326636735 2.427520885367799
1418 0.6814884254446827 2.823900061239093 0.7204744786847407
1419 0.3187996981486371 2.436240480515283 0.6796611067234085
1420 0.309916242665789 1.871465617948747 2.040613220009579
1421 2.489334386504158 1.892940753492784 2.325302195193468
1422 1.103629846105695 0.6915235168647245 1.000093886614997
1423 0.7005629290884932 2.235623568114502 1.910717453843324
1424 0.7148186211242075 2.461772347042603 0.3190272058900079
1425 0.2875742177301409 1.839597479440754 1.180685813237415
1426 2.157370095812777 0.3067366650869777 0.3037374946592894
1427 0.6925445506128474 0.3185638999156957 0.7077965234888769
1428 1.972097660467098 2.819275871851294 2.022108549194517
1429 2.821935839021202 0.7076184688010244 2.453665512241456
1430 2.083642386756436 2.848000583362085 1.158459334711025
1431 2.482442734341129 2.123826305538371 2.841351940953086
1432 2.822225243318611 2.430707177465532 2.462283333303333
1433 0.9149320517003228 2.231095706974961 2.450748035490828
1434 2.080733776543788 0.2941089474889632 1.157170533603594
1435 0.7345515290856576 0.2999109623697043 1.796686330945928
1436 1.856715962838516 0.6403249647211642 1.526467199798204
1437 0.2908013857779237 1.047197745030124 1.974854485820768
1438 2.822741437189991 1.459989469251604 2.487993482943325
1439 2.439471639225814 2.454584704251189 0.3190071757764981
1440 0.7113566638422281 0.6838718363883873 2.827968953037066
1441 1.274435066184146 2.841472569679595 0.6167206794999296
1442 1.214502396085505 2.817817611042327 0.3030151682875969
1443 0.6635469466117041 1.574966792212116 1.795534907332818
1444 1.225427244704647 2.345803095075357 2.504928792686997
1445 2.151905014782109 1.476092995194772 2.347262263339231
1446 0.5568285067952724 2.839006765439385 2.490151022826543
1447 1.971750061579872 2.039774761563579 2.824132967164164
1448 1.90231375206841 2.838271478535385 2.838270714269417
1449 2.487540026967138 1.007261519923051 1.859022781619309
1450 2.434832190286732 2.828193264242489 0.6798836819500479
1451 2.370042765683688 0.9128317303246354 2.49663549161252
1452 2.443970020885385 2.452711911570078 2.207662151164904
1453 1.890763288579444 2.141538700890671 0.6151890361340242
1454 2.453424133883453 2.154794130090959 2.061842551807144
1455 0.2882692450408288 1.962089156194579 2.594910079843657
1456 2.060309981690825 0.2892176624592556 1.654611933626489
1457 1.598638472189978 0.6415500837327557 1.869085464012535
1458 2.051809629499171 1.159402527832333 0.2988495603130328
1459 0.8553744956597087 2.051977174896889 1.264681990671057
1460 0.6563179658353056 1.890273327743193 2.349137963439197
1461 2.151742604895007 0.6847585431208759 1.069115562204386
1462 0.6656441507646454 0.8396969560751788 1.248072448398505
1463 1.404586283012748 2.855407578340725 1.877667627236541
1464 2.484165934640319 2.14230351961964 0.2871849268606146
1465 2.05659806931018 2.852358794256668 1.658803521851827
1466 1.075254696517642 0.2929008417490648 2.853044389652626
1467 1.486320175318238 2.418335894799654 2.132156529653766
1468 2.391658032430088 1.165152148287653 0.3018934616471686
1469 2.855486767546359 2.048285025429049 2.812671094207896
1470 2.493417606890326 2.841392426348327 1.343225404219458
1471 2.811189346297208 2.847898780088529 1.272821309399276
1472 2.831057533486876 1.909187215721817 0.2977232046251024
1473 1.607341127821927 0.6186338192472665 2.835844602897386
1474 2.494450073986292 0.2994925414651394 1.343055570567562
1475 2.812201554638051 0.29364152817927 1.27341160889682
1476 0.2870586411953463 2.059567399266751 0.3071200524465505
1477 1.050135185202011 1.456784313228279 2.285476046972025
1478 2.31076037657704 1.883933763709162 1.055964058151046
1479 0.7498024042643978 1.085459493267375 0.8148303510815974
1480 2.85429196904406 2.007277619741376 1.873806725245243
1481 2.096848106349757 1.089267365799728 2.84046808586234
1482 1.089383997735656 0.3267928393499419 0.2846446483814024
1483 0.3288946791659892 0.2862782531788401 1.092872128527666
1484 1.387684446933707 1.844668704391839 2.18375243240235
1485 2.854155796725768 1.132910961794462 1.87411214281872
1486 2.856232871167914 1.178184598052692 1.324045676639721
1487 1.423924029275338 0.2793269322224257 1.866503921705696
1488 0.9950692048906147 0.2872155504026166 0.6138098814893183
1489 0.5789185475528161 0.304062496447803 2.475112207998353
1490 2.216960846403044 2.524491408823061 1.162108084388083
1491 2.12601115224911 1.499967978808405 1.437127880692488
1492 0.7235659659593197 2.853146584507991 1.060657138267904
1493 1.285347382122175 1.387933257969681 0.3090087028820281
1494 0.2983581683779771 0.5582582311643077 2.467147335363645
1495 1.384336223581832 1.685234996927957 1.016520502717356
1496 1.697459569723133 1.346875836257761 0.771380715692894
1497 0.2957504784180063 1.18351549940006 0.5464224821053046
1498 2.428057380570662 2.21286853681396 0.6548538641066852
1499 0.2771852305318802 1.065925738772662 2.8284971270746
1500 2.061385610661149 1.00922515807154 0.6958456777747997
1501 1.84772394711694 1.62936683713147 1.385822532068803
1502 0.2939597957183065 2.134240925392712 1.874889747314726
1503 2.454014637749522 2.858548704303323 2.132928823600853
1504 2.229016972713805 1.322164441786968 0.9959200013249238
1505 1.053551734887244 2.183025261150041 0.692268395833205
1506 2.211017840383031 2.443366200041425 0.6657037503854609
1507 1.73119302463188 1.759203163259386 0.5372906268657589
1508 1.082601251465531 1.160757730693166 1.903288703815319
1509 2.076406743546376 2.077610378068151 2.441338432968292
1510 1.971677380233086 0.2920799177151681 2.111857634419281
1511 0.6680506619577744 2.065221390176577 1.001246173430614
1512 2.85693737775047 2.767402962455034 1.835933921894027
1513 2.213275745813991 0.6482310658584832 0.7077409875192181
1514 2.05276898780368 2.852743451436663 0.725754078228934
1515 2.094395920861338 2.861624471001281 2.441592383213468
1516 2.036262024010125 0.2909077568546308 2.537892237162353
1517 0.8532581749348953 0.6047066518888896 1.176409439938043
1518 1.182876957724585 0.2837159153740849 1.452460756579613
1519 2.5142650380976 1.408380146814581 0.4691765269260814
1520 1.488417289336347 2.44375963082262 0.3046359421637882
1521 2.865605719516336 1.050213771751985 0.7008474641279677
1522 2.182307008280088 2.281033848401153 1.671168549099617
1523 0.5388946518084872 1.42098158843451 1.378523992977531
1524 1.26542682793262 0.2817252784716933 1.155476476197194
1525 1.272011472911703 1.415583492434535 2.495144150320144
1526 2.856553532384781 0.3778389941869446 1.834510578979156
1527 1.048538767100006 1.996772437250196 0.2793211798502847
1528 0.282111760464806 2.502716864474624 0.9776088918949749
1529 0.6989631403893477 2.834336369634068 1.648674284785011
1530 0.8776278974183596 1.75159111261406 2.50993597738793
1531 2.524367834624318 0.2821655374337767 0.9630536201268508
1532 1.605064827360834 1.363322826433049 2.140989362454241
1533 1.752465814777932 2.105452571853967 1.454589690497297
1534 0.2990558270061109 1.351053037613644 1.831735767045241
1535 1.042369039815009 0.6947371129466356 2.865908600936101
1536 0.968927884026106 2.856919114130345 0.6210738548543822
1537 1.610496623035378 2.56608829624006 0.9710527576573251
1538 2.447265606974936 1.053259751080914 2.169888659315752
1539 2.474854483154696 0.8716161106227808 0.2819254348689048
1540 2.872571721449811 2.095072852174825 0.7145454366073117
1541 2.864431789169148 1.564288152678448 0.6802607818654712
1542 2.440021084094998 1.072921569238392 1.03781830667872
1543 0.5472126854130802 1.725623852225057 1.377666896045003
1544 1.273408600154998 2.867922343971676 1.180079006072248
1545 2.861455908158666 0.6279994706059627 2.155579466331532
1546 1.97675613534979 1.075268357492041 1.907621224211725
1547 0.6164240227559177 2.165515854095271 0.2862890446638179
1548 2.852374519422483 0.6609038007476619 0.986641806564638
1549 2.506099053077823 1.792207480377566 1.480462395497209
1550 2.855611996235394 2.524228186716535 2.169708808738079
1551 2.512718339164228 1.35416836985044 1.480916106794051
1552 0.7585263383160554 0.2738044480885009 1.071986121634657
1553 0.271837960207891 2.48744431188624 2.660911079068402
1554 0.2809092355682992 0.6831754978600525 1.899594048001966
1555 2.165826945278711 1.978287942457641 0.2949837390253063
1556 1.301632988821604 1.762072433941881 2.840381281353799
1557 2.843477080007935 0.5882688322209887 1.329961982299565
1558 1.459546404546156 1.109397398948846 2.84104083054828
1559 1.587423597311817 0.6657911075182266 0.2798350432070491
1560 1.83109468927125 0.7237596242210927 2.58800518587398
1561 1.818236980433709 2.497729983241313 1.390391808979293
1562 1.794046621550274 0.9787217517548948 1.456940244150972
1563 0.2809926286771378 0.5700514274657694 1.006840239413838
1564 0.269553215548554 2.549881207917376 1.441930346373442
1565 2.094395255260792 2.470967538746397 0.2708260113789168
1566 1.047228507232236 2.403185516278719 0.2646510296011615
1567 1.301290305413809 0.2880004980652884 0.6093850207239926
1568 1.41612555944965 1.851437458150607 0.6506326760099793
1569 1.608501688774069 0.5405733504831876 0.9744088492035681
1570 1.172496603187687 0.8046096460221588 1.55844695589952
1571 1.717776083314388 1.786653774264022 1.002215158864882
1572 0.2921370487410764 0.9881771584691831 1.377034431996069
1573 2.071642821135464 0.6763095068066394 2.071367625606074
1574 0.5668099530341789 2.004515986524125 2.854964188055055
1575 0.7263439225454748 1.132971148883874 2.847024473565067
1576 0.2650821855536822 2.095249159434407 0.7045130841977933
1577 0.9192975404684575 2.450045958211463 0.6746415928154617
1578 1.412855912711029 2.092783337616155 2.855861511751089
1579 2.509294378014138 0.2697121472552715 2.136058301718914
1580 1.330316003833684 1.704135936040604 2.548304855596299
1581 1.141219998633128 0.7375752588458345 2.122690025665161
1582 1.822528699557831 2.330740242708506 2.537978855589985
1583 0.9723115773392667 1.679577000600252 0.7127014146975958
1584 0.6637227048731222 0.9873065501421414 0.2599399879858163
1585 2.87398806943769 1.385879781340396 1.674481478854187
1586 1.193105916368948 2.310299822091878 2.059690007001225
1587 2.874143452997319 1.755844167313679 1.674405795646218
1588 1.810841765205409 0.9977006973341394 0.8989188901490565
1589 0.9507174095855236 2.535136916604947 2.855299749430572
1590 2.492910850014698 0.2900925818170335 2.85326129576273
1591 2.872407909291997 1.830155541562277 2.562139175974911
1592 0.5995772142020197 1.310830667160617 0.5989205113257433
1593 2.850707231927808 1.837582895487865 1.388037626766793
1594 0.5142959740264467 1.698687451176398 0.2914048433328677
1595 0.9640157505062394 2.288147609194774 1.535972773597623
1596 1.836044715371395 0.2886535474664106 1.848365928988057
1597 0.2709955139417236 2.869344036796645 2.443330254711378
1598 1.986905899782086 1.910633608106062 2.073285236949661
1599 2.017414224017991 2.384563217906843 2.027864925386299
1600 2.105735333596209 2.874367162813155 0.2672254907766387
1601 2.459281334393704 0.6355571827617478 0.9196986417740265
1602 2.506877086485206 2.860107499628625 0.9940932156249187
1603 1.849863050855218 1.749914603292114 2.848137151715866
1604 0.8362493486820183 1.547185908751267 1.209166682209952
1605 2.51779590447576 1.046338133674768 1.352126706204043
1606 1.303726440079833 0.5792165578024485 0.2650344465002015
1607 0.2927577921734614 1.904363828568459 2.882178797373145
1608 2.037104473603434 0.2746188702190608 0.7852659204588007
1609 1.838748628416552 1.36348533270975 1.593667504787288
1610 1.259592549711905 0.2622461069591521 2.565532712055933
1611 0.8247998928782616 1.085958069114238 1.219178954440888
1612 1.424299642147883 2.86635609538491 2.562215002404652
1613 1.388183624607293 1.029770637114343 2.335972749281203
1614 2.156310637634064 2.576402657333987 2.877978868652763
1615 1.605364861232108 1.793751126720191 1.384163772759249
1616 1.10918542069352 1.709532721183733 0.277419627464347
1617 2.037605779337825 0.5875490119541331 2.866243224314376
1618 2.884083400496548 1.837254310422388 0.5764482689751159
1619 0.5741943725143108 0.915493398166943 0.6545088338692427
1620 0.6815339234853177 2.224863890284689 0.6384784390427899
1621 2.859170706886736 1.146552860039832 1.03373163428109
1622 2.586553843734703 0.2627465336862602 2.543658443575983
1623 0.2649879014480269 0.7151761115508521 0.2785800939040708
1624 1.805538711985847 1.319146036365447 0.2904634351435967
1625 1.48666100153527 1.417777343570446 0.9603227326952543
1626 2.849882216260523 2.45605372564379 1.042646806511639
1627 0.2779425914460444 2.670332091456164 1.909196679991103
1628 1.026828181246667 2.874057604776233 2.874057604776233
1629 0.2855689235738478 0.2674686964979219 2.440773078099633
1630 2.438416709502707 2.54217995901719 1.349814254780021
1631 1.659655244096009 2.469592719047989 2.854046465432215
1632 1.064336308844517 2.856580537022677 1.404290836797463
1633 1.695202175028337 2.840665764462282 1.066947687580428
1634 0.5569490412678659 2.619227565217728 1.41846755480567
1635 0.2614132126831823 2.2807401995966 2.126915499129
1636 0.6565429191013904 1.058966221401477 2.084789289928265
1637 0.9245343446480951 2.053164363115707 1.882993832062833
1638 2.553599092041681 1.345810710840997 2.283918974735229
1639 2.224793570505487 0.5990112205853917 2.528115529322411
1640 0.6284600042078962 0.2626030297556723 2.067118218102753
1641 1.731025491144442 0.5592437047785457 0.5078788895036935
1642 0.3038897507643982 2.889797894124518 1.044353600863404
1643 1.123633896099115 0.9871548956964379 2.881360322483824
1644 1.701946393507175 1.817177625757463 0.255467359291942
1645 1.340540696349105 2.187805724767789 1.521554903160202
1646 1.158994198169416 1.145040727441739 1.17613789277531
1647 1.731124427432324 2.594920822971258 0.5218471368477418
1648 0.5961616096485757 2.222588777973483 2.515227258436972
1649 2.552627704804998 0.2809303571664269 0.627935542807275
1650 0.620174377209606 0.4232871138436216 1.562205261435373
1651 0.2720933487821572 0.2891212667410847 1.997350369125771
1652 2.450668642499424 0.583826952072682 1.364241009406646
1653 2.241167869779233 2.104312163856803 1.393668644108786
1654 0.8328977206115971 2.110961415666778 2.885638337926284
1655 0.2513127316147688 1.439896635314096 1.380443122027688
1656 2.887549272248243 1.033783094280321 0.2957969748648097
1657 2.471194539141936 1.59234009562384 2.856150646825428
1658 2.58826972438799 1.856167498205325 2.864661752277506
1659 2.857769370853173 1.395384020835763 1.991960523986098
1660 2.746783116379443 0.72592078785479 1.56337750097814
1661 0.6295706019745321 1.270459497699579 2.410315593532383
1662 0.2823942669395156 1.779334031861713 1.769551733443537
1663 0.604874299824958 2.279778541682064 1.36868601402718
1664 0.9656152385791892 0.9584908741971092 2.436950729095554
1665 0.6239632073638933 2.588421635707709 1.811951646437589
1666 2.006375556122451 0.2835210402757516 2.863418375776775
1667 0.876109151656643 2.876868374319476 1.901585480355175
1668 2.858085089312392 1.745538958646976 1.992233022598875
1669 2.476790183838659 1.796400511648386 1.766236333270813
1670 1.118803592807145 2.860535829600738 2.458261739502576
1671 2.894524442836447 1.038054160271261 2.83402933761204
1672 1.285898005947169 1.576864467985392 2.175256157275217
1673 1.810464162092517 1.14007415520523 2.887023623050414
1674 2.438090805216309 2.113067102445584 0.9403079589500407
1675 0.2826038403637211 0.5992546674874227 1.608085324418365
1676 1.622097003931135 2.901598757832455 0.5870137587064007
1677 1.885838743440067 0.5889281519915049 0.2690741471133882
1678 2.866746545419602 2.148977787052457 2.455453099331255
1679 1.622099596247061 0.2391587972377461 0.5866640709572544
1680 2.866046963676407 0.989259828146328 2.455839370358974
1681 2.491375279834942 1.355557466087261 1.765102535584773
1682 2.888908991574695 0.254469464157311 2.092315074948456
1683 1.971899541224321 1.045022393660428 1.210460871495705
1684 1.488013742394928 2.175520502848751 2.51894593117503
1685 1.070924145577727 2.404612788657362 1.090023588050213
1686 1.39723379083099 0.9685416316884181 0.907585592712493
1687 1.826231307967957 1.529669117326314 0.9470318111746648
1688 1.267608707550561 2.121518682108149 1.056254636506322
1689 1.358974993545899 1.78294872167503 1.739884917919913
1690 2.855986968982287 2.464701411036691 1.606956807116943
1691 0.8710797388779422 1.83809297630304 1.462902605869553
1692 2.228519021358945 1.662780522747943 0.8732058748102756
1693 2.157618380676276 2.148346078748707 0.7111899348483308
1694 1.763046172844058 2.296816724436037 2.117284810347827
1695 1.568974225271579 0.2515114007720646 1.020983759198063
1696 0.2586999042389373 2.110028290739355 1.101655422186884
1697 2.544856844654725 2.573586253513604 1.734718931967097
1698 0.2507730645320385 2.468400489434625 1.71250470822169
1699 2.152466092625554 1.276137577168678 2.147032614912021
1700 0.2549886396101784 1.45260292510107 2.201735531191566
1701 0.6175385863296272 0.6087554935212849 2.228992855954914
1702 1.30771692253766 1.04211769584426 2.02676546369851
1703 0.7156483882879914 2.0515539053868 2.124707049522576
1704 2.896976350709372 1.302825409309157 0.578220366000308
1705 1.565044911673984 1.088404660307536 1.333074242031413
1706 0.9968721146789847 2.838119943037008 1.130577927633976
1707 0.9635335442027564 0.6168390001297874 1.486664852276521
1708 2.218517060861978 1.653322192431943 0.591661286558264
1709 0.2791762774841024 1.141024131420511 2.472169948445584
1710 2.876741671687995 2.571891154149458 0.2484383642435967
1711 2.58889888112061 2.864776928355906 1.84942556303852
1712 2.851044473060374 0.2558677149383272 0.2594900193992567
1713 2.181564223064732 1.786597466140916 1.628557954232107
1714 1.732301305946521 2.88727987989445 1.891548146495699
1715 2.751088056193728 2.860864792715039 2.07917583135028
1716 0.4524117897784889 1.184142461120831 0.2820634297390663
1717 2.55540171790493 0.5760586091114998 1.734203287170174
1718 0.8972909598009073 0.6719525669851858 2.57913544631423
1719 2.180523750989121 1.661318345804199 2.556488452536703
1720 2.277257882412453 0.5899148899208223 1.640394765524018
1721 1.036481054821121 1.979817661281165 2.475331414289886
1722 1.060847845508702 1.054288054953089 0.6053759402988912
1723 2.564992331659293 0.6068989009978611 0.2663738697724497
1724 1.226332254764007 2.571446014847355 2.888738348783413
1725 1.848495203865133 0.2467740976168662 1.008382537989731
1726 1.919306459526765 0.8462308818089833 2.892348420663366
1727 0.9356141303144332 2.564566668629421 1.472906234892587
1728 2.155166181421937 1.66580434021219 0.2472105472623247
1729 0.6252873320937045 1.350018323460701 1.634469613172534
1730 2.179503640935544 1.566155331084225 1.841068964988588
1731 1.377934496930734 2.486579805652888 1.33498649334872
1732 2.570273705267237 1.200809828972973 2.887476555221651
1733 2.240199872047251 2.113296741705403 1.886598131904652
1734 2.892038396671543 1.824380216340736 1.080173712328064
1735 0.8968387250484268 2.472223056940651 2.589238844459162
1736 2.603651252108721 0.2681570173745836 1.874051530547978
1737 1.685021986430016 2.151758492501863 1.729974717955169
1738 1.392522125734675 0.5843110906343151 2.616299383911979
1739 2.568742657832478 2.097209106246548 1.815221453470744
1740 1.103525797372991 0.7719822178693987 0.2494409201337775
1741 0.6336306829599552 0.8742620407881673 2.641154713115969
1742 2.568561092959758 1.121663225564906 0.7850628097988657
1743 1.468744954553754 0.9144335486493336 2.575203134345828
1744 1.394125771563036 2.592485343579749 2.595133182216304
1745 1.093091750595792 1.565766522928272 1.337618041670845
1746 0.4662982969988559 2.502646852327244 2.869515581794427
1747 1.489278396407255 0.2452508430240545 2.133948295819621
1748 1.490447504515741 1.922673164105748 0.9204825161992326
1749 0.6792488097965276 2.617079541433624 0.9049964167841456
1750 2.870489881659957 2.730151143261561 1.031366866942775
1751 0.5682202701300688 0.2604866288933454 2.883330742761372
1752 1.29888346889581 1.889852041938721 1.450093253407937
1753 2.504588970952125 0.5221852460293014 2.255179528458523
1754 0.5740530571550156 0.246869575672128 1.276479342305521
1755 2.571494372680556 2.883743315388422 0.2611126535401356
1756 0.6305825377662089 1.795335974102453 1.631877059874486
1757 1.692628273754786 0.6182340484401432 1.30509086228575
1758 2.889813594691408 2.887574401111685 2.556750710220238
1759 1.985749925509414 0.236319924173567 0.5185676989108876
1760 0.2824584798624113 0.5632371457875049 2.896080606944229
1761 1.245794011353377 0.5084880427759926 2.879257577178565
1762 1.990408303051871 2.353307141801093 1.086033433035415
1763 1.34874206443871 0.6937507429494807 1.347118819844432
1764 2.896790003635829 2.135444167012341 1.464086372733947
1765 0.6630757581819037 2.867467136593336 2.184772063073119
1766 1.776824344194517 0.577089109882455 2.29615713875112
1767 1.692965432938291 0.2729111038433753 2.873571906674576
1768 1.322427956226252 2.005974467356808 0.2493851735896017
1769 2.487410405868872 1.372558163685278 0.9143820888561927
1770 1.321682173709729 0.5878194082665092 0.6839041739342612
1771 1.487826972987805 2.897904136483575 2.136775759560654
1772 0.6587288686686505 0.5951115267048001 1.824833280666438
1773 1.46237832330559 1.397796379472624 0.6377767354756909
1774 0.6103305689663523 1.010947595730609 1.039970837536531
1775 1.452915209623303 0.2696674521778163 1.502387624382794
1776 2.045349879594438 0.8125811805893464 0.2632047679113856
1777 1.317849994697589 2.413707573044868 0.5928447358578843
1778 2.398383471076456 1.571383038234684 1.357916650530764
1779 2.877621813170862 2.55591024340292 2.894703975028718
1780 1.222414371274928 1.357874595511744 1.571762105524444
1781 1.996938931347605 1.330916774388382 2.894005036443531
1782 0.8956632985137817 0.5692745910063808 0.6532356029573272
1783 2.267657412900689 2.537829706006392 1.628548630231637
1784 1.509466704967783 2.188062708212411 1.289914651253025
1785 0.2398366253800099 1.653746804829923 0.9785204294691333
1786 0.2600398480514194 0.6277531470762077 2.20036559302051
1787 0.2532806630337946 1.619391336345986 0.2757985575327689
1788 2.577894753617006 1.38517613767616 2.583343085671318
1789 2.887314502092313 0.2526989391319379 2.552664002604773
1790 1.558955812490589 2.907265282933986 1.48047583495386
1791 1.100656124100884 0.5165708400611709 2.359902997851676
1792 2.675554274295306 1.71426133849232 2.413274933426645
1793 0.2593063175314279 0.5257475549851676 0.5938380243262483
1794 1.828546748161118 1.522623194857123 2.699380528481296
1795 0.9552416108261665 1.263472428888015 0.2426952318565682
1796 1.713057685484993 2.584479886672209 0.242577078905208
1797 0.2475255907350733 2.878826769888489 0.5791732559118279
1798 0.5866617547463965 2.896840388577622 0.2640735590824524
1799 1.034963503170897 0.5369105561674068 1.911378847064906
1800 1.333567929520454 1.124674390988224 0.2523170075280382
1801 2.887394750621942 2.887394750621942 0.6188771484295451
1802 0.259485123676596 2.558198051926652 0.2471513532717925
1803 0.537988994502492 0.9237167328745952 1.472457788510792
1804 2.314774330103712 1.972349001965574 2.517425749593746
1805 0.8196697017815918 1.101160127841418 1.872016798306955
1806 0.5136204291600068 0.6075071449907637 0.872331035511132
1807 1.012567864061879 2.586383432138844 1.909793300103866
1808 0.5375140097066311 1.416371647163546 0.9140505482994852
1809 1.156432330423807 0.2487387072652783 1.834528472917105
1810 0.5940878907504634 1.821953786767499 0.6960812873447461
1811 1.812524637480754 1.840011974005249 1.552324903717289
1812 0.2383879778058643 2.359281445891212 2.896927006541841
1813 1.460278138087997 2.529114997383565 1.75153283075424
1814 0.5061570734624453 2.487866717666561 2.17231910988749
1815 1.903711156250696 1.014017805582486 2.666356094646923
1816 0.8683301313537281 0.7606666239691312 2.039242943729208
1817 1.604303150254513 1.357416316574277 1.408355345502501
1818 0.991976577117441 0.2492085956601077 2.599825122315359
1819 2.534919910986852 2.264280871405366 2.616700260451117
1820 2.616348962170278 1.467615900151994 0.2280291041811061
1821 2.025079685828381 0.7782772751137866 0.5482916959063616
1822 2.608072447998114 1.760751036714284 0.6153393146970199
1823 2.510376788553641 0.8865787302496466 0.5488728577632114
1824 2.14516556274673 1.051077652787731 2.551961956119088
1825 2.879758948624491 0.5866600621952626 2.886245773868844
1826 2.689237252755372 2.267149632067402 0.6179031517843919
1827 2.603385049876239 2.549030188997641 0.878619419820954
1828 2.330617304702472 0.4330209158753758 1.176257137966256
1829 0.5747428506838629 2.363516033735315 1.106325019059365
1830 0.2395052211966013 1.022721427242204 0.7547181719438181
1831 2.224394071461404 1.035037463610879 1.810539580832488
1832 0.2367894270439751 2.015718929099533 2.335946372723045
1833 1.527949874735184 1.333332494023685 2.502674300045506
1834 2.882935884250876 0.9509591084366487 1.619556540028181
1835 0.9476252323845922 0.5494535145820453 0.2333185055629585
1836 2.55654008696905 2.884277331899145 2.88416569367691
1837 1.486505376654328 2.687999772787758 0.6779117913499295
1838 2.87888227747139 0.4003172659207522 1.037998239041984
1839 1.626548162222218 2.302112180982435 0.9255617121702434
1840 1.806190207097893 1.506006504768731 0.5847295545759652
1841 2.894043710396385 0.2484791919996864 0.5976591890942238
1842 2.498016239190471 1.752433765441792 0.916223260214577
1843 1.109251795588565 0.2490887752801401 2.343948340028442
1844 1.624612558751729 1.933486677216038 2.895960800356975
1845 0.579277202979857 2.886595283095049 2.885727349939123
1846 1.001898377774914 0.3272691018320811 1.170223244290608
1847 0.5380980403089228 1.827900900062832 1.086849817364473
1848 1.259581407808247 2.563204482141275 0.2337881710044032
1849 0.2635968463651769 2.111230215446091 1.37070024682969
1850 0.5838742881180981 0.2410912819858003 0.2753646861905442
1851 0.2382689572340631 2.887529969950817 2.074002236487448
1852 0.8845317526190176 1.55723793047917 0.9338054985078412
1853 0.535692778185944 1.770578283206155 2.142568670791572
1854 2.885626108304216 0.5873205273072006 0.2452951954463513
1855 1.52284090454416 2.182763202928433 0.2578661525083878
1856 1.509740008632134 0.5698694363857093 2.210420989651269
1857 1.999872519641998 2.641972912177136 0.8806057188671251
1858 1.998754614916975 2.365454872278738 0.5182630962239668
1859 1.583446925348724 2.167526751021774 0.6829032786981055
1860 2.341168473996965 2.018536470929485 0.4943707107377876
1861 2.911582615624351 1.010930758282379 2.104385178641948
1862 0.2415147362069759 0.9368446029941518 2.212341655551815
1863 2.570080652956665 0.7776993175775396 2.009210833117177
1864 0.928600238320228 1.483131519513711 2.883726099363463
1865 2.876311099304453 2.124715404501997 0.449026496380846
1866 1.992639645041623 1.378831832513613 1.810517010134753
1867 1.143807704067082 2.894108191150921 1.839282162484753
1868 0.2083783054630393 2.582287582531674 2.18300648291187
1869 1.823971024861927 1.039890793525039 0.2289299896960073
1870 2.259711075823149 0.9878101993643218 1.379020614359943
1871 2.567580733116552 1.889576325738925 0.2438478411186161
1872 2.896792540413451 2.513961327697405 1.906918627977243
1873 2.229806833244077 2.876402374298491 1.991390214039814
1874 2.334418675373325 2.897865024607756 1.550250358357627
1875 0.2566727733688454 0.2603364733993748 0.5979631330754291
1876 1.925934967442992 2.904986956172832 0.9528563150606988
1877 0.2614026186749756 2.216806370065027 2.507824716276669
1878 0.580219322525813 2.911014017631391 1.276174142496531
1879 2.646926866660043 1.129422814070945 0.249034971660438
1880 2.51027708708982 2.052299973949268 1.429648860768257
1881 2.098416184058506 1.990415009630847 1.201756876825671
1882 2.108524576783015 1.819147604697933 2.877939741573157
1883 1.810792778206975 0.9457417280821786 0.6394905169351102
1884 2.905746104887247 1.223420576593896 2.572173242781739
1885 0.2360229981130842 0.3438022400328873 1.655015880001208
1886 2.188818686009446 1.318260989348217 1.618534230221084
1887 0.3113233917489338 2.912037702086546 1.805646908827864
1888 2.15695355985051 2.88788717863208 2.887887178632081
1889 0.5144238350376099 1.533219125082389 2.896900068687356
1890 0.2550154194986742 1.610613155134302 2.907220455281895
1891 0.672811828905642 1.550645940112731 2.092592385353171
1892 1.004784941918279 2.663632127556543 0.25933991694054
1893 2.906431530805275 2.100051869591977 2.115220802347814
1894 1.570799009765867 2.912670424805747 2.912669923284835
1895 1.617692198455421 2.480359219731373 1.220211453280625
1896 2.903938877074772 0.6303232148889609 1.895092251322143
1897 2.019648428212001 2.567330808873077 1.545093648828841
1898 1.642673435829212 0.7981389658473228 0.9327049513514306
1899 2.878613212400976 2.601254770058132 1.366165336287994
1900 2.911581020840461 1.434563246791933 1.309750745033607
1901 1.944768546805694 1.856273307201814 1.850884118198636
1902 1.030390089528095 1.289910880241287 0.9991651830361623
1903 1.139816776385167 1.14575188673334 2.379231981243437
1904 2.62910779940733 0.8615268889280945 2.541897228448186
$EndNodes
$Elements
10474
1 2 2 1 1 19 1 284
2 2 2 1 1 1 20 284
3 2 2 1 1 2 9 286
4 2 2 1 1 42 2 286
5 2 2 1 1 30 3 285
6 2 2 1 1 3 41 285
7 2 2 1 1 31 4 287
8 2 2 1 1 4 52 287
9 2 2 1 1 9 10 156
10 2 2 1 1 9 156 286
11 2 2 1 1 10 11 224
12 2 2 1 1 156 10 224
13 2 2 1 1 11 12 150
14 2 2 1 1 11 150 224
15 2 2 1 1 12 13 240
16 2 2 1 1 150 12 240
17 2 2 1 1 13 14 144
18 2 2 1 1 13 144 240
19 2 2 1 1 14 15 238
20 2 2 1 1 144 14 238
21 2 2 1 1 15 16 283
22 2 2 1 1 238 15 283
23 2 2 1 1 16 17 146
24 2 2 1 1 16 146 283
25 2 2 1 1 17 18 239
26 2 2 1 1 146 17 239
27 2 2 1 1 18 19 262
28 2 2 1 1 239 18 262
29 2 2 1 1 262 19 284
30 2 2 1 1 20 21 154
31 2 2 1 1 20 154 284
32 2 2 1 1 21 22 157
33 2 2 1 1 154 21 157
34 2 2 1 1 22 23 149
35 2 2 1 1 22 149 157
36 2 2 1 1 23 24 242
37 2 2 1 1 149 23 242
38 2 2 1 1 24 25 143
39 2 2 1 1 24 143 242
40 2 2 1 1 25 26 258
41 2 2 1 1 143 25 258
42 2 2 1 1 26 27 214
43 2 2 1 1 26 214 258
44 2 2 1 1 27 28 147
45 2 2 1 1 27 147 214
46 2 2 1 1 28 29 232
47 2 2 1 1 147 28 232
48 2 2 1 1 29 30 261
49 2 2 1 1 232 29 261
50 2 2 1 1 261 30 285
51 2 2 1 1 32 31 155
52 2 2 1 1 155 31 287
53 2 2 1 1 33 32 280
54 2 2 1 1 32 155 280
55 2 2 1 1 34 33 145
56 2 2 1 1 145 33 280
57 2 2 1 1 35 34 230
58 2 2 1 1 34 145 230
59 2 2 1 1 36 35 273
60 2 2 1 1 35 230 273
61 2 2 1 1 37 36 142
62 2 2 1 1 142 36 273
63 2 2 1 1 38 37 282
64 2 2 1 1 37 142 282
65 2 2 1 1 39 38 151
66 2 2 1 1 151 38 282
67 2 2 1 1 40 39 278
68 2 2 1 1 39 151 278
69 2 2 1 1 41 40 153
70 2 2 1 1 153 40 278
71 2 2 1 1 41 153 285
72 2 2 1 1 43 42 226
73 2 2 1 1 226 42 286
74 2 2 1 1 44 43 279
75 2 2 1 1 43 226 279
76 2 2 1 1 45 44 152
77 2 2 1 1 152 44 279
78 2 2 1 1 46 45 243
79 2 2 1 1 45 152 243
80 2 2 1 1 47 46 141
81 2 2 1 1 141 46 243
82 2 2 1 1 48 47 268
83 2 2 1 1 47 141 268
84 2 2 1 1 49 48 263
85 2 2 1 1 263 48 268
86 2 2 1 1 50 49 148
87 2 2 1 1 148 49 263
88 2 2 1 1 51 50 269
89 2 2 1 1 50 148 269
90 2 2 1 1 52 51 271
91 2 2 1 1 51 269 271
92 2 2 1 1 52 271 287
93 2 2 1 1 141 243 267
94 2 2 1 1 264 141 267
95 2 2 1 1 141 264 268
96 2 2 1 1 207 142 210
97 2 2 1 1 142 207 282
98 2 2 1 1 210 142 211
99 2 2 1 1 211 142 273
100 2 2 1 1 143 215 242
101 2 2 1 1 215 143 255
102 2 2 1 1 255 143 258
103 2 2 1 1 144 238 276
104 2 2 1 1 240 144 241
105 2 2 1 1 241 144 276
106 2 2 1 1 219 145 221
107 2 2 1 1 145 219 277
108 2 2 1 1 221 145 280
109 2 2 1 1 230 145 277
110 2 2 1 1 237 146 246
111 2 2 1 1 146 237 283
112 2 2 1 1 146 239 281
113 2 2 1 1 246 146 281
114 2 2 1 1 147 212 214
115 2 2 1 1 212 147 254
116 2 2 1 1 147 232 254
117 2 2 1 1 148 263 270
118 2 2 1 1 148 265 269
119 2 2 1 1 265 148 270
120 2 2 1 1 157 149 158
121 2 2 1 1 158 149 159
122 2 2 1 1 159 149 242
123 2 2 1 1 224 150 228
124 2 2 1 1 228 150 229
125 2 2 1 1 229 150 240
126 2 2 1 1 151 205 206
127 2 2 1 1 205 151 207
128 2 2 1 1 151 206 278
129 2 2 1 1 207 151 282
130 2 2 1 1 227 152 279
131 2 2 1 1 152 227 290
132 2 2 1 1 243 152 266
133 2 2 1 1 266 152 290
134 2 2 1 1 153 206 208
135 2 2 1 1 206 153 278
136 2 2 1 1 153 208 261
137 2 2 1 1 153 261 285
138 2 2 1 1 154 157 253
139 2 2 1 1 154 253 262
140 2 2 1 1 154 262 284
141 2 2 1 1 221 155 222
142 2 2 1 1 155 221 280
143 2 2 1 1 222 155 271
144 2 2 1 1 271 155 287
145 2 2 1 1 156 224 225
146 2 2 1 1 156 225 226
147 2 2 1 1 156 226 286
148 2 2 1 1 157 158 253
149 2 2 1 1 158 159 160
150 2 2 1 1 158 160 200
151 2 2 1 1 158 200 253
152 2 2 1 1 160 159 161
153 2 2 1 1 161 159 215
154 2 2 1 1 215 159 242
155 2 2 1 1 160 161 162
156 2 2 1 1 160 162 233
157 2 2 1 1 200 160 233
158 2 2 1 1 162 161 163
159 2 2 1 1 163 161 231
160 2 2 1 1 161 215 231
161 2 2 1 1 162 163 164
162 2 2 1 1 162 164 181
163 2 2 1 1 162 181 233
164 2 2 1 1 164 163 165
165 2 2 1 1 165 163 175
166 2 2 1 1 175 163 231
167 2 2 1 1 164 165 166
168 2 2 1 1 164 166 245
169 2 2 1 1 181 164 245
170 2 2 1 1 166 165 167
171 2 2 1 1 167 165 250
172 2 2 1 1 165 175 250
173 2 2 1 1 166 167 168
174 2 2 1 1 166 168 173
175 2 2 1 1 166 173 245
176 2 2 1 1 168 167 169
177 2 2 1 1 169 167 170
178 2 2 1 1 170 167 250
179 2 2 1 1 168 169 223
180 2 2 1 1 173 168 174
181 2 2 1 1 174 168 223
182 2 2 1 1 169 170 171
183 2 2 1 1 169 171 172
184 2 2 1 1 169 172 223
185 2 2 1 1 171 170 176
186 2 2 1 1 176 170 192
187 2 2 1 1 192 170 250
188 2 2 1 1 172 171 177
189 2 2 1 1 171 176 248
190 2 2 1 1 177 171 248
191 2 2 1 1 172 177 178
192 2 2 1 1 172 178 249
193 2 2 1 1 223 172 249
194 2 2 1 1 173 174 179
195 2 2 1 1 173 179 251
196 2 2 1 1 245 173 251
197 2 2 1 1 179 174 180
198 2 2 1 1 180 174 244
199 2 2 1 1 174 223 244
200 2 2 1 1 175 231 259
201 2 2 1 1 250 175 257
202 2 2 1 1 257 175 259
203 2 2 1 1 176 192 193
204 2 2 1 1 176 193 196
205 2 2 1 1 176 196 248
206 2 2 1 1 178 177 182
207 2 2 1 1 182 177 184
208 2 2 1 1 184 177 248
209 2 2 1 1 178 182 185
210 2 2 1 1 178 185 186
211 2 2 1 1 178 186 249
212 2 2 1 1 179 180 183
213 2 2 1 1 179 183 190
214 2 2 1 1 179 190 251
215 2 2 1 1 183 180 187
216 2 2 1 1 187 180 191
217 2 2 1 1 191 180 244
218 2 2 1 1 233 181 234
219 2 2 1 1 234 181 235
220 2 2 1 1 235 181 245
221 2 2 1 1 182 184 218
222 2 2 1 1 185 182 188
223 2 2 1 1 188 182 218
224 2 2 1 1 183 187 189
225 2 2 1 1 183 189 275
226 2 2 1 1 190 183 275
227 2 2 1 1 218 184 274
228 2 2 1 1 184 248 272
229 2 2 1 1 184 272 274
230 2 2 1 1 186 185 197
231 2 2 1 1 185 188 256
232 2 2 1 1 197 185 256
233 2 2 1 1 186 197 199
234 2 2 1 1 186 199 217
235 2 2 1 1 186 217 249
236 2 2 1 1 189 187 247
237 2 2 1 1 187 191 198
238 2 2 1 1 187 198 247
239 2 2 1 1 188 218 219
240 2 2 1 1 188 219 220
241 2 2 1 1 188 220 256
242 2 2 1 1 189 247 260
243 2 2 1 1 189 260 288
244 2 2 1 1 275 189 288
245 2 2 1 1 190 241 252
246 2 2 1 1 241 190 275
247 2 2 1 1 251 190 252
248 2 2 1 1 198 191 216
249 2 2 1 1 216 191 217
250 2 2 1 1 217 191 244
251 2 2 1 1 193 192 194
252 2 2 1 1 194 192 257
253 2 2 1 1 192 250 257
254 2 2 1 1 193 194 195
255 2 2 1 1 193 195 209
256 2 2 1 1 196 193 209
257 2 2 1 1 195 194 201
258 2 2 1 1 201 194 202
259 2 2 1 1 202 194 257
260 2 2 1 1 195 201 203
261 2 2 1 1 195 203 205
262 2 2 1 1 195 205 209
263 2 2 1 1 196 209 210
264 2 2 1 1 196 210 272
265 2 2 1 1 248 196 272
266 2 2 1 1 199 197 204
267 2 2 1 1 204 197 270
268 2 2 1 1 197 256 270
269 2 2 1 1 198 216 267
270 2 2 1 1 247 198 266
271 2 2 1 1 266 198 267
272 2 2 1 1 199 204 264
273 2 2 1 1 199 216 217
274 2 2 1 1 216 199 264
275 2 2 1 1 200 233 246
276 2 2 1 1 200 246 281
277 2 2 1 1 253 200 281
278 2 2 1 1 201 202 212
279 2 2 1 1 203 201 254
280 2 2 1 1 201 212 254
281 2 2 1 1 212 202 213
282 2 2 1 1 213 202 259
283 2 2 1 1 202 257 259
284 2 2 1 1 205 203 206
285 2 2 1 1 206 203 208
286 2 2 1 1 208 203 254
287 2 2 1 1 204 263 268
288 2 2 1 1 263 204 270
289 2 2 1 1 264 204 268
290 2 2 1 1 205 207 209
291 2 2 1 1 209 207 210
292 2 2 1 1 232 208 254
293 2 2 1 1 208 232 261
294 2 2 1 1 210 211 272
295 2 2 1 1 272 211 274
296 2 2 1 1 211 273 289
297 2 2 1 1 274 211 289
298 2 2 1 1 212 213 214
299 2 2 1 1 214 213 258
300 2 2 1 1 213 255 258
301 2 2 1 1 255 213 259
302 2 2 1 1 231 215 255
303 2 2 1 1 216 264 267
304 2 2 1 1 217 244 249
305 2 2 1 1 219 218 277
306 2 2 1 1 218 274 277
307 2 2 1 1 220 219 221
308 2 2 1 1 220 221 222
309 2 2 1 1 220 222 265
310 2 2 1 1 256 220 265
311 2 2 1 1 265 222 269
312 2 2 1 1 269 222 271
313 2 2 1 1 244 223 249
314 2 2 1 1 225 224 228
315 2 2 1 1 226 225 227
316 2 2 1 1 227 225 260
317 2 2 1 1 225 228 260
318 2 2 1 1 226 227 279
319 2 2 1 1 227 260 290
320 2 2 1 1 228 229 288
321 2 2 1 1 260 228 288
322 2 2 1 1 229 240 241
323 2 2 1 1 229 241 275
324 2 2 1 1 229 275 288
325 2 2 1 1 273 230 289
326 2 2 1 1 230 277 289
327 2 2 1 1 231 255 259
328 2 2 1 1 233 234 246
329 2 2 1 1 234 235 236
330 2 2 1 1 234 236 237
331 2 2 1 1 234 237 246
332 2 2 1 1 236 235 252
333 2 2 1 1 235 245 251
334 2 2 1 1 235 251 252
335 2 2 1 1 237 236 238
336 2 2 1 1 238 236 276
337 2 2 1 1 236 252 276
338 2 2 1 1 237 238 283
339 2 2 1 1 253 239 262
340 2 2 1 1 239 253 281
341 2 2 1 1 252 241 276
342 2 2 1 1 243 266 267
343 2 2 1 1 260 247 290
344 2 2 1 1 247 266 290
345 2 2 1 1 256 265 270
346 2 2 1 1 277 274 289
347 2 2 1 2 63 435 5
348 2 2 1 2 5 435 64
349 2 2 1 2 6 438 53
350 2 2 1 2 86 438 6
351 2 2 1 2 74 436 7
352 2 2 1 2 7 436 85
353 2 2 1 2 75 437 8
354 2 2 1 2 8 437 96
355 2 2 1 2 53 424 54
356 2 2 1 2 53 438 424
357 2 2 1 2 54 433 55
358 2 2 1 2 424 433 54
359 2 2 1 2 55 300 56
360 2 2 1 2 55 433 300
361 2 2 1 2 56 390 57
362 2 2 1 2 300 390 56
363 2 2 1 2 57 291 58
364 2 2 1 2 57 390 291
365 2 2 1 2 58 387 59
366 2 2 1 2 291 387 58
367 2 2 1 2 59 434 60
368 2 2 1 2 387 434 59
369 2 2 1 2 60 296 61
370 2 2 1 2 60 434 296
371 2 2 1 2 61 431 62
372 2 2 1 2 296 431 61
373 2 2 1 2 62 411 63
374 2 2 1 2 62 431 411
375 2 2 1 2 411 435 63
376 2 2 1 2 64 306 65
377 2 2 1 2 64 435 306
378 2 2 1 2 65 307 66
379 2 2 1 2 306 307 65
380 2 2 1 2 66 299 67
381 2 2 1 2 66 307 299
382 2 2 1 2 67 394 68
383 2 2 1 2 299 394 67
384 2 2 1 2 68 293 69
385 2 2 1 2 68 394 293
386 2 2 1 2 69 410 70
387 2 2 1 2 293 410 69
388 2 2 1 2 70 368 71
389 2 2 1 2 70 410 368
390 2 2 1 2 71 298 72
391 2 2 1 2 71 368 298
392 2 2 1 2 72 377 73
393 2 2 1 2 298 377 72
394 2 2 1 2 73 412 74
395 2 2 1 2 377 412 73
396 2 2 1 2 412 436 74
397 2 2 1 2 76 305 75
398 2 2 1 2 305 437 75
399 2 2 1 2 77 432 76
400 2 2 1 2 76 432 305
401 2 2 1 2 78 297 77
402 2 2 1 2 297 432 77
403 2 2 1 2 79 380 78
404 2 2 1 2 78 380 297
405 2 2 1 2 80 396 79
406 2 2 1 2 79 396 380
407 2 2 1 2 81 292 80
408 2 2 1 2 292 396 80
409 2 2 1 2 82 429 81
410 2 2 1 2 81 429 292
411 2 2 1 2 83 301 82
412 2 2 1 2 301 429 82
413 2 2 1 2 84 430 83
414 2 2 1 2 83 430 301
415 2 2 1 2 85 303 84
416 2 2 1 2 303 430 84
417 2 2 1 2 85 436 303
418 2 2 1 2 87 304 86
419 2 2 1 2 304 438 86
420 2 2 1 2 88 379 87
421 2 2 1 2 87 379 304
422 2 2 1 2 89 295 88
423 2 2 1 2 295 379 88
424 2 2 1 2 90 420 89
425 2 2 1 2 89 420 295
426 2 2 1 2 91 413 90
427 2 2 1 2 413 420 90
428 2 2 1 2 92 294 91
429 2 2 1 2 294 413 91
430 2 2 1 2 93 391 92
431 2 2 1 2 92 391 294
432 2 2 1 2 94 302 93
433 2 2 1 2 302 391 93
434 2 2 1 2 95 421 94
435 2 2 1 2 94 421 302
436 2 2 1 2 96 423 95
437 2 2 1 2 95 423 421
438 2 2 1 2 96 437 423
439 2 2 1 2 291 390 359
440 2 2 1 2 359 426 291
441 2 2 1 2 291 426 387
442 2 2 1 2 292 365 361
443 2 2 1 2 361 425 292
444 2 2 1 2 292 429 365
445 2 2 1 2 292 425 396
446 2 2 1 2 293 394 372
447 2 2 1 2 372 408 293
448 2 2 1 2 408 410 293
449 2 2 1 2 391 418 294
450 2 2 1 2 294 422 413
451 2 2 1 2 418 422 294
452 2 2 1 2 295 417 379
453 2 2 1 2 414 417 295
454 2 2 1 2 295 420 414
455 2 2 1 2 382 384 296
456 2 2 1 2 296 385 382
457 2 2 1 2 384 431 296
458 2 2 1 2 296 434 385
459 2 2 1 2 374 375 297
460 2 2 1 2 297 427 374
461 2 2 1 2 375 432 297
462 2 2 1 2 380 427 297
463 2 2 1 2 298 368 366
464 2 2 1 2 366 369 298
465 2 2 1 2 369 377 298
466 2 2 1 2 307 308 299
467 2 2 1 2 308 309 299
468 2 2 1 2 309 394 299
469 2 2 1 2 300 364 362
470 2 2 1 2 362 428 300
471 2 2 1 2 300 433 364
472 2 2 1 2 300 428 390
473 2 2 1 2 301 400 365
474 2 2 1 2 365 429 301
475 2 2 1 2 371 400 301
476 2 2 1 2 301 430 371
477 2 2 1 2 302 419 391
478 2 2 1 2 415 419 302
479 2 2 1 2 302 421 415
480 2 2 1 2 370 371 303
481 2 2 1 2 303 412 370
482 2 2 1 2 371 430 303
483 2 2 1 2 303 436 412
484 2 2 1 2 379 416 304
485 2 2 1 2 416 424 304
486 2 2 1 2 424 438 304
487 2 2 1 2 375 376 305
488 2 2 1 2 305 432 375
489 2 2 1 2 376 423 305
490 2 2 1 2 423 437 305
491 2 2 1 2 306 406 307
492 2 2 1 2 306 411 406
493 2 2 1 2 306 435 411
494 2 2 1 2 307 406 308
495 2 2 1 2 308 310 309
496 2 2 1 2 308 381 310
497 2 2 1 2 308 406 381
498 2 2 1 2 310 311 309
499 2 2 1 2 311 372 309
500 2 2 1 2 372 394 309
501 2 2 1 2 310 312 311
502 2 2 1 2 310 337 312
503 2 2 1 2 310 381 337
504 2 2 1 2 312 313 311
505 2 2 1 2 313 378 311
506 2 2 1 2 311 378 372
507 2 2 1 2 312 314 313
508 2 2 1 2 312 389 314
509 2 2 1 2 337 389 312
510 2 2 1 2 314 315 313
511 2 2 1 2 315 324 313
512 2 2 1 2 324 378 313
513 2 2 1 2 314 316 315
514 2 2 1 2 314 329 316
515 2 2 1 2 314 389 329
516 2 2 1 2 316 317 315
517 2 2 1 2 317 395 315
518 2 2 1 2 315 395 324
519 2 2 1 2 316 318 317
520 2 2 1 2 316 393 318
521 2 2 1 2 329 393 316
522 2 2 1 2 318 319 317
523 2 2 1 2 319 320 317
524 2 2 1 2 320 395 317
525 2 2 1 2 318 322 319
526 2 2 1 2 318 323 322
527 2 2 1 2 318 393 323
528 2 2 1 2 319 321 320
529 2 2 1 2 319 397 321
530 2 2 1 2 322 397 319
531 2 2 1 2 321 328 320
532 2 2 1 2 328 399 320
533 2 2 1 2 320 399 395
534 2 2 1 2 321 331 328
535 2 2 1 2 321 338 331
536 2 2 1 2 321 397 338
537 2 2 1 2 323 325 322
538 2 2 1 2 325 326 322
539 2 2 1 2 326 397 322
540 2 2 1 2 323 327 325
541 2 2 1 2 323 398 327
542 2 2 1 2 393 398 323
543 2 2 1 2 324 401 378
544 2 2 1 2 395 407 324
545 2 2 1 2 324 407 401
546 2 2 1 2 325 392 326
547 2 2 1 2 327 330 325
548 2 2 1 2 330 392 325
549 2 2 1 2 392 403 326
550 2 2 1 2 326 404 397
551 2 2 1 2 403 404 326
552 2 2 1 2 327 332 330
553 2 2 1 2 327 333 332
554 2 2 1 2 327 398 333
555 2 2 1 2 331 334 328
556 2 2 1 2 334 335 328
557 2 2 1 2 335 399 328
558 2 2 1 2 389 402 329
559 2 2 1 2 329 405 393
560 2 2 1 2 402 405 329
561 2 2 1 2 332 343 330
562 2 2 1 2 343 344 330
563 2 2 1 2 344 392 330
564 2 2 1 2 331 373 334
565 2 2 1 2 338 339 331
566 2 2 1 2 339 373 331
567 2 2 1 2 333 336 332
568 2 2 1 2 336 388 332
569 2 2 1 2 332 388 343
570 2 2 1 2 333 341 336
571 2 2 1 2 333 342 341
572 2 2 1 2 333 398 342
573 2 2 1 2 334 345 335
574 2 2 1 2 334 361 345
575 2 2 1 2 334 373 361
576 2 2 1 2 345 346 335
577 2 2 1 2 346 347 335
578 2 2 1 2 347 399 335
579 2 2 1 2 341 362 336
580 2 2 1 2 362 363 336
581 2 2 1 2 363 388 336
582 2 2 1 2 381 382 337
583 2 2 1 2 382 383 337
584 2 2 1 2 383 389 337
585 2 2 1 2 338 340 339
586 2 2 1 2 338 404 340
587 2 2 1 2 397 404 338
588 2 2 1 2 340 348 339
589 2 2 1 2 348 351 339
590 2 2 1 2 351 373 339
591 2 2 1 2 340 349 348
592 2 2 1 2 340 350 349
593 2 2 1 2 340 404 350
594 2 2 1 2 342 359 341
595 2 2 1 2 359 428 341
596 2 2 1 2 341 428 362
597 2 2 1 2 342 360 359
598 2 2 1 2 342 405 360
599 2 2 1 2 398 405 342
600 2 2 1 2 343 355 344
601 2 2 1 2 343 414 355
602 2 2 1 2 388 414 343
603 2 2 1 2 355 422 344
604 2 2 1 2 344 409 392
605 2 2 1 2 344 422 409
606 2 2 1 2 345 400 346
607 2 2 1 2 361 365 345
608 2 2 1 2 365 400 345
609 2 2 1 2 346 352 347
610 2 2 1 2 346 354 352
611 2 2 1 2 346 400 354
612 2 2 1 2 352 353 347
613 2 2 1 2 353 407 347
614 2 2 1 2 347 407 399
615 2 2 1 2 349 374 348
616 2 2 1 2 348 427 351
617 2 2 1 2 374 427 348
618 2 2 1 2 350 356 349
619 2 2 1 2 356 358 349
620 2 2 1 2 358 374 349
621 2 2 1 2 350 357 356
622 2 2 1 2 350 403 357
623 2 2 1 2 350 404 403
624 2 2 1 2 351 425 373
625 2 2 1 2 380 396 351
626 2 2 1 2 351 427 380
627 2 2 1 2 396 425 351
628 2 2 1 2 352 366 353
629 2 2 1 2 354 369 352
630 2 2 1 2 352 369 366
631 2 2 1 2 366 367 353
632 2 2 1 2 367 401 353
633 2 2 1 2 401 407 353
634 2 2 1 2 354 370 369
635 2 2 1 2 354 371 370
636 2 2 1 2 354 400 371
637 2 2 1 2 355 420 413
638 2 2 1 2 413 422 355
639 2 2 1 2 414 420 355
640 2 2 1 2 357 419 356
641 2 2 1 2 356 415 358
642 2 2 1 2 356 419 415
643 2 2 1 2 403 409 357
644 2 2 1 2 409 418 357
645 2 2 1 2 418 419 357
646 2 2 1 2 358 375 374
647 2 2 1 2 358 376 375
648 2 2 1 2 358 415 376
649 2 2 1 2 360 426 359
650 2 2 1 2 390 428 359
651 2 2 1 2 360 402 386
652 2 2 1 2 386 426 360
653 2 2 1 2 360 405 402
654 2 2 1 2 373 425 361
655 2 2 1 2 362 364 363
656 2 2 1 2 364 416 363
657 2 2 1 2 363 417 388
658 2 2 1 2 416 417 363
659 2 2 1 2 364 424 416
660 2 2 1 2 364 433 424
661 2 2 1 2 366 368 367
662 2 2 1 2 368 410 367
663 2 2 1 2 367 408 401
664 2 2 1 2 367 410 408
665 2 2 1 2 370 377 369
666 2 2 1 2 370 412 377
667 2 2 1 2 378 408 372
668 2 2 1 2 415 421 376
669 2 2 1 2 421 423 376
670 2 2 1 2 401 408 378
671 2 2 1 2 379 417 416
672 2 2 1 2 381 384 382
673 2 2 1 2 381 406 384
674 2 2 1 2 382 385 383
675 2 2 1 2 385 386 383
676 2 2 1 2 386 402 383
677 2 2 1 2 383 402 389
678 2 2 1 2 406 411 384
679 2 2 1 2 411 431 384
680 2 2 1 2 385 387 386
681 2 2 1 2 385 434 387
682 2 2 1 2 387 426 386
683 2 2 1 2 388 417 414
684 2 2 1 2 391 419 418
685 2 2 1 2 392 409 403
686 2 2 1 2 393 405 398
687 2 2 1 2 399 407 395
688 2 2 1 2 409 422 418
689 2 2 1 3 1 19 583
690 2 2 1 3 108 1 583
691 2 2 1 3 9 2 584
692 2 2 1 3 2 97 584
693 2 2 1 3 63 5 582
694 2 2 1 3 5 118 582
695 2 2 1 3 6 53 585
696 2 2 1 3 107 6 585
697 2 2 1 3 10 9 452
698 2 2 1 3 452 9 584
699 2 2 1 3 11 10 491
700 2 2 1 3 10 452 491
701 2 2 1 3 12 11 448
702 2 2 1 3 448 11 491
703 2 2 1 3 13 12 543
704 2 2 1 3 12 448 543
705 2 2 1 3 14 13 439
706 2 2 1 3 439 13 543
707 2 2 1 3 15 14 539
708 2 2 1 3 14 439 539
709 2 2 1 3 16 15 535
710 2 2 1 3 535 15 539
711 2 2 1 3 17 16 446
712 2 2 1 3 446 16 535
713 2 2 1 3 18 17 575
714 2 2 1 3 17 446 575
715 2 2 1 3 19 18 509
716 2 2 1 3 509 18 575
717 2 2 1 3 19 509 583
718 2 2 1 3 53 54 454
719 2 2 1 3 53 454 585
720 2 2 1 3 54 55 577
721 2 2 1 3 454 54 577
722 2 2 1 3 55 56 447
723 2 2 1 3 55 447 577
724 2 2 1 3 56 57 544
725 2 2 1 3 447 56 544
726 2 2 1 3 57 58 441
727 2 2 1 3 57 441 544
728 2 2 1 3 58 59 526
729 2 2 1 3 441 58 526
730 2 2 1 3 59 60 578
731 2 2 1 3 526 59 578
732 2 2 1 3 60 61 445
733 2 2 1 3 60 445 578
734 2 2 1 3 61 62 576
735 2 2 1 3 445 61 576
736 2 2 1 3 62 63 530
737 2 2 1 3 62 530 576
738 2 2 1 3 530 63 582
739 2 2 1 3 97 98 561
740 2 2 1 3 97 561 584
741 2 2 1 3 98 99 580
742 2 2 1 3 561 98 580
743 2 2 1 3 99 100 449
744 2 2 1 3 99 449 580
745 2 2 1 3 100 101 574
746 2 2 1 3 449 100 574
747 2 2 1 3 101 102 442
748 2 2 1 3 101 442 574
749 2 2 1 3 102 103 570
750 2 2 1 3 442 102 570
751 2 2 1 3 103 104 542
752 2 2 1 3 103 542 570
753 2 2 1 3 104 105 444
754 2 2 1 3 104 444 542
755 2 2 1 3 105 106 563
756 2 2 1 3 444 105 563
757 2 2 1 3 106 107 566
758 2 2 1 3 563 106 566
759 2 2 1 3 566 107 585
760 2 2 1 3 109 108 453
761 2 2 1 3 453 108 583
762 2 2 1 3 110 109 455
763 2 2 1 3 109 453 455
764 2 2 1 3 111 110 443
765 2 2 1 3 443 110 455
766 2 2 1 3 112 111 490
767 2 2 1 3 111 443 490
768 2 2 1 3 113 112 541
769 2 2 1 3 112 490 541
770 2 2 1 3 114 113 440
771 2 2 1 3 440 113 541
772 2 2 1 3 115 114 546
773 2 2 1 3 114 440 546
774 2 2 1 3 116 115 450
775 2 2 1 3 450 115 546
776 2 2 1 3 117 116 549
777 2 2 1 3 116 450 549
778 2 2 1 3 118 117 451
779 2 2 1 3 451 117 549
780 2 2 1 3 118 451 582
781 2 2 1 3 539 439 548
782 2 2 1 3 439 543 547
783 2 2 1 3 439 547 548
784 2 2 1 3 531 440 533
785 2 2 1 3 440 531 546
786 2 2 1 3 533 440 541
787 2 2 1 3 441 526 572
788 2 2 1 3 544 441 545
789 2 2 1 3 545 441 572
790 2 2 1 3 503 442 505
791 2 2 1 3 442 503 574
792 2 2 1 3 505 442 506
793 2 2 1 3 506 442 570
794 2 2 1 3 443 455 456
795 2 2 1 3 443 456 457
796 2 2 1 3 443 457 490
797 2 2 1 3 542 444 564
798 2 2 1 3 444 563 565
799 2 2 1 3 564 444 565
800 2 2 1 3 525 445 556
801 2 2 1 3 445 525 578
802 2 2 1 3 445 529 556
803 2 2 1 3 529 445 576
804 2 2 1 3 446 510 575
805 2 2 1 3 510 446 579
806 2 2 1 3 446 535 536
807 2 2 1 3 446 536 579
808 2 2 1 3 447 486 488
809 2 2 1 3 486 447 573
810 2 2 1 3 447 488 577
811 2 2 1 3 447 544 573
812 2 2 1 3 448 491 492
813 2 2 1 3 448 492 493
814 2 2 1 3 448 493 543
815 2 2 1 3 502 449 503
816 2 2 1 3 449 502 504
817 2 2 1 3 503 449 574
818 2 2 1 3 449 504 580
819 2 2 1 3 527 450 534
820 2 2 1 3 450 527 549
821 2 2 1 3 534 450 546
822 2 2 1 3 451 528 530
823 2 2 1 3 528 451 549
824 2 2 1 3 451 530 582
825 2 2 1 3 491 452 560
826 2 2 1 3 560 452 561
827 2 2 1 3 561 452 584
828 2 2 1 3 455 453 508
829 2 2 1 3 508 453 509
830 2 2 1 3 509 453 583
831 2 2 1 3 454 488 489
832 2 2 1 3 488 454 577
833 2 2 1 3 454 489 566
834 2 2 1 3 454 566 585
835 2 2 1 3 456 455 508
836 2 2 1 3 457 456 458
837 2 2 1 3 458 456 557
838 2 2 1 3 456 508 557
839 2 2 1 3 457 458 459
840 2 2 1 3 457 459 485
841 2 2 1 3 457 485 490
842 2 2 1 3 459 458 460
843 2 2 1 3 460 458 480
844 2 2 1 3 480 458 557
845 2 2 1 3 459 460 461
846 2 2 1 3 459 461 512
847 2 2 1 3 485 459 512
848 2 2 1 3 461 460 462
849 2 2 1 3 462 460 562
850 2 2 1 3 460 480 562
851 2 2 1 3 461 462 463
852 2 2 1 3 461 463 476
853 2 2 1 3 461 476 512
854 2 2 1 3 463 462 464
855 2 2 1 3 464 462 474
856 2 2 1 3 474 462 562
857 2 2 1 3 463 464 465
858 2 2 1 3 463 465 550
859 2 2 1 3 476 463 550
860 2 2 1 3 465 464 466
861 2 2 1 3 466 464 551
862 2 2 1 3 464 474 551
863 2 2 1 3 465 466 467
864 2 2 1 3 465 467 468
865 2 2 1 3 465 468 550
866 2 2 1 3 467 466 469
867 2 2 1 3 469 466 471
868 2 2 1 3 471 466 551
869 2 2 1 3 468 467 554
870 2 2 1 3 467 469 470
871 2 2 1 3 467 470 554
872 2 2 1 3 468 532 552
873 2 2 1 3 532 468 554
874 2 2 1 3 550 468 552
875 2 2 1 3 470 469 472
876 2 2 1 3 469 471 511
877 2 2 1 3 472 469 511
878 2 2 1 3 470 472 473
879 2 2 1 3 470 473 475
880 2 2 1 3 470 475 554
881 2 2 1 3 511 471 567
882 2 2 1 3 471 551 586
883 2 2 1 3 567 471 586
884 2 2 1 3 473 472 477
885 2 2 1 3 477 472 478
886 2 2 1 3 478 472 511
887 2 2 1 3 475 473 555
888 2 2 1 3 473 477 479
889 2 2 1 3 473 479 555
890 2 2 1 3 551 474 559
891 2 2 1 3 559 474 581
892 2 2 1 3 474 562 581
893 2 2 1 3 475 553 554
894 2 2 1 3 553 475 558
895 2 2 1 3 475 555 558
896 2 2 1 3 512 476 513
897 2 2 1 3 513 476 514
898 2 2 1 3 514 476 550
899 2 2 1 3 477 478 568
900 2 2 1 3 479 477 481
901 2 2 1 3 481 477 568
902 2 2 1 3 478 511 569
903 2 2 1 3 568 478 587
904 2 2 1 3 478 569 587
905 2 2 1 3 479 481 482
906 2 2 1 3 479 482 483
907 2 2 1 3 479 483 555
908 2 2 1 3 480 536 538
909 2 2 1 3 536 480 579
910 2 2 1 3 480 538 562
911 2 2 1 3 480 557 579
912 2 2 1 3 482 481 564
913 2 2 1 3 564 481 571
914 2 2 1 3 481 568 571
915 2 2 1 3 483 482 484
916 2 2 1 3 484 482 565
917 2 2 1 3 482 564 565
918 2 2 1 3 483 484 486
919 2 2 1 3 483 486 487
920 2 2 1 3 483 487 555
921 2 2 1 3 486 484 488
922 2 2 1 3 488 484 489
923 2 2 1 3 489 484 565
924 2 2 1 3 490 485 541
925 2 2 1 3 485 512 533
926 2 2 1 3 485 533 541
927 2 2 1 3 487 486 573
928 2 2 1 3 487 545 558
929 2 2 1 3 545 487 573
930 2 2 1 3 555 487 558
931 2 2 1 3 563 489 565
932 2 2 1 3 489 563 566
933 2 2 1 3 492 491 560
934 2 2 1 3 493 492 494
935 2 2 1 3 494 492 507
936 2 2 1 3 507 492 560
937 2 2 1 3 493 494 495
938 2 2 1 3 493 495 547
939 2 2 1 3 543 493 547
940 2 2 1 3 495 494 496
941 2 2 1 3 496 494 497
942 2 2 1 3 497 494 507
943 2 2 1 3 495 496 498
944 2 2 1 3 495 498 499
945 2 2 1 3 495 499 547
946 2 2 1 3 496 497 500
947 2 2 1 3 498 496 567
948 2 2 1 3 496 500 567
949 2 2 1 3 500 497 501
950 2 2 1 3 501 497 502
951 2 2 1 3 502 497 507
952 2 2 1 3 499 498 559
953 2 2 1 3 559 498 586
954 2 2 1 3 498 567 586
955 2 2 1 3 499 540 548
956 2 2 1 3 540 499 559
957 2 2 1 3 547 499 548
958 2 2 1 3 500 501 569
959 2 2 1 3 500 511 567
960 2 2 1 3 511 500 569
961 2 2 1 3 501 502 503
962 2 2 1 3 501 503 505
963 2 2 1 3 501 505 569
964 2 2 1 3 504 502 507
965 2 2 1 3 504 507 560
966 2 2 1 3 504 560 561
967 2 2 1 3 504 561 580
968 2 2 1 3 505 506 587
969 2 2 1 3 569 505 587
970 2 2 1 3 568 506 571
971 2 2 1 3 506 568 587
972 2 2 1 3 506 570 571
973 2 2 1 3 508 509 510
974 2 2 1 3 508 510 557
975 2 2 1 3 510 509 575
976 2 2 1 3 557 510 579
977 2 2 1 3 512 513 533
978 2 2 1 3 513 514 515
979 2 2 1 3 513 515 531
980 2 2 1 3 513 531 533
981 2 2 1 3 515 514 516
982 2 2 1 3 516 514 552
983 2 2 1 3 514 550 552
984 2 2 1 3 515 516 517
985 2 2 1 3 515 517 534
986 2 2 1 3 531 515 534
987 2 2 1 3 517 516 518
988 2 2 1 3 518 516 520
989 2 2 1 3 520 516 552
990 2 2 1 3 517 518 519
991 2 2 1 3 517 519 527
992 2 2 1 3 517 527 534
993 2 2 1 3 519 518 556
994 2 2 1 3 518 520 521
995 2 2 1 3 518 521 556
996 2 2 1 3 527 519 528
997 2 2 1 3 528 519 529
998 2 2 1 3 529 519 556
999 2 2 1 3 521 520 522
1000 2 2 1 3 522 520 532
1001 2 2 1 3 532 520 552
1002 2 2 1 3 521 522 523
1003 2 2 1 3 521 523 525
1004 2 2 1 3 521 525 556
1005 2 2 1 3 523 522 524
1006 2 2 1 3 524 522 553
1007 2 2 1 3 522 532 553
1008 2 2 1 3 523 524 572
1009 2 2 1 3 525 523 526
1010 2 2 1 3 526 523 572
1011 2 2 1 3 545 524 558
1012 2 2 1 3 524 545 572
1013 2 2 1 3 524 553 558
1014 2 2 1 3 525 526 578
1015 2 2 1 3 527 528 549
1016 2 2 1 3 528 529 530
1017 2 2 1 3 530 529 576
1018 2 2 1 3 531 534 546
1019 2 2 1 3 553 532 554
1020 2 2 1 3 536 535 537
1021 2 2 1 3 537 535 539
1022 2 2 1 3 536 537 538
1023 2 2 1 3 538 537 540
1024 2 2 1 3 537 539 548
1025 2 2 1 3 540 537 548
1026 2 2 1 3 538 540 581
1027 2 2 1 3 562 538 581
1028 2 2 1 3 540 559 581
1029 2 2 1 3 542 564 571
1030 2 2 1 3 570 542 571
1031 2 2 1 3 544 545 573
1032 2 2 1 3 551 559 586
1033 2 2 1 4 3 732 41
1034 2 2 1 4 130 732 3
1035 2 2 1 4 31 733 4
1036 2 2 1 4 4 733 119
1037 2 2 1 4 85 731 7
1038 2 2 1 4 7 731 140
1039 2 2 1 4 8 734 75
1040 2 2 1 4 129 734 8
1041 2 2 1 4 32 601 31
1042 2 2 1 4 601 733 31
1043 2 2 1 4 33 640 32
1044 2 2 1 4 32 640 601
1045 2 2 1 4 34 597 33
1046 2 2 1 4 597 640 33
1047 2 2 1 4 35 692 34
1048 2 2 1 4 34 692 597
1049 2 2 1 4 36 588 35
1050 2 2 1 4 588 692 35
1051 2 2 1 4 37 688 36
1052 2 2 1 4 36 688 588
1053 2 2 1 4 38 684 37
1054 2 2 1 4 684 688 37
1055 2 2 1 4 39 595 38
1056 2 2 1 4 595 684 38
1057 2 2 1 4 40 724 39
1058 2 2 1 4 39 724 595
1059 2 2 1 4 41 658 40
1060 2 2 1 4 658 724 40
1061 2 2 1 4 41 732 658
1062 2 2 1 4 75 603 76
1063 2 2 1 4 75 734 603
1064 2 2 1 4 76 726 77
1065 2 2 1 4 603 726 76
1066 2 2 1 4 77 596 78
1067 2 2 1 4 77 726 596
1068 2 2 1 4 78 693 79
1069 2 2 1 4 596 693 78
1070 2 2 1 4 79 590 80
1071 2 2 1 4 79 693 590
1072 2 2 1 4 80 675 81
1073 2 2 1 4 590 675 80
1074 2 2 1 4 81 727 82
1075 2 2 1 4 675 727 81
1076 2 2 1 4 82 594 83
1077 2 2 1 4 82 727 594
1078 2 2 1 4 83 725 84
1079 2 2 1 4 594 725 83
1080 2 2 1 4 84 679 85
1081 2 2 1 4 84 725 679
1082 2 2 1 4 679 731 85
1083 2 2 1 4 119 710 120
1084 2 2 1 4 119 733 710
1085 2 2 1 4 120 729 121
1086 2 2 1 4 710 729 120
1087 2 2 1 4 121 598 122
1088 2 2 1 4 121 729 598
1089 2 2 1 4 122 723 123
1090 2 2 1 4 598 723 122
1091 2 2 1 4 123 591 124
1092 2 2 1 4 123 723 591
1093 2 2 1 4 124 719 125
1094 2 2 1 4 591 719 124
1095 2 2 1 4 125 691 126
1096 2 2 1 4 125 719 691
1097 2 2 1 4 126 593 127
1098 2 2 1 4 126 691 593
1099 2 2 1 4 127 712 128
1100 2 2 1 4 593 712 127
1101 2 2 1 4 128 715 129
1102 2 2 1 4 712 715 128
1103 2 2 1 4 715 734 129
1104 2 2 1 4 131 602 130
1105 2 2 1 4 602 732 130
1106 2 2 1 4 132 604 131
1107 2 2 1 4 131 604 602
1108 2 2 1 4 133 592 132
1109 2 2 1 4 592 604 132
1110 2 2 1 4 134 639 133
1111 2 2 1 4 133 639 592
1112 2 2 1 4 135 690 134
1113 2 2 1 4 134 690 639
1114 2 2 1 4 136 589 135
1115 2 2 1 4 589 690 135
1116 2 2 1 4 137 695 136
1117 2 2 1 4 136 695 589
1118 2 2 1 4 138 599 137
1119 2 2 1 4 599 695 137
1120 2 2 1 4 139 698 138
1121 2 2 1 4 138 698 599
1122 2 2 1 4 140 600 139
1123 2 2 1 4 600 698 139
1124 2 2 1 4 140 731 600
1125 2 2 1 4 688 697 588
1126 2 2 1 4 588 696 692
1127 2 2 1 4 588 697 696
1128 2 2 1 4 680 682 589
1129 2 2 1 4 589 695 680
1130 2 2 1 4 682 690 589
1131 2 2 1 4 590 721 675
1132 2 2 1 4 693 694 590
1133 2 2 1 4 694 721 590
1134 2 2 1 4 652 654 591
1135 2 2 1 4 591 723 652
1136 2 2 1 4 654 655 591
1137 2 2 1 4 655 719 591
1138 2 2 1 4 592 605 604
1139 2 2 1 4 592 606 605
1140 2 2 1 4 592 639 606
1141 2 2 1 4 691 713 593
1142 2 2 1 4 593 714 712
1143 2 2 1 4 713 714 593
1144 2 2 1 4 674 705 594
1145 2 2 1 4 594 727 674
1146 2 2 1 4 594 705 678
1147 2 2 1 4 678 725 594
1148 2 2 1 4 595 724 659
1149 2 2 1 4 659 728 595
1150 2 2 1 4 595 685 684
1151 2 2 1 4 595 728 685
1152 2 2 1 4 596 637 635
1153 2 2 1 4 635 722 596
1154 2 2 1 4 596 726 637
1155 2 2 1 4 596 722 693
1156 2 2 1 4 597 641 640
1157 2 2 1 4 597 642 641
1158 2 2 1 4 597 692 642
1159 2 2 1 4 651 652 598
1160 2 2 1 4 598 653 651
1161 2 2 1 4 652 723 598
1162 2 2 1 4 598 729 653
1163 2 2 1 4 676 683 599
1164 2 2 1 4 599 698 676
1165 2 2 1 4 683 695 599
1166 2 2 1 4 600 679 677
1167 2 2 1 4 677 698 600
1168 2 2 1 4 600 731 679
1169 2 2 1 4 640 709 601
1170 2 2 1 4 709 710 601
1171 2 2 1 4 710 733 601
1172 2 2 1 4 604 657 602
1173 2 2 1 4 657 658 602
1174 2 2 1 4 658 732 602
1175 2 2 1 4 603 638 637
1176 2 2 1 4 637 726 603
1177 2 2 1 4 603 715 638
1178 2 2 1 4 603 734 715
1179 2 2 1 4 605 657 604
1180 2 2 1 4 606 607 605
1181 2 2 1 4 607 706 605
1182 2 2 1 4 605 706 657
1183 2 2 1 4 606 608 607
1184 2 2 1 4 606 634 608
1185 2 2 1 4 606 639 634
1186 2 2 1 4 608 609 607
1187 2 2 1 4 609 629 607
1188 2 2 1 4 629 706 607
1189 2 2 1 4 608 610 609
1190 2 2 1 4 608 661 610
1191 2 2 1 4 634 661 608
1192 2 2 1 4 610 611 609
1193 2 2 1 4 611 711 609
1194 2 2 1 4 609 711 629
1195 2 2 1 4 610 612 611
1196 2 2 1 4 610 625 612
1197 2 2 1 4 610 661 625
1198 2 2 1 4 612 613 611
1199 2 2 1 4 613 623 611
1200 2 2 1 4 623 711 611
1201 2 2 1 4 612 614 613
1202 2 2 1 4 612 699 614
1203 2 2 1 4 625 699 612
1204 2 2 1 4 614 615 613
1205 2 2 1 4 615 700 613
1206 2 2 1 4 613 700 623
1207 2 2 1 4 614 616 615
1208 2 2 1 4 614 617 616
1209 2 2 1 4 614 699 617
1210 2 2 1 4 616 618 615
1211 2 2 1 4 618 620 615
1212 2 2 1 4 620 700 615
1213 2 2 1 4 617 703 616
1214 2 2 1 4 616 619 618
1215 2 2 1 4 616 703 619
1216 2 2 1 4 617 701 681
1217 2 2 1 4 681 703 617
1218 2 2 1 4 699 701 617
1219 2 2 1 4 619 621 618
1220 2 2 1 4 618 660 620
1221 2 2 1 4 621 660 618
1222 2 2 1 4 619 622 621
1223 2 2 1 4 619 624 622
1224 2 2 1 4 619 703 624
1225 2 2 1 4 660 716 620
1226 2 2 1 4 620 735 700
1227 2 2 1 4 716 735 620
1228 2 2 1 4 622 626 621
1229 2 2 1 4 626 627 621
1230 2 2 1 4 627 660 621
1231 2 2 1 4 624 704 622
1232 2 2 1 4 622 628 626
1233 2 2 1 4 622 704 628
1234 2 2 1 4 700 708 623
1235 2 2 1 4 708 730 623
1236 2 2 1 4 623 730 711
1237 2 2 1 4 624 703 702
1238 2 2 1 4 702 707 624
1239 2 2 1 4 624 707 704
1240 2 2 1 4 661 662 625
1241 2 2 1 4 662 663 625
1242 2 2 1 4 663 699 625
1243 2 2 1 4 626 717 627
1244 2 2 1 4 628 630 626
1245 2 2 1 4 630 717 626
1246 2 2 1 4 627 718 660
1247 2 2 1 4 717 736 627
1248 2 2 1 4 627 736 718
1249 2 2 1 4 628 631 630
1250 2 2 1 4 628 632 631
1251 2 2 1 4 628 704 632
1252 2 2 1 4 629 687 685
1253 2 2 1 4 685 728 629
1254 2 2 1 4 629 711 687
1255 2 2 1 4 629 728 706
1256 2 2 1 4 631 713 630
1257 2 2 1 4 713 720 630
1258 2 2 1 4 630 720 717
1259 2 2 1 4 632 633 631
1260 2 2 1 4 633 714 631
1261 2 2 1 4 631 714 713
1262 2 2 1 4 632 635 633
1263 2 2 1 4 632 636 635
1264 2 2 1 4 632 704 636
1265 2 2 1 4 635 637 633
1266 2 2 1 4 637 638 633
1267 2 2 1 4 638 714 633
1268 2 2 1 4 639 690 634
1269 2 2 1 4 634 682 661
1270 2 2 1 4 634 690 682
1271 2 2 1 4 636 722 635
1272 2 2 1 4 636 707 694
1273 2 2 1 4 694 722 636
1274 2 2 1 4 704 707 636
1275 2 2 1 4 712 714 638
1276 2 2 1 4 638 715 712
1277 2 2 1 4 641 709 640
1278 2 2 1 4 642 643 641
1279 2 2 1 4 643 656 641
1280 2 2 1 4 656 709 641
1281 2 2 1 4 642 644 643
1282 2 2 1 4 642 696 644
1283 2 2 1 4 692 696 642
1284 2 2 1 4 644 645 643
1285 2 2 1 4 645 646 643
1286 2 2 1 4 646 656 643
1287 2 2 1 4 644 647 645
1288 2 2 1 4 644 648 647
1289 2 2 1 4 644 696 648
1290 2 2 1 4 645 649 646
1291 2 2 1 4 647 716 645
1292 2 2 1 4 645 716 649
1293 2 2 1 4 649 650 646
1294 2 2 1 4 650 651 646
1295 2 2 1 4 651 656 646
1296 2 2 1 4 648 708 647
1297 2 2 1 4 708 735 647
1298 2 2 1 4 647 735 716
1299 2 2 1 4 648 697 689
1300 2 2 1 4 689 708 648
1301 2 2 1 4 696 697 648
1302 2 2 1 4 649 718 650
1303 2 2 1 4 649 716 660
1304 2 2 1 4 660 718 649
1305 2 2 1 4 650 652 651
1306 2 2 1 4 650 654 652
1307 2 2 1 4 650 718 654
1308 2 2 1 4 653 656 651
1309 2 2 1 4 653 709 656
1310 2 2 1 4 653 710 709
1311 2 2 1 4 653 729 710
1312 2 2 1 4 654 736 655
1313 2 2 1 4 718 736 654
1314 2 2 1 4 717 720 655
1315 2 2 1 4 655 736 717
1316 2 2 1 4 655 720 719
1317 2 2 1 4 657 659 658
1318 2 2 1 4 657 706 659
1319 2 2 1 4 659 724 658
1320 2 2 1 4 706 728 659
1321 2 2 1 4 661 682 662
1322 2 2 1 4 662 664 663
1323 2 2 1 4 662 680 664
1324 2 2 1 4 662 682 680
1325 2 2 1 4 664 665 663
1326 2 2 1 4 665 701 663
1327 2 2 1 4 663 701 699
1328 2 2 1 4 664 666 665
1329 2 2 1 4 664 683 666
1330 2 2 1 4 680 683 664
1331 2 2 1 4 666 667 665
1332 2 2 1 4 667 669 665
1333 2 2 1 4 669 701 665
1334 2 2 1 4 666 668 667
1335 2 2 1 4 666 676 668
1336 2 2 1 4 666 683 676
1337 2 2 1 4 668 705 667
1338 2 2 1 4 667 670 669
1339 2 2 1 4 667 705 670
1340 2 2 1 4 676 677 668
1341 2 2 1 4 677 678 668
1342 2 2 1 4 678 705 668
1343 2 2 1 4 670 671 669
1344 2 2 1 4 671 681 669
1345 2 2 1 4 681 701 669
1346 2 2 1 4 670 672 671
1347 2 2 1 4 670 674 672
1348 2 2 1 4 670 705 674
1349 2 2 1 4 672 673 671
1350 2 2 1 4 673 702 671
1351 2 2 1 4 671 702 681
1352 2 2 1 4 672 721 673
1353 2 2 1 4 674 675 672
1354 2 2 1 4 675 721 672
1355 2 2 1 4 694 707 673
1356 2 2 1 4 673 721 694
1357 2 2 1 4 673 707 702
1358 2 2 1 4 674 727 675
1359 2 2 1 4 676 698 677
1360 2 2 1 4 677 679 678
1361 2 2 1 4 679 725 678
1362 2 2 1 4 680 695 683
1363 2 2 1 4 702 703 681
1364 2 2 1 4 685 686 684
1365 2 2 1 4 686 688 684
1366 2 2 1 4 685 687 686
1367 2 2 1 4 687 689 686
1368 2 2 1 4 686 697 688
1369 2 2 1 4 689 697 686
1370 2 2 1 4 687 730 689
1371 2 2 1 4 711 730 687
1372 2 2 1 4 689 730 708
1373 2 2 1 4 691 720 713
1374 2 2 1 4 719 720 691
1375 2 2 1 4 693 722 694
1376 2 2 1 4 700 735 708
1377 2 2 1 5 2 42 883
1378 2 2 1 5 97 2 883
1379 2 2 1 5 52 4 881
1380 2 2 1 5 4 119 881
1381 2 2 1 5 86 6 884
1382 2 2 1 5 6 107 884
1383 2 2 1 5 8 96 882
1384 2 2 1 5 129 8 882
1385 2 2 1 5 42 43 856
1386 2 2 1 5 42 856 883
1387 2 2 1 5 43 44 831
1388 2 2 1 5 43 831 856
1389 2 2 1 5 44 45 747
1390 2 2 1 5 44 747 831
1391 2 2 1 5 45 46 874
1392 2 2 1 5 747 45 874
1393 2 2 1 5 46 47 740
1394 2 2 1 5 46 740 874
1395 2 2 1 5 47 48 844
1396 2 2 1 5 740 47 844
1397 2 2 1 5 48 49 879
1398 2 2 1 5 844 48 879
1399 2 2 1 5 49 50 742
1400 2 2 1 5 49 742 879
1401 2 2 1 5 50 51 876
1402 2 2 1 5 742 50 876
1403 2 2 1 5 51 52 855
1404 2 2 1 5 51 855 876
1405 2 2 1 5 855 52 881
1406 2 2 1 5 87 86 750
1407 2 2 1 5 750 86 884
1408 2 2 1 5 88 87 877
1409 2 2 1 5 87 750 877
1410 2 2 1 5 89 88 746
1411 2 2 1 5 746 88 877
1412 2 2 1 5 90 89 839
1413 2 2 1 5 89 746 839
1414 2 2 1 5 91 90 739
1415 2 2 1 5 739 90 839
1416 2 2 1 5 92 91 803
1417 2 2 1 5 91 739 803
1418 2 2 1 5 93 92 880
1419 2 2 1 5 92 803 880
1420 2 2 1 5 94 93 744
1421 2 2 1 5 744 93 880
1422 2 2 1 5 95 94 875
1423 2 2 1 5 94 744 875
1424 2 2 1 5 96 95 749
1425 2 2 1 5 749 95 875
1426 2 2 1 5 96 749 882
1427 2 2 1 5 98 97 752
1428 2 2 1 5 752 97 883
1429 2 2 1 5 99 98 812
1430 2 2 1 5 98 752 812
1431 2 2 1 5 100 99 748
1432 2 2 1 5 748 99 812
1433 2 2 1 5 101 100 847
1434 2 2 1 5 100 748 847
1435 2 2 1 5 102 101 737
1436 2 2 1 5 737 101 847
1437 2 2 1 5 103 102 841
1438 2 2 1 5 102 737 841
1439 2 2 1 5 104 103 840
1440 2 2 1 5 840 103 841
1441 2 2 1 5 105 104 743
1442 2 2 1 5 743 104 840
1443 2 2 1 5 106 105 869
1444 2 2 1 5 105 743 869
1445 2 2 1 5 107 106 870
1446 2 2 1 5 106 869 870
1447 2 2 1 5 107 870 884
1448 2 2 1 5 119 120 751
1449 2 2 1 5 119 751 881
1450 2 2 1 5 120 121 753
1451 2 2 1 5 751 120 753
1452 2 2 1 5 121 122 745
1453 2 2 1 5 121 745 753
1454 2 2 1 5 122 123 832
1455 2 2 1 5 745 122 832
1456 2 2 1 5 123 124 738
1457 2 2 1 5 123 738 832
1458 2 2 1 5 124 125 849
1459 2 2 1 5 738 124 849
1460 2 2 1 5 125 126 852
1461 2 2 1 5 849 125 852
1462 2 2 1 5 126 127 741
1463 2 2 1 5 126 741 852
1464 2 2 1 5 127 128 807
1465 2 2 1 5 741 127 807
1466 2 2 1 5 128 129 857
1467 2 2 1 5 807 128 857
1468 2 2 1 5 857 129 882
1469 2 2 1 5 841 737 865
1470 2 2 1 5 737 847 862
1471 2 2 1 5 737 862 865
1472 2 2 1 5 738 787 832
1473 2 2 1 5 787 738 843
1474 2 2 1 5 843 738 849
1475 2 2 1 5 803 739 872
1476 2 2 1 5 827 739 839
1477 2 2 1 5 739 827 872
1478 2 2 1 5 740 822 824
1479 2 2 1 5 822 740 871
1480 2 2 1 5 740 824 874
1481 2 2 1 5 740 844 871
1482 2 2 1 5 804 741 807
1483 2 2 1 5 741 804 809
1484 2 2 1 5 741 809 852
1485 2 2 1 5 834 742 836
1486 2 2 1 5 742 834 837
1487 2 2 1 5 836 742 876
1488 2 2 1 5 742 837 879
1489 2 2 1 5 743 840 867
1490 2 2 1 5 864 743 867
1491 2 2 1 5 743 864 869
1492 2 2 1 5 744 802 854
1493 2 2 1 5 802 744 880
1494 2 2 1 5 806 744 854
1495 2 2 1 5 744 806 875
1496 2 2 1 5 753 745 754
1497 2 2 1 5 754 745 755
1498 2 2 1 5 755 745 832
1499 2 2 1 5 783 746 785
1500 2 2 1 5 746 783 873
1501 2 2 1 5 785 746 877
1502 2 2 1 5 839 746 873
1503 2 2 1 5 747 824 846
1504 2 2 1 5 824 747 874
1505 2 2 1 5 831 747 878
1506 2 2 1 5 747 846 878
1507 2 2 1 5 748 812 813
1508 2 2 1 5 748 813 814
1509 2 2 1 5 748 814 847
1510 2 2 1 5 805 749 806
1511 2 2 1 5 749 805 857
1512 2 2 1 5 806 749 875
1513 2 2 1 5 749 857 882
1514 2 2 1 5 785 750 786
1515 2 2 1 5 750 785 877
1516 2 2 1 5 786 750 870
1517 2 2 1 5 870 750 884
1518 2 2 1 5 751 753 853
1519 2 2 1 5 751 853 855
1520 2 2 1 5 751 855 881
1521 2 2 1 5 812 752 845
1522 2 2 1 5 845 752 856
1523 2 2 1 5 856 752 883
1524 2 2 1 5 753 754 853
1525 2 2 1 5 754 755 756
1526 2 2 1 5 754 756 833
1527 2 2 1 5 754 833 853
1528 2 2 1 5 756 755 757
1529 2 2 1 5 757 755 787
1530 2 2 1 5 787 755 832
1531 2 2 1 5 756 757 758
1532 2 2 1 5 756 758 778
1533 2 2 1 5 756 778 833
1534 2 2 1 5 758 757 759
1535 2 2 1 5 759 757 788
1536 2 2 1 5 757 787 788
1537 2 2 1 5 758 759 760
1538 2 2 1 5 758 760 850
1539 2 2 1 5 778 758 850
1540 2 2 1 5 760 759 761
1541 2 2 1 5 761 759 770
1542 2 2 1 5 770 759 788
1543 2 2 1 5 760 761 762
1544 2 2 1 5 760 762 773
1545 2 2 1 5 760 773 850
1546 2 2 1 5 762 761 763
1547 2 2 1 5 763 761 838
1548 2 2 1 5 761 770 838
1549 2 2 1 5 762 763 764
1550 2 2 1 5 762 764 860
1551 2 2 1 5 773 762 860
1552 2 2 1 5 764 763 765
1553 2 2 1 5 765 763 766
1554 2 2 1 5 766 763 838
1555 2 2 1 5 764 765 767
1556 2 2 1 5 764 767 769
1557 2 2 1 5 764 769 860
1558 2 2 1 5 765 766 848
1559 2 2 1 5 767 765 768
1560 2 2 1 5 768 765 848
1561 2 2 1 5 810 766 811
1562 2 2 1 5 766 810 848
1563 2 2 1 5 811 766 838
1564 2 2 1 5 767 768 771
1565 2 2 1 5 769 767 828
1566 2 2 1 5 767 771 828
1567 2 2 1 5 771 768 772
1568 2 2 1 5 772 768 774
1569 2 2 1 5 774 768 848
1570 2 2 1 5 769 825 860
1571 2 2 1 5 825 769 861
1572 2 2 1 5 769 828 861
1573 2 2 1 5 770 788 789
1574 2 2 1 5 770 789 790
1575 2 2 1 5 770 790 838
1576 2 2 1 5 771 772 775
1577 2 2 1 5 771 775 776
1578 2 2 1 5 771 776 828
1579 2 2 1 5 772 774 842
1580 2 2 1 5 775 772 777
1581 2 2 1 5 777 772 842
1582 2 2 1 5 850 773 859
1583 2 2 1 5 859 773 868
1584 2 2 1 5 773 860 868
1585 2 2 1 5 774 808 826
1586 2 2 1 5 808 774 848
1587 2 2 1 5 774 826 842
1588 2 2 1 5 776 775 851
1589 2 2 1 5 775 777 779
1590 2 2 1 5 775 779 851
1591 2 2 1 5 828 776 829
1592 2 2 1 5 829 776 830
1593 2 2 1 5 830 776 851
1594 2 2 1 5 779 777 780
1595 2 2 1 5 780 777 781
1596 2 2 1 5 781 777 842
1597 2 2 1 5 833 778 834
1598 2 2 1 5 834 778 835
1599 2 2 1 5 835 778 850
1600 2 2 1 5 779 780 867
1601 2 2 1 5 851 779 866
1602 2 2 1 5 866 779 867
1603 2 2 1 5 780 781 782
1604 2 2 1 5 780 782 864
1605 2 2 1 5 780 864 867
1606 2 2 1 5 782 781 783
1607 2 2 1 5 783 781 784
1608 2 2 1 5 784 781 842
1609 2 2 1 5 782 783 785
1610 2 2 1 5 782 785 786
1611 2 2 1 5 782 786 864
1612 2 2 1 5 783 784 873
1613 2 2 1 5 784 826 827
1614 2 2 1 5 826 784 842
1615 2 2 1 5 784 827 873
1616 2 2 1 5 864 786 869
1617 2 2 1 5 869 786 870
1618 2 2 1 5 788 787 843
1619 2 2 1 5 789 788 843
1620 2 2 1 5 790 789 791
1621 2 2 1 5 791 789 800
1622 2 2 1 5 800 789 843
1623 2 2 1 5 790 791 792
1624 2 2 1 5 790 792 811
1625 2 2 1 5 790 811 838
1626 2 2 1 5 792 791 793
1627 2 2 1 5 793 791 809
1628 2 2 1 5 791 800 809
1629 2 2 1 5 792 793 794
1630 2 2 1 5 792 794 795
1631 2 2 1 5 792 795 811
1632 2 2 1 5 794 793 798
1633 2 2 1 5 798 793 804
1634 2 2 1 5 804 793 809
1635 2 2 1 5 795 794 796
1636 2 2 1 5 796 794 854
1637 2 2 1 5 794 798 854
1638 2 2 1 5 795 796 797
1639 2 2 1 5 795 797 810
1640 2 2 1 5 795 810 811
1641 2 2 1 5 797 796 799
1642 2 2 1 5 799 796 802
1643 2 2 1 5 802 796 854
1644 2 2 1 5 797 799 801
1645 2 2 1 5 797 801 808
1646 2 2 1 5 797 808 810
1647 2 2 1 5 798 804 805
1648 2 2 1 5 798 805 806
1649 2 2 1 5 798 806 854
1650 2 2 1 5 801 799 872
1651 2 2 1 5 799 802 803
1652 2 2 1 5 799 803 872
1653 2 2 1 5 809 800 852
1654 2 2 1 5 800 843 849
1655 2 2 1 5 800 849 852
1656 2 2 1 5 808 801 826
1657 2 2 1 5 826 801 827
1658 2 2 1 5 827 801 872
1659 2 2 1 5 803 802 880
1660 2 2 1 5 805 804 807
1661 2 2 1 5 805 807 857
1662 2 2 1 5 810 808 848
1663 2 2 1 5 813 812 845
1664 2 2 1 5 814 813 815
1665 2 2 1 5 815 813 816
1666 2 2 1 5 816 813 845
1667 2 2 1 5 814 815 863
1668 2 2 1 5 847 814 862
1669 2 2 1 5 862 814 863
1670 2 2 1 5 815 816 817
1671 2 2 1 5 815 817 818
1672 2 2 1 5 815 818 863
1673 2 2 1 5 817 816 846
1674 2 2 1 5 816 845 878
1675 2 2 1 5 846 816 878
1676 2 2 1 5 818 817 819
1677 2 2 1 5 819 817 820
1678 2 2 1 5 820 817 846
1679 2 2 1 5 818 819 861
1680 2 2 1 5 829 818 861
1681 2 2 1 5 818 829 863
1682 2 2 1 5 819 820 821
1683 2 2 1 5 819 821 825
1684 2 2 1 5 819 825 861
1685 2 2 1 5 821 820 822
1686 2 2 1 5 822 820 824
1687 2 2 1 5 824 820 846
1688 2 2 1 5 821 822 823
1689 2 2 1 5 821 823 868
1690 2 2 1 5 825 821 868
1691 2 2 1 5 823 822 871
1692 2 2 1 5 823 858 859
1693 2 2 1 5 858 823 871
1694 2 2 1 5 823 859 868
1695 2 2 1 5 860 825 868
1696 2 2 1 5 827 839 873
1697 2 2 1 5 828 829 861
1698 2 2 1 5 829 830 863
1699 2 2 1 5 830 851 865
1700 2 2 1 5 830 862 863
1701 2 2 1 5 862 830 865
1702 2 2 1 5 831 845 856
1703 2 2 1 5 845 831 878
1704 2 2 1 5 833 834 836
1705 2 2 1 5 833 836 853
1706 2 2 1 5 834 835 837
1707 2 2 1 5 837 835 858
1708 2 2 1 5 835 850 859
1709 2 2 1 5 858 835 859
1710 2 2 1 5 853 836 855
1711 2 2 1 5 855 836 876
1712 2 2 1 5 844 837 858
1713 2 2 1 5 837 844 879
1714 2 2 1 5 840 841 866
1715 2 2 1 5 840 866 867
1716 2 2 1 5 841 865 866
1717 2 2 1 5 844 858 871
1718 2 2 1 5 865 851 866
1719 2 2 1 6 1 1031 20
1720 2 2 1 6 108 1031 1
1721 2 2 1 6 30 1027 3
1722 2 2 1 6 3 1027 130
1723 2 2 1 6 64 1028 5
1724 2 2 1 6 5 1028 118
1725 2 2 1 6 7 1029 74
1726 2 2 1 6 140 1029 7
1727 2 2 1 6 20 899 21
1728 2 2 1 6 20 1031 899
1729 2 2 1 6 21 1022 22
1730 2 2 1 6 899 1022 21
1731 2 2 1 6 22 894 23
1732 2 2 1 6 22 1022 894
1733 2 2 1 6 23 985 24
1734 2 2 1 6 894 985 23
1735 2 2 1 6 24 885 25
1736 2 2 1 6 24 985 885
1737 2 2 1 6 25 972 26
1738 2 2 1 6 885 972 25
1739 2 2 1 6 26 1024 27
1740 2 2 1 6 972 1024 26
1741 2 2 1 6 27 890 28
1742 2 2 1 6 27 1024 890
1743 2 2 1 6 28 1026 29
1744 2 2 1 6 890 1026 28
1745 2 2 1 6 29 1002 30
1746 2 2 1 6 29 1026 1002
1747 2 2 1 6 1002 1027 30
1748 2 2 1 6 65 900 64
1749 2 2 1 6 900 1028 64
1750 2 2 1 6 66 974 65
1751 2 2 1 6 65 974 900
1752 2 2 1 6 67 891 66
1753 2 2 1 6 891 974 66
1754 2 2 1 6 68 1025 67
1755 2 2 1 6 67 1025 891
1756 2 2 1 6 69 1016 68
1757 2 2 1 6 1016 1025 68
1758 2 2 1 6 70 886 69
1759 2 2 1 6 886 1016 69
1760 2 2 1 6 71 1023 70
1761 2 2 1 6 70 1023 886
1762 2 2 1 6 72 895 71
1763 2 2 1 6 895 1023 71
1764 2 2 1 6 73 1021 72
1765 2 2 1 6 72 1021 895
1766 2 2 1 6 74 996 73
1767 2 2 1 6 996 1021 73
1768 2 2 1 6 74 1029 996
1769 2 2 1 6 109 1013 108
1770 2 2 1 6 1013 1031 108
1771 2 2 1 6 110 1012 109
1772 2 2 1 6 1012 1013 109
1773 2 2 1 6 111 889 110
1774 2 2 1 6 889 1012 110
1775 2 2 1 6 112 1011 111
1776 2 2 1 6 111 1011 889
1777 2 2 1 6 113 1008 112
1778 2 2 1 6 1008 1011 112
1779 2 2 1 6 114 888 113
1780 2 2 1 6 888 1008 113
1781 2 2 1 6 115 987 114
1782 2 2 1 6 114 987 888
1783 2 2 1 6 116 896 115
1784 2 2 1 6 896 987 115
1785 2 2 1 6 117 983 116
1786 2 2 1 6 116 983 896
1787 2 2 1 6 118 1005 117
1788 2 2 1 6 117 1005 983
1789 2 2 1 6 118 1028 1005
1790 2 2 1 6 130 898 131
1791 2 2 1 6 130 1027 898
1792 2 2 1 6 131 959 132
1793 2 2 1 6 898 959 131
1794 2 2 1 6 132 893 133
1795 2 2 1 6 132 959 893
1796 2 2 1 6 133 990 134
1797 2 2 1 6 893 990 133
1798 2 2 1 6 134 887 135
1799 2 2 1 6 134 990 887
1800 2 2 1 6 135 993 136
1801 2 2 1 6 887 993 135
1802 2 2 1 6 136 989 137
1803 2 2 1 6 136 993 989
1804 2 2 1 6 137 892 138
1805 2 2 1 6 137 989 892
1806 2 2 1 6 138 901 139
1807 2 2 1 6 892 901 138
1808 2 2 1 6 139 897 140
1809 2 2 1 6 139 901 897
1810 2 2 1 6 897 1029 140
1811 2 2 1 6 885 1015 972
1812 2 2 1 6 985 986 885
1813 2 2 1 6 986 1015 885
1814 2 2 1 6 941 943 886
1815 2 2 1 6 886 1023 941
1816 2 2 1 6 943 944 886
1817 2 2 1 6 944 1016 886
1818 2 2 1 6 990 994 887
1819 2 2 1 6 887 997 993
1820 2 2 1 6 994 997 887
1821 2 2 1 6 987 1034 888
1822 2 2 1 6 888 1010 1008
1823 2 2 1 6 888 1034 1010
1824 2 2 1 6 889 1009 1007
1825 2 2 1 6 1007 1012 889
1826 2 2 1 6 889 1011 1009
1827 2 2 1 6 971 979 890
1828 2 2 1 6 890 1024 971
1829 2 2 1 6 979 980 890
1830 2 2 1 6 980 1026 890
1831 2 2 1 6 891 1006 974
1832 2 2 1 6 1001 1006 891
1833 2 2 1 6 891 1025 1001
1834 2 2 1 6 892 902 901
1835 2 2 1 6 892 903 902
1836 2 2 1 6 892 989 903
1837 2 2 1 6 959 960 893
1838 2 2 1 6 960 961 893
1839 2 2 1 6 961 990 893
1840 2 2 1 6 894 936 934
1841 2 2 1 6 934 1020 894
1842 2 2 1 6 894 1022 936
1843 2 2 1 6 894 1020 985
1844 2 2 1 6 939 940 895
1845 2 2 1 6 895 1021 939
1846 2 2 1 6 940 941 895
1847 2 2 1 6 941 1023 895
1848 2 2 1 6 956 987 896
1849 2 2 1 6 896 1004 956
1850 2 2 1 6 983 1004 896
1851 2 2 1 6 901 938 897
1852 2 2 1 6 938 996 897
1853 2 2 1 6 996 1029 897
1854 2 2 1 6 898 981 959
1855 2 2 1 6 898 1002 981
1856 2 2 1 6 898 1027 1002
1857 2 2 1 6 899 937 936
1858 2 2 1 6 936 1022 899
1859 2 2 1 6 899 1013 937
1860 2 2 1 6 899 1031 1013
1861 2 2 1 6 974 1033 900
1862 2 2 1 6 900 1018 1005
1863 2 2 1 6 1005 1028 900
1864 2 2 1 6 900 1033 1018
1865 2 2 1 6 902 938 901
1866 2 2 1 6 903 904 902
1867 2 2 1 6 904 931 902
1868 2 2 1 6 931 938 902
1869 2 2 1 6 903 905 904
1870 2 2 1 6 903 932 905
1871 2 2 1 6 903 989 932
1872 2 2 1 6 905 906 904
1873 2 2 1 6 906 992 904
1874 2 2 1 6 904 992 931
1875 2 2 1 6 905 907 906
1876 2 2 1 6 905 998 907
1877 2 2 1 6 932 998 905
1878 2 2 1 6 907 908 906
1879 2 2 1 6 908 925 906
1880 2 2 1 6 925 992 906
1881 2 2 1 6 907 909 908
1882 2 2 1 6 907 922 909
1883 2 2 1 6 907 998 922
1884 2 2 1 6 909 910 908
1885 2 2 1 6 910 978 908
1886 2 2 1 6 908 978 925
1887 2 2 1 6 909 911 910
1888 2 2 1 6 909 975 911
1889 2 2 1 6 922 975 909
1890 2 2 1 6 911 912 910
1891 2 2 1 6 912 915 910
1892 2 2 1 6 915 978 910
1893 2 2 1 6 911 913 912
1894 2 2 1 6 911 914 913
1895 2 2 1 6 911 975 914
1896 2 2 1 6 913 916 912
1897 2 2 1 6 912 988 915
1898 2 2 1 6 916 988 912
1899 2 2 1 6 914 984 913
1900 2 2 1 6 913 917 916
1901 2 2 1 6 913 984 917
1902 2 2 1 6 973 984 914
1903 2 2 1 6 914 995 973
1904 2 2 1 6 975 995 914
1905 2 2 1 6 915 1019 978
1906 2 2 1 6 988 1032 915
1907 2 2 1 6 915 1032 1019
1908 2 2 1 6 917 918 916
1909 2 2 1 6 918 919 916
1910 2 2 1 6 919 988 916
1911 2 2 1 6 917 920 918
1912 2 2 1 6 917 921 920
1913 2 2 1 6 917 984 921
1914 2 2 1 6 918 1017 919
1915 2 2 1 6 920 923 918
1916 2 2 1 6 923 1017 918
1917 2 2 1 6 958 1003 919
1918 2 2 1 6 919 1017 958
1919 2 2 1 6 919 1003 988
1920 2 2 1 6 921 991 920
1921 2 2 1 6 920 924 923
1922 2 2 1 6 920 991 924
1923 2 2 1 6 921 984 982
1924 2 2 1 6 982 1000 921
1925 2 2 1 6 921 1000 991
1926 2 2 1 6 922 976 975
1927 2 2 1 6 922 977 976
1928 2 2 1 6 922 998 977
1929 2 2 1 6 924 926 923
1930 2 2 1 6 926 927 923
1931 2 2 1 6 927 1017 923
1932 2 2 1 6 924 928 926
1933 2 2 1 6 924 929 928
1934 2 2 1 6 924 991 929
1935 2 2 1 6 942 992 925
1936 2 2 1 6 925 1014 942
1937 2 2 1 6 978 1014 925
1938 2 2 1 6 926 933 927
1939 2 2 1 6 928 1009 926
1940 2 2 1 6 926 1009 933
1941 2 2 1 6 933 1010 927
1942 2 2 1 6 1010 1030 927
1943 2 2 1 6 927 1030 1017
1944 2 2 1 6 929 930 928
1945 2 2 1 6 930 1007 928
1946 2 2 1 6 1007 1009 928
1947 2 2 1 6 929 934 930
1948 2 2 1 6 929 935 934
1949 2 2 1 6 929 991 935
1950 2 2 1 6 934 936 930
1951 2 2 1 6 936 937 930
1952 2 2 1 6 937 1007 930
1953 2 2 1 6 931 939 938
1954 2 2 1 6 931 940 939
1955 2 2 1 6 931 992 940
1956 2 2 1 6 989 993 932
1957 2 2 1 6 993 997 932
1958 2 2 1 6 997 998 932
1959 2 2 1 6 1008 1010 933
1960 2 2 1 6 933 1011 1008
1961 2 2 1 6 1009 1011 933
1962 2 2 1 6 935 1020 934
1963 2 2 1 6 935 1000 986
1964 2 2 1 6 986 1020 935
1965 2 2 1 6 991 1000 935
1966 2 2 1 6 937 1012 1007
1967 2 2 1 6 937 1013 1012
1968 2 2 1 6 939 996 938
1969 2 2 1 6 939 1021 996
1970 2 2 1 6 940 942 941
1971 2 2 1 6 940 992 942
1972 2 2 1 6 942 943 941
1973 2 2 1 6 942 1014 943
1974 2 2 1 6 943 945 944
1975 2 2 1 6 943 1014 945
1976 2 2 1 6 945 946 944
1977 2 2 1 6 946 955 944
1978 2 2 1 6 955 1016 944
1979 2 2 1 6 945 947 946
1980 2 2 1 6 945 1019 947
1981 2 2 1 6 1014 1019 945
1982 2 2 1 6 947 948 946
1983 2 2 1 6 948 1001 946
1984 2 2 1 6 946 1001 955
1985 2 2 1 6 947 949 948
1986 2 2 1 6 947 1032 949
1987 2 2 1 6 1019 1032 947
1988 2 2 1 6 949 950 948
1989 2 2 1 6 950 951 948
1990 2 2 1 6 951 1001 948
1991 2 2 1 6 949 1003 950
1992 2 2 1 6 988 1003 949
1993 2 2 1 6 949 1032 988
1994 2 2 1 6 950 952 951
1995 2 2 1 6 950 953 952
1996 2 2 1 6 950 1003 953
1997 2 2 1 6 952 954 951
1998 2 2 1 6 954 1006 951
1999 2 2 1 6 951 1006 1001
2000 2 2 1 6 953 956 952
2001 2 2 1 6 952 1004 954
2002 2 2 1 6 956 1004 952
2003 2 2 1 6 953 957 956
2004 2 2 1 6 953 958 957
2005 2 2 1 6 953 1003 958
2006 2 2 1 6 1004 1018 954
2007 2 2 1 6 954 1033 1006
2008 2 2 1 6 1018 1033 954
2009 2 2 1 6 1001 1025 955
2010 2 2 1 6 955 1025 1016
2011 2 2 1 6 957 1034 956
2012 2 2 1 6 956 1034 987
2013 2 2 1 6 958 1030 957
2014 2 2 1 6 957 1030 1010
2015 2 2 1 6 1010 1034 957
2016 2 2 1 6 1017 1030 958
2017 2 2 1 6 959 981 960
2018 2 2 1 6 960 962 961
2019 2 2 1 6 960 963 962
2020 2 2 1 6 960 981 963
2021 2 2 1 6 962 999 961
2022 2 2 1 6 961 994 990
2023 2 2 1 6 961 999 994
2024 2 2 1 6 963 964 962
2025 2 2 1 6 964 965 962
2026 2 2 1 6 965 999 962
2027 2 2 1 6 963 979 964
2028 2 2 1 6 963 980 979
2029 2 2 1 6 963 981 980
2030 2 2 1 6 964 966 965
2031 2 2 1 6 964 967 966
2032 2 2 1 6 964 979 967
2033 2 2 1 6 966 995 965
2034 2 2 1 6 965 995 976
2035 2 2 1 6 976 999 965
2036 2 2 1 6 967 968 966
2037 2 2 1 6 968 973 966
2038 2 2 1 6 973 995 966
2039 2 2 1 6 967 969 968
2040 2 2 1 6 967 971 969
2041 2 2 1 6 967 979 971
2042 2 2 1 6 969 970 968
2043 2 2 1 6 970 982 968
2044 2 2 1 6 968 982 973
2045 2 2 1 6 969 1015 970
2046 2 2 1 6 971 972 969
2047 2 2 1 6 972 1015 969
2048 2 2 1 6 970 1000 982
2049 2 2 1 6 986 1000 970
2050 2 2 1 6 970 1015 986
2051 2 2 1 6 971 1024 972
2052 2 2 1 6 982 984 973
2053 2 2 1 6 1006 1033 974
2054 2 2 1 6 976 995 975
2055 2 2 1 6 977 999 976
2056 2 2 1 6 977 997 994
2057 2 2 1 6 994 999 977
2058 2 2 1 6 977 998 997
2059 2 2 1 6 978 1019 1014
2060 2 2 1 6 981 1002 980
2061 2 2 1 6 1002 1026 980
2062 2 2 1 6 983 1018 1004
2063 2 2 1 6 1005 1018 983
2064 2 2 1 6 985 1020 986
2065 4 2 1 1 631 713 1262 1514
2066 4 2 1 1 677 1244 1401 1758
2067 4 2 1 1 1177 1422 1353 1646
2068 4 2 1 1 1422 1646 1177 1686
2069 4 2 1 1 950 1136 1365 1400
2070 4 2 1 1 649 1191 1154 1441
2071 4 2 1 1 1293 1421 1213 1454
2072 4 2 1 1 1333 1465 616 1714
2073 4 2 1 1 1175 1333 616 1714
2074 4 2 1 1 1175 1465 1333 1714
2075 4 2 1 1 1157 1102 1279 1608
2076 4 2 1 1 1059 1127 1517 1650
2077 4 2 1 1 1262 1514 713 1600
2078 4 2 1 1 1313 1517 1127 1650
2079 4 2 1 1 1111 1183 1349 1582
2080 4 2 1 1 1059 1517 1313 1650
2081 4 2 1 1 1407 1722 1290 1740
2082 4 2 1 1 1126 1407 1290 1740
2083 4 2 1 1 823 868 1250 1416
2084 4 2 1 1 274 1528 1363 1564
2085 4 2 1 1 1053 1349 1183 1582
2086 4 2 1 1 1168 1250 868 1416
2087 4 2 1 1 500 1144 1206 1488
2088 4 2 1 1 187 180 183 1411
2089 4 2 1 1 410 367 1192 1469
2090 4 2 1 1 1212 1312 1074 1353
2091 4 2 1 1 1081 1342 1699 1824
2092 4 2 1 1 1042 1646 1422 1686
2093 4 2 1 1 720 1379 1514 1676
2094 4 2 1 1 995 1364 1227 1578
2095 4 2 1 1 1169 1218 1090 1256
2096 4 2 1 1 617 616 1465 1714
2097 4 2 1 1 934 1499 1020 1575
2098 4 2 1 1 1212 1353 1074 1780
2099 4 2 1 1 367 1192 1469 1591
2100 4 2 1 1 442 1194 737 1482
2101 4 2 1 1 737 1194 862 1482
2102 4 2 1 1 1215 1235 1051 1345
2103 4 2 1 1 1159 1470 1430 1490
2104 4 2 1 1 410 1192 886 1469
2105 4 2 1 1 1147 1460 1415 1530
2106 4 2 1 1 1210 1444 1243 1467
2107 4 2 1 1 1318 1319 1080 1403
2108 4 2 1 1 1169 1256 1090 1458
2109 4 2 1 1 1058 1460 1147 1530
2110 4 2 1 1 1090 1458 1256 1500
2111 4 2 1 1 1277 1492 641 1642
2112 4 2 1 1 906 1406 1137 1614
2113 4 2 1 1 1108 1415 1147 1460
2114 4 2 1 1 548 1165 1435 1650
2115 4 2 1 1 1059 1127 1462 1517
2116 4 2 1 1 1059 1338 1127 1650
2117 4 2 1 1 747 152 1173 1716
2118 4 2 1 1 183 1220 1411 1572
2119 4 2 1 1 1293 1319 1077 1509
2120 4 2 1 1 590 1163 292 1512
2121 4 2 1 1 1081 1390 1342 1824
2122 4 2 1 1 917 1361 1391 1558
2123 4 2 1 1 1213 1421 1098 1454
2124 4 2 1 1 1277 1418 641 1492
2125 4 2 1 1 917 920 1361 1558
2126 4 2 1 1 1120 1230 1141 1674
2127 4 2 1 1 1256 1350 1218 1500
2128 4 2 1 1 1147 1455 1108 1460
2129 4 2 1 1 1190 1353 1212 1780
2130 4 2 1 1 1083 1152 1180 1891
2131 4 2 1 1 1415 1460 1108 1530
2132 4 2 1 1 1390 1699 1342 1824
2133 4 2 1 1 243 1173 152 1716
2134 4 2 1 1 938 1406 1244 1779
2135 4 2 1 1 934 1311 1499 1575
2136 4 2 1 1 1040 1293 1213 1454
2137 4 2 1 1 1215 1339 1235 1345
2138 4 2 1 1 1263 1393 1296 1710
2139 4 2 1 1 1116 1270 1239 1454
2140 4 2 1 1 1325 1523 1315 1611
2141 4 2 1 1 649 1441 1154 1536
2142 4 2 1 1 1319 1509 1293 1598
2143 4 2 1 1 904 1406 906 1614
2144 4 2 1 1 1098 1213 1316 1421
2145 4 2 1 1 1293 1316 1213 1421
2146 4 2 1 1 1127 1338 1059 1462
2147 4 2 1 1 387 1162 441 1526
2148 4 2 1 1 920 1361 1558 1643
2149 4 2 1 1 1099 1523 1325 1611
2150 4 2 1 1 862 1482 1194 1606
2151 4 2 1 1 274 277 1363 1528
2152 4 2 1 1 548 1165 537 1435
2153 4 2 1 1 1430 1470 1159 1602
2154 4 2 1 1 1058 1205 1130 1258
2155 4 2 1 1 1162 386 1660 1896
2156 4 2 1 1 1083 1180 1275 1891
2157 4 2 1 1 1060 1239 1156 1764
2158 4 2 1 1 141 1166 243 1716
2159 4 2 1 1 376 1393 1263 1710
2160 4 2 1 1 1470 1490 1159 1602
2161 4 2 1 1 1060 1326 1239 1764
2162 4 2 1 1 932 1448 1380 1631
2163 4 2 1 1 1090 1256 1218 1500
2164 4 2 1 1 1380 1448 932 1614
2165 4 2 1 1 376 1296 1393 1710
2166 4 2 1 1 925 1137 1431 1882
2167 4 2 1 1 642 641 1492 1642
2168 4 2 1 1 1058 1130 1205 1477
2169 4 2 1 1 965 995 1227 1578
2170 4 2 1 1 1162 1526 386 1896
2171 4 2 1 1 1051 1215 1345 1883
2172 4 2 1 1 1311 1575 1440 1741
2173 4 2 1 1 500 1488 1206 1567
2174 4 2 1 1 387 426 1162 1526
2175 4 2 1 1 223 1425 1392 1655
2176 4 2 1 1 1200 1319 1318 1403
2177 4 2 1 1 719 738 849 1189
2178 4 2 1 1 1053 1146 1210 1349
2179 4 2 1 1 965 1227 976 1578
2180 4 2 1 1 1383 1553 1446 1597
2181 4 2 1 1 1165 1554 1181 1701
2182 4 2 1 1 1055 1250 1416 1594
2183 4 2 1 1 1058 1130 1477 1530
2184 4 2 1 1 1304 1401 1244 1758
2185 4 2 1 1 1090 1218 1350 1500
2186 4 2 1 1 1334 1507 1218 1687
2187 4 2 1 1 1013 453 583 1285
2188 4 2 1 1 850 1250 1527 1547
2189 4 2 1 1 965 976 995 1578
2190 4 2 1 1 1148 1274 1097 1301
2191 4 2 1 1 1047 1507 1334 1687
2192 4 2 1 1 386 1162 426 1526
2193 4 2 1 1 1094 1334 1150 1507
2194 4 2 1 1 1016 410 293 1192
2195 4 2 1 1 1037 1329 1150 1881
2196 4 2 1 1 1221 1279 1102 1608
2197 4 2 1 1 1071 1212 1318 1546
2198 4 2 1 1 514 1510 1375 1516
2199 4 2 1 1 631 1262 1450 1514
2200 4 2 1 1 1074 1212 1297 1312
2201 4 2 1 1 1129 1064 1330 1814
2202 4 2 1 1 1104 1281 1141 1626
2203 4 2 1 1 1116 1452 1270 1454
2204 4 2 1 1 841 737 570 1194
2205 4 2 1 1 1064 1129 1330 1372
2206 4 2 1 1 1268 1154 1492 1706
2207 4 2 1 1 1079 1138 1270 1873
2208 4 2 1 1 1129 1372 1064 1814
2209 4 2 1 1 1104 1326 1281 1626
2210 4 2 1 1 1210 1053 1444 1467
2211 4 2 1 1 1039 1275 1477 1508
2212 4 2 1 1 1315 1523 1325 1729
2213 4 2 1 1 1105 1177 1242 1524
2214 4 2 1 1 1039 1477 1219 1508
2215 4 2 1 1 1051 1679 1221 1770
2216 4 2 1 1 333 1272 1139 1548
2217 4 2 1 1 1257 606 1628 1670
2218 4 2 1 1 1203 1077 1319 1509
2219 4 2 1 1 266 1497 1173 1716
2220 4 2 1 1 1206 1242 1177 1524
2221 4 2 1 1 649 1154 1191 1706
2222 4 2 1 1 243 1166 267 1716
2223 4 2 1 1 494 1427 1265 1552
2224 4 2 1 1 141 267 243 1166
2225 4 2 1 1 934 1440 1311 1575
2226 4 2 1 1 1183 1631 997 1724
2227 4 2 1 1 583 1031 1013 1285
2228 4 2 1 1 1141 1230 1120 1540
2229 4 2 1 1 1194 1482 442 1567
2230 4 2 1 1 677 1401 1244 1836
2231 4 2 1 1 1281 1326 1141 1626
2232 4 2 1 1 857 882 715 1263
2233 4 2 1 1 1136 1617 950 1726
2234 4 2 1 1 583 284 1031 1285
2235 4 2 1 1 1150 1329 1188 1881
2236 4 2 1 1 292 1163 425 1512
2237 4 2 1 1 1081 1342 1172 1359
2238 4 2 1 1 1102 1142 1198 1436
2239 4 2 1 1 1103 1191 1171 1685
2240 4 2 1 1 1224 1331 1230 1842
2241 4 2 1 1 1139 1272 333 1621
2242 4 2 1 1 1080 1319 1318 1532
2243 4 2 1 1 849 719 1189 1379
2244 4 2 1 1 1071 1228 1172 1371
2245 4 2 1 1 1172 1228 1052 1371
2246 4 2 1 1 1058 1147 1415 1530
2247 4 2 1 1 1232 1372 1243 1807
2248 4 2 1 1 1120 1289 1230 1674
2249 4 2 1 1 720 1514 630 1676
2250 4 2 1 1 1239 1326 1060 1690
2251 4 2 1 1 1064 1446 1383 1553
2252 4 2 1 1 850 835 1250 1547
2253 4 2 1 1 1169 1728 1249 1820
2254 4 2 1 1 172 1392 223 1425
2255 4 2 1 1 1318 1319 1200 1532
2256 4 2 1 1 588 273 1363 1887
2257 4 2 1 1 1203 1509 1319 1598
2258 4 2 1 1 792 1410 1149 1565
2259 4 2 1 1 1268 1492 1154 1749
2260 4 2 1 1 1294 1349 1138 1428
2261 4 2 1 1 1184 1363 273 1887
2262 4 2 1 1 992 1137 906 1406
2263 4 2 1 1 1137 1380 906 1614
2264 4 2 1 1 1326 1690 1239 1764
2265 4 2 1 1 938 1244 1406 1836
2266 4 2 1 1 1285 1751 1440 1760
2267 4 2 1 1 1185 1251 912 1391
2268 4 2 1 1 1243 1372 1232 1586
2269 4 2 1 1 1079 1270 1264 1873
2270 4 2 1 1 1217 1514 1379 1676
2271 4 2 1 1 1183 997 1384 1724
2272 4 2 1 1 643 641 1418 1492
2273 4 2 1 1 841 1194 570 1388
2274 4 2 1 1 792 790 1410 1565
2275 4 2 1 1 1070 1299 1269 1346
2276 4 2 1 1 1290 1722 1235 1740
2277 4 2 1 1 1055 1416 1166 1594
2278 4 2 1 1 1373 1493 1298 1616
2279 4 2 1 1 1047 1334 1507 1571
2280 4 2 1 1 259 1271 1147 1381
2281 4 2 1 1 284 154 1031 1285
2282 4 2 1 1 1150 1507 1334 1571
2283 4 2 1 1 1225 1410 790 1565
2284 4 2 1 1 704 1470 1430 1602
2285 4 2 1 1 1011 541 490 1248
2286 4 2 1 1 516 1327 1510 1516
2287 4 2 1 1 266 1173 243 1716
2288 4 2 1 1 1224 1769 1331 1842
2289 4 2 1 1 1148 1097 1274 1664
2290 4 2 1 1 1011 1248 490 1466
2291 4 2 1 1 1223 1288 1059 1325
2292 4 2 1 1 548 1165 1650 1885
2293 4 2 1 1 976 1286 1227 1724
2294 4 2 1 1 324 401 407 1245
2295 4 2 1 1 259 1147 255 1381
2296 4 2 1 1 531 1375 533 1767
2297 4 2 1 1 1102 1157 1279 1461
2298 4 2 1 1 1053 1349 1210 1744
2299 4 2 1 1 1119 1511 1151 1810
2300 4 2 1 1 976 1227 999 1724
2301 4 2 1 1 925 1447 1137 1882
2302 4 2 1 1 1071 1309 1212 1546
2303 4 2 1 1 1146 1175 1079 1246
2304 4 2 1 1 1056 1224 1230 1842
2305 4 2 1 1 191 1328 1134 1497
2306 4 2 1 1 1006 1365 1259 1400
2307 4 2 1 1 294 739 413 1178
2308 4 2 1 1 1085 1297 1207 1689
2309 4 2 1 1 169 223 1392 1655
2310 4 2 1 1 1148 1301 1097 1643
2311 4 2 1 1 350 1409 1540 1734
2312 4 2 1 1 1085 1200 1297 1689
2313 4 2 1 1 1221 1679 1206 1770
2314 4 2 1 1 293 1016 1192 1360
2315 4 2 1 1 607 606 1257 1670
2316 4 2 1 1 1058 1477 1237 1530
2317 4 2 1 1 1074 1297 1212 1780
2318 4 2 1 1 734 715 882 1263
2319 4 2 1 1 1171 1191 1103 1731
2320 4 2 1 1 1047 1334 1571 1687
2321 4 2 1 1 261 1241 1002 1812
2322 4 2 1 1 183 1411 180 1572
2323 4 2 1 1 823 1416 1250 1594
2324 4 2 1 1 643 642 641 1492
2325 4 2 1 1 709 1418 1247 1798
2326 4 2 1 1 1181 1554 1135 1701
2327 4 2 1 1 1349 1612 1210 1744
2328 4 2 1 1 1154 1320 1191 1685
2329 4 2 1 1 423 437 882 1263
2330 4 2 1 1 1058 1258 1130 1530
2331 4 2 1 1 950 952 1136 1400
2332 4 2 1 1 1102 1347 1142 1436
2333 4 2 1 1 1274 1301 1148 1718
2334 4 2 1 1 437 734 882 1263
2335 4 2 1 1 1268 1492 1276 1706
2336 4 2 1 1 1055 1250 1168 1416
2337 4 2 1 1 1119 1151 1511 1620
2338 4 2 1 1 531 1145 1375 1767
2339 4 2 1 1 1055 1252 1808 1847
2340 4 2 1 1 1123 1658 1208 1792
2341 4 2 1 1 1106 1272 1139 1300
2342 4 2 1 1 499 1435 1313 1650
2343 4 2 1 1 605 607 606 1257
2344 4 2 1 1 1058 1147 1258 1415
2345 4 2 1 1 1208 1658 1192 1792
2346 4 2 1 1 1154 1320 1125 1441
2347 4 2 1 1 1166 1497 267 1716
2348 4 2 1 1 541 1011 1008 1248
2349 4 2 1 1 663 1349 1428 1515
2350 4 2 1 1 241 1338 1255 1563
2351 4 2 1 1 572 1162 1337 1736
2352 4 2 1 1 1133 1502 1423 1703
2353 4 2 1 1 1254 1417 1406 1614
2354 4 2 1 1 1304 1452 1401 1503
2355 4 2 1 1 1064 1765 1330 1814
2356 4 2 1 1 1055 1810 1252 1847
2357 4 2 1 1 1141 1281 1104 1358
2358 4 2 1 1 1288 1325 1223 1570
2359 4 2 1 1 1237 1477 1201 1530
2360 4 2 1 1 1043 1460 1237 1721
2361 4 2 1 1 1056 1769 1224 1842
2362 4 2 1 1 1091 1423 1502 1703
2363 4 2 1 1 1250 1547 835 1594
2364 4 2 1 1 426 386 360 1162
2365 4 2 1 1 1218 1687 1507 1840
2366 4 2 1 1 1207 1332 1085 1351
2367 4 2 1 1 1112 1506 1450 1514
2368 4 2 1 1 1212 1318 1546 1609
2369 4 2 1 1 905 1380 932 1614
2370 4 2 1 1 677 1401 678 1758
2371 4 2 1 1 1104 1490 1470 1602
2372 4 2 1 1 1094 1150 1453 1507
2373 4 2 1 1 1119 1151 1252 1810
2374 4 2 1 1 1112 1379 1217 1514
2375 4 2 1 1 1091 1502 1133 1703
2376 4 2 1 1 810 1555 1410 1728
2377 4 2 1 1 1112 1262 1450 1506
2378 4 2 1 1 516 1327 1261 1510
2379 4 2 1 1 607 1257 1330 1670
2380 4 2 1 1 1151 1511 1252 1810
2381 4 2 1 1 360 1162 386 1660
2382 4 2 1 1 913 1185 912 1391
2383 4 2 1 1 1349 1612 625 1771
2384 4 2 1 1 1089 1141 1230 1674
2385 4 2 1 1 1077 1359 1185 1396
2386 4 2 1 1 1288 1422 1353 1763
2387 4 2 1 1 1150 1107 1188 1329
2388 4 2 1 1 1048 1332 1315 1780
2389 4 2 1 1 1269 1346 1299 1586
2390 4 2 1 1 1123 1192 1658 1792
2391 4 2 1 1 680 1183 682 1349
2392 4 2 1 1 294 413 422 1178
2393 4 2 1 1 960 1257 1377 1746
2394 4 2 1 1 515 514 1375 1516
2395 4 2 1 1 1043 1232 1372 1586
2396 4 2 1 1 714 631 713 1262
2397 4 2 1 1 1154 1191 1320 1441
2398 4 2 1 1 1115 1363 1528 1564
2399 4 2 1 1 1079 1175 1146 1714
2400 4 2 1 1 396 425 292 1163
2401 4 2 1 1 1040 1421 1293 1454
2402 4 2 1 1 259 1147 1271 1455
2403 4 2 1 1 1074 1223 1325 1570
2404 4 2 1 1 1227 1364 995 1654
2405 4 2 1 1 1111 1417 1254 1614
2406 4 2 1 1 1140 1256 1169 1458
2407 4 2 1 1 1340 1644 1410 1728
2408 4 2 1 1 886 1469 1192 1658
2409 4 2 1 1 1244 1406 1284 1779
2410 4 2 1 1 1140 1256 1458 1500
2411 4 2 1 1 1126 1290 1235 1740
2412 4 2 1 1 1129 1330 1765 1814
2413 4 2 1 1 1077 1203 1164 1509
2414 4 2 1 1 678 1401 1304 1758
2415 4 2 1 1 986 1020 1499 1575
2416 4 2 1 1 1241 1446 1553 1597
2417 4 2 1 1 1208 1431 1137 1882
2418 4 2 1 1 1119 1620 1511 1810
2419 4 2 1 1 1093 1253 1211 1568
2420 4 2 1 1 522 532 520 1261
2421 4 2 1 1 350 1409 1141 1540
2422 4 2 1 1 1109 1205 1148 1741
2423 4 2 1 1 417 1292 1521 1656
2424 4 2 1 1 1169 1340 774 1624
2425 4 2 1 1 1260 1427 560 1850
2426 4 2 1 1 1111 1401 1254 1417
2427 4 2 1 1 1057 1634 1233 1698
2428 4 2 1 1 739 413 1178 1414
2429 4 2 1 1 1298 1493 1373 1773
2430 4 2 1 1 360 1660 386 1896
2431 4 2 1 1 532 520 1261 1510
2432 4 2 1 1 680 1448 1349 1515
2433 4 2 1 1 868 1250 1168 1616
2434 4 2 1 1 1139 1605 1272 1621
2435 4 2 1 1 662 680 682 1349
2436 4 2 1 1 1043 1237 1201 1721
2437 4 2 1 1 1048 1207 1332 1780
2438 4 2 1 1 1139 1542 1605 1621
2439 4 2 1 1 1168 1298 1493 1616
2440 4 2 1 1 801 1728 1169 1820
2441 4 2 1 1 1067 1244 1304 1401
2442 4 2 1 1 904 992 906 1406
2443 4 2 1 1 1089 1230 1141 1734
2444 4 2 1 1 1231 1429 406 1789
2445 4 2 1 1 401 1245 1438 1792
2446 4 2 1 1 1267 1442 652 1536
2447 4 2 1 1 1179 1568 1373 1773
2448 4 2 1 1 1036 1370 1279 1461
2449 4 2 1 1 1111 1183 1582 1631
2450 4 2 1 1 370 1432 1244 1758
2451 4 2 1 1 1279 1513 1157 1608
2452 4 2 1 1 470 472 1242 1347
2453 4 2 1 1 1109 1148 1205 1575
2454 4 2 1 1 1155 1423 1133 1502
2455 4 2 1 1 1321 1378 480 1640
2456 4 2 1 1 1169 1256 1140 1468
2457 4 2 1 1 1044 1175 1246 1399
2458 4 2 1 1 1051 1194 1679 1770
2459 4 2 1 1 417 1292 1405 1521
2460 4 2 1 1 662 625 1349 1612
2461 4 2 1 1 1165 1701 1640 1772
2462 4 2 1 1 1181 1640 1165 1701
2463 4 2 1 1 965 1227 995 1654
2464 4 2 1 1 1373 1568 1298 1773
2465 4 2 1 1 172 169 223 1392
2466 4 2 1 1 1079 1399 1175 1897
2467 4 2 1 1 720 713 630 1514
2468 4 2 1 1 1138 1428 1349 1515
2469 4 2 1 1 1077 1185 1164 1396
2470 4 2 1 1 1234 1356 245 1437
2471 4 2 1 1 1089 1141 1409 1734
2472 4 2 1 1 1339 1345 1215 1883
2473 4 2 1 1 1301 1535 1148 1718
2474 4 2 1 1 1237 1460 1201 1721
2475 4 2 1 1 986 1499 1344 1575
2476 4 2 1 1 1241 1746 1002 1812
2477 4 2 1 1 1141 1540 1409 1734
2478 4 2 1 1 1227 1286 976 1578
2479 4 2 1 1 1315 1523 1216 1611
2480 4 2 1 1 1440 1751 937 1760
2481 4 2 1 1 396 292 590 1163
2482 4 2 1 1 191 1497 1134 1830
2483 4 2 1 1 663 1349 1146 1428
2484 4 2 1 1 1212 1546 1086 1609
2485 4 2 1 1 548 1650 1255 1885
2486 4 2 1 1 1430 1470 1143 1490
2487 4 2 1 1 627 1217 1191 1676
2488 4 2 1 1 709 1247 1418 1797
2489 4 2 1 1 732 602 898 1241
2490 4 2 1 1 1147 1108 1455 1574
2491 4 2 1 1 792 1149 1410 1555
2492 4 2 1 1 1079 1246 1175 1399
2493 4 2 1 1 1055 1808 1193 1847
2494 4 2 1 1 1103 1191 1544 1731
2495 4 2 1 1 1074 1325 1288 1570
2496 4 2 1 1 1379 1514 1112 1600
2497 4 2 1 1 1177 1646 1353 1686
2498 4 2 1 1 1067 1401 1304 1452
2499 4 2 1 1 270 265 256 1576
2500 4 2 1 1 560 1427 1260 1875
2501 4 2 1 1 176 1392 1233 1502
2502 4 2 1 1 1036 1279 1370 1588
2503 4 2 1 1 1169 774 1458 1624
2504 4 2 1 1 467 1456 1347 1596
2505 4 2 1 1 1172 1081 1359 1833
2506 4 2 1 1 1055 1166 1395 1594
2507 4 2 1 1 1253 1568 1093 1768
2508 4 2 1 1 925 906 992 1137
2509 4 2 1 1 1077 1319 1293 1359
2510 4 2 1 1 1078 1290 1235 1345
2511 4 2 1 1 171 1233 176 1392
2512 4 2 1 1 960 1377 963 1746
2513 4 2 1 1 518 1261 516 1327
2514 4 2 1 1 1077 1164 1447 1509
2515 4 2 1 1 1054 1208 1192 1792
2516 4 2 1 1 569 478 587 1679
2517 4 2 1 1 1399 1561 1175 1897
2518 4 2 1 1 1233 1634 1564 1698
2519 4 2 1 1 1044 1175 1399 1561
2520 4 2 1 1 837 1547 1476 1594
2521 4 2 1 1 718 736 627 1676
2522 4 2 1 1 1146 1246 1079 1599
2523 4 2 1 1 453 1285 1013 1751
2524 4 2 1 1 1138 1270 1116 1452
2525 4 2 1 1 559 1313 499 1435
2526 4 2 1 1 1043 1269 1201 1484
2527 4 2 1 1 1268 1685 1154 1706
2528 4 2 1 1 1080 1359 1319 1532
2529 4 2 1 1 255 259 213 1147
2530 4 2 1 1 291 387 426 1162
2531 4 2 1 1 1077 1164 1203 1396
2532 4 2 1 1 1168 1354 1055 1592
2533 4 2 1 1 259 213 1147 1455
2534 4 2 1 1 1027 285 732 1241
2535 4 2 1 1 548 537 1165 1885
2536 4 2 1 1 1051 1641 1221 1679
2537 4 2 1 1 1203 1269 1070 1396
2538 4 2 1 1 899 1031 154 1285
2539 4 2 1 1 1067 1452 1304 1550
2540 4 2 1 1 533 1375 1248 1767
2541 4 2 1 1 1244 1401 1254 1836
2542 4 2 1 1 1037 1150 1334 1881
2543 4 2 1 1 1235 1722 1369 1740
2544 4 2 1 1 925 1137 992 1431
2545 4 2 1 1 954 1259 1033 1400
2546 4 2 1 1 1139 1272 1106 1548
2547 4 2 1 1 1048 1315 1745 1780
2548 4 2 1 1 1172 1228 1071 1342
2549 4 2 1 1 1175 1368 1731 1813
2550 4 2 1 1 849 738 843 1189
2551 4 2 1 1 906 1137 925 1447
2552 4 2 1 1 1018 1400 1231 1590
2553 4 2 1 1 1082 1167 1228 1457
2554 4 2 1 1 531 1375 1145 1516
2555 4 2 1 1 853 1424 1247 1802
2556 4 2 1 1 1126 1302 1407 1740
2557 4 2 1 1 1048 1332 1207 1351
2558 4 2 1 1 1067 1406 1254 1417
2559 4 2 1 1 1199 1544 1191 1731
2560 4 2 1 1 1206 1488 1144 1770
2561 4 2 1 1 1047 1568 1179 1773
2562 4 2 1 1 1142 1337 553 1474
2563 4 2 1 1 527 517 1196 1327
2564 4 2 1 1 1383 1446 1186 1597
2565 4 2 1 1 417 1405 388 1521
2566 4 2 1 1 1069 1260 1305 1427
2567 4 2 1 1 1191 1676 1217 1837
2568 4 2 1 1 410 408 293 1192
2569 4 2 1 1 1425 1543 1392 1655
2570 4 2 1 1 285 1027 261 1241
2571 4 2 1 1 266 243 1497 1716
2572 4 2 1 1 222 1419 1247 1797
2573 4 2 1 1 1046 1312 1212 1353
2574 4 2 1 1 152 243 266 1173
2575 4 2 1 1 572 1526 1162 1736
2576 4 2 1 1 929 1440 934 1575
2577 4 2 1 1 1048 1745 1207 1780
2578 4 2 1 1 1172 1342 1081 1390
2579 4 2 1 1 1302 1722 1407 1740
2580 4 2 1 1 1244 1067 1284 1406
2581 4 2 1 1 676 1254 683 1515
2582 4 2 1 1 1186 1765 1064 1814
2583 4 2 1 1 470 1242 469 1347
2584 4 2 1 1 1088 1605 1542 1621
2585 4 2 1 1 1342 1445 1081 1699
2586 4 2 1 1 801 808 1169 1728
2587 4 2 1 1 1175 1368 1199 1731
2588 4 2 1 1 415 1393 1296 1865
2589 4 2 1 1 1146 1349 663 1771
2590 4 2 1 1 261 1002 232 1812
2591 4 2 1 1 1081 1699 1287 1824
2592 4 2 1 1 1131 1568 1253 1768
2593 4 2 1 1 1140 1458 1169 1468
2594 4 2 1 1 1058 1271 1147 1460
2595 4 2 1 1 1364 1556 973 1864
2596 4 2 1 1 1150 1188 1107 1571
2597 4 2 1 1 467 1347 1176 1596
2598 4 2 1 1 1150 1334 1094 1453
2599 4 2 1 1 999 976 965 1227
2600 4 2 1 1 1040 1417 1452 1599
2601 4 2 1 1 563 566 869 1712
2602 4 2 1 1 1378 1435 562 1640
2603 4 2 1 1 330 392 1224 1331
2604 4 2 1 1 1064 1330 1243 1372
2605 4 2 1 1 1413 1546 1309 1573
2606 4 2 1 1 1105 1242 1177 1763
2607 4 2 1 1 517 1196 1327 1516
2608 4 2 1 1 1109 1314 1205 1741
2609 4 2 1 1 733 287 881 1247
2610 4 2 1 1 1210 1243 1073 1467
2611 4 2 1 1 663 1428 665 1515
2612 4 2 1 1 1058 1415 1258 1530
2613 4 2 1 1 563 869 1266 1712
2614 4 2 1 1 1358 1278 1762 1857
2615 4 2 1 1 1142 1102 1198 1461
2616 4 2 1 1 1033 1400 1259 1825
2617 4 2 1 1 1191 1320 1171 1685
2618 4 2 1 1 605 1330 1257 1446
2619 4 2 1 1 1027 732 898 1241
2620 4 2 1 1 738 719 591 1189
2621 4 2 1 1 1131 1211 1253 1568
2622 4 2 1 1 627 1191 1217 1633
2623 4 2 1 1 1059 1288 1223 1707
2624 4 2 1 1 1035 1207 1297 1689
2625 4 2 1 1 559 1170 1313 1435
2626 4 2 1 1 1218 1334 1094 1507
2627 4 2 1 1 1188 1334 1150 1881
2628 4 2 1 1 1051 1194 1641 1679
2629 4 2 1 1 1150 1107 1784 1839
2630 4 2 1 1 554 1347 467 1456
2631 4 2 1 1 1249 1519 1169 1820
2632 4 2 1 1 413 422 1178 1414
2633 4 2 1 1 950 1365 1136 1481
2634 4 2 1 1 1053 1203 1269 1694
2635 4 2 1 1 1053 1269 1467 1694
2636 4 2 1 1 952 950 1136 1617
2637 4 2 1 1 984 973 1556 1864
2638 4 2 1 1 1051 1235 1290 1345
2639 4 2 1 1 1052 1228 1172 1390
2640 4 2 1 1 515 1510 514 1516
2641 4 2 1 1 737 442 570 1194
2642 4 2 1 1 600 1029 897 1244
2643 4 2 1 1 1254 1406 1244 1836
2644 4 2 1 1 291 441 387 1162
2645 4 2 1 1 841 865 737 1194
2646 4 2 1 1 417 1521 388 1656
2647 4 2 1 1 1108 1460 1455 1648
2648 4 2 1 1 531 513 533 1375
2649 4 2 1 1 1047 1507 1687 1840
2650 4 2 1 1 1243 1586 1232 1807
2651 4 2 1 1 1216 1523 1315 1604
2652 4 2 1 1 1163 1512 721 1711
2653 4 2 1 1 1104 1470 1490 1630
2654 4 2 1 1 554 1456 467 1596
2655 4 2 1 1 1016 886 410 1192
2656 4 2 1 1 191 1134 1328 1411
2657 4 2 1 1 1064 1241 1446 1553
2658 4 2 1 1 1344 1499 1109 1575
2659 4 2 1 1 241 1255 1483 1563
2660 4 2 1 1 1093 1373 1298 1616
2661 4 2 1 1 1028 435 582 1231
2662 4 2 1 1 1055 1594 1395 1810
2663 4 2 1 1 1116 1452 1304 1503
2664 4 2 1 1 682 1349 1183 1612
2665 4 2 1 1 1150 1748 1107 1839
2666 4 2 1 1 1342 1359 1081 1445
2667 4 2 1 1 1203 1164 1509 1582
2668 4 2 1 1 1206 1567 1488 1770
2669 4 2 1 1 1138 1349 1294 1515
2670 4 2 1 1 1099 1523 1216 1808
2671 4 2 1 1 1208 1421 1123 1792
2672 4 2 1 1 1243 1444 1269 1467
2673 4 2 1 1 607 1257 605 1330
2674 4 2 1 1 954 1033 1018 1400
2675 4 2 1 1 837 835 1547 1594
2676 4 2 1 1 332 336 333 1139
2677 4 2 1 1 1109 1499 1311 1575
2678 4 2 1 1 1441 1676 1191 1837
2679 4 2 1 1 1114 1510 1327 1516
2680 4 2 1 1 415 356 1393 1865
2681 4 2 1 1 1450 1506 1159 1514
2682 4 2 1 1 1153 1250 1093 1307
2683 4 2 1 1 1171 1199 1191 1731
2684 4 2 1 1 1009 1273 928 1535
2685 4 2 1 1 774 1340 1169 1728
2686 4 2 1 1 1128 1435 1378 1640
2687 4 2 1 1 960 1377 1257 1589
2688 4 2 1 1 1093 1250 1153 1527
2689 4 2 1 1 1039 1219 1477 1903
2690 4 2 1 1 1119 1250 1153 1307
2691 4 2 1 1 1043 1372 1243 1586
2692 4 2 1 1 1476 1547 1119 1594
2693 4 2 1 1 1083 1180 1152 1534
2694 4 2 1 1 1201 1269 1096 1484
2695 4 2 1 1 1056 1230 1224 1541
2696 4 2 1 1 733 601 287 1247
2697 4 2 1 1 245 1234 251 1356
2698 4 2 1 1 1373 1493 1179 1773
2699 4 2 1 1 954 1006 1033 1259
2700 4 2 1 1 1079 1270 1138 1599
2701 4 2 1 1 1175 1199 1044 1731
2702 4 2 1 1 1121 1301 1274 1718
2703 4 2 1 1 436 1029 731 1244
2704 4 2 1 1 1363 1528 277 1642
2705 4 2 1 1 527 1196 517 1516
2706 4 2 1 1 1082 1228 1167 1573
2707 4 2 1 1 1049 1185 1359 1396
2708 4 2 1 1 271 881 287 1247
2709 4 2 1 1 1065 1296 1263 1393
2710 4 2 1 1 1447 1509 1164 1582
2711 4 2 1 1 1128 1378 1321 1640
2712 4 2 1 1 169 1392 1195 1655
2713 4 2 1 1 175 1420 1271 1700
2714 4 2 1 1 1175 1731 1044 1813
2715 4 2 1 1 1172 1359 1342 1532
2716 4 2 1 1 802 1296 854 1464
2717 4 2 1 1 1052 1172 1371 1613
2718 4 2 1 1 1096 1269 1201 1721
2719 4 2 1 1 1067 1304 1432 1550
2720 4 2 1 1 1122 1354 1168 1592
2721 4 2 1 1 1067 1432 1452 1550
2722 4 2 1 1 1269 1299 1070 1484
2723 4 2 1 1 141 740 1166 1716
2724 4 2 1 1 1147 1271 1455 1460
2725 4 2 1 1 1155 1057 1233 1698
2726 4 2 1 1 1038 1699 1390 1824
2727 4 2 1 1 764 1373 1179 1644
2728 4 2 1 1 1144 1206 1422 1846
2729 4 2 1 1 939 1406 938 1779
2730 4 2 1 1 1232 1372 1129 1423
2731 4 2 1 1 587 1567 569 1679
2732 4 2 1 1 675 590 292 1512
2733 4 2 1 1 1155 1233 1057 1423
2734 4 2 1 1 997 1631 977 1724
2735 4 2 1 1 540 548 537 1435
2736 4 2 1 1 1113 1279 1221 1608
2737 4 2 1 1 1180 1700 1058 1891
2738 4 2 1 1 912 1251 1185 1794
2739 4 2 1 1 1439 1506 1262 1565
2740 4 2 1 1 881 751 733 1247
2741 4 2 1 1 1028 306 435 1231
2742 4 2 1 1 1081 1222 1445 1719
2743 4 2 1 1 682 662 1349 1612
2744 4 2 1 1 1340 1410 1094 1728
2745 4 2 1 1 1099 1411 1523 1808
2746 4 2 1 1 1206 1524 1422 1846
2747 4 2 1 1 1202 1318 1080 1403
2748 4 2 1 1 1243 1467 1269 1586
2749 4 2 1 1 293 1192 408 1360
2750 4 2 1 1 583 262 284 1285
2751 4 2 1 1 1043 1201 1269 1721
2752 4 2 1 1 1460 1530 1201 1721
2753 4 2 1 1 1100 1161 1449 1485
2754 4 2 1 1 1389 1390 1114 1639
2755 4 2 1 1 1112 1450 1262 1514
2756 4 2 1 1 1389 1451 1390 1639
2757 4 2 1 1 1172 1071 1371 1613
2758 4 2 1 1 1184 697 1529 1878
2759 4 2 1 1 1047 1150 1507 1748
2760 4 2 1 1 764 1179 765 1644
2761 4 2 1 1 1232 1129 1372 1807
2762 4 2 1 1 1037 1150 1329 1762
2763 4 2 1 1 1380 1448 1111 1631
2764 4 2 1 1 1138 1452 1417 1599
2765 4 2 1 1 1183 1349 680 1448
2766 4 2 1 1 1174 1073 1322 1368
2767 4 2 1 1 1179 1047 1507 1568
2768 4 2 1 1 651 1267 652 1536
2769 4 2 1 1 1150 1568 1507 1748
2770 4 2 1 1 1150 1107 1329 1784
2771 4 2 1 1 715 857 1263 1755
2772 4 2 1 1 1150 1784 1329 1839
2773 4 2 1 1 328 1239 331 1764
2774 4 2 1 1 1419 1528 1151 1749
2775 4 2 1 1 436 412 1029 1244
2776 4 2 1 1 1132 1808 1252 1847
2777 4 2 1 1 1123 1421 1208 1804
2778 4 2 1 1 744 1296 802 1865
2779 4 2 1 1 1358 1506 1278 1857
2780 4 2 1 1 683 1515 1254 1888
2781 4 2 1 1 514 1375 1167 1747
2782 4 2 1 1 667 665 1138 1515
2783 4 2 1 1 882 749 423 1263
2784 4 2 1 1 245 1437 1356 1534
2785 4 2 1 1 1292 1385 417 1405
2786 4 2 1 1 951 1365 1006 1400
2787 4 2 1 1 1128 1640 1701 1772
2788 4 2 1 1 1406 1417 1137 1614
2789 4 2 1 1 1172 1251 1081 1833
2790 4 2 1 1 1073 1368 1174 1867
2791 4 2 1 1 401 1245 324 1438
2792 4 2 1 1 616 1333 703 1465
2793 4 2 1 1 1035 1297 1200 1689
2794 4 2 1 1 216 1328 191 1497
2795 4 2 1 1 1080 1293 1319 1359
2796 4 2 1 1 330 325 392 1331
2797 4 2 1 1 1112 1514 1262 1600
2798 4 2 1 1 1182 1089 1331 1778
2799 4 2 1 1 1127 1255 1338 1563
2800 4 2 1 1 1353 1646 1087 1686
2801 4 2 1 1 1077 1319 1359 1396
2802 4 2 1 1 1067 1254 1244 1401
2803 4 2 1 1 676 1401 1254 1515
2804 4 2 1 1 1069 1265 1260 1427
2805 4 2 1 1 1190 1092 1404 1625
2806 4 2 1 1 1013 1031 899 1285
2807 4 2 1 1 1067 1254 1401 1417
2808 4 2 1 1 1051 1235 1559 1770
2809 4 2 1 1 731 1029 600 1244
2810 4 2 1 1 1137 1380 1417 1582
2811 4 2 1 1 617 616 703 1465
2812 4 2 1 1 1051 1559 1194 1770
2813 4 2 1 1 1114 1390 1389 1573
2814 4 2 1 1 1080 1403 1319 1901
2815 4 2 1 1 1068 1419 1151 1749
2816 4 2 1 1 1113 1513 1279 1608
2817 4 2 1 1 588 688 273 1887
2818 4 2 1 1 387 441 526 1526
2819 4 2 1 1 1155 1665 1057 1698
2820 4 2 1 1 1112 1262 1506 1565
2821 4 2 1 1 663 1428 1146 1714
2822 4 2 1 1 939 1284 1406 1779
2823 4 2 1 1 1194 1559 1235 1770
2824 4 2 1 1 1230 1289 1120 1822
2825 4 2 1 1 624 1333 1143 1465
2826 4 2 1 1 1085 1237 1201 1299
2827 4 2 1 1 1201 1237 1043 1299
2828 4 2 1 1 1146 1349 1294 1428
2829 4 2 1 1 1146 1079 1428 1599
2830 4 2 1 1 1358 1762 1490 1857
2831 4 2 1 1 1177 1353 1422 1763
2832 4 2 1 1 1155 1502 1133 1635
2833 4 2 1 1 1146 1428 1294 1599
2834 4 2 1 1 332 1139 333 1621
2835 4 2 1 1 417 1385 1292 1854
2836 4 2 1 1 652 1267 598 1442
2837 4 2 1 1 1520 1253 1855 1859
2838 4 2 1 1 257 1271 175 1420
2839 4 2 1 1 656 1418 709 1798
2840 4 2 1 1 1111 1417 1380 1582
2841 4 2 1 1 197 1252 199 1395
2842 4 2 1 1 869 566 870 1712
2843 4 2 1 1 649 1191 1544 1706
2844 4 2 1 1 1099 1216 1523 1611
2845 4 2 1 1 1217 1379 1112 1647
2846 4 2 1 1 1231 1400 1062 1590
2847 4 2 1 1 1553 1746 1241 1812
2848 4 2 1 1 1410 1555 1094 1728
2849 4 2 1 1 1206 478 1679 1695
2850 4 2 1 1 1179 1507 1373 1568
2851 4 2 1 1 1520 1777 1253 1859
2852 4 2 1 1 1369 1722 1302 1740
2853 4 2 1 1 952 1136 1400 1617
2854 4 2 1 1 1037 1334 1150 1693
2855 4 2 1 1 1244 1254 1067 1406
2856 4 2 1 1 1092 1495 1404 1625
2857 4 2 1 1 841 865 1194 1388
2858 4 2 1 1 173 245 251 1356
2859 4 2 1 1 1186 1446 1064 1765
2860 4 2 1 1 1212 1309 1086 1546
2861 4 2 1 1 1325 1332 1315 1729
2862 4 2 1 1 667 1138 665 1873
2863 4 2 1 1 336 333 1139 1548
2864 4 2 1 1 492 1265 494 1427
2865 4 2 1 1 1103 1685 1268 1706
2866 4 2 1 1 1135 1554 1181 1786
2867 4 2 1 1 1218 1256 1056 1692
2868 4 2 1 1 842 781 1140 1776
2869 4 2 1 1 744 802 1472 1865
2870 4 2 1 1 1060 1197 1630 1653
2871 4 2 1 1 1047 1507 1568 1748
2872 4 2 1 1 925 1431 1208 1882
2873 4 2 1 1 1054 1421 1208 1792
2874 4 2 1 1 1062 1590 1196 1622
2875 4 2 1 1 243 267 1497 1716
2876 4 2 1 1 370 1244 1432 1779
2877 4 2 1 1 1379 1647 1217 1676
2878 4 2 1 1 1088 1182 1331 1778
2879 4 2 1 1 375 376 358 1393
2880 4 2 1 1 1294 1349 1053 1582
2881 4 2 1 1 176 1392 1502 1662
2882 4 2 1 1 677 1254 1401 1836
2883 4 2 1 1 1201 1460 1237 1530
2884 4 2 1 1 340 1141 350 1409
2885 4 2 1 1 1043 1299 1269 1484
2886 4 2 1 1 1391 1580 1185 1833
2887 4 2 1 1 1057 1233 1323 1423
2888 4 2 1 1 1267 1536 1418 1577
2889 4 2 1 1 1218 1504 1256 1692
2890 4 2 1 1 677 668 678 1401
2891 4 2 1 1 1267 1418 1068 1577
2892 4 2 1 1 328 1480 1239 1764
2893 4 2 1 1 1339 1345 1090 1773
2894 4 2 1 1 1085 1477 1275 1508
2895 4 2 1 1 1507 1568 1150 1859
2896 4 2 1 1 1546 1573 1413 1831
2897 4 2 1 1 514 1167 1375 1510
2898 4 2 1 1 1243 1330 1064 1735
2899 4 2 1 1 1427 1552 1144 1806
2900 4 2 1 1 527 1327 1196 1622
2901 4 2 1 1 1089 1674 1230 1842
2902 4 2 1 1 1164 1185 1096 1396
2903 4 2 1 1 699 1146 663 1771
2904 4 2 1 1 1058 1258 1147 1381
2905 4 2 1 1 928 1273 1440 1535
2906 4 2 1 1 406 1429 1231 1825
2907 4 2 1 1 1183 1053 1582 1631
2908 4 2 1 1 1256 1218 1350 1504
2909 4 2 1 1 801 1249 1728 1820
2910 4 2 1 1 869 563 1266 1426
2911 4 2 1 1 340 349 350 1141
2912 4 2 1 1 1289 1230 1674 1842
2913 4 2 1 1 1125 1154 1441 1536
2914 4 2 1 1 1146 1246 1599 1694
2915 4 2 1 1 1137 1380 1111 1417
2916 4 2 1 1 1238 1449 1161 1485
2917 4 2 1 1 663 1146 699 1714
2918 4 2 1 1 1121 1535 1301 1718
2919 4 2 1 1 859 823 868 1250
2920 4 2 1 1 1164 1185 1077 1603
2921 4 2 1 1 1115 1276 1268 1492
2922 4 2 1 1 1096 1185 1164 1578
2923 4 2 1 1 1111 1137 1417 1614
2924 4 2 1 1 598 1442 1267 1892
2925 4 2 1 1 1256 1504 1056 1692
2926 4 2 1 1 853 1247 1424 1798
2927 4 2 1 1 1127 1483 1265 1552
2928 4 2 1 1 1109 1148 1575 1741
2929 4 2 1 1 1184 1363 697 1878
2930 4 2 1 1 1242 1352 1176 1757
2931 4 2 1 1 662 661 625 1612
2932 4 2 1 1 1043 1201 1299 1484
2933 4 2 1 1 1009 1466 1273 1535
2934 4 2 1 1 1132 1523 1411 1808
2935 4 2 1 1 572 1162 524 1337
2936 4 2 1 1 548 1435 540 1650
2937 4 2 1 1 1047 1507 1150 1571
2938 4 2 1 1 1107 1748 1688 1839
2939 4 2 1 1 1222 1287 1081 1445
2940 4 2 1 1 1393 1826 1296 1865
2941 4 2 1 1 1164 1578 1185 1844
2942 4 2 1 1 1009 1007 928 1273
2943 4 2 1 1 1107 1688 1784 1839
2944 4 2 1 1 165 167 250 1152
2945 4 2 1 1 1153 1250 1119 1547
2946 4 2 1 1 1049 1794 1185 1833
2947 4 2 1 1 1401 1417 1111 1515
2948 4 2 1 1 1209 1303 1087 1350
2949 4 2 1 1 1172 1359 1532 1833
2950 4 2 1 1 1281 1630 1197 1653
2951 4 2 1 1 1185 1603 1164 1844
2952 4 2 1 1 1080 1319 1598 1901
2953 4 2 1 1 842 1140 781 1539
2954 4 2 1 1 1227 1364 1096 1578
2955 4 2 1 1 1071 1212 1309 1312
2956 4 2 1 1 667 1138 1401 1515
2957 4 2 1 1 938 1406 1254 1836
2958 4 2 1 1 222 1247 1419 1802
2959 4 2 1 1 1193 1808 1132 1847
2960 4 2 1 1 175 250 1420 1700
2961 4 2 1 1 631 1262 714 1450
2962 4 2 1 1 869 743 563 1426
2963 4 2 1 1 1044 1199 1175 1561
2964 4 2 1 1 680 1349 664 1515
2965 4 2 1 1 275 1220 1338 1563
2966 4 2 1 1 1390 1451 1136 1639
2967 4 2 1 1 1046 1176 1352 1757
2968 4 2 1 1 1052 1375 1145 1738
2969 4 2 1 1 1097 1391 1361 1558
2970 4 2 1 1 472 1347 470 1725
2971 4 2 1 1 1070 1269 1203 1694
2972 4 2 1 1 1161 1485 1100 1861
2973 4 2 1 1 1196 1062 1400 1590
2974 4 2 1 1 842 1468 1140 1539
2975 4 2 1 1 605 706 1330 1446
2976 4 2 1 1 415 1296 376 1710
2977 4 2 1 1 1630 1697 1163 1874
2978 4 2 1 1 1058 1237 1477 1891
2979 4 2 1 1 677 1254 676 1401
2980 4 2 1 1 1071 1228 1371 1457
2981 4 2 1 1 754 1424 1267 1798
2982 4 2 1 1 1119 1295 1419 1620
2983 4 2 1 1 1149 1565 1410 1858
2984 4 2 1 1 1039 1477 1275 1903
2985 4 2 1 1 1146 1053 1294 1349
2986 4 2 1 1 1106 1300 1139 1601
2987 4 2 1 1 1050 1320 1211 1839
2988 4 2 1 1 1215 1821 1458 1883
2989 4 2 1 1 1243 1330 1129 1372
2990 4 2 1 1 1157 555 1531 1828
2991 4 2 1 1 1215 1458 1090 1883
2992 4 2 1 1 521 522 1261 1736
2993 4 2 1 1 1191 1199 1171 1537
2994 4 2 1 1 667 1401 1138 1503
2995 4 2 1 1 513 1375 531 1516
2996 4 2 1 1 1177 1242 1206 1569
2997 4 2 1 1 1068 1267 1247 1418
2998 4 2 1 1 1100 1638 1316 1699
2999 4 2 1 1 1055 1252 1328 1808
3000 4 2 1 1 1119 1547 1250 1594
3001 4 2 1 1 1459 1543 1193 1691
3002 4 2 1 1 388 1521 414 1656
3003 4 2 1 1 190 1338 1220 1572
3004 4 2 1 1 401 1438 1591 1792
3005 4 2 1 1 1122 1168 1416 1592
3006 4 2 1 1 1127 1144 1552 1806
3007 4 2 1 1 562 480 1378 1640
3008 4 2 1 1 1111 1349 1294 1582
3009 4 2 1 1 1103 1544 1191 1706
3010 4 2 1 1 1288 1105 1422 1763
3011 4 2 1 1 167 250 1152 1662
3012 4 2 1 1 619 1633 1333 1790
3013 4 2 1 1 1115 1492 1268 1749
3014 4 2 1 1 1195 1392 1543 1655
3015 4 2 1 1 1071 1309 1228 1457
3016 4 2 1 1 680 683 1448 1515
3017 4 2 1 1 290 1173 266 1830
3018 4 2 1 1 1233 1392 1323 1756
3019 4 2 1 1 154 899 1285 1760
3020 4 2 1 1 1315 1048 1523 1729
3021 4 2 1 1 1219 1532 1297 1672
3022 4 2 1 1 932 1380 905 1631
3023 4 2 1 1 1085 1332 1207 1780
3024 4 2 1 1 199 1252 1328 1395
3025 4 2 1 1 1064 1446 1330 1765
3026 4 2 1 1 1170 1223 1059 1772
3027 4 2 1 1 1109 1344 1258 1381
3028 4 2 1 1 1245 1366 313 1438
3029 4 2 1 1 1324 1331 1089 1778
3030 4 2 1 1 1126 1144 1488 1770
3031 4 2 1 1 1297 1532 1200 1672
3032 4 2 1 1 171 1392 176 1662
3033 4 2 1 1 1039 1205 1275 1314
3034 4 2 1 1 1192 1208 1054 1657
3035 4 2 1 1 426 1475 1162 1557
3036 4 2 1 1 1470 1630 1163 1874
3037 4 2 1 1 1053 1210 1146 1467
3038 4 2 1 1 1146 1210 1073 1467
3039 4 2 1 1 1212 1353 1190 1705
3040 4 2 1 1 1046 1309 1212 1312
3041 4 2 1 1 774 848 1340 1728
3042 4 2 1 1 1280 1548 1405 1601
3043 4 2 1 1 1244 1067 1304 1432
3044 4 2 1 1 1142 1347 475 1456
3045 4 2 1 1 1211 1320 1171 1839
3046 4 2 1 1 1066 1311 1285 1440
3047 4 2 1 1 1179 1339 1090 1773
3048 4 2 1 1 1395 1476 197 1576
3049 4 2 1 1 1133 1091 1420 1502
3050 4 2 1 1 902 1254 938 1406
3051 4 2 1 1 1062 1231 1590 1622
3052 4 2 1 1 313 324 1245 1438
3053 4 2 1 1 1161 1124 1366 1538
3054 4 2 1 1 265 1419 1295 1802
3055 4 2 1 1 1211 1253 1093 1505
3056 4 2 1 1 164 1437 1534 1700
3057 4 2 1 1 274 218 1528 1564
3058 4 2 1 1 1198 1652 1061 1720
3059 4 2 1 1 1073 1210 1146 1771
3060 4 2 1 1 1077 1203 1319 1396
3061 4 2 1 1 1157 1063 1601 1649
3062 4 2 1 1 165 167 1152 1534
3063 4 2 1 1 1111 1448 1380 1614
3064 4 2 1 1 1248 1466 1011 1761
3065 4 2 1 1 1145 1114 1560 1639
3066 4 2 1 1 503 442 1482 1567
3067 4 2 1 1 1085 1297 1332 1780
3068 4 2 1 1 1144 1422 1770 1782
3069 4 2 1 1 1166 1416 1055 1592
3070 4 2 1 1 1014 1208 925 1431
3071 4 2 1 1 1269 1070 1396 1484
3072 4 2 1 1 1222 1357 947 1657
3073 4 2 1 1 1098 1316 1245 1421
3074 4 2 1 1 1101 1490 1143 1897
3075 4 2 1 1 328 334 331 1239
3076 4 2 1 1 562 1435 1378 1809
3077 4 2 1 1 197 186 199 1252
3078 4 2 1 1 1120 1141 1498 1674
3079 4 2 1 1 1043 1269 1243 1444
3080 4 2 1 1 1060 1630 1281 1653
3081 4 2 1 1 1127 1483 1255 1563
3082 4 2 1 1 199 1328 1252 1785
3083 4 2 1 1 1334 1453 1150 1693
3084 4 2 1 1 1166 1328 1055 1395
3085 4 2 1 1 1085 1219 1477 1508
3086 4 2 1 1 216 1166 1328 1497
3087 4 2 1 1 1035 1297 1212 1318
3088 4 2 1 1 1231 1259 1062 1400
3089 4 2 1 1 1520 1855 1225 1859
3090 4 2 1 1 1055 1328 1252 1810
3091 4 2 1 1 1035 1200 1297 1318
3092 4 2 1 1 392 1224 1331 1541
3093 4 2 1 1 1207 1085 1299 1351
3094 4 2 1 1 624 1143 1333 1430
3095 4 2 1 1 1062 1231 1306 1429
3096 4 2 1 1 1238 1485 1161 1861
3097 4 2 1 1 1053 1269 1203 1684
3098 4 2 1 1 1222 1287 1124 1365
3099 4 2 1 1 1101 1561 1490 1897
3100 4 2 1 1 1058 1700 1271 1853
3101 4 2 1 1 1193 1810 1055 1847
3102 4 2 1 1 939 931 938 1406
3103 4 2 1 1 1259 1429 308 1825
3104 4 2 1 1 223 1425 1655 1785
3105 4 2 1 1 1084 1533 1197 1881
3106 4 2 1 1 1210 1444 1053 1744
3107 4 2 1 1 1233 1323 1091 1756
3108 4 2 1 1 1129 1232 1423 1665
3109 4 2 1 1 673 1163 721 1711
3110 4 2 1 1 954 1006 1259 1400
3111 4 2 1 1 907 1164 922 1631
3112 4 2 1 1 1071 1312 1309 1457
3113 4 2 1 1 1035 1212 1297 1780
3114 4 2 1 1 522 1337 1261 1736
3115 4 2 1 1 444 563 743 1426
3116 4 2 1 1 1019 947 1357 1657
3117 4 2 1 1 174 1572 1411 1655
3118 4 2 1 1 1688 1171 1784 1839
3119 4 2 1 1 1088 1331 1324 1778
3120 4 2 1 1 336 1139 332 1521
3121 4 2 1 1 1085 1351 1332 1443
3122 4 2 1 1 1050 1520 1225 1859
3123 4 2 1 1 1141 1230 1540 1734
3124 4 2 1 1 1153 1527 1250 1547
3125 4 2 1 1 1027 1002 261 1241
3126 4 2 1 1 1085 1237 1351 1443
3127 4 2 1 1 1263 1296 1065 1439
3128 4 2 1 1 1132 1216 1523 1808
3129 4 2 1 1 950 1481 1136 1726
3130 4 2 1 1 1050 1320 1171 1537
3131 4 2 1 1 1288 1570 1223 1707
3132 4 2 1 1 641 1418 1277 1797
3133 4 2 1 1 1223 1076 1352 1570
3134 4 2 1 1 619 1430 1333 1633
3135 4 2 1 1 673 1163 1711 1874
3136 4 2 1 1 255 1147 1344 1381
3137 4 2 1 1 396 1163 590 1471
3138 4 2 1 1 1119 1252 1151 1576
3139 4 2 1 1 1410 1565 1225 1858
3140 4 2 1 1 1191 1441 718 1676
3141 4 2 1 1 1115 1528 1363 1642
3142 4 2 1 1 437 305 734 1263
3143 4 2 1 1 625 663 1349 1771
3144 4 2 1 1 1209 1350 1087 1687
3145 4 2 1 1 369 1432 1284 1779
3146 4 2 1 1 1453 1507 1150 1859
3147 4 2 1 1 340 349 1141 1626
3148 4 2 1 1 984 1556 1391 1864
3149 4 2 1 1 572 1337 524 1736
3150 4 2 1 1 1336 1528 218 1564
3151 4 2 1 1 1082 1413 1309 1573
3152 4 2 1 1 1206 1679 1567 1770
3153 4 2 1 1 859 850 835 1250
3154 4 2 1 1 1060 1239 1270 1739
3155 4 2 1 1 1063 1280 1405 1601
3156 4 2 1 1 1152 1700 1058 1853
3157 4 2 1 1 1168 1055 1416 1592
3158 4 2 1 1 417 388 414 1656
3159 4 2 1 1 1223 1312 1076 1570
3160 4 2 1 1 1064 1372 1243 1735
3161 4 2 1 1 1198 1142 1461 1652
3162 4 2 1 1 1044 1246 1175 1813
3163 4 2 1 1 1247 1418 1267 1798
3164 4 2 1 1 294 803 739 1178
3165 4 2 1 1 912 1781 1251 1794
3166 4 2 1 1 1141 1358 1104 1827
3167 4 2 1 1 1239 1270 1116 1697
3168 4 2 1 1 1064 1186 1383 1446
3169 4 2 1 1 767 1339 1179 1493
3170 4 2 1 1 1109 1381 1258 1661
3171 4 2 1 1 1233 1091 1392 1756
3172 4 2 1 1 1175 616 1333 1790
3173 4 2 1 1 1131 1507 1453 1859
3174 4 2 1 1 1104 1159 1490 1602
3175 4 2 1 1 953 950 1617 1726
3176 4 2 1 1 155 287 601 1247
3177 4 2 1 1 1050 1191 1320 1537
3178 4 2 1 1 606 605 1257 1628
3179 4 2 1 1 1254 1401 1111 1515
3180 4 2 1 1 442 737 847 1482
3181 4 2 1 1 1114 1390 1560 1639
3182 4 2 1 1 251 1356 1234 1572
3183 4 2 1 1 1145 1375 1248 1738
3184 4 2 1 1 1038 1342 1390 1699
3185 4 2 1 1 1163 1470 721 1471
3186 4 2 1 1 197 1395 204 1476
3187 4 2 1 1 1240 1100 1316 1699
3188 4 2 1 1 1050 1171 1320 1839
3189 4 2 1 1 745 1442 598 1892
3190 4 2 1 1 1157 1601 1531 1649
3191 4 2 1 1 1056 1256 1218 1708
3192 4 2 1 1 1080 1342 1359 1532
3193 4 2 1 1 1268 1276 1103 1706
3194 4 2 1 1 1419 1576 1119 1620
3195 4 2 1 1 1205 1575 1258 1661
3196 4 2 1 1 1131 1568 1507 1859
3197 4 2 1 1 733 751 710 1247
3198 4 2 1 1 1035 1297 1207 1780
3199 4 2 1 1 191 1411 1328 1785
3200 4 2 1 1 197 1252 1395 1576
3201 4 2 1 1 364 1385 1280 1405
3202 4 2 1 1 1109 1258 1575 1661
3203 4 2 1 1 1109 1575 1205 1661
3204 4 2 1 1 1125 1267 1424 1577
3205 4 2 1 1 1382 1623 1408 1793
3206 4 2 1 1 1243 1372 1129 1807
3207 4 2 1 1 1370 1461 1036 1683
3208 4 2 1 1 1070 1346 1269 1467
3209 4 2 1 1 572 1474 1162 1475
3210 4 2 1 1 1066 1285 1273 1440
3211 4 2 1 1 1305 1427 1260 1850
3212 4 2 1 1 1014 1208 1431 1658
3213 4 2 1 1 1173 1408 1382 1623
3214 4 2 1 1 1037 1358 1278 1762
3215 4 2 1 1 1226 1251 1172 1558
3216 4 2 1 1 1287 1081 1445 1699
3217 4 2 1 1 1059 1223 1170 1707
3218 4 2 1 1 1048 1315 1332 1729
3219 4 2 1 1 1054 1287 1222 1445
3220 4 2 1 1 1079 1175 1465 1897
3221 4 2 1 1 1068 1247 1277 1418
3222 4 2 1 1 290 1382 1173 1830
3223 4 2 1 1 1222 1481 947 1781
3224 4 2 1 1 443 889 1273 1751
3225 4 2 1 1 532 552 520 1510
3226 4 2 1 1 667 1503 1138 1873
3227 4 2 1 1 1060 1270 1239 1697
3228 4 2 1 1 1312 1352 1076 1570
3229 4 2 1 1 1344 1575 1258 1889
3230 4 2 1 1 1210 1612 1349 1771
3231 4 2 1 1 142 1184 273 1887
3232 4 2 1 1 736 718 1441 1676
3233 4 2 1 1 1095 1323 1233 1392
3234 4 2 1 1 1037 1197 1281 1490
3235 4 2 1 1 275 1220 190 1338
3236 4 2 1 1 1049 1359 1185 1794
3237 4 2 1 1 1057 1232 1174 1807
3238 4 2 1 1 1157 1434 555 1828
3239 4 2 1 1 1080 1202 1403 1901
3240 4 2 1 1 1174 1232 1057 1727
3241 4 2 1 1 1035 1212 1780 1817
3242 4 2 1 1 1630 1783 1697 1874
3243 4 2 1 1 1290 1770 1422 1782
3244 4 2 1 1 718 627 1191 1676
3245 4 2 1 1 1251 1391 1185 1833
3246 4 2 1 1 1062 1161 1389 1904
3247 4 2 1 1 900 306 1028 1231
3248 4 2 1 1 1198 1061 1652 1870
3249 4 2 1 1 1232 1665 1129 1807
3250 4 2 1 1 1177 1353 1087 1686
3251 4 2 1 1 248 1564 1233 1849
3252 4 2 1 1 1040 1417 1294 1509
3253 4 2 1 1 540 1435 499 1650
3254 4 2 1 1 1054 1445 1222 1719
3255 4 2 1 1 1220 1411 1134 1830
3256 4 2 1 1 800 1565 1379 1796
3257 4 2 1 1 1071 1371 1312 1457
3258 4 2 1 1 1260 1069 1305 1408
3259 4 2 1 1 167 1152 1534 1662
3260 4 2 1 1 1124 1538 1161 1904
3261 4 2 1 1 1161 1451 1389 1904
3262 4 2 1 1 1145 1516 1114 1639
3263 4 2 1 1 651 598 652 1267
3264 4 2 1 1 158 1494 1311 1760
3265 4 2 1 1 1272 1486 333 1621
3266 4 2 1 1 211 273 1184 1363
3267 4 2 1 1 1239 1690 331 1764
3268 4 2 1 1 1043 1243 1433 1444
3269 4 2 1 1 809 804 1262 1565
3270 4 2 1 1 1082 1228 1309 1457
3271 4 2 1 1 468 554 467 1596
3272 4 2 1 1 1218 1256 1169 1708
3273 4 2 1 1 514 1167 550 1747
3274 4 2 1 1 1041 1291 1193 1343
3275 4 2 1 1 741 593 1262 1755
3276 4 2 1 1 1282 1413 1573 1831
3277 4 2 1 1 1043 1269 1299 1586
3278 4 2 1 1 1085 1443 1332 1891
3279 4 2 1 1 257 175 250 1420
3280 4 2 1 1 1068 1151 1394 1749
3281 4 2 1 1 1130 1364 1580 1721
3282 4 2 1 1 1649 1712 1385 1841
3283 4 2 1 1 1474 1475 573 1531
3284 4 2 1 1 248 176 171 1233
3285 4 2 1 1 1154 1268 1394 1685
3286 4 2 1 1 1119 1419 1295 1576
3287 4 2 1 1 641 709 1418 1797
3288 4 2 1 1 1285 1440 1311 1760
3289 4 2 1 1 569 1567 1206 1679
3290 4 2 1 1 676 683 1254 1888
3291 4 2 1 1 1333 1465 1175 1897
3292 4 2 1 1 216 191 198 1497
3293 4 2 1 1 811 1410 810 1555
3294 4 2 1 1 1244 1432 1304 1758
3295 4 2 1 1 1087 1646 1353 1705
3296 4 2 1 1 255 1344 1147 1890
3297 4 2 1 1 1243 1073 1467 1586
3298 4 2 1 1 1177 1206 1422 1770
3299 4 2 1 1 859 1250 835 1594
3300 4 2 1 1 439 543 240 1255
3301 4 2 1 1 767 1339 1493 1800
3302 4 2 1 1 717 630 1217 1676
3303 4 2 1 1 732 285 153 1241
3304 4 2 1 1 928 1273 1007 1440
3305 4 2 1 1 1154 1394 1268 1749
3306 4 2 1 1 1091 1323 1233 1423
3307 4 2 1 1 1210 1349 1146 1771
3308 4 2 1 1 1102 1279 1370 1461
3309 4 2 1 1 1311 1109 1575 1741
3310 4 2 1 1 1245 1421 1316 1792
3311 4 2 1 1 164 1180 1437 1700
3312 4 2 1 1 1063 1157 1412 1649
3313 4 2 1 1 1133 1455 1460 1648
3314 4 2 1 1 1055 1193 1808 1852
3315 4 2 1 1 1141 1120 1498 1826
3316 4 2 1 1 1092 1190 1310 1625
3317 4 2 1 1 573 1280 1531 1838
3318 4 2 1 1 776 1339 1559 1869
3319 4 2 1 1 930 1440 937 1760
3320 4 2 1 1 1102 1347 1242 1725
3321 4 2 1 1 1169 1090 1218 1840
3322 4 2 1 1 1083 1443 1152 1891
3323 4 2 1 1 666 1401 676 1515
3324 4 2 1 1 1050 1777 1520 1859
3325 4 2 1 1 1082 1261 1456 1720
3326 4 2 1 1 1337 1456 1261 1720
3327 4 2 1 1 1385 1649 1266 1712
3328 4 2 1 1 1223 1772 1170 1799
3329 4 2 1 1 1262 1263 1065 1439
3330 4 2 1 1 1038 1390 1389 1451
3331 4 2 1 1 1144 1770 1126 1782
3332 4 2 1 1 882 857 749 1263
3333 4 2 1 1 1055 1354 1216 1592
3334 4 2 1 1 555 483 479 1157
3335 4 2 1 1 632 704 628 1159
3336 4 2 1 1 1244 1284 1067 1432
3337 4 2 1 1 676 1254 677 1836
3338 4 2 1 1 1260 1265 1069 1793
3339 4 2 1 1 559 499 540 1435
3340 4 2 1 1 441 1162 291 1475
3341 4 2 1 1 1302 1369 817 1584
3342 4 2 1 1 190 1220 183 1572
3343 4 2 1 1 349 350 1141 1540
3344 4 2 1 1 1223 1352 1076 1799
3345 4 2 1 1 1085 1237 1443 1891
3346 4 2 1 1 1068 1277 1247 1419
3347 4 2 1 1 774 1340 848 1624
3348 4 2 1 1 624 1143 1430 1874
3349 4 2 1 1 159 1499 1348 1709
3350 4 2 1 1 216 267 1166 1497
3351 4 2 1 1 1043 1237 1460 1703
3352 4 2 1 1 1197 1533 1329 1881
3353 4 2 1 1 294 1178 418 1472
3354 4 2 1 1 1306 1429 1231 1789
3355 4 2 1 1 1228 1342 1172 1390
3356 4 2 1 1 1173 1408 1302 1619
3357 4 2 1 1 1043 1433 1460 1721
3358 4 2 1 1 879 1476 263 1787
3359 4 2 1 1 704 636 1470 1602
3360 4 2 1 1 1203 1070 1319 1396
3361 4 2 1 1 1296 1439 1263 1710
3362 4 2 1 1 1116 1304 1452 1550
3363 4 2 1 1 1074 1315 1325 1332
3364 4 2 1 1 1051 1177 1686 1770
3365 4 2 1 1 1119 1307 1153 1620
3366 4 2 1 1 809 1565 1262 1600
3367 4 2 1 1 981 1257 960 1746
3368 4 2 1 1 912 1185 1603 1794
3369 4 2 1 1 1278 1358 1037 1506
3370 4 2 1 1 284 262 154 1285
3371 4 2 1 1 1247 1424 1295 1802
3372 4 2 1 1 1065 1450 1262 1506
3373 4 2 1 1 624 1465 1143 1874
3374 4 2 1 1 1247 1068 1295 1424
3375 4 2 1 1 520 521 522 1261
3376 4 2 1 1 1050 1453 1225 1858
3377 4 2 1 1 1538 1638 1100 1699
3378 4 2 1 1 475 1347 1142 1434
3379 4 2 1 1 418 294 422 1178
3380 4 2 1 1 902 938 1254 1836
3381 4 2 1 1 1273 1440 1285 1751
3382 4 2 1 1 543 240 1255 1483
3383 4 2 1 1 1311 1348 158 1499
3384 4 2 1 1 1173 1497 266 1830
3385 4 2 1 1 1455 1574 1108 1648
3386 4 2 1 1 530 582 435 1231
3387 4 2 1 1 1062 1259 1231 1429
3388 4 2 1 1 1155 1133 1423 1814
3389 4 2 1 1 483 1157 555 1531
3390 4 2 1 1 801 1169 826 1820
3391 4 2 1 1 333 342 1272 1548
3392 4 2 1 1 384 406 1429 1789
3393 4 2 1 1 392 1331 1230 1541
3394 4 2 1 1 1087 1353 1177 1705
3395 4 2 1 1 1098 1739 1454 1893
3396 4 2 1 1 1302 1584 1173 1619
3397 4 2 1 1 1054 1208 1421 1804
3398 4 2 1 1 1062 1389 1451 1904
3399 4 2 1 1 1130 1556 1364 1864
3400 4 2 1 1 1167 1510 1082 1573
3401 4 2 1 1 1203 1070 1376 1598
3402 4 2 1 1 423 1263 749 1710
3403 4 2 1 1 1190 1087 1625 1817
3404 4 2 1 1 1125 1505 1253 1777
3405 4 2 1 1 1234 251 1572 1675
3406 4 2 1 1 1366 1538 1124 1638
3407 4 2 1 1 776 1339 1235 1559
3408 4 2 1 1 1135 1314 1180 1862
3409 4 2 1 1 1038 1573 1546 1831
3410 4 2 1 1 1130 1391 1556 1864
3411 4 2 1 1 1040 1452 1270 1599
3412 4 2 1 1 1263 1450 638 1755
3413 4 2 1 1 490 1248 485 1466
3414 4 2 1 1 1209 1625 1087 1817
3415 4 2 1 1 416 417 1385 1405
3416 4 2 1 1 1269 1467 1346 1586
3417 4 2 1 1 619 622 1430 1633
3418 4 2 1 1 1314 1348 1180 1862
3419 4 2 1 1 1055 1250 1594 1810
3420 4 2 1 1 410 368 367 1469
3421 4 2 1 1 1040 1294 1203 1509
3422 4 2 1 1 553 1142 475 1456
3423 4 2 1 1 1190 1625 1209 1817
3424 4 2 1 1 1290 1686 1177 1770
3425 4 2 1 1 1077 1804 1447 1882
3426 4 2 1 1 1180 1381 1058 1700
3427 4 2 1 1 1160 1454 1739 1893
3428 4 2 1 1 986 1575 1344 1889
3429 4 2 1 1 1265 1427 492 1875
3430 4 2 1 1 758 1153 778 1527
3431 4 2 1 1 496 500 1144 1846
3432 4 2 1 1 370 371 1432 1758
3433 4 2 1 1 460 1378 1321 1843
3434 4 2 1 1 1235 1606 1194 1770
3435 4 2 1 1 628 1159 704 1430
3436 4 2 1 1 632 1450 1159 1514
3437 4 2 1 1 1247 1267 1068 1424
3438 4 2 1 1 1168 1093 1298 1616
3439 4 2 1 1 1071 1297 1212 1312
3440 4 2 1 1 1037 1278 1150 1762
3441 4 2 1 1 630 1514 1217 1676
3442 4 2 1 1 1302 1408 1173 1584
3443 4 2 1 1 479 555 1157 1434
3444 4 2 1 1 206 1553 1383 1597
3445 4 2 1 1 1118 1243 1210 1444
3446 4 2 1 1 159 158 1348 1499
3447 4 2 1 1 507 560 1427 1850
3448 4 2 1 1 1050 1278 1453 1858
3449 4 2 1 1 1168 1722 1122 1795
3450 4 2 1 1 553 1337 1142 1456
3451 4 2 1 1 1164 1053 1286 1631
3452 4 2 1 1 1074 1325 1315 1611
3453 4 2 1 1 1237 1299 1085 1351
3454 4 2 1 1 334 331 1239 1690
3455 4 2 1 1 661 625 1612 1771
3456 4 2 1 1 469 470 472 1242
3457 4 2 1 1 1074 1288 1325 1611
3458 4 2 1 1 1127 1335 1144 1806
3459 4 2 1 1 1078 1235 1339 1345
3460 4 2 1 1 1053 1183 1349 1744
3461 4 2 1 1 191 1134 1411 1830
3462 4 2 1 1 518 520 516 1261
3463 4 2 1 1 996 1029 412 1244
3464 4 2 1 1 907 1380 1164 1631
3465 4 2 1 1 1146 1294 1053 1467
3466 4 2 1 1 1138 1270 1452 1599
3467 4 2 1 1 248 184 1564 1849
3468 4 2 1 1 1051 1235 1215 1559
3469 4 2 1 1 609 1374 1330 1765
3470 4 2 1 1 1383 1597 1186 1868
3471 4 2 1 1 336 1405 1139 1521
3472 4 2 1 1 1172 1251 1226 1815
3473 4 2 1 1 356 1826 1393 1865
3474 4 2 1 1 1172 1081 1251 1815
3475 4 2 1 1 1177 1422 1290 1770
3476 4 2 1 1 164 163 162 1180
3477 4 2 1 1 1084 1188 1229 1811
3478 4 2 1 1 1135 1348 1314 1862
3479 4 2 1 1 1149 1439 794 1565
3480 4 2 1 1 1124 1451 1538 1904
3481 4 2 1 1 333 1272 398 1486
3482 4 2 1 1 1085 1332 1275 1891
3483 4 2 1 1 514 550 1167 1510
3484 4 2 1 1 1345 1496 1090 1773
3485 4 2 1 1 1145 1473 1052 1738
3486 4 2 1 1 1230 1331 1224 1541
3487 4 2 1 1 1157 483 1412 1531
3488 4 2 1 1 907 909 1164 1447
3489 4 2 1 1 855 881 271 1247
3490 4 2 1 1 1077 1185 1359 1794
3491 4 2 1 1 1082 1456 1261 1596
3492 4 2 1 1 801 808 826 1169
3493 4 2 1 1 164 1180 162 1437
3494 4 2 1 1 1141 1281 1089 1409
3495 4 2 1 1 1060 1156 1239 1739
3496 4 2 1 1 1143 1333 1101 1897
3497 4 2 1 1 1172 1052 1390 1560
3498 4 2 1 1 581 1435 562 1809
3499 4 2 1 1 560 492 1427 1875
3500 4 2 1 1 532 552 1510 1596
3501 4 2 1 1 804 1439 1262 1565
3502 4 2 1 1 222 221 1419 1797
3503 4 2 1 1 517 1327 516 1516
3504 4 2 1 1 842 777 781 1776
3505 4 2 1 1 1169 1340 1090 1840
3506 4 2 1 1 714 1450 1262 1755
3507 4 2 1 1 1114 1228 1390 1573
3508 4 2 1 1 1237 1085 1477 1891
3509 4 2 1 1 1102 1142 1434 1461
3510 4 2 1 1 1140 1500 1458 1821
3511 4 2 1 1 1075 1207 1299 1351
3512 4 2 1 1 335 1550 1872 1893
3513 4 2 1 1 1122 1173 1592 1716
3514 4 2 1 1 981 1257 1746 1845
3515 4 2 1 1 1224 1519 1056 1541
3516 4 2 1 1 1170 1352 1223 1799
3517 4 2 1 1 410 367 408 1192
3518 4 2 1 1 1081 1357 1222 1719
3519 4 2 1 1 745 598 1267 1892
3520 4 2 1 1 973 1415 1364 1864
3521 4 2 1 1 853 1424 754 1798
3522 4 2 1 1 1111 1417 1294 1515
3523 4 2 1 1 1138 665 1428 1515
3524 4 2 1 1 569 1206 478 1679
3525 4 2 1 1 1238 1161 1449 1863
3526 4 2 1 1 1259 1400 1231 1825
3527 4 2 1 1 286 584 883 1260
3528 4 2 1 1 1046 1353 1212 1705
3529 4 2 1 1 1188 1501 1229 1811
3530 4 2 1 1 1283 722 1602 1750
3531 4 2 1 1 1074 1325 1223 1805
3532 4 2 1 1 1137 1406 992 1431
3533 4 2 1 1 1014 1431 942 1658
3534 4 2 1 1 1085 1332 1297 1508
3535 4 2 1 1 994 1384 997 1724
3536 4 2 1 1 1140 1468 1256 1823
3537 4 2 1 1 1140 1458 842 1776
3538 4 2 1 1 1531 1601 1280 1649
3539 4 2 1 1 1294 1417 1138 1515
3540 4 2 1 1 1322 1368 1073 1813
3541 4 2 1 1 731 303 436 1244
3542 4 2 1 1 1183 1111 1448 1631
3543 4 2 1 1 1083 1275 1180 1636
3544 4 2 1 1 191 198 1497 1830
3545 4 2 1 1 559 1313 1170 1518
3546 4 2 1 1 787 1189 738 1442
3547 4 2 1 1 1097 1148 1361 1664
3548 4 2 1 1 944 1657 1360 1732
3549 4 2 1 1 1148 1440 929 1575
3550 4 2 1 1 267 264 216 1166
3551 4 2 1 1 1138 1079 1428 1873
3552 4 2 1 1 1042 1288 1462 1517
3553 4 2 1 1 1205 1314 1109 1661
3554 4 2 1 1 1338 1572 190 1675
3555 4 2 1 1 1039 1314 1275 1636
3556 4 2 1 1 1122 1592 1173 1619
3557 4 2 1 1 1063 1280 1601 1649
3558 4 2 1 1 1226 1558 1172 1743
3559 4 2 1 1 360 426 1162 1557
3560 4 2 1 1 960 963 1377 1589
3561 4 2 1 1 1215 1559 1339 1869
3562 4 2 1 1 251 190 1572 1675
3563 4 2 1 1 1230 1331 392 1734
3564 4 2 1 1 1078 1168 1493 1795
3565 4 2 1 1 933 1248 1011 1761
3566 4 2 1 1 787 843 738 1189
3567 4 2 1 1 1057 1174 1665 1807
3568 4 2 1 1 997 1183 1384 1894
3569 4 2 1 1 1170 1223 1352 1570
3570 4 2 1 1 792 794 1149 1555
3571 4 2 1 1 1073 1463 1368 1867
3572 4 2 1 1 1058 1381 1271 1700
3573 4 2 1 1 1014 925 942 1431
3574 4 2 1 1 1190 1646 1087 1705
3575 4 2 1 1 1124 1365 1259 1732
3576 4 2 1 1 1126 1488 1144 1782
3577 4 2 1 1 1168 1354 1122 1722
3578 4 2 1 1 929 1148 991 1643
3579 4 2 1 1 1124 1365 1287 1451
3580 4 2 1 1 872 799 1178 1472
3581 4 2 1 1 1152 1058 1700 1891
3582 4 2 1 1 1198 1461 1300 1652
3583 4 2 1 1 1089 1281 1141 1674
3584 4 2 1 1 1043 1460 1433 1703
3585 4 2 1 1 1309 1546 1228 1573
3586 4 2 1 1 1277 1418 1247 1797
3587 4 2 1 1 1132 1655 1425 1785
3588 4 2 1 1 1043 1372 1232 1423
3589 4 2 1 1 836 1424 853 1802
3590 4 2 1 1 1133 1420 1091 1703
3591 4 2 1 1 764 763 1373 1644
3592 4 2 1 1 1223 1325 1059 1386
3593 4 2 1 1 1061 1238 1158 1449
3594 4 2 1 1 1372 1423 1133 1814
3595 4 2 1 1 1260 1427 1265 1875
3596 4 2 1 1 1043 1243 1269 1586
3597 4 2 1 1 1333 1561 1101 1897
3598 4 2 1 1 1040 1293 1421 1804
3599 4 2 1 1 1052 1274 1214 1738
3600 4 2 1 1 1038 1389 1390 1573
3601 4 2 1 1 1171 1320 1191 1537
3602 4 2 1 1 697 688 588 1887
3603 4 2 1 1 1258 1344 1147 1381
3604 4 2 1 1 1052 1214 1274 1856
3605 4 2 1 1 509 262 583 1285
3606 4 2 1 1 400 1550 1304 1715
3607 4 2 1 1 1075 1299 1207 1689
3608 4 2 1 1 1164 1582 1053 1631
3609 4 2 1 1 1039 1275 1205 1903
3610 4 2 1 1 739 1178 872 1820
3611 4 2 1 1 1560 1617 1145 1639
3612 4 2 1 1 1042 1462 1335 1517
3613 4 2 1 1 1160 1098 1454 1893
3614 4 2 1 1 340 1409 1326 1626
3615 4 2 1 1 1263 1439 1262 1755
3616 4 2 1 1 1037 1762 1329 1881
3617 4 2 1 1 270 197 1476 1576
3618 4 2 1 1 1056 1169 1256 1708
3619 4 2 1 1 241 275 1338 1563
3620 4 2 1 1 593 741 1262 1600
3621 4 2 1 1 1099 1411 1220 1572
3622 4 2 1 1 714 1262 713 1600
3623 4 2 1 1 683 1448 1515 1888
3624 4 2 1 1 1382 1408 1069 1793
3625 4 2 1 1 1049 1359 1794 1833
3626 4 2 1 1 1287 1365 1222 1824
3627 4 2 1 1 1097 1361 1205 1664
3628 4 2 1 1 737 862 847 1482
3629 4 2 1 1 1095 1543 1459 1691
3630 4 2 1 1 1501 1713 1229 1811
3631 4 2 1 1 313 1366 1245 1659
3632 4 2 1 1 1115 1528 1336 1564
3633 4 2 1 1 1055 1168 1250 1583
3634 4 2 1 1 704 707 1430 1470
3635 4 2 1 1 1144 1422 1206 1770
3636 4 2 1 1 1142 1082 1436 1456
3637 4 2 1 1 1169 1458 774 1468
3638 4 2 1 1 1061 1605 1158 1660
3639 4 2 1 1 606 1384 1628 1670
3640 4 2 1 1 1201 1237 1085 1477
3641 4 2 1 1 524 1337 1162 1474
3642 4 2 1 1 1275 1477 1205 1903
3643 4 2 1 1 1095 1323 1392 1756
3644 4 2 1 1 1118 1444 1210 1744
3645 4 2 1 1 906 1380 1137 1447
3646 4 2 1 1 1173 1382 290 1623
3647 4 2 1 1 929 991 1148 1575
3648 4 2 1 1 1172 1052 1560 1743
3649 4 2 1 1 425 1163 396 1899
3650 4 2 1 1 1190 1310 1087 1646
3651 4 2 1 1 1422 1524 1105 1846
3652 4 2 1 1 1078 1354 1168 1722
3653 4 2 1 1 1329 1533 1188 1881
3654 4 2 1 1 158 1348 1311 1494
3655 4 2 1 1 485 490 541 1248
3656 4 2 1 1 290 1623 1382 1793
3657 4 2 1 1 1546 1609 1318 1866
3658 4 2 1 1 1160 1098 1367 1421
3659 4 2 1 1 802 744 854 1296
3660 4 2 1 1 1040 1421 1341 1804
3661 4 2 1 1 1198 1652 1300 1870
3662 4 2 1 1 505 1194 442 1567
3663 4 2 1 1 1064 1257 1241 1746
3664 4 2 1 1 1263 1283 1065 1393
3665 4 2 1 1 369 370 1432 1779
3666 4 2 1 1 497 1144 500 1488
3667 4 2 1 1 704 1430 1159 1602
3668 4 2 1 1 1490 1561 1197 1897
3669 4 2 1 1 1110 1256 1468 1823
3670 4 2 1 1 909 1164 1447 1844
3671 4 2 1 1 406 308 1429 1825
3672 4 2 1 1 1142 1198 1436 1720
3673 4 2 1 1 1158 1605 1272 1660
3674 4 2 1 1 1144 1782 1427 1806
3675 4 2 1 1 1160 1098 1421 1454
3676 4 2 1 1 452 286 156 1260
3677 4 2 1 1 805 1262 1439 1755
3678 4 2 1 1 1272 1548 342 1557
3679 4 2 1 1 794 792 1149 1565
3680 4 2 1 1 1079 1465 1175 1714
3681 4 2 1 1 1082 1142 1436 1720
3682 4 2 1 1 1255 1127 1338 1650
3683 4 2 1 1 1277 1528 1419 1749
3684 4 2 1 1 1090 1340 1169 1624
3685 4 2 1 1 1460 1648 1433 1703
3686 4 2 1 1 407 1245 1367 1668
3687 4 2 1 1 1068 1247 1295 1419
3688 4 2 1 1 1051 1686 1290 1770
3689 4 2 1 1 1123 1341 1160 1421
3690 4 2 1 1 1162 360 1557 1660
3691 4 2 1 1 911 1185 913 1556
3692 4 2 1 1 164 163 1180 1700
3693 4 2 1 1 1077 1208 1804 1882
3694 4 2 1 1 270 197 204 1476
3695 4 2 1 1 1118 1257 1628 1670
3696 4 2 1 1 1146 1599 1294 1694
3697 4 2 1 1 302 880 391 1472
3698 4 2 1 1 603 734 305 1263
3699 4 2 1 1 265 222 1419 1802
3700 4 2 1 1 1137 1509 1447 1582
3701 4 2 1 1 1158 1238 1061 1660
3702 4 2 1 1 1160 1872 1550 1893
3703 4 2 1 1 514 476 1375 1747
3704 4 2 1 1 1038 1287 1699 1824
3705 4 2 1 1 1354 1479 1216 1592
3706 4 2 1 1 1321 1640 1489 1701
3707 4 2 1 1 1060 1630 1197 1783
3708 4 2 1 1 817 1302 818 1369
3709 4 2 1 1 416 1385 417 1854
3710 4 2 1 1 1138 1428 665 1873
3711 4 2 1 1 1157 1412 483 1608
3712 4 2 1 1 803 1178 294 1472
3713 4 2 1 1 1007 1440 1273 1751
3714 4 2 1 1 1239 1872 1160 1893
3715 4 2 1 1 1057 1665 1232 1807
3716 4 2 1 1 634 1384 606 1670
3717 4 2 1 1 1017 1301 1226 1473
3718 4 2 1 1 763 764 765 1644
3719 4 2 1 1 1152 1420 250 1700
3720 4 2 1 1 1142 1652 1198 1720
3721 4 2 1 1 1203 1319 1070 1598
3722 4 2 1 1 1185 1391 913 1556
3723 4 2 1 1 516 1510 515 1516
3724 4 2 1 1 1320 1441 1191 1837
3725 4 2 1 1 1146 1073 1463 1813
3726 4 2 1 1 1042 1310 1290 1722
3727 4 2 1 1 1427 1782 1069 1806
3728 4 2 1 1 722 1471 1470 1602
3729 4 2 1 1 1261 1337 1282 1717
3730 4 2 1 1 837 858 835 1594
3731 4 2 1 1 500 501 1488 1567
3732 4 2 1 1 1138 1294 1428 1599
3733 4 2 1 1 1084 1197 1653 1881
3734 4 2 1 1 1163 1326 1060 1630
3735 4 2 1 1 1183 1612 1349 1744
3736 4 2 1 1 632 704 1159 1602
3737 4 2 1 1 1145 1516 1375 1766
3738 4 2 1 1 1273 1489 456 1751
3739 4 2 1 1 805 1262 804 1439
3740 4 2 1 1 836 1295 1424 1802
3741 4 2 1 1 358 415 356 1393
3742 4 2 1 1 1145 1114 1516 1766
3743 4 2 1 1 968 1415 973 1864
3744 4 2 1 1 947 1357 1222 1781
3745 4 2 1 1 1083 1234 1325 1386
3746 4 2 1 1 1078 1493 1369 1795
3747 4 2 1 1 819 817 1369 1584
3748 4 2 1 1 1144 1335 1782 1806
3749 4 2 1 1 922 1164 1578 1631
3750 4 2 1 1 1070 1299 1346 1689
3751 4 2 1 1 1316 1421 1054 1792
3752 4 2 1 1 1046 1312 1352 1457
3753 4 2 1 1 1011 933 1008 1248
3754 4 2 1 1 1224 1519 1742 1769
3755 4 2 1 1 1511 1620 1307 1810
3756 4 2 1 1 1132 1808 1193 1852
3757 4 2 1 1 1199 1544 618 1633
3758 4 2 1 1 1141 1393 349 1540
3759 4 2 1 1 479 1434 1157 1608
3760 4 2 1 1 1226 1301 1017 1558
3761 4 2 1 1 1412 1531 483 1649
3762 4 2 1 1 1180 1534 1437 1700
3763 4 2 1 1 1050 1225 1647 1858
3764 4 2 1 1 1480 1739 1098 1893
3765 4 2 1 1 1111 1380 1137 1614
3766 4 2 1 1 1099 1774 1411 1808
3767 4 2 1 1 1152 1700 1180 1891
3768 4 2 1 1 1350 1500 1256 1504
3769 4 2 1 1 894 149 1311 1760
3770 4 2 1 1 646 1418 1154 1492
3771 4 2 1 1 632 1159 628 1514
3772 4 2 1 1 1125 1424 1267 1892
3773 4 2 1 1 350 404 1409 1734
3774 4 2 1 1 1073 1146 1467 1813
3775 4 2 1 1 738 1189 591 1442
3776 4 2 1 1 1188 1072 1229 1501
3777 4 2 1 1 717 720 630 1676
3778 4 2 1 1 1163 1471 396 1899
3779 4 2 1 1 1099 1216 1774 1808
3780 4 2 1 1 752 883 584 1260
3781 4 2 1 1 1274 1791 1581 1856
3782 4 2 1 1 1062 1389 1161 1753
3783 4 2 1 1 162 1437 1180 1862
3784 4 2 1 1 1304 1432 371 1758
3785 4 2 1 1 909 922 907 1164
3786 4 2 1 1 416 363 417 1405
3787 4 2 1 1 1172 1558 1251 1833
3788 4 2 1 1 1055 1354 1168 1583
3789 4 2 1 1 680 664 683 1515
3790 4 2 1 1 1123 1160 1367 1421
3791 4 2 1 1 666 676 683 1515
3792 4 2 1 1 739 1414 1178 1820
3793 4 2 1 1 1194 1567 1679 1770
3794 4 2 1 1 1053 1164 1286 1684
3795 4 2 1 1 673 1470 1163 1874
3796 4 2 1 1 244 1655 1411 1785
3797 4 2 1 1 1137 1417 1509 1582
3798 4 2 1 1 805 804 1262 1755
3799 4 2 1 1 1240 1538 1100 1699
3800 4 2 1 1 1178 1414 422 1704
3801 4 2 1 1 1104 1358 1281 1630
3802 4 2 1 1 1049 1185 1580 1833
3803 4 2 1 1 1263 1450 1283 1801
3804 4 2 1 1 1160 1739 1239 1893
3805 4 2 1 1 995 1556 1364 1578
3806 4 2 1 1 741 712 593 1755
3807 4 2 1 1 859 1250 868 1616
3808 4 2 1 1 1543 1604 1193 1691
3809 4 2 1 1 350 1540 403 1734
3810 4 2 1 1 384 1429 1306 1789
3811 4 2 1 1 1281 1326 1104 1630
3812 4 2 1 1 1078 1298 1168 1354
3813 4 2 1 1 721 1163 673 1470
3814 4 2 1 1 1375 1610 1248 1738
3815 4 2 1 1 1080 1213 1293 1316
3816 4 2 1 1 1080 1293 1359 1445
3817 4 2 1 1 944 1192 1016 1360
3818 4 2 1 1 1178 418 1472 1618
3819 4 2 1 1 273 142 211 1184
3820 4 2 1 1 199 1252 186 1785
3821 4 2 1 1 1239 1454 1270 1739
3822 4 2 1 1 426 291 1162 1475
3823 4 2 1 1 524 1162 572 1474
3824 4 2 1 1 1061 1272 1605 1660
3825 4 2 1 1 1172 1560 1226 1743
3826 4 2 1 1 527 534 1196 1516
3827 4 2 1 1 196 1635 1502 1698
3828 4 2 1 1 497 496 500 1144
3829 4 2 1 1 1058 1147 1271 1381
3830 4 2 1 1 1236 1324 1072 1778
3831 4 2 1 1 1322 1731 1368 1813
3832 4 2 1 1 1209 1087 1625 1687
3833 4 2 1 1 981 960 1257 1845
3834 4 2 1 1 872 739 803 1178
3835 4 2 1 1 286 452 584 1260
3836 4 2 1 1 1062 1196 1327 1622
3837 4 2 1 1 1130 1580 1530 1721
3838 4 2 1 1 1116 1138 1452 1503
3839 4 2 1 1 1082 1261 1510 1596
3840 4 2 1 1 1058 1661 1180 1891
3841 4 2 1 1 1291 1688 1317 1752
3842 4 2 1 1 1303 1350 1209 1687
3843 4 2 1 1 290 266 247 1830
3844 4 2 1 1 521 1261 1579 1736
3845 4 2 1 1 1129 1665 1423 1814
3846 4 2 1 1 1093 1505 1253 1527
3847 4 2 1 1 1038 1282 1573 1831
3848 4 2 1 1 1070 1346 1204 1689
3849 4 2 1 1 1275 1314 1205 1661
3850 4 2 1 1 1128 1581 1791 1799
3851 4 2 1 1 443 455 889 1751
3852 4 2 1 1 1102 1157 1434 1608
3853 4 2 1 1 1281 1490 1197 1630
3854 4 2 1 1 1041 1193 1291 1459
3855 4 2 1 1 1107 1188 1329 1784
3856 4 2 1 1 1235 1339 776 1800
3857 4 2 1 1 408 1360 1192 1438
3858 4 2 1 1 1097 1558 1361 1643
3859 4 2 1 1 475 1142 558 1434
3860 4 2 1 1 1115 1492 1277 1642
3861 4 2 1 1 744 1472 302 1865
3862 4 2 1 1 467 1176 1347 1775
3863 4 2 1 1 537 1435 1165 1640
3864 4 2 1 1 1040 1454 1213 1733
3865 4 2 1 1 932 1183 1448 1631
3866 4 2 1 1 1179 1340 765 1644
3867 4 2 1 1 1073 1368 1463 1813
3868 4 2 1 1 1299 1586 1346 1637
3869 4 2 1 1 646 649 1154 1536
3870 4 2 1 1 1157 1279 1461 1513
3871 4 2 1 1 1151 1576 1419 1620
3872 4 2 1 1 1130 1530 1364 1721
3873 4 2 1 1 1036 1588 1370 1683
3874 4 2 1 1 603 715 734 1263
3875 4 2 1 1 646 1154 649 1706
3876 4 2 1 1 1139 1405 336 1548
3877 4 2 1 1 1185 1794 1251 1833
3878 4 2 1 1 191 244 1411 1785
3879 4 2 1 1 1172 1743 1558 1833
3880 4 2 1 1 586 1313 559 1518
3881 4 2 1 1 1233 1423 1155 1502
3882 4 2 1 1 737 865 862 1194
3883 4 2 1 1 1516 1145 1617 1639
3884 4 2 1 1 305 437 423 1263
3885 4 2 1 1 699 1714 1146 1771
3886 4 2 1 1 929 1148 924 1535
3887 4 2 1 1 1173 1069 1382 1408
3888 4 2 1 1 1065 1263 1262 1450
3889 4 2 1 1 1050 1647 1278 1858
3890 4 2 1 1 422 418 1178 1618
3891 4 2 1 1 1271 1381 259 1700
3892 4 2 1 1 1128 1581 1387 1791
3893 4 2 1 1 1516 1617 1196 1639
3894 4 2 1 1 1124 1259 1671 1732
3895 4 2 1 1 550 1596 1487 1747
3896 4 2 1 1 1411 1572 1356 1655
3897 4 2 1 1 261 208 1241 1553
3898 4 2 1 1 558 1142 553 1474
3899 4 2 1 1 1228 1071 1342 1546
3900 4 2 1 1 1136 1560 1390 1639
3901 4 2 1 1 1282 1337 1261 1720
3902 4 2 1 1 592 1628 893 1845
3903 4 2 1 1 487 1531 555 1828
3904 4 2 1 1 1057 1233 1634 1663
3905 4 2 1 1 527 1196 1590 1622
3906 4 2 1 1 456 557 1489 1818
3907 4 2 1 1 1012 889 455 1751
3908 4 2 1 1 1346 1595 1322 1645
3909 4 2 1 1 842 1458 1140 1468
3910 4 2 1 1 1109 1258 1344 1575
3911 4 2 1 1 1258 1381 1058 1661
3912 4 2 1 1 1163 1060 1326 1690
3913 4 2 1 1 302 744 880 1472
3914 4 2 1 1 809 1262 804 1600
3915 4 2 1 1 1233 1564 248 1698
3916 4 2 1 1 1291 1107 1688 1752
3917 4 2 1 1 1214 1610 1375 1738
3918 4 2 1 1 1114 1390 1228 1766
3919 4 2 1 1 1298 1373 1093 1568
3920 4 2 1 1 1091 1423 1233 1502
3921 4 2 1 1 1267 1424 1247 1798
3922 4 2 1 1 1093 1250 1168 1583
3923 4 2 1 1 1049 1200 1319 1532
3924 4 2 1 1 1132 1543 1425 1655
3925 4 2 1 1 1049 1319 1359 1532
3926 4 2 1 1 186 1252 185 1696
3927 4 2 1 1 1169 1468 826 1820
3928 4 2 1 1 1317 1688 1107 1752
3929 4 2 1 1 859 1527 1250 1616
3930 4 2 1 1 1062 1306 1231 1622
3931 4 2 1 1 174 1356 1572 1655
3932 4 2 1 1 1236 1303 1072 1350
3933 4 2 1 1 1212 1297 1071 1318
3934 4 2 1 1 1247 1419 1277 1797
3935 4 2 1 1 1502 1635 1155 1698
3936 4 2 1 1 1073 1243 1210 1374
3937 4 2 1 1 1100 1449 1161 1538
3938 4 2 1 1 1085 1207 1297 1780
3939 4 2 1 1 1160 1452 1432 1550
3940 4 2 1 1 1435 1799 1378 1809
3941 4 2 1 1 1564 1634 1233 1663
3942 4 2 1 1 1151 1749 1528 1829
3943 4 2 1 1 1038 1390 1451 1824
3944 4 2 1 1 1224 1519 1541 1704
3945 4 2 1 1 590 1163 721 1471
3946 4 2 1 1 1070 1203 1376 1694
3947 4 2 1 1 223 249 1425 1785
3948 4 2 1 1 1177 1051 1569 1770
3949 4 2 1 1 1045 1308 1182 1549
3950 4 2 1 1 251 173 1356 1572
3951 4 2 1 1 1083 1325 1234 1803
3952 4 2 1 1 489 1266 1649 1712
3953 4 2 1 1 1077 1509 1447 1804
3954 4 2 1 1 1285 1311 1066 1494
3955 4 2 1 1 509 583 453 1285
3956 4 2 1 1 191 1411 187 1830
3957 4 2 1 1 512 1375 1214 1610
3958 4 2 1 1 223 1655 244 1785
3959 4 2 1 1 478 1206 569 1695
3960 4 2 1 1 441 572 1162 1475
3961 4 2 1 1 778 1153 758 1566
3962 4 2 1 1 1358 1490 1159 1857
3963 4 2 1 1 1424 1566 1125 1577
3964 4 2 1 1 1190 1087 1310 1625
3965 4 2 1 1 1238 1660 1158 1834
3966 4 2 1 1 153 658 732 1241
3967 4 2 1 1 1036 1500 1350 1504
3968 4 2 1 1 1325 1386 1234 1803
3969 4 2 1 1 1061 1413 1198 1720
3970 4 2 1 1 1117 1261 1282 1717
3971 4 2 1 1 655 1189 719 1379
3972 4 2 1 1 1322 1346 1232 1595
3973 4 2 1 1 1130 1361 1205 1525
3974 4 2 1 1 932 997 1183 1631
3975 4 2 1 1 1131 1253 1211 1859
3976 4 2 1 1 1525 1580 1391 1833
3977 4 2 1 1 924 1148 929 1643
3978 4 2 1 1 1168 1250 1093 1616
3979 4 2 1 1 1356 1411 1099 1572
3980 4 2 1 1 196 209 1635 1698
3981 4 2 1 1 1207 1299 1085 1689
3982 4 2 1 1 1471 1602 722 1750
3983 4 2 1 1 1075 1595 1346 1645
3984 4 2 1 1 1128 1791 1378 1799
3985 4 2 1 1 1072 1478 1334 1881
3986 4 2 1 1 1140 1513 1398 1823
3987 4 2 1 1 1087 1646 1310 1686
3988 4 2 1 1 1069 1302 1408 1619
3989 4 2 1 1 489 1712 1649 1841
3990 4 2 1 1 1294 1509 1417 1582
3991 4 2 1 1 793 794 1439 1565
3992 4 2 1 1 1261 1327 1114 1510
3993 4 2 1 1 1297 1508 1332 1780
3994 4 2 1 1 1144 1427 497 1552
3995 4 2 1 1 1152 1091 1443 1662
3996 4 2 1 1 548 1255 1650 1754
3997 4 2 1 1 274 218 277 1528
3998 4 2 1 1 650 1441 649 1536
3999 4 2 1 1 1111 1582 1380 1631
4000 4 2 1 1 1129 1423 1372 1814
4001 4 2 1 1 921 917 1361 1391
4002 4 2 1 1 1142 1082 1456 1720
4003 4 2 1 1 506 570 1194 1388
4004 4 2 1 1 1321 1489 557 1818
4005 4 2 1 1 1411 1655 1132 1785
4006 4 2 1 1 188 185 1151 1696
4007 4 2 1 1 1235 1559 1194 1606
4008 4 2 1 1 496 1144 497 1552
4009 4 2 1 1 1349 1448 1111 1515
4010 4 2 1 1 747 1173 152 1623
4011 4 2 1 1 1234 1675 1059 1772
4012 4 2 1 1 324 1245 407 1668
4013 4 2 1 1 313 1245 324 1659
4014 4 2 1 1 1284 1432 1244 1779
4015 4 2 1 1 1138 1428 1079 1599
4016 4 2 1 1 948 947 1222 1481
4017 4 2 1 1 1248 1375 1145 1767
4018 4 2 1 1 1083 1356 1234 1437
4019 4 2 1 1 1135 1386 1234 1437
4020 4 2 1 1 602 898 1241 1845
4021 4 2 1 1 1107 1150 1571 1748
4022 4 2 1 1 741 807 712 1755
4023 4 2 1 1 1076 1352 1457 1487
4024 4 2 1 1 1394 1577 1154 1685
4025 4 2 1 1 944 1192 1360 1657
4026 4 2 1 1 1176 1457 1352 1487
4027 4 2 1 1 822 1166 1416 1594
4028 4 2 1 1 1205 1361 1097 1525
4029 4 2 1 1 1398 1513 1063 1823
4030 4 2 1 1 605 1446 1257 1845
4031 4 2 1 1 1201 1484 1096 1580
4032 4 2 1 1 1041 1317 1291 1688
4033 4 2 1 1 245 1356 166 1534
4034 4 2 1 1 456 1489 1273 1818
4035 4 2 1 1 1070 1319 1396 1484
4036 4 2 1 1 631 1450 632 1514
4037 4 2 1 1 1231 1429 1259 1825
4038 4 2 1 1 1065 1262 1439 1506
4039 4 2 1 1 1199 1333 1175 1561
4040 4 2 1 1 1177 1569 1206 1770
4041 4 2 1 1 403 1540 1230 1734
4042 4 2 1 1 553 558 475 1142
4043 4 2 1 1 1290 1310 1078 1722
4044 4 2 1 1 745 832 723 1442
4045 4 2 1 1 175 1271 259 1700
4046 4 2 1 1 1190 1404 1209 1625
4047 4 2 1 1 408 1192 367 1591
4048 4 2 1 1 628 1159 1430 1876
4049 4 2 1 1 1127 1144 1335 1517
4050 4 2 1 1 1173 1592 1497 1619
4051 4 2 1 1 847 574 442 1482
4052 4 2 1 1 261 232 208 1553
4053 4 2 1 1 1180 1348 1314 1709
4054 4 2 1 1 356 1540 1826 1865
4055 4 2 1 1 781 1539 1140 1776
4056 4 2 1 1 1187 1574 1455 1648
4057 4 2 1 1 537 1640 1165 1651
4058 4 2 1 1 356 1540 1393 1826
4059 4 2 1 1 460 480 1321 1378
4060 4 2 1 1 610 1374 1210 1670
4061 4 2 1 1 1076 1352 1312 1457
4062 4 2 1 1 1096 1286 1227 1578
4063 4 2 1 1 868 825 860 1168
4064 4 2 1 1 896 450 1196 1590
4065 4 2 1 1 1316 1669 1308 1681
4066 4 2 1 1 1045 1669 1316 1681
4067 4 2 1 1 185 188 1151 1576
4068 4 2 1 1 1161 1389 1451 1538
4069 4 2 1 1 1060 1270 1522 1739
4070 4 2 1 1 806 805 1439 1710
4071 4 2 1 1 232 1002 1026 1812
4072 4 2 1 1 962 1377 1589 1654
4073 4 2 1 1 496 1144 1552 1846
4074 4 2 1 1 968 973 982 1864
4075 4 2 1 1 340 1141 1409 1626
4076 4 2 1 1 263 1476 204 1787
4077 4 2 1 1 1041 1291 1317 1459
4078 4 2 1 1 1078 1310 1290 1686
4079 4 2 1 1 1048 1332 1351 1443
4080 4 2 1 1 1132 1193 1604 1852
4081 4 2 1 1 1096 1227 1286 1444
4082 4 2 1 1 1239 1739 1480 1893
4083 4 2 1 1 411 530 435 1231
4084 4 2 1 1 1283 1450 637 1801
4085 4 2 1 1 1233 1392 171 1849
4086 4 2 1 1 1188 1229 1072 1881
4087 4 2 1 1 825 860 1168 1493
4088 4 2 1 1 503 505 442 1567
4089 4 2 1 1 1075 1232 1346 1595
4090 4 2 1 1 1177 1046 1370 1705
4091 4 2 1 1 1270 1733 1522 1739
4092 4 2 1 1 1155 1635 209 1698
4093 4 2 1 1 1361 1391 1097 1525
4094 4 2 1 1 1229 1478 1072 1881
4095 4 2 1 1 1064 1377 1257 1746
4096 4 2 1 1 203 1383 206 1553
4097 4 2 1 1 1236 1072 1491 1778
4098 4 2 1 1 646 649 645 1706
4099 4 2 1 1 1447 1509 1137 1804
4100 4 2 1 1 1070 1467 1269 1694
4101 4 2 1 1 1197 1037 1281 1653
4102 4 2 1 1 512 1214 1375 1747
4103 4 2 1 1 911 912 913 1185
4104 4 2 1 1 682 1183 680 1894
4105 4 2 1 1 1055 1592 1216 1808
4106 4 2 1 1 1084 1229 1188 1881
4107 4 2 1 1 794 1464 1149 1555
4108 4 2 1 1 1194 1388 865 1559
4109 4 2 1 1 932 1183 997 1894
4110 4 2 1 1 1487 1352 1775 1809
4111 4 2 1 1 1111 1515 1448 1888
4112 4 2 1 1 479 1157 483 1608
4113 4 2 1 1 711 1667 1374 1765
4114 4 2 1 1 1118 1330 1257 1670
4115 4 2 1 1 868 1168 860 1616
4116 4 2 1 1 1049 1359 1319 1396
4117 4 2 1 1 1141 1326 1281 1409
4118 4 2 1 1 1092 1310 1190 1646
4119 4 2 1 1 1146 1463 1175 1813
4120 4 2 1 1 581 1170 1435 1809
4121 4 2 1 1 1159 1506 1358 1857
4122 4 2 1 1 1150 1047 1571 1748
4123 4 2 1 1 1294 1349 1111 1515
4124 4 2 1 1 1182 1549 1308 1587
4125 4 2 1 1 1124 1451 1287 1538
4126 4 2 1 1 150 1265 448 1875
4127 4 2 1 1 548 1650 499 1754
4128 4 2 1 1 1564 1634 1184 1698
4129 4 2 1 1 1040 1203 1294 1694
4130 4 2 1 1 515 514 513 1375
4131 4 2 1 1 1518 1775 1352 1809
4132 4 2 1 1 1407 1422 1335 1782
4133 4 2 1 1 573 487 1474 1531
4134 4 2 1 1 1096 1580 1364 1721
4135 4 2 1 1 1164 1380 907 1447
4136 4 2 1 1 1055 1395 1328 1810
4137 4 2 1 1 624 1430 707 1874
4138 4 2 1 1 859 773 1527 1616
4139 4 2 1 1 1245 1316 1054 1792
4140 4 2 1 1 949 947 1481 1781
4141 4 2 1 1 1141 1104 1626 1827
4142 4 2 1 1 1289 1822 1230 1842
4143 4 2 1 1 208 1241 1553 1597
4144 4 2 1 1 1111 1254 1515 1888
4145 4 2 1 1 1337 1282 1717 1720
4146 4 2 1 1 1175 1246 1146 1813
4147 4 2 1 1 421 875 302 1710
4148 4 2 1 1 190 275 183 1220
4149 4 2 1 1 1283 1393 1263 1801
4150 4 2 1 1 656 1418 1267 1536
4151 4 2 1 1 1224 1056 1519 1769
4152 4 2 1 1 1063 1397 1139 1405
4153 4 2 1 1 856 286 883 1260
4154 4 2 1 1 1193 1291 1092 1343
4155 4 2 1 1 1172 1226 1560 1815
4156 4 2 1 1 537 1651 1165 1885
4157 4 2 1 1 1114 1327 1261 1389
4158 4 2 1 1 714 638 1450 1755
4159 4 2 1 1 1187 1607 890 1812
4160 4 2 1 1 1120 1498 1289 1674
4161 4 2 1 1 289 274 277 1363
4162 4 2 1 1 1287 1124 1538 1638
4163 4 2 1 1 1295 1419 1247 1802
4164 4 2 1 1 1315 1332 1074 1780
4165 4 2 1 1 1004 1400 1196 1617
4166 4 2 1 1 791 1225 790 1565
4167 4 2 1 1 705 1304 1401 1503
4168 4 2 1 1 186 178 1252 1696
4169 4 2 1 1 1308 1587 1549 1669
4170 4 2 1 1 1372 1433 1648 1703
4171 4 2 1 1 1130 1258 1205 1361
4172 4 2 1 1 822 871 1166 1594
4173 4 2 1 1 1036 1256 1500 1504
4174 4 2 1 1 1183 1448 680 1894
4175 4 2 1 1 799 1178 1472 1871
4176 4 2 1 1 932 1448 1183 1894
4177 4 2 1 1 333 341 342 1548
4178 4 2 1 1 1137 1447 1380 1582
4179 4 2 1 1 1068 1424 1267 1577
4180 4 2 1 1 1164 1396 1096 1684
4181 4 2 1 1 1101 1197 1490 1561
4182 4 2 1 1 1205 1361 1148 1664
4183 4 2 1 1 469 1347 1242 1775
4184 4 2 1 1 1316 1638 1445 1699
4185 4 2 1 1 1145 1248 1473 1738
4186 4 2 1 1 447 1280 573 1838
4187 4 2 1 1 1141 1540 1120 1826
4188 4 2 1 1 1147 1344 1258 1889
4189 4 2 1 1 1050 1320 1191 1837
4190 4 2 1 1 1313 1518 586 1846
4191 4 2 1 1 1101 1333 1143 1430
4192 4 2 1 1 1082 1309 1228 1573
4193 4 2 1 1 1291 1343 1107 1495
4194 4 2 1 1 1510 1573 1167 1766
4195 4 2 1 1 1214 1791 1274 1856
4196 4 2 1 1 764 1373 860 1493
4197 4 2 1 1 1132 1604 1808 1852
4198 4 2 1 1 322 1331 1593 1734
4199 4 2 1 1 1070 1246 1346 1467
4200 4 2 1 1 592 1257 1628 1845
4201 4 2 1 1 1068 1277 1419 1749
4202 4 2 1 1 921 1391 1361 1864
4203 4 2 1 1 400 1304 301 1715
4204 4 2 1 1 1236 1303 1086 1491
4205 4 2 1 1 1045 1308 1549 1669
4206 4 2 1 1 1159 1358 1104 1490
4207 4 2 1 1 1269 1396 1096 1484
4208 4 2 1 1 573 1280 486 1531
4209 4 2 1 1 1027 898 1002 1241
4210 4 2 1 1 1099 1411 1356 1655
4211 4 2 1 1 1063 1397 1405 1823
4212 4 2 1 1 335 1872 1239 1893
4213 4 2 1 1 1489 1640 1181 1701
4214 4 2 1 1 248 1233 171 1849
4215 4 2 1 1 1148 924 1535 1643
4216 4 2 1 1 1246 1467 1146 1813
4217 4 2 1 1 1067 1341 1160 1819
4218 4 2 1 1 581 1170 559 1435
4219 4 2 1 1 733 710 601 1247
4220 4 2 1 1 865 1559 1388 1677
4221 4 2 1 1 1413 1436 1198 1720
4222 4 2 1 1 1314 1348 1109 1709
4223 4 2 1 1 1139 1405 1397 1823
4224 4 2 1 1 183 180 179 1572
4225 4 2 1 1 731 679 303 1244
4226 4 2 1 1 1057 1423 1323 1595
4227 4 2 1 1 573 1531 1475 1838
4228 4 2 1 1 1256 1742 1519 1769
4229 4 2 1 1 1179 1090 1496 1773
4230 4 2 1 1 513 515 1375 1516
4231 4 2 1 1 999 1227 965 1589
4232 4 2 1 1 952 953 950 1617
4233 4 2 1 1 1058 1152 1853 1891
4234 4 2 1 1 349 1393 1141 1626
4235 4 2 1 1 1045 1308 1669 1681
4236 4 2 1 1 1173 1497 1592 1716
4237 4 2 1 1 1098 1480 1587 1669
4238 4 2 1 1 513 531 515 1516
4239 4 2 1 1 1222 1657 1054 1719
4240 4 2 1 1 1181 1554 1165 1651
4241 4 2 1 1 1088 1324 1236 1778
4242 4 2 1 1 451 1005 1231 1590
4243 4 2 1 1 1287 1451 1365 1824
4244 4 2 1 1 1461 1652 1142 1828
4245 4 2 1 1 1136 1451 1390 1824
4246 4 2 1 1 1530 1580 1201 1721
4247 4 2 1 1 1261 1327 518 1579
4248 4 2 1 1 1028 1005 900 1231
4249 4 2 1 1 1135 1314 1701 1816
4250 4 2 1 1 1174 1322 1232 1727
4251 4 2 1 1 1131 1855 1253 1859
4252 4 2 1 1 596 722 1283 1750
4253 4 2 1 1 1076 1312 1223 1581
4254 4 2 1 1 922 1578 1286 1631
4255 4 2 1 1 1137 1417 1406 1819
4256 4 2 1 1 337 1161 1429 1680
4257 4 2 1 1 155 271 287 1247
4258 4 2 1 1 1067 1160 1432 1819
4259 4 2 1 1 1093 1153 1307 1505
4260 4 2 1 1 1178 422 1541 1704
4261 4 2 1 1 1143 1490 1470 1630
4262 4 2 1 1 929 1440 1148 1535
4263 4 2 1 1 656 709 653 1798
4264 4 2 1 1 527 517 534 1516
4265 4 2 1 1 893 1628 1257 1845
4266 4 2 1 1 524 553 1337 1474
4267 4 2 1 1 1082 1436 1176 1457
4268 4 2 1 1 1069 1782 1335 1806
4269 4 2 1 1 1168 1416 868 1795
4270 4 2 1 1 744 1296 302 1710
4271 4 2 1 1 1117 1282 1261 1753
4272 4 2 1 1 659 1446 1241 1597
4273 4 2 1 1 1046 1309 1312 1457
4274 4 2 1 1 1057 1423 1232 1665
4275 4 2 1 1 703 1333 624 1465
4276 4 2 1 1 221 1277 1419 1797
4277 4 2 1 1 1115 1277 1492 1749
4278 4 2 1 1 1040 1341 1421 1454
4279 4 2 1 1 991 1148 1575 1643
4280 4 2 1 1 899 1013 1285 1751
4281 4 2 1 1 1039 1613 1274 1702
4282 4 2 1 1 1039 1274 1581 1702
4283 4 2 1 1 1142 1347 1102 1434
4284 4 2 1 1 1065 1283 1263 1450
4285 4 2 1 1 922 1164 909 1844
4286 4 2 1 1 375 1393 1283 1801
4287 4 2 1 1 1063 1405 1139 1601
4288 4 2 1 1 1300 1652 1061 1870
4289 4 2 1 1 1135 1636 1314 1816
4290 4 2 1 1 222 221 220 1419
4291 4 2 1 1 1169 1519 1468 1820
4292 4 2 1 1 1253 1527 758 1768
4293 4 2 1 1 1146 1294 1467 1694
4294 4 2 1 1 658 602 732 1241
4295 4 2 1 1 1107 1343 1291 1688
4296 4 2 1 1 1125 1536 1267 1577
4297 4 2 1 1 1083 1152 1443 1534
4298 4 2 1 1 934 1020 935 1575
4299 4 2 1 1 516 1261 520 1510
4300 4 2 1 1 1148 1664 1274 1718
4301 4 2 1 1 1084 1229 1713 1811
4302 4 2 1 1 1180 1661 1275 1891
4303 4 2 1 1 1084 1188 1533 1881
4304 4 2 1 1 1056 1256 1169 1519
4305 4 2 1 1 449 1305 748 1850
4306 4 2 1 1 1312 1223 1581 1702
4307 4 2 1 1 1086 1236 1491 1886
4308 4 2 1 1 213 255 1147 1890
4309 4 2 1 1 1041 1193 1307 1343
4310 4 2 1 1 1405 1521 1292 1823
4311 4 2 1 1 1094 1410 1340 1644
4312 4 2 1 1 1228 1309 1071 1546
4313 4 2 1 1 1180 1314 1135 1636
4314 4 2 1 1 804 793 1439 1565
4315 4 2 1 1 178 1425 1252 1696
4316 4 2 1 1 1144 1335 1422 1782
4317 4 2 1 1 858 859 835 1594
4318 4 2 1 1 551 464 1775 1809
4319 4 2 1 1 1099 1325 1523 1729
4320 4 2 1 1 1061 1198 1413 1870
4321 4 2 1 1 764 1179 1373 1493
4322 4 2 1 1 1391 1558 1097 1833
4323 4 2 1 1 1094 1453 1334 1693
4324 4 2 1 1 168 1356 1195 1534
4325 4 2 1 1 141 1166 740 1787
4326 4 2 1 1 1177 1353 1046 1705
4327 4 2 1 1 1153 1253 1505 1527
4328 4 2 1 1 261 153 285 1241
4329 4 2 1 1 330 1224 392 1541
4330 4 2 1 1 936 930 937 1760
4331 4 2 1 1 188 1419 1151 1576
4332 4 2 1 1 1051 1221 1279 1569
4333 4 2 1 1 1406 1417 1067 1819
4334 4 2 1 1 1135 1181 1701 1786
4335 4 2 1 1 1007 937 1440 1751
4336 4 2 1 1 1189 1379 655 1676
4337 4 2 1 1 1214 1581 1791 1856
4338 4 2 1 1 778 1424 1153 1566
4339 4 2 1 1 1125 1320 1154 1577
4340 4 2 1 1 241 1255 1338 1675
4341 4 2 1 1 947 1032 1357 1781
4342 4 2 1 1 899 1751 1285 1760
4343 4 2 1 1 1046 1352 1176 1457
4344 4 2 1 1 1073 1374 1210 1771
4345 4 2 1 1 999 1227 1589 1724
4346 4 2 1 1 1206 1679 1221 1695
4347 4 2 1 1 1200 1297 1318 1532
4348 4 2 1 1 1070 1200 1299 1689
4349 4 2 1 1 862 1194 865 1606
4350 4 2 1 1 759 1253 758 1768
4351 4 2 1 1 1114 1145 1560 1766
4352 4 2 1 1 1110 1292 1521 1823
4353 4 2 1 1 325 1331 1621 1900
4354 4 2 1 1 1139 1548 1106 1601
4355 4 2 1 1 1102 1608 1434 1725
4356 4 2 1 1 443 1273 889 1466
4357 4 2 1 1 1057 1232 1423 1595
4358 4 2 1 1 860 1493 1373 1616
4359 4 2 1 1 212 1455 1187 1607
4360 4 2 1 1 758 1153 1527 1566
4361 4 2 1 1 250 165 1152 1700
4362 4 2 1 1 467 1347 469 1775
4363 4 2 1 1 962 964 1377 1654
4364 4 2 1 1 591 719 655 1189
4365 4 2 1 1 551 1775 1518 1809
4366 4 2 1 1 688 142 273 1887
4367 4 2 1 1 1133 1455 1271 1460
4368 4 2 1 1 204 1476 1395 1787
4369 4 2 1 1 1160 1341 1123 1819
4370 4 2 1 1 1151 1528 188 1696
4371 4 2 1 1 619 618 1633 1790
4372 4 2 1 1 1075 1317 1291 1459
4373 4 2 1 1 1251 1558 1391 1833
4374 4 2 1 1 1078 1290 1345 1686
4375 4 2 1 1 467 1176 465 1596
4376 4 2 1 1 1091 1152 1443 1853
4377 4 2 1 1 308 1259 1671 1680
4378 4 2 1 1 1164 1077 1447 1603
4379 4 2 1 1 1108 1147 1415 1574
4380 4 2 1 1 995 1364 966 1654
4381 4 2 1 1 1345 1310 1625 1773
4382 4 2 1 1 1091 1443 1237 1853
4383 4 2 1 1 1219 1613 1532 1833
4384 4 2 1 1 843 1189 787 1848
4385 4 2 1 1 822 1416 823 1594
4386 4 2 1 1 1039 1581 1223 1702
4387 4 2 1 1 332 1521 1139 1621
4388 4 2 1 1 1378 1435 1128 1799
4389 4 2 1 1 1082 1282 1261 1720
4390 4 2 1 1 1423 1665 1155 1814
4391 4 2 1 1 1229 1324 1072 1478
4392 4 2 1 1 1076 1378 1214 1791
4393 4 2 1 1 1331 1769 1324 1842
4394 4 2 1 1 1482 1567 1194 1606
4395 4 2 1 1 272 248 1564 1698
4396 4 2 1 1 442 506 570 1194
4397 4 2 1 1 1156 1587 1480 1669
4398 4 2 1 1 896 1196 450 1666
4399 4 2 1 1 1323 1423 1232 1595
4400 4 2 1 1 607 605 706 1330
4401 4 2 1 1 1401 1417 1138 1452
4402 4 2 1 1 1130 1391 1361 1525
4403 4 2 1 1 806 1439 1296 1710
4404 4 2 1 1 1038 1342 1228 1390
4405 4 2 1 1 251 252 190 1675
4406 4 2 1 1 940 1406 1284 1431
4407 4 2 1 1 921 917 920 1361
4408 4 2 1 1 1167 1487 1596 1747
4409 4 2 1 1 1088 1236 1324 1504
4410 4 2 1 1 1050 1211 1320 1777
4411 4 2 1 1 752 584 561 1260
4412 4 2 1 1 164 1534 165 1700
4413 4 2 1 1 661 610 1210 1670
4414 4 2 1 1 526 1526 572 1736
4415 4 2 1 1 1083 1356 1325 1803
4416 4 2 1 1 1043 1299 1237 1637
4417 4 2 1 1 159 1348 160 1709
4418 4 2 1 1 1040 1203 1376 1598
4419 4 2 1 1 957 1034 1145 1617
4420 4 2 1 1 1067 1417 1401 1452
4421 4 2 1 1 1126 1567 1482 1606
4422 4 2 1 1 1039 1223 1508 1702
4423 4 2 1 1 1532 1613 1172 1833
4424 4 2 1 1 1071 1172 1532 1613
4425 4 2 1 1 1086 1609 1546 1866
4426 4 2 1 1 764 767 1179 1493
4427 4 2 1 1 661 1210 1612 1670
4428 4 2 1 1 1102 1221 1608 1725
4429 4 2 1 1 627 660 1191 1633
4430 4 2 1 1 1073 1463 1374 1771
4431 4 2 1 1 375 374 1283 1393
4432 4 2 1 1 1019 1657 1357 1882
4433 4 2 1 1 957 1473 1145 1767
4434 4 2 1 1 1040 1294 1417 1599
4435 4 2 1 1 1282 1389 1261 1753
4436 4 2 1 1 1200 1070 1299 1484
4437 4 2 1 1 775 1559 1215 1869
4438 4 2 1 1 1098 1308 1245 1316
4439 4 2 1 1 944 886 1016 1192
4440 4 2 1 1 215 1381 1344 1709
4441 4 2 1 1 1000 1258 1575 1889
4442 4 2 1 1 1108 1377 1227 1433
4443 4 2 1 1 1172 1560 1390 1815
4444 4 2 1 1 1305 1408 813 1850
4445 4 2 1 1 508 456 1489 1751
4446 4 2 1 1 1188 1072 1334 1881
4447 4 2 1 1 147 890 1607 1812
4448 4 2 1 1 1246 1346 1044 1737
4449 4 2 1 1 1040 1376 1203 1694
4450 4 2 1 1 1246 1044 1346 1813
4451 4 2 1 1 1046 1176 1436 1457
4452 4 2 1 1 818 1369 1302 1740
4453 4 2 1 1 1096 1484 1396 1580
4454 4 2 1 1 1160 1123 1678 1819
4455 4 2 1 1 245 173 166 1356
4456 4 2 1 1 1072 1501 1188 1571
4457 4 2 1 1 485 1466 1248 1610
4458 4 2 1 1 677 676 668 1401
4459 4 2 1 1 328 321 1480 1764
4460 4 2 1 1 1078 1168 1298 1493
4461 4 2 1 1 1252 1576 185 1696
4462 4 2 1 1 371 1304 354 1432
4463 4 2 1 1 150 448 1265 1483
4464 4 2 1 1 462 1487 1378 1747
4465 4 2 1 1 299 891 1259 1825
4466 4 2 1 1 1063 1139 1397 1601
4467 4 2 1 1 801 1249 1820 1871
4468 4 2 1 1 867 1426 1398 1677
4469 4 2 1 1 968 1364 973 1415
4470 4 2 1 1 1060 1197 1522 1783
4471 4 2 1 1 1037 1281 1358 1490
4472 4 2 1 1 1236 1072 1324 1504
4473 4 2 1 1 247 1382 290 1830
4474 4 2 1 1 1083 1234 1356 1803
4475 4 2 1 1 1161 1680 337 1861
4476 4 2 1 1 1058 1381 1180 1661
4477 4 2 1 1 342 1548 341 1557
4478 4 2 1 1 1336 1564 184 1849
4479 4 2 1 1 235 1234 245 1437
4480 4 2 1 1 1076 1214 1581 1791
4481 4 2 1 1 1051 1279 1221 1641
4482 4 2 1 1 1052 1228 1390 1766
4483 4 2 1 1 1080 1359 1342 1445
4484 4 2 1 1 1234 1386 1083 1437
4485 4 2 1 1 1430 1633 622 1876
4486 4 2 1 1 859 850 1250 1527
4487 4 2 1 1 322 1593 1331 1900
4488 4 2 1 1 850 758 778 1527
4489 4 2 1 1 1145 1052 1473 1560
4490 4 2 1 1 1234 1572 1338 1675
4491 4 2 1 1 1041 1291 1343 1688
4492 4 2 1 1 745 723 598 1442
4493 4 2 1 1 1286 977 1631 1724
4494 4 2 1 1 1145 1617 1034 1666
4495 4 2 1 1 1229 1478 1653 1880
4496 4 2 1 1 572 524 523 1736
4497 4 2 1 1 844 1594 1476 1787
4498 4 2 1 1 1073 1146 1463 1771
4499 4 2 1 1 1072 1209 1501 1571
4500 4 2 1 1 472 469 1242 1695
4501 4 2 1 1 1037 1197 1490 1762
4502 4 2 1 1 1058 1205 1275 1477
4503 4 2 1 1 1243 1374 1330 1670
4504 4 2 1 1 866 865 1388 1677
4505 4 2 1 1 925 1208 1014 1882
4506 4 2 1 1 1036 1279 1500 1513
4507 4 2 1 1 551 1518 1170 1809
4508 4 2 1 1 1114 1560 1390 1766
4509 4 2 1 1 1288 1042 1422 1517
4510 4 2 1 1 1320 1154 1577 1685
4511 4 2 1 1 425 1512 1163 1690
4512 4 2 1 1 860 1168 1493 1616
4513 4 2 1 1 255 1344 215 1381
4514 4 2 1 1 439 240 144 1255
4515 4 2 1 1 1094 1453 1149 1555
4516 4 2 1 1 1219 1297 1085 1672
4517 4 2 1 1 1102 1279 1221 1569
4518 4 2 1 1 660 1544 1191 1633
4519 4 2 1 1 1050 1278 1217 1537
4520 4 2 1 1 1439 1498 1464 1826
4521 4 2 1 1 957 1145 1034 1767
4522 4 2 1 1 822 823 871 1594
4523 4 2 1 1 1378 1791 1581 1799
4524 4 2 1 1 337 1429 1161 1545
4525 4 2 1 1 1053 1269 1444 1467
4526 4 2 1 1 1080 1319 1293 1598
4527 4 2 1 1 1281 1653 1478 1880
4528 4 2 1 1 548 540 499 1650
4529 4 2 1 1 235 1234 1437 1554
4530 4 2 1 1 994 997 977 1724
4531 4 2 1 1 346 1550 335 1893
4532 4 2 1 1 1077 1359 1293 1719
4533 4 2 1 1 633 638 637 1450
4534 4 2 1 1 1322 1368 1103 1727
4535 4 2 1 1 547 543 1255 1483
4536 4 2 1 1 780 867 1398 1677
4537 4 2 1 1 600 1244 897 1836
4538 4 2 1 1 1175 1561 1333 1897
4539 4 2 1 1 1117 1337 1261 1717
4540 4 2 1 1 1261 1389 1327 1753
4541 4 2 1 1 1360 1732 1657 1788
4542 4 2 1 1 1059 1675 1650 1772
4543 4 2 1 1 965 995 966 1654
4544 4 2 1 1 1217 1278 1050 1647
4545 4 2 1 1 1241 1257 1064 1446
4546 4 2 1 1 1225 1855 1131 1859
4547 4 2 1 1 516 514 515 1510
4548 4 2 1 1 1243 1210 1374 1670
4549 4 2 1 1 333 1486 398 1621
4550 4 2 1 1 681 1428 617 1465
4551 4 2 1 1 1260 1623 227 1793
4552 4 2 1 1 819 1584 1369 1795
4553 4 2 1 1 636 722 1470 1602
4554 4 2 1 1 1050 1225 1453 1859
4555 4 2 1 1 721 1512 675 1711
4556 4 2 1 1 1153 1566 1424 1577
4557 4 2 1 1 1154 1418 1536 1577
4558 4 2 1 1 506 1388 1194 1679
4559 4 2 1 1 1053 1467 1294 1694
4560 4 2 1 1 775 776 1559 1869
4561 4 2 1 1 1076 1581 1378 1791
4562 4 2 1 1 1398 1412 1063 1513
4563 4 2 1 1 246 1629 1181 1786
4564 4 2 1 1 362 1405 1280 1548
4565 4 2 1 1 1126 1194 1567 1606
4566 4 2 1 1 1198 1461 1370 1683
4567 4 2 1 1 1019 1014 1657 1882
4568 4 2 1 1 302 1472 391 1865
4569 4 2 1 1 1221 1279 1113 1641
4570 4 2 1 1 1236 1350 1072 1504
4571 4 2 1 1 1554 1651 1181 1786
4572 4 2 1 1 1047 1298 1568 1773
4573 4 2 1 1 1201 1530 1130 1580
4574 4 2 1 1 1223 1325 1386 1805
4575 4 2 1 1 962 965 964 1654
4576 4 2 1 1 1071 1297 1219 1532
4577 4 2 1 1 141 267 1166 1787
4578 4 2 1 1 1063 1398 1266 1412
4579 4 2 1 1 1189 1442 787 1848
4580 4 2 1 1 1082 1167 1457 1596
4581 4 2 1 1 439 547 543 1255
4582 4 2 1 1 1374 1463 611 1771
4583 4 2 1 1 1112 1565 1379 1600
4584 4 2 1 1 1233 1392 1091 1502
4585 4 2 1 1 765 1340 1179 1624
4586 4 2 1 1 1229 1501 1491 1713
4587 4 2 1 1 823 1250 859 1594
4588 4 2 1 1 369 1284 1432 1678
4589 4 2 1 1 1554 1675 1234 1772
4590 4 2 1 1 923 1017 1301 1558
4591 4 2 1 1 1368 1632 1103 1727
4592 4 2 1 1 1036 1500 1397 1513
4593 4 2 1 1 191 1328 217 1785
4594 4 2 1 1 856 226 1260 1623
4595 4 2 1 1 189 183 1220 1830
4596 4 2 1 1 199 1328 216 1395
4597 4 2 1 1 744 302 1296 1865
4598 4 2 1 1 346 1432 1160 1678
4599 4 2 1 1 530 451 582 1231
4600 4 2 1 1 1138 1417 1294 1599
4601 4 2 1 1 921 984 1391 1864
4602 4 2 1 1 1134 1411 1220 1774
4603 4 2 1 1 1060 1522 1355 1739
4604 4 2 1 1 1279 1036 1461 1513
4605 4 2 1 1 819 817 818 1369
4606 4 2 1 1 1061 1158 1362 1449
4607 4 2 1 1 1100 1245 1308 1316
4608 4 2 1 1 697 1529 686 1887
4609 4 2 1 1 1168 1298 1093 1583
4610 4 2 1 1 948 1222 1365 1481
4611 4 2 1 1 656 1267 651 1536
4612 4 2 1 1 1224 1110 1519 1704
4613 4 2 1 1 173 174 1356 1572
4614 4 2 1 1 1098 1669 1213 1733
4615 4 2 1 1 1288 1074 1353 1646
4616 4 2 1 1 855 751 881 1247
4617 4 2 1 1 298 1284 895 1779
4618 4 2 1 1 313 378 324 1438
4619 4 2 1 1 1091 1351 1237 1443
4620 4 2 1 1 1167 1596 550 1747
4621 4 2 1 1 1098 1669 1733 1739
4622 4 2 1 1 246 1181 1651 1786
4623 4 2 1 1 745 1267 598 1798
4624 4 2 1 1 534 450 527 1196
4625 4 2 1 1 465 1487 550 1596
4626 4 2 1 1 1060 1522 1197 1653
4627 4 2 1 1 1141 1826 1358 1827
4628 4 2 1 1 558 555 1434 1828
4629 4 2 1 1 1174 1368 1322 1727
4630 4 2 1 1 319 1182 318 1585
4631 4 2 1 1 319 1182 1585 1587
4632 4 2 1 1 411 435 306 1231
4633 4 2 1 1 148 1295 742 1802
4634 4 2 1 1 1405 1548 1139 1601
4635 4 2 1 1 1145 1375 1052 1560
4636 4 2 1 1 436 303 412 1244
4637 4 2 1 1 940 1431 1284 1469
4638 4 2 1 1 890 1187 971 1607
4639 4 2 1 1 1275 1477 1085 1891
4640 4 2 1 1 1042 1354 1310 1722
4641 4 2 1 1 403 1230 392 1734
4642 4 2 1 1 1167 1573 1228 1766
4643 4 2 1 1 1102 1242 1695 1725
4644 4 2 1 1 1038 1240 1538 1831
4645 4 2 1 1 1106 1548 1280 1601
4646 4 2 1 1 661 608 610 1670
4647 4 2 1 1 1090 1169 1458 1624
4648 4 2 1 1 891 299 1259 1671
4649 4 2 1 1 159 158 160 1348
4650 4 2 1 1 1110 1224 1519 1742
4651 4 2 1 1 600 679 731 1244
4652 4 2 1 1 168 1195 167 1534
4653 4 2 1 1 697 1184 1529 1887
4654 4 2 1 1 1290 1422 1407 1782
4655 4 2 1 1 1040 1417 1341 1452
4656 4 2 1 1 1313 1435 1170 1650
4657 4 2 1 1 996 897 1029 1244
4658 4 2 1 1 1059 1650 1170 1772
4659 4 2 1 1 1496 1625 1087 1687
4660 4 2 1 1 624 702 1465 1874
4661 4 2 1 1 1522 1733 1355 1739
4662 4 2 1 1 1272 1300 1106 1652
4663 4 2 1 1 464 1487 1775 1809
4664 4 2 1 1 781 1398 1539 1776
4665 4 2 1 1 1494 1629 281 1786
4666 4 2 1 1 1161 1429 1062 1753
4667 4 2 1 1 1200 1085 1299 1689
4668 4 2 1 1 1193 1583 1055 1810
4669 4 2 1 1 1145 1473 957 1617
4670 4 2 1 1 1163 1264 1711 1874
4671 4 2 1 1 1076 1371 1312 1581
4672 4 2 1 1 1038 1228 1342 1546
4673 4 2 1 1 1098 1587 1308 1669
4674 4 2 1 1 1239 1480 1156 1764
4675 4 2 1 1 1139 1521 1405 1823
4676 4 2 1 1 1155 1423 1057 1665
4677 4 2 1 1 826 1169 774 1468
4678 4 2 1 1 426 359 1475 1557
4679 4 2 1 1 498 1313 586 1846
4680 4 2 1 1 168 1195 1356 1655
4681 4 2 1 1 1397 1461 1036 1513
4682 4 2 1 1 1087 1345 1310 1625
4683 4 2 1 1 559 551 1170 1809
4684 4 2 1 1 1100 1585 1485 1681
4685 4 2 1 1 1035 1200 1318 1403
4686 4 2 1 1 628 1514 1159 1876
4687 4 2 1 1 1019 947 1032 1357
4688 4 2 1 1 794 1439 1149 1464
4689 4 2 1 1 1136 1617 1560 1639
4690 4 2 1 1 1273 1285 1066 1489
4691 4 2 1 1 1125 1566 1424 1892
4692 4 2 1 1 1232 1322 1174 1807
4693 4 2 1 1 1308 1182 1585 1681
4694 4 2 1 1 1193 1307 1583 1810
4695 4 2 1 1 1149 1453 1410 1555
4696 4 2 1 1 1152 1534 1180 1700
4697 4 2 1 1 1035 1318 1202 1403
4698 4 2 1 1 718 1191 649 1441
4699 4 2 1 1 1199 1171 1537 1895
4700 4 2 1 1 1143 1101 1430 1490
4701 4 2 1 1 1083 1437 1180 1534
4702 4 2 1 1 1043 1586 1299 1637
4703 4 2 1 1 408 1438 1192 1591
4704 4 2 1 1 1042 1290 1310 1686
4705 4 2 1 1 554 475 1347 1456
4706 4 2 1 1 1141 1498 1358 1826
4707 4 2 1 1 365 1550 400 1715
4708 4 2 1 1 1075 1204 1346 1689
4709 4 2 1 1 856 1260 845 1623
4710 4 2 1 1 1220 1411 1099 1774
4711 4 2 1 1 1223 1312 1074 1508
4712 4 2 1 1 1229 1089 1478 1880
4713 4 2 1 1 480 1489 1321 1640
4714 4 2 1 1 1132 1523 1216 1604
4715 4 2 1 1 1088 1224 1621 1742
4716 4 2 1 1 610 1374 611 1771
4717 4 2 1 1 487 1474 1531 1828
4718 4 2 1 1 694 721 1470 1471
4719 4 2 1 1 1210 1374 610 1771
4720 4 2 1 1 872 1178 803 1472
4721 4 2 1 1 829 1235 776 1800
4722 4 2 1 1 1551 1585 1182 1681
4723 4 2 1 1 1085 1297 1219 1508
4724 4 2 1 1 902 938 931 1406
4725 4 2 1 1 250 1420 1152 1662
4726 4 2 1 1 1235 1339 1215 1559
4727 4 2 1 1 539 1651 537 1885
4728 4 2 1 1 231 163 1700 1709
4729 4 2 1 1 1054 1316 1293 1421
4730 4 2 1 1 1308 1659 317 1668
4731 4 2 1 1 231 1700 1381 1709
4732 4 2 1 1 875 744 302 1710
4733 4 2 1 1 1088 1621 1542 1742
4734 4 2 1 1 1165 1675 1554 1772
4735 4 2 1 1 1129 1330 1243 1374
4736 4 2 1 1 1434 1461 1142 1828
4737 4 2 1 1 654 1189 1441 1442
4738 4 2 1 1 1223 1570 1170 1707
4739 4 2 1 1 617 1465 1428 1714
4740 4 2 1 1 1294 1203 1509 1582
4741 4 2 1 1 189 187 183 1830
4742 4 2 1 1 1078 1345 1339 1773
4743 4 2 1 1 1420 1502 192 1635
4744 4 2 1 1 1110 1521 1292 1656
4745 4 2 1 1 1318 1342 1071 1546
4746 4 2 1 1 1134 1619 1220 1830
4747 4 2 1 1 1350 1496 1087 1687
4748 4 2 1 1 1174 1632 1368 1727
4749 4 2 1 1 1269 1396 1203 1684
4750 4 2 1 1 1159 1450 1065 1506
4751 4 2 1 1 1058 1205 1258 1661
4752 4 2 1 1 792 791 790 1565
4753 4 2 1 1 1194 1559 1051 1641
4754 4 2 1 1 1476 1594 1395 1787
4755 4 2 1 1 957 1617 1473 1726
4756 4 2 1 1 545 1474 572 1475
4757 4 2 1 1 1170 1352 1076 1809
4758 4 2 1 1 1386 1554 1234 1772
4759 4 2 1 1 1200 1085 1297 1672
4760 4 2 1 1 1234 1386 1135 1554
4761 4 2 1 1 1059 1313 1517 1707
4762 4 2 1 1 308 1429 1259 1680
4763 4 2 1 1 500 1206 569 1567
4764 4 2 1 1 197 186 1252 1576
4765 4 2 1 1 1114 1573 1510 1766
4766 4 2 1 1 1529 1634 1184 1878
4767 4 2 1 1 1333 1633 1199 1790
4768 4 2 1 1 1214 1738 1274 1791
4769 4 2 1 1 1087 1303 1209 1817
4770 4 2 1 1 389 329 1238 1485
4771 4 2 1 1 592 893 604 1845
4772 4 2 1 1 1418 1492 1277 1749
4773 4 2 1 1 836 833 853 1424
4774 4 2 1 1 1086 1491 1303 1609
4775 4 2 1 1 1037 1278 1506 1693
4776 4 2 1 1 1078 1235 1290 1722
4777 4 2 1 1 704 636 707 1470
4778 4 2 1 1 1385 1712 1266 1723
4779 4 2 1 1 843 1520 1189 1848
4780 4 2 1 1 1079 1146 1428 1714
4781 4 2 1 1 1066 1348 1314 1701
4782 4 2 1 1 335 1239 328 1480
4783 4 2 1 1 551 559 1170 1518
4784 4 2 1 1 1052 1390 1560 1766
4785 4 2 1 1 1169 1218 1340 1840
4786 4 2 1 1 162 1180 163 1709
4787 4 2 1 1 1017 927 1301 1473
4788 4 2 1 1 450 527 1196 1590
4789 4 2 1 1 1097 1558 1743 1833
4790 4 2 1 1 402 1834 1660 1896
4791 4 2 1 1 483 1412 482 1608
4792 4 2 1 1 1205 1361 1258 1575
4793 4 2 1 1 1210 1243 1118 1670
4794 4 2 1 1 1067 1160 1341 1452
4795 4 2 1 1 1251 1673 1226 1815
4796 4 2 1 1 1082 1457 1176 1596
4797 4 2 1 1 147 214 212 1607
4798 4 2 1 1 1379 1565 1112 1796
4799 4 2 1 1 1392 1091 1502 1662
4800 4 2 1 1 1488 1567 1126 1770
4801 4 2 1 1 1070 1319 1200 1403
4802 4 2 1 1 609 1330 629 1765
4803 4 2 1 1 1394 1749 1151 1829
4804 4 2 1 1 1275 1636 1314 1661
4805 4 2 1 1 1347 1434 470 1725
4806 4 2 1 1 1262 1450 1263 1755
4807 4 2 1 1 1356 1437 1083 1534
4808 4 2 1 1 246 281 1629 1786
4809 4 2 1 1 657 1446 605 1845
4810 4 2 1 1 1107 1317 1752 1784
4811 4 2 1 1 1377 1433 1108 1648
4812 4 2 1 1 774 1458 842 1468
4813 4 2 1 1 147 1024 214 1607
4814 4 2 1 1 749 1710 1263 1755
4815 4 2 1 1 215 1344 1499 1709
4816 4 2 1 1 253 1494 158 1760
4817 4 2 1 1 797 795 1555 1871
4818 4 2 1 1 1485 1585 393 1834
4819 4 2 1 1 150 1265 229 1483
4820 4 2 1 1 912 915 1781 1794
4821 4 2 1 1 749 1263 857 1755
4822 4 2 1 1 1149 1506 1439 1565
4823 4 2 1 1 780 1677 1398 1776
4824 4 2 1 1 1645 1752 1317 1784
4825 4 2 1 1 1159 1104 1358 1827
4826 4 2 1 1 1358 1826 1498 1827
4827 4 2 1 1 146 1181 246 1629
4828 4 2 1 1 1076 1581 1214 1856
4829 4 2 1 1 1299 1346 1075 1637
4830 4 2 1 1 1067 1432 1160 1452
4831 4 2 1 1 512 533 513 1375
4832 4 2 1 1 1056 1504 1256 1769
4833 4 2 1 1 1090 1350 1218 1496
4834 4 2 1 1 1346 1586 1232 1637
4835 4 2 1 1 1128 1640 1321 1701
4836 4 2 1 1 266 290 152 1173
4837 4 2 1 1 1168 825 1493 1795
4838 4 2 1 1 334 328 335 1239
4839 4 2 1 1 1151 185 1576 1696
4840 4 2 1 1 1443 1662 1091 1756
4841 4 2 1 1 1216 1592 1479 1808
4842 4 2 1 1 1133 1420 1703 1853
4843 4 2 1 1 1161 1545 1429 1753
4844 4 2 1 1 1176 1352 1242 1775
4845 4 2 1 1 1082 1309 1436 1457
4846 4 2 1 1 402 389 329 1238
4847 4 2 1 1 586 498 559 1313
4848 4 2 1 1 1042 1462 1288 1611
4849 4 2 1 1 959 604 893 1845
4850 4 2 1 1 264 199 216 1395
4851 4 2 1 1 988 1251 912 1781
4852 4 2 1 1 1071 1318 1297 1532
4853 4 2 1 1 780 779 867 1677
4854 4 2 1 1 794 793 792 1565
4855 4 2 1 1 708 1174 1529 1632
4856 4 2 1 1 1312 1508 1223 1702
4857 4 2 1 1 758 1527 1253 1566
4858 4 2 1 1 1187 1574 971 1607
4859 4 2 1 1 799 872 1178 1820
4860 4 2 1 1 1052 1560 1375 1766
4861 4 2 1 1 634 1612 1384 1670
4862 4 2 1 1 1216 1808 1604 1852
4863 4 2 1 1 167 1534 1195 1662
4864 4 2 1 1 1364 1415 968 1654
4865 4 2 1 1 1036 1397 1300 1461
4866 4 2 1 1 1048 1315 1523 1604
4867 4 2 1 1 1161 1538 1451 1904
4868 4 2 1 1 1281 1478 1089 1880
4869 4 2 1 1 1242 1352 1105 1518
4870 4 2 1 1 1170 1799 1435 1809
4871 4 2 1 1 468 467 465 1596
4872 4 2 1 1 1183 1724 1384 1744
4873 4 2 1 1 1286 1578 1164 1631
4874 4 2 1 1 774 1169 808 1728
4875 4 2 1 1 1278 1150 1762 1839
4876 4 2 1 1 1401 1452 1138 1503
4877 4 2 1 1 372 1360 408 1438
4878 4 2 1 1 1051 1345 1290 1686
4879 4 2 1 1 786 1266 1712 1723
4880 4 2 1 1 186 185 178 1696
4881 4 2 1 1 924 929 991 1643
4882 4 2 1 1 1094 1149 1453 1693
4883 4 2 1 1 403 392 1230 1541
4884 4 2 1 1 1160 1454 1239 1739
4885 4 2 1 1 450 1196 534 1666
4886 4 2 1 1 778 1153 1424 1547
4887 4 2 1 1 966 1364 968 1654
4888 4 2 1 1 339 340 1326 1626
4889 4 2 1 1 275 190 241 1338
4890 4 2 1 1 1142 1436 1347 1456
4891 4 2 1 1 1445 1638 1287 1699
4892 4 2 1 1 1165 1650 1675 1772
4893 4 2 1 1 1135 1314 1348 1701
4894 4 2 1 1 308 1671 309 1680
4895 4 2 1 1 1099 1356 1325 1729
4896 4 2 1 1 615 614 1463 1790
4897 4 2 1 1 1068 1419 1295 1620
4898 4 2 1 1 1075 1346 1299 1689
4899 4 2 1 1 654 591 1189 1442
4900 4 2 1 1 659 1241 658 1597
4901 4 2 1 1 1007 1273 1009 1466
4902 4 2 1 1 1411 1774 1134 1808
4903 4 2 1 1 1179 1339 767 1624
4904 4 2 1 1 1071 1532 1219 1613
4905 4 2 1 1 1063 1412 1157 1513
4906 4 2 1 1 708 1529 1276 1632
4907 4 2 1 1 182 188 1528 1696
4908 4 2 1 1 1134 1220 1619 1774
4909 4 2 1 1 1098 1421 1245 1792
4910 4 2 1 1 324 1659 1245 1668
4911 4 2 1 1 1112 1647 1278 1857
4912 4 2 1 1 1080 1213 1316 1730
4913 4 2 1 1 1123 1367 1160 1678
4914 4 2 1 1 1233 1564 1336 1849
4915 4 2 1 1 531 1516 1145 1666
4916 4 2 1 1 1300 1397 1139 1601
4917 4 2 1 1 1148 1361 1205 1575
4918 4 2 1 1 322 326 1331 1734
4919 4 2 1 1 846 747 1173 1716
4920 4 2 1 1 1295 1476 1119 1576
4921 4 2 1 1 1154 1418 646 1536
4922 4 2 1 1 1293 1040 1509 1804
4923 4 2 1 1 969 1415 1147 1574
4924 4 2 1 1 1041 1307 1394 1505
4925 4 2 1 1 1343 1495 1298 1568
4926 4 2 1 1 246 1181 146 1651
4927 4 2 1 1 461 462 1378 1747
4928 4 2 1 1 497 1427 1144 1488
4929 4 2 1 1 614 1175 616 1714
4930 4 2 1 1 1098 1308 1587 1668
4931 4 2 1 1 751 710 1247 1798
4932 4 2 1 1 1081 1719 1359 1794
4933 4 2 1 1 1348 1701 1494 1786
4934 4 2 1 1 1038 1538 1240 1699
4935 4 2 1 1 1404 1495 1209 1625
4936 4 2 1 1 1256 1519 1056 1769
4937 4 2 1 1 1098 1213 1454 1733
4938 4 2 1 1 297 1283 374 1750
4939 4 2 1 1 220 265 222 1419
4940 4 2 1 1 229 1483 1265 1563
4941 4 2 1 1 1345 1625 1496 1773
4942 4 2 1 1 1278 1762 1101 1839
4943 4 2 1 1 461 1747 1378 1843
4944 4 2 1 1 147 890 1024 1607
4945 4 2 1 1 1091 1703 1420 1853
4946 4 2 1 1 717 630 626 1217
4947 4 2 1 1 1139 1742 1521 1823
4948 4 2 1 1 1255 1127 1650 1754
4949 4 2 1 1 381 384 406 1429
4950 4 2 1 1 657 1241 659 1446
4951 4 2 1 1 1378 1487 462 1809
4952 4 2 1 1 1085 1299 1201 1672
4953 4 2 1 1 342 1272 1660 1834
4954 4 2 1 1 568 1221 477 1608
4955 4 2 1 1 191 180 187 1411
4956 4 2 1 1 1072 1303 1209 1687
4957 4 2 1 1 1160 1432 346 1550
4958 4 2 1 1 1158 1660 1272 1834
4959 4 2 1 1 226 286 856 1260
4960 4 2 1 1 268 263 204 1787
4961 4 2 1 1 185 1252 186 1576
4962 4 2 1 1 315 1659 324 1668
4963 4 2 1 1 1138 1417 1401 1515
4964 4 2 1 1 615 1463 1368 1790
4965 4 2 1 1 1153 1505 1093 1527
4966 4 2 1 1 941 1469 886 1658
4967 4 2 1 1 1068 1295 1424 1620
4968 4 2 1 1 335 1550 345 1872
4969 4 2 1 1 1135 1386 1701 1772
4970 4 2 1 1 1439 1464 1296 1826
4971 4 2 1 1 1094 1334 1289 1693
4972 4 2 1 1 944 946 1657 1732
4973 4 2 1 1 402 1660 360 1896
4974 4 2 1 1 193 1502 196 1635
4975 4 2 1 1 1158 1485 1585 1681
4976 4 2 1 1 700 1632 1368 1867
4977 4 2 1 1 288 1382 1563 1793
4978 4 2 1 1 1049 1319 1200 1484
4979 4 2 1 1 661 1612 608 1670
4980 4 2 1 1 149 894 1311 1499
4981 4 2 1 1 1102 1370 1279 1898
4982 4 2 1 1 1151 1419 188 1528
4983 4 2 1 1 227 1623 290 1793
4984 4 2 1 1 1103 1276 1268 1727
4985 4 2 1 1 155 1247 601 1797
4986 4 2 1 1 1227 1589 1377 1654
4987 4 2 1 1 1100 1659 1585 1681
4988 4 2 1 1 371 400 354 1304
4989 4 2 1 1 801 1249 797 1728
4990 4 2 1 1 460 562 480 1378
4991 4 2 1 1 272 248 184 1564
4992 4 2 1 1 548 539 537 1885
4993 4 2 1 1 780 779 1677 1776
4994 4 2 1 1 790 1410 1225 1855
4995 4 2 1 1 1308 1585 1659 1681
4996 4 2 1 1 1303 1350 1236 1683
4997 4 2 1 1 1112 1217 1647 1857
4998 4 2 1 1 1074 1312 1297 1508
4999 4 2 1 1 1278 1647 1217 1857
5000 4 2 1 1 395 315 324 1668
5001 4 2 1 1 346 1678 1160 1893
5002 4 2 1 1 471 1242 1524 1775
5003 4 2 1 1 1258 1415 1130 1530
5004 4 2 1 1 1308 1659 1100 1681
5005 4 2 1 1 1264 1163 1697 1874
5006 4 2 1 1 981 960 963 1746
5007 4 2 1 1 1208 1054 1657 1719
5008 4 2 1 1 1473 1617 1560 1726
5009 4 2 1 1 1326 1630 1163 1899
5010 4 2 1 1 1274 1581 1371 1856
5011 4 2 1 1 1378 1747 1214 1843
5012 4 2 1 1 1087 1177 1370 1705
5013 4 2 1 1 1119 1476 1395 1576
5014 4 2 1 1 1278 1101 1537 1839
5015 4 2 1 1 625 699 663 1771
5016 4 2 1 1 1264 1697 1783 1874
5017 4 2 1 1 228 229 150 1265
5018 4 2 1 1 1167 1082 1510 1596
5019 4 2 1 1 374 1283 1393 1750
5020 4 2 1 1 145 597 1277 1797
5021 4 2 1 1 1360 1657 1192 1788
5022 4 2 1 1 802 1472 1464 1871
5023 4 2 1 1 797 796 795 1871
5024 4 2 1 1 1148 1097 1361 1643
5025 4 2 1 1 1295 1547 1424 1620
5026 4 2 1 1 1269 1096 1444 1721
5027 4 2 1 1 694 1470 722 1471
5028 4 2 1 1 1038 1228 1546 1573
5029 4 2 1 1 1139 1397 1300 1542
5030 4 2 1 1 1046 1353 1177 1763
5031 4 2 1 1 1062 1327 1196 1639
5032 4 2 1 1 825 1168 868 1795
5033 4 2 1 1 298 1284 369 1469
5034 4 2 1 1 1094 1410 1453 1555
5035 4 2 1 1 944 1360 955 1732
5036 4 2 1 1 648 1529 697 1878
5037 4 2 1 1 948 949 947 1481
5038 4 2 1 1 1169 1340 1218 1708
5039 4 2 1 1 1046 1436 1309 1457
5040 4 2 1 1 1143 1783 1630 1874
5041 4 2 1 1 1061 1238 1449 1863
5042 4 2 1 1 748 1305 449 1482
5043 4 2 1 1 1232 1322 1073 1346
5044 4 2 1 1 1712 1723 1385 1854
5045 4 2 1 1 512 1375 476 1747
5046 4 2 1 1 1240 1449 1100 1538
5047 4 2 1 1 1701 1772 1386 1816
5048 4 2 1 1 1061 1717 1238 1863
5049 4 2 1 1 1358 1490 1281 1630
5050 4 2 1 1 1179 1496 1090 1840
5051 4 2 1 1 660 618 1544 1633
5052 4 2 1 1 1167 1510 550 1596
5053 4 2 1 1 1072 1188 1334 1571
5054 4 2 1 1 855 1247 271 1802
5055 4 2 1 1 502 1482 1305 1488
5056 4 2 1 1 264 1166 267 1787
5057 4 2 1 1 502 504 507 1305
5058 4 2 1 1 1058 1275 1205 1661
5059 4 2 1 1 393 1486 1585 1900
5060 4 2 1 1 1300 1461 1397 1601
5061 4 2 1 1 208 153 1241 1597
5062 4 2 1 1 264 1395 1166 1787
5063 4 2 1 1 514 550 476 1747
5064 4 2 1 1 1122 1584 1302 1619
5065 4 2 1 1 568 477 481 1608
5066 4 2 1 1 319 318 1182 1900
5067 4 2 1 1 1335 1422 1042 1517
5068 4 2 1 1 1041 1320 1505 1577
5069 4 2 1 1 1176 1347 1242 1757
5070 4 2 1 1 1075 1207 1691 1752
5071 4 2 1 1 370 371 354 1432
5072 4 2 1 1 1253 1777 1211 1859
5073 4 2 1 1 573 447 486 1280
5074 4 2 1 1 1074 1353 1312 1570
5075 4 2 1 1 1094 1218 1340 1708
5076 4 2 1 1 1280 1385 364 1841
5077 4 2 1 1 545 573 1474 1475
5078 4 2 1 1 1214 1378 1076 1747
5079 4 2 1 1 764 767 765 1179
5080 4 2 1 1 1224 1742 1088 1769
5081 4 2 1 1 219 1528 1277 1642
5082 4 2 1 1 1083 1534 1443 1729
5083 4 2 1 1 681 671 1264 1465
5084 4 2 1 1 1092 1298 1354 1852
5085 4 2 1 1 493 1552 1483 1754
5086 4 2 1 1 1125 1577 1505 1777
5087 4 2 1 1 1160 1678 1432 1819
5088 4 2 1 1 1375 1560 1145 1766
5089 4 2 1 1 969 1574 1147 1607
5090 4 2 1 1 1352 1487 1076 1809
5091 4 2 1 1 1064 1553 1383 1648
5092 4 2 1 1 912 1603 915 1794
5093 4 2 1 1 1163 1264 1697 1711
5094 4 2 1 1 1080 1316 1293 1445
5095 4 2 1 1 461 1214 1747 1843
5096 4 2 1 1 746 295 1292 1854
5097 4 2 1 1 792 795 794 1555
5098 4 2 1 1 1135 1554 1386 1772
5099 4 2 1 1 322 1593 397 1734
5100 4 2 1 1 393 1486 1158 1585
5101 4 2 1 1 1491 1609 1086 1886
5102 4 2 1 1 915 1357 1781 1794
5103 4 2 1 1 1106 1557 1272 1652
5104 4 2 1 1 1065 1358 1159 1506
5105 4 2 1 1 915 1603 1357 1794
5106 4 2 1 1 1181 1629 1494 1786
5107 4 2 1 1 1160 1421 1341 1454
5108 4 2 1 1 1118 1257 1330 1735
5109 4 2 1 1 1088 1551 1486 1900
5110 4 2 1 1 1094 1340 1218 1840
5111 4 2 1 1 1178 799 1820 1871
5112 4 2 1 1 1053 1582 1164 1684
5113 4 2 1 1 681 1264 671 1873
5114 4 2 1 1 635 633 1283 1450
5115 4 2 1 1 845 1260 1408 1623
5116 4 2 1 1 722 635 1283 1602
5117 4 2 1 1 1049 1532 1359 1833
5118 4 2 1 1 559 474 551 1809
5119 4 2 1 1 761 1768 1644 1855
5120 4 2 1 1 1145 1560 1473 1617
5121 4 2 1 1 996 1244 412 1779
5122 4 2 1 1 1151 1419 1068 1620
5123 4 2 1 1 1307 1343 1093 1505
5124 4 2 1 1 708 730 1529 1667
5125 4 2 1 1 1299 1351 1237 1637
5126 4 2 1 1 191 217 244 1785
5127 4 2 1 1 730 708 623 1667
5128 4 2 1 1 1511 1696 1252 1847
5129 4 2 1 1 1061 1449 1282 1863
5130 4 2 1 1 1066 1494 1348 1701
5131 4 2 1 1 1178 1541 1519 1704
5132 4 2 1 1 1376 1522 1399 1599
5133 4 2 1 1 1313 1650 1127 1754
5134 4 2 1 1 1098 1733 1454 1739
5135 4 2 1 1 1102 1370 1198 1461
5136 4 2 1 1 1359 1445 1293 1719
5137 4 2 1 1 340 339 1326 1409
5138 4 2 1 1 1371 1312 1581 1702
5139 4 2 1 1 1090 1500 1350 1588
5140 4 2 1 1 1220 1619 1382 1830
5141 4 2 1 1 1092 1310 1298 1625
5142 4 2 1 1 1338 1650 1059 1675
5143 4 2 1 1 1234 1338 1059 1675
5144 4 2 1 1 664 1349 663 1515
5145 4 2 1 1 912 1185 911 1603
5146 4 2 1 1 1061 1282 1717 1863
5147 4 2 1 1 775 1215 1559 1677
5148 4 2 1 1 1271 1455 1133 1832
5149 4 2 1 1 681 1465 1264 1873
5150 4 2 1 1 797 1249 801 1871
5151 4 2 1 1 1308 1585 317 1659
5152 4 2 1 1 1040 1294 1599 1694
5153 4 2 1 1 322 397 326 1734
5154 4 2 1 1 1449 1538 1240 1831
5155 4 2 1 1 1124 1259 1365 1904
5156 4 2 1 1 299 1259 308 1825
5157 4 2 1 1 1252 1511 1151 1696
5158 4 2 1 1 1358 1037 1506 1693
5159 4 2 1 1 1267 1442 1536 1892
5160 4 2 1 1 1329 1762 1197 1881
5161 4 2 1 1 760 758 1527 1768
5162 4 2 1 1 1174 1529 1057 1665
5163 4 2 1 1 1088 1551 1182 1778
5164 4 2 1 1 1065 1498 1826 1827
5165 4 2 1 1 249 223 244 1785
5166 4 2 1 1 1280 1385 1063 1405
5167 4 2 1 1 317 1587 1308 1668
5168 4 2 1 1 1126 1770 1290 1782
5169 4 2 1 1 568 1679 1221 1759
5170 4 2 1 1 1094 1218 1507 1840
5171 4 2 1 1 640 597 280 1797
5172 4 2 1 1 753 754 745 1267
5173 4 2 1 1 1161 1366 1124 1680
5174 4 2 1 1 1111 1349 1183 1448
5175 4 2 1 1 519 1327 527 1622
5176 4 2 1 1 306 1231 900 1825
5177 4 2 1 1 1340 1624 1090 1840
5178 4 2 1 1 1010 1473 1248 1761
5179 4 2 1 1 1227 1364 1108 1721
5180 4 2 1 1 1357 1657 1222 1719
5181 4 2 1 1 1395 1476 1119 1594
5182 4 2 1 1 614 616 1175 1790
5183 4 2 1 1 1070 1200 1319 1484
5184 4 2 1 1 1179 1339 1078 1493
5185 4 2 1 1 398 1486 1272 1834
5186 4 2 1 1 681 701 617 1428
5187 4 2 1 1 1092 1291 1193 1604
5188 4 2 1 1 210 1627 1184 1887
5189 4 2 1 1 297 375 1283 1801
5190 4 2 1 1 1394 1505 1307 1620
5191 4 2 1 1 1122 1584 1173 1716
5192 4 2 1 1 1198 1102 1436 1757
5193 4 2 1 1 1232 1075 1346 1637
5194 4 2 1 1 1108 1460 1433 1721
5195 4 2 1 1 1064 1553 1187 1746
5196 4 2 1 1 1155 1402 1627 1814
5197 4 2 1 1 1175 1463 614 1790
5198 4 2 1 1 1164 1096 1578 1684
5199 4 2 1 1 1205 1097 1664 1903
5200 4 2 1 1 745 753 1267 1798
5201 4 2 1 1 1042 1335 1407 1422
5202 4 2 1 1 484 1412 483 1649
5203 4 2 1 1 1208 1657 1014 1882
5204 4 2 1 1 1163 1060 1690 1697
5205 4 2 1 1 171 176 170 1662
5206 4 2 1 1 786 1723 1712 1854
5207 4 2 1 1 879 844 1476 1787
5208 4 2 1 1 1046 1312 1353 1570
5209 4 2 1 1 1033 1259 1006 1825
5210 4 2 1 1 1291 1691 1207 1752
5211 4 2 1 1 872 803 799 1472
5212 4 2 1 1 290 152 1173 1623
5213 4 2 1 1 1260 1069 1408 1793
5214 4 2 1 1 1081 1357 1719 1794
5215 4 2 1 1 1135 1386 1437 1636
5216 4 2 1 1 319 322 318 1900
5217 4 2 1 1 1147 1607 213 1890
5218 4 2 1 1 1155 1665 1402 1814
5219 4 2 1 1 1078 1310 1345 1773
5220 4 2 1 1 776 1235 830 1559
5221 4 2 1 1 1118 1628 1384 1670
5222 4 2 1 1 458 1321 557 1818
5223 4 2 1 1 1281 1409 1326 1880
5224 4 2 1 1 1092 1343 1291 1495
5225 4 2 1 1 1098 1587 1480 1668
5226 4 2 1 1 1335 1220 1619 1806
5227 4 2 1 1 1050 1453 1278 1859
5228 4 2 1 1 255 215 231 1381
5229 4 2 1 1 337 1545 1161 1861
5230 4 2 1 1 1035 1404 1190 1780
5231 4 2 1 1 1298 1092 1354 1902
5232 4 2 1 1 1227 1118 1286 1444
5233 4 2 1 1 1171 1199 1731 1895
5234 4 2 1 1 1095 1151 1696 1829
5235 4 2 1 1 1039 1205 1314 1664
5236 4 2 1 1 746 1292 295 1656
5237 4 2 1 1 1161 1100 1366 1861
5238 4 2 1 1 1227 1286 1118 1724
5239 4 2 1 1 1170 1650 1435 1772
5240 4 2 1 1 760 759 758 1768
5241 4 2 1 1 1078 1310 1298 1354
5242 4 2 1 1 1135 1437 1234 1554
5243 4 2 1 1 901 698 1836 1888
5244 4 2 1 1 228 229 1265 1563
5245 4 2 1 1 173 179 174 1572
5246 4 2 1 1 1162 1660 1717 1896
5247 4 2 1 1 1042 1422 1290 1686
5248 4 2 1 1 1040 1213 1293 1598
5249 4 2 1 1 1034 1145 1666 1767
5250 4 2 1 1 1243 1330 1118 1670
5251 4 2 1 1 765 1179 767 1624
5252 4 2 1 1 1081 1172 1390 1815
5253 4 2 1 1 1021 377 298 1779
5254 4 2 1 1 520 521 1261 1579
5255 4 2 1 1 1158 393 1585 1834
5256 4 2 1 1 1079 1246 1399 1599
5257 4 2 1 1 661 1612 1210 1771
5258 4 2 1 1 1083 1437 1386 1636
5259 4 2 1 1 221 1277 219 1419
5260 4 2 1 1 1545 1861 389 1896
5261 4 2 1 1 1378 1487 1076 1747
5262 4 2 1 1 1229 1072 1324 1778
5263 4 2 1 1 1433 1460 1108 1648
5264 4 2 1 1 215 231 1381 1709
5265 4 2 1 1 1161 1753 1389 1863
5266 4 2 1 1 1485 1585 1100 1659
5267 4 2 1 1 1110 1468 1256 1519
5268 4 2 1 1 1256 1468 1169 1519
5269 4 2 1 1 686 1529 1402 1887
5270 4 2 1 1 408 401 1438 1591
5271 4 2 1 1 1190 1353 1646 1705
5272 4 2 1 1 1209 1571 1072 1687
5273 4 2 1 1 700 623 708 1867
5274 4 2 1 1 1331 1088 1621 1900
5275 4 2 1 1 895 1284 298 1469
5276 4 2 1 1 148 265 1295 1802
5277 4 2 1 1 633 714 638 1450
5278 4 2 1 1 903 932 1448 1614
5279 4 2 1 1 1187 1553 1064 1648
5280 4 2 1 1 1095 1691 1323 1756
5281 4 2 1 1 299 308 307 1825
5282 4 2 1 1 1153 1547 1119 1620
5283 4 2 1 1 1227 1377 1108 1654
5284 4 2 1 1 901 892 698 1888
5285 4 2 1 1 1323 1232 1423 1637
5286 4 2 1 1 227 1260 226 1623
5287 4 2 1 1 1075 1317 1459 1595
5288 4 2 1 1 1073 1174 1322 1807
5289 4 2 1 1 1115 1268 1276 1634
5290 4 2 1 1 449 1305 502 1482
5291 4 2 1 1 1092 1190 1315 1646
5292 4 2 1 1 465 1176 1487 1596
5293 4 2 1 1 1335 1619 1220 1774
5294 4 2 1 1 1399 1522 1079 1599
5295 4 2 1 1 599 698 892 1888
5296 4 2 1 1 365 400 301 1715
5297 4 2 1 1 1074 1223 1508 1805
5298 4 2 1 1 1215 1090 1458 1869
5299 4 2 1 1 1329 1762 1150 1839
5300 4 2 1 1 1187 1377 979 1574
5301 4 2 1 1 708 1529 1174 1667
5302 4 2 1 1 342 1272 1557 1660
5303 4 2 1 1 1125 1189 1777 1848
5304 4 2 1 1 905 906 1380 1614
5305 4 2 1 1 1368 1632 1174 1867
5306 4 2 1 1 1183 1053 1631 1744
5307 4 2 1 1 1150 1568 1748 1859
5308 4 2 1 1 1130 1477 1201 1525
5309 4 2 1 1 465 1176 467 1775
5310 4 2 1 1 1688 1748 1211 1839
5311 4 2 1 1 1038 1390 1228 1573
5312 4 2 1 1 1211 1093 1343 1505
5313 4 2 1 1 753 754 1267 1798
5314 4 2 1 1 759 1253 1520 1848
5315 4 2 1 1 1083 1325 1356 1729
5316 4 2 1 1 1089 1182 1549 1778
5317 4 2 1 1 1132 1604 1216 1808
5318 4 2 1 1 1127 1144 1517 1552
5319 4 2 1 1 148 1295 265 1476
5320 4 2 1 1 1273 1466 1121 1535
5321 4 2 1 1 1311 1494 1285 1760
5322 4 2 1 1 1061 1300 1272 1652
5323 4 2 1 1 1099 1220 1462 1572
5324 4 2 1 1 1065 1358 1498 1827
5325 4 2 1 1 742 1295 148 1476
5326 4 2 1 1 837 1476 844 1594
5327 4 2 1 1 1224 1331 1088 1621
5328 4 2 1 1 1511 1663 1459 1829
5329 4 2 1 1 1050 1777 1320 1837
5330 4 2 1 1 1133 1648 1460 1703
5331 4 2 1 1 1189 1520 1050 1777
5332 4 2 1 1 1055 1328 1166 1592
5333 4 2 1 1 492 1265 448 1483
5334 4 2 1 1 393 1585 318 1900
5335 4 2 1 1 1440 1575 1148 1741
5336 4 2 1 1 1095 1543 1691 1756
5337 4 2 1 1 775 1559 851 1677
5338 4 2 1 1 1103 1317 1322 1727
5339 4 2 1 1 1092 1852 1354 1902
5340 4 2 1 1 1224 1521 330 1621
5341 4 2 1 1 1081 1287 1222 1824
5342 4 2 1 1 1061 1362 1158 1605
5343 4 2 1 1 1035 1207 1404 1780
5344 4 2 1 1 661 1210 610 1771
5345 4 2 1 1 1170 1570 1352 1707
5346 4 2 1 1 1219 1297 1071 1702
5347 4 2 1 1 1192 1657 1054 1788
5348 4 2 1 1 1325 1356 1099 1803
5349 4 2 1 1 1155 1635 1133 1814
5350 4 2 1 1 403 1230 409 1541
5351 4 2 1 1 1064 1187 1377 1746
5352 4 2 1 1 1268 1041 1459 1511
5353 4 2 1 1 883 752 856 1260
5354 4 2 1 1 1334 1478 1072 1692
5355 4 2 1 1 1178 1820 1249 1871
5356 4 2 1 1 1413 1436 1309 1562
5357 4 2 1 1 1147 1889 1607 1890
5358 4 2 1 1 1159 1514 1506 1857
5359 4 2 1 1 1000 1575 986 1889
5360 4 2 1 1 646 643 1418 1492
5361 4 2 1 1 1170 1076 1352 1799
5362 4 2 1 1 1080 1318 1342 1532
5363 4 2 1 1 189 1382 1220 1563
5364 4 2 1 1 830 776 829 1235
5365 4 2 1 1 800 791 1565 1796
5366 4 2 1 1 1065 1159 1358 1827
5367 4 2 1 1 1291 1193 1604 1691
5368 4 2 1 1 227 226 1260 1793
5369 4 2 1 1 1104 1163 1630 1899
5370 4 2 1 1 1097 1205 1525 1903
5371 4 2 1 1 867 1388 1426 1677
5372 4 2 1 1 798 806 805 1439
5373 4 2 1 1 1073 1467 1346 1813
5374 4 2 1 1 969 1147 1415 1889
5375 4 2 1 1 894 157 149 1760
5376 4 2 1 1 797 1555 1249 1871
5377 4 2 1 1 1054 1445 1316 1638
5378 4 2 1 1 1268 1511 1459 1829
5379 4 2 1 1 1336 1564 1233 1663
5380 4 2 1 1 1237 1460 1058 1530
5381 4 2 1 1 241 1255 240 1483
5382 4 2 1 1 1182 1331 1089 1593
5383 4 2 1 1 1072 1491 1229 1501
5384 4 2 1 1 846 1173 1408 1584
5385 4 2 1 1 1159 1450 632 1602
5386 4 2 1 1 340 350 404 1409
5387 4 2 1 1 1068 1394 1151 1620
5388 4 2 1 1 1002 1746 1026 1812
5389 4 2 1 1 1162 1717 1526 1896
5390 4 2 1 1 1372 1648 1133 1703
5391 4 2 1 1 1160 1367 1098 1893
5392 4 2 1 1 1119 1594 1250 1810
5393 4 2 1 1 1118 1330 1243 1735
5394 4 2 1 1 1376 1399 1246 1599
5395 4 2 1 1 531 1666 1145 1767
5396 4 2 1 1 1135 1701 1348 1786
5397 4 2 1 1 759 1566 1253 1848
5398 4 2 1 1 1091 1237 1351 1637
5399 4 2 1 1 1191 1544 1199 1633
5400 4 2 1 1 854 1296 1439 1464
5401 4 2 1 1 952 1400 1004 1617
5402 4 2 1 1 1051 1686 1177 1898
5403 4 2 1 1 1151 1119 1576 1620
5404 4 2 1 1 1105 1352 1242 1763
5405 4 2 1 1 1202 1080 1318 1866
5406 4 2 1 1 1321 1378 1128 1791
5407 4 2 1 1 1133 1423 1372 1703
5408 4 2 1 1 1155 1627 1402 1665
5409 4 2 1 1 1080 1293 1213 1598
5410 4 2 1 1 693 1471 722 1750
5411 4 2 1 1 667 1401 666 1515
5412 4 2 1 1 1154 1536 1125 1577
5413 4 2 1 1 1100 1161 1366 1538
5414 4 2 1 1 955 1360 1671 1732
5415 4 2 1 1 1095 1511 1151 1829
5416 4 2 1 1 1088 1742 1542 1769
5417 4 2 1 1 781 780 1398 1776
5418 4 2 1 1 196 209 193 1635
5419 4 2 1 1 745 729 753 1798
5420 4 2 1 1 1350 1496 1090 1588
5421 4 2 1 1 1075 1291 1317 1752
5422 4 2 1 1 1086 1309 1212 1562
5423 4 2 1 1 1212 1309 1046 1562
5424 4 2 1 1 1230 1540 403 1618
5425 4 2 1 1 1081 1445 1359 1719
5426 4 2 1 1 1052 1214 1375 1738
5427 4 2 1 1 889 1273 1007 1466
5428 4 2 1 1 971 1187 979 1574
5429 4 2 1 1 1447 1603 908 1844
5430 4 2 1 1 1275 1332 1085 1508
5431 4 2 1 1 1297 1312 1071 1702
5432 4 2 1 1 1046 1436 1176 1757
5433 4 2 1 1 507 504 560 1850
5434 4 2 1 1 1097 1525 1391 1833
5435 4 2 1 1 469 1524 1242 1695
5436 4 2 1 1 527 519 517 1327
5437 4 2 1 1 930 1007 937 1440
5438 4 2 1 1 1246 1346 1467 1813
5439 4 2 1 1 1216 1354 1055 1852
5440 4 2 1 1 461 512 1214 1610
5441 4 2 1 1 560 492 507 1427
5442 4 2 1 1 911 1603 1185 1844
5443 4 2 1 1 443 456 1273 1818
5444 4 2 1 1 1104 1490 1358 1630
5445 4 2 1 1 1058 1477 1275 1891
5446 4 2 1 1 1103 1268 1317 1727
5447 4 2 1 1 1056 1218 1692 1708
5448 4 2 1 1 1050 1189 1777 1837
5449 4 2 1 1 1096 1556 1185 1578
5450 4 2 1 1 1242 1569 1102 1695
5451 4 2 1 1 1256 1397 1140 1823
5452 4 2 1 1 1311 1348 1066 1494
5453 4 2 1 1 409 1230 403 1618
5454 4 2 1 1 512 461 1214 1747
5455 4 2 1 1 1041 1505 1394 1577
5456 4 2 1 1 662 625 663 1349
5457 4 2 1 1 1038 1389 1282 1538
5458 4 2 1 1 763 1373 1644 1768
5459 4 2 1 1 1322 1595 1232 1727
5460 4 2 1 1 162 1180 1709 1862
5461 4 2 1 1 1047 1298 1495 1568
5462 4 2 1 1 1051 1569 1279 1898
5463 4 2 1 1 1187 1383 1553 1648
5464 4 2 1 1 290 1382 260 1793
5465 4 2 1 1 314 1366 313 1659
5466 4 2 1 1 1227 1444 1096 1721
5467 4 2 1 1 208 1553 206 1597
5468 4 2 1 1 763 1644 761 1768
5469 4 2 1 1 1202 1713 1501 1811
5470 4 2 1 1 1189 1125 1777 1837
5471 4 2 1 1 443 1273 1466 1818
5472 4 2 1 1 1268 1459 1663 1829
5473 4 2 1 1 1302 1305 1069 1408
5474 4 2 1 1 520 1261 518 1579
5475 4 2 1 1 1096 1364 1227 1721
5476 4 2 1 1 631 632 628 1514
5477 4 2 1 1 979 1187 890 1812
5478 4 2 1 1 1154 1418 1577 1749
5479 4 2 1 1 770 790 789 1225
5480 4 2 1 1 813 1408 1305 1835
5481 4 2 1 1 1264 1465 671 1874
5482 4 2 1 1 1164 1603 1447 1844
5483 4 2 1 1 1106 1548 1272 1557
5484 4 2 1 1 1086 1303 1236 1683
5485 4 2 1 1 901 1836 902 1888
5486 4 2 1 1 1072 1350 1303 1687
5487 4 2 1 1 747 846 1173 1623
5488 4 2 1 1 676 1836 698 1888
5489 4 2 1 1 221 219 220 1419
5490 4 2 1 1 409 1541 1230 1618
5491 4 2 1 1 758 1253 759 1566
5492 4 2 1 1 1091 1152 1420 1662
5493 4 2 1 1 1190 1780 1212 1817
5494 4 2 1 1 1341 1509 1040 1804
5495 4 2 1 1 1363 1184 1634 1878
5496 4 2 1 1 1055 1583 1250 1810
5497 4 2 1 1 314 1366 1659 1861
5498 4 2 1 1 1268 1394 1041 1511
5499 4 2 1 1 168 166 1356 1534
5500 4 2 1 1 1036 1198 1300 1870
5501 4 2 1 1 1324 1072 1478 1692
5502 4 2 1 1 1089 1331 1324 1842
5503 4 2 1 1 1167 1076 1487 1747
5504 4 2 1 1 330 1521 1224 1704
5505 4 2 1 1 594 1304 301 1758
5506 4 2 1 1 1660 1834 1238 1896
5507 4 2 1 1 633 637 1283 1450
5508 4 2 1 1 1087 1496 1345 1625
5509 4 2 1 1 1338 1462 1220 1572
5510 4 2 1 1 445 296 1306 1789
5511 4 2 1 1 927 1473 1010 1761
5512 4 2 1 1 935 929 934 1575
5513 4 2 1 1 1250 1583 1307 1810
5514 4 2 1 1 1238 1861 1545 1896
5515 4 2 1 1 1018 1231 1005 1590
5516 4 2 1 1 1088 1182 1551 1900
5517 4 2 1 1 1088 1324 1331 1769
5518 4 2 1 1 1109 1348 1311 1499
5519 4 2 1 1 1124 1287 1222 1788
5520 4 2 1 1 1222 1287 1054 1788
5521 4 2 1 1 494 497 1427 1552
5522 4 2 1 1 1104 1630 1326 1899
5523 4 2 1 1 1254 1836 676 1888
5524 4 2 1 1 1094 1149 1693 1860
5525 4 2 1 1 1181 1629 146 1651
5526 4 2 1 1 1161 1545 1238 1861
5527 4 2 1 1 930 1311 934 1440
5528 4 2 1 1 777 842 1458 1776
5529 4 2 1 1 902 1836 1254 1888
5530 4 2 1 1 1167 1076 1457 1487
5531 4 2 1 1 1135 1701 1386 1816
5532 4 2 1 1 1229 1089 1324 1478
5533 4 2 1 1 1383 1648 1187 1877
5534 4 2 1 1 1089 1229 1324 1778
5535 4 2 1 1 1065 1450 1159 1827
5536 4 2 1 1 1045 1316 1669 1730
5537 4 2 1 1 1071 1172 1342 1532
5538 4 2 1 1 1065 1498 1439 1826
5539 4 2 1 1 235 1437 181 1554
5540 4 2 1 1 1329 1101 1762 1839
5541 4 2 1 1 1059 1325 1288 1462
5542 4 2 1 1 262 1285 509 1629
5543 4 2 1 1 1078 1339 1179 1773
5544 4 2 1 1 1221 1679 1641 1759
5545 4 2 1 1 1064 1330 1257 1735
5546 4 2 1 1 1491 1501 1202 1713
5547 4 2 1 1 1317 1595 1322 1727
5548 4 2 1 1 1312 1371 1076 1457
5549 4 2 1 1 922 1578 1164 1844
5550 4 2 1 1 389 1485 1238 1861
5551 4 2 1 1 1068 1577 1418 1749
5552 4 2 1 1 1041 1307 1193 1511
5553 4 2 1 1 1098 1245 1367 1792
5554 4 2 1 1 1158 1585 1485 1834
5555 4 2 1 1 1365 1481 1222 1824
5556 4 2 1 1 1187 1553 1383 1877
5557 4 2 1 1 1257 1330 1064 1446
5558 4 2 1 1 1075 1207 1351 1691
5559 4 2 1 1 856 845 831 1623
5560 4 2 1 1 838 1410 790 1855
5561 4 2 1 1 1130 1525 1201 1580
5562 4 2 1 1 1133 1502 1420 1635
5563 4 2 1 1 1397 1500 1140 1513
5564 4 2 1 1 1085 1200 1299 1672
5565 4 2 1 1 1218 1094 1334 1708
5566 4 2 1 1 1205 1477 1130 1525
5567 4 2 1 1 281 146 246 1629
5568 4 2 1 1 1038 1451 1287 1824
5569 4 2 1 1 1070 1403 1200 1689
5570 4 2 1 1 1088 1236 1551 1778
5571 4 2 1 1 1093 1568 1373 1768
5572 4 2 1 1 1036 1300 1198 1461
5573 4 2 1 1 1238 389 1861 1896
5574 4 2 1 1 1136 1451 1400 1639
5575 4 2 1 1 402 1238 329 1834
5576 4 2 1 1 658 659 657 1241
5577 4 2 1 1 182 1528 1336 1696
5578 4 2 1 1 1041 1505 1320 1688
5579 4 2 1 1 148 876 269 1802
5580 4 2 1 1 1059 1517 1462 1707
5581 4 2 1 1 295 417 1292 1854
5582 4 2 1 1 1181 1489 579 1640
5583 4 2 1 1 910 908 1603 1844
5584 4 2 1 1 1320 1505 1211 1688
5585 4 2 1 1 335 1239 1480 1893
5586 4 2 1 1 1158 1486 393 1834
5587 4 2 1 1 467 470 469 1347
5588 4 2 1 1 749 805 1710 1755
5589 4 2 1 1 1520 1777 1189 1848
5590 4 2 1 1 153 658 1241 1597
5591 4 2 1 1 1070 1204 1403 1689
5592 4 2 1 1 522 1337 553 1456
5593 4 2 1 1 1383 1648 1133 1814
5594 4 2 1 1 1035 1318 1212 1609
5595 4 2 1 1 584 452 561 1260
5596 4 2 1 1 1021 298 895 1779
5597 4 2 1 1 762 860 764 1373
5598 4 2 1 1 940 1284 895 1469
5599 4 2 1 1 1057 1529 1174 1727
5600 4 2 1 1 317 1585 1308 1587
5601 4 2 1 1 774 826 808 1169
5602 4 2 1 1 770 1225 789 1855
5603 4 2 1 1 1147 1455 213 1607
5604 4 2 1 1 330 1224 1541 1704
5605 4 2 1 1 519 1579 1327 1622
5606 4 2 1 1 1364 1556 1096 1578
5607 4 2 1 1 1152 165 1534 1700
5608 4 2 1 1 843 1189 1520 1796
5609 4 2 1 1 1092 1298 1495 1625
5610 4 2 1 1 1059 1170 1650 1707
5611 4 2 1 1 916 1391 1251 1558
5612 4 2 1 1 1410 1453 1131 1507
5613 4 2 1 1 901 902 892 1888
5614 4 2 1 1 1053 1582 1203 1694
5615 4 2 1 1 1190 1092 1315 1745
5616 4 2 1 1 1188 1533 1329 1784
5617 4 2 1 1 346 1160 1550 1893
5618 4 2 1 1 1209 1303 1072 1501
5619 4 2 1 1 599 676 698 1888
5620 4 2 1 1 1040 1341 1417 1509
5621 4 2 1 1 360 1660 402 1834
5622 4 2 1 1 1272 1652 1557 1660
5623 4 2 1 1 1155 209 1635 1868
5624 4 2 1 1 910 909 908 1844
5625 4 2 1 1 792 1410 811 1555
5626 4 2 1 1 1065 1296 1393 1826
5627 4 2 1 1 1108 1574 1377 1648
5628 4 2 1 1 499 1650 1313 1754
5629 4 2 1 1 932 905 998 1631
5630 4 2 1 1 1148 1535 1301 1643
5631 4 2 1 1 1167 1076 1747 1856
5632 4 2 1 1 580 449 748 1850
5633 4 2 1 1 845 813 1408 1850
5634 4 2 1 1 1051 1559 1215 1641
5635 4 2 1 1 948 1365 1222 1732
5636 4 2 1 1 1127 1335 1220 1462
5637 4 2 1 1 211 1363 1184 1564
5638 4 2 1 1 824 874 747 1716
5639 4 2 1 1 1302 1407 1122 1619
5640 4 2 1 1 346 345 335 1550
5641 4 2 1 1 1225 1520 789 1855
5642 4 2 1 1 1041 1394 1307 1511
5643 4 2 1 1 838 761 1644 1855
5644 4 2 1 1 1168 1354 1298 1583
5645 4 2 1 1 234 1554 181 1862
5646 4 2 1 1 167 168 169 1195
5647 4 2 1 1 297 375 374 1283
5648 4 2 1 1 299 307 974 1825
5649 4 2 1 1 251 1234 235 1675
5650 4 2 1 1 820 1416 1584 1795
5651 4 2 1 1 234 1786 1554 1862
5652 4 2 1 1 1372 1133 1648 1814
5653 4 2 1 1 979 1377 1187 1746
5654 4 2 1 1 1106 1280 1531 1601
5655 4 2 1 1 1053 1294 1582 1694
5656 4 2 1 1 969 1607 1147 1889
5657 4 2 1 1 1227 1433 1377 1735
5658 4 2 1 1 770 790 1225 1855
5659 4 2 1 1 1273 1321 1066 1718
5660 4 2 1 1 596 693 722 1750
5661 4 2 1 1 1042 1335 1462 1611
5662 4 2 1 1 1087 1683 1303 1705
5663 4 2 1 1 1064 1648 1383 1814
5664 4 2 1 1 1075 1691 1291 1752
5665 4 2 1 1 1287 1638 1538 1699
5666 4 2 1 1 1127 1220 1338 1462
5667 4 2 1 1 1082 1510 1261 1573
5668 4 2 1 1 615 613 1368 1463
5669 4 2 1 1 886 1192 943 1658
5670 4 2 1 1 1094 1555 1149 1860
5671 4 2 1 1 609 1374 610 1670
5672 4 2 1 1 1060 1326 1281 1630
5673 4 2 1 1 971 890 979 1187
5674 4 2 1 1 1232 1595 1057 1727
5675 4 2 1 1 828 776 1339 1800
5676 4 2 1 1 1382 1619 1220 1806
5677 4 2 1 1 1054 1293 1719 1804
5678 4 2 1 1 231 259 255 1381
5679 4 2 1 1 209 1627 1155 1698
5680 4 2 1 1 1198 1436 1413 1562
5681 4 2 1 1 1073 1243 1374 1807
5682 4 2 1 1 821 868 1416 1795
5683 4 2 1 1 1175 1333 1199 1790
5684 4 2 1 1 1096 1444 1286 1684
5685 4 2 1 1 1326 1409 1141 1626
5686 4 2 1 1 1149 1439 1065 1498
5687 4 2 1 1 1040 1270 1452 1454
5688 4 2 1 1 1039 1274 1613 1903
5689 4 2 1 1 1293 1316 1054 1445
5690 4 2 1 1 461 1610 1214 1843
5691 4 2 1 1 1607 1889 969 1890
5692 4 2 1 1 1065 1439 1149 1506
5693 4 2 1 1 1273 1066 1321 1489
5694 4 2 1 1 470 1434 473 1725
5695 4 2 1 1 1259 1400 1365 1904
5696 4 2 1 1 1041 1343 1307 1505
5697 4 2 1 1 596 1283 297 1750
5698 4 2 1 1 1054 1421 1293 1804
5699 4 2 1 1 511 1206 500 1524
5700 4 2 1 1 1093 1307 1250 1583
5701 4 2 1 1 1174 1667 1665 1807
5702 4 2 1 1 277 1528 219 1642
5703 4 2 1 1 1389 1538 1161 1863
5704 4 2 1 1 1117 1282 1753 1863
5705 4 2 1 1 1120 1472 1464 1865
5706 4 2 1 1 1052 1172 1613 1743
5707 4 2 1 1 1158 1182 1551 1585
5708 4 2 1 1 149 1311 158 1499
5709 4 2 1 1 905 904 906 1614
5710 4 2 1 1 1035 1404 1689 1752
5711 4 2 1 1 1302 1369 1122 1722
5712 4 2 1 1 1189 1050 1520 1647
5713 4 2 1 1 1090 1339 1179 1624
5714 4 2 1 1 288 1563 228 1793
5715 4 2 1 1 1175 1463 1146 1714
5716 4 2 1 1 976 1286 922 1578
5717 4 2 1 1 1157 1531 1412 1649
5718 4 2 1 1 158 200 1348 1494
5719 4 2 1 1 1159 1602 1104 1827
5720 4 2 1 1 1065 1149 1498 1506
5721 4 2 1 1 1064 1372 1648 1814
5722 4 2 1 1 1087 1370 1683 1705
5723 4 2 1 1 1543 1604 1132 1847
5724 4 2 1 1 1140 1397 1256 1500
5725 4 2 1 1 1201 1477 1130 1530
5726 4 2 1 1 210 1184 142 1887
5727 4 2 1 1 1261 1282 1082 1573
5728 4 2 1 1 1095 1151 1511 1696
5729 4 2 1 1 977 1286 976 1724
5730 4 2 1 1 1045 1681 1316 1730
5731 4 2 1 1 624 1333 619 1430
5732 4 2 1 1 1018 1004 954 1400
5733 4 2 1 1 651 656 653 1267
5734 4 2 1 1 697 689 686 1529
5735 4 2 1 1 1199 1368 1175 1790
5736 4 2 1 1 975 1556 995 1578
5737 4 2 1 1 150 228 1265 1875
5738 4 2 1 1 968 1415 967 1654
5739 4 2 1 1 1041 1317 1268 1459
5740 4 2 1 1 1302 1408 816 1835
5741 4 2 1 1 1189 1441 1125 1837
5742 4 2 1 1 1078 1345 1310 1686
5743 4 2 1 1 1098 1316 1213 1669
5744 4 2 1 1 1080 1316 1699 1730
5745 4 2 1 1 1266 1398 864 1426
5746 4 2 1 1 1261 1337 1117 1736
5747 4 2 1 1 1346 1645 1044 1737
5748 4 2 1 1 1035 1689 1615 1752
5749 4 2 1 1 1178 1519 1249 1820
5750 4 2 1 1 237 1651 1554 1786
5751 4 2 1 1 342 1660 360 1834
5752 4 2 1 1 1035 1404 1207 1689
5753 4 2 1 1 1152 1091 1420 1853
5754 4 2 1 1 1188 1150 1334 1571
5755 4 2 1 1 1235 1290 1126 1770
5756 4 2 1 1 1051 1290 1235 1770
5757 4 2 1 1 1238 1485 329 1834
5758 4 2 1 1 977 976 999 1724
5759 4 2 1 1 189 1220 1382 1830
5760 4 2 1 1 1046 1177 1370 1757
5761 4 2 1 1 1493 1795 861 1800
5762 4 2 1 1 225 1260 226 1793
5763 4 2 1 1 192 1502 1420 1662
5764 4 2 1 1 909 1447 908 1844
5765 4 2 1 1 1060 1281 1326 1880
5766 4 2 1 1 1193 1307 1343 1583
5767 4 2 1 1 823 821 868 1416
5768 4 2 1 1 145 1277 597 1642
5769 4 2 1 1 1217 1537 1278 1857
5770 4 2 1 1 825 861 1493 1795
5771 4 2 1 1 1035 1202 1318 1609
5772 4 2 1 1 1054 1719 1208 1804
5773 4 2 1 1 1064 1241 1553 1746
5774 4 2 1 1 1072 1303 1236 1491
5775 4 2 1 1 299 974 891 1825
5776 4 2 1 1 161 163 231 1709
5777 4 2 1 1 655 654 1189 1676
5778 4 2 1 1 1153 1577 1424 1620
5779 4 2 1 1 1329 1537 1101 1839
5780 4 2 1 1 1352 1170 1518 1809
5781 4 2 1 1 656 641 709 1418
5782 4 2 1 1 596 297 693 1750
5783 4 2 1 1 150 448 224 1875
5784 4 2 1 1 1069 1305 1302 1782
5785 4 2 1 1 922 1286 977 1631
5786 4 2 1 1 1462 1517 1288 1707
5787 4 2 1 1 1050 1537 1171 1839
5788 4 2 1 1 1155 1627 209 1868
5789 4 2 1 1 422 1178 1541 1618
5790 4 2 1 1 1258 1361 1130 1864
5791 4 2 1 1 655 654 591 1189
5792 4 2 1 1 757 1566 759 1848
5793 4 2 1 1 725 594 430 1758
5794 4 2 1 1 148 269 265 1802
5795 4 2 1 1 985 242 143 1344
5796 4 2 1 1 1136 1365 1400 1451
5797 4 2 1 1 1059 1462 1288 1707
5798 4 2 1 1 1400 1617 1136 1639
5799 4 2 1 1 1433 1648 1377 1735
5800 4 2 1 1 1075 1459 1323 1595
5801 4 2 1 1 1119 1395 1594 1810
5802 4 2 1 1 1093 1343 1298 1568
5803 4 2 1 1 1167 1457 1176 1487
5804 4 2 1 1 1069 1173 1382 1619
5805 4 2 1 1 1424 1577 1068 1620
5806 4 2 1 1 1375 1510 1167 1766
5807 4 2 1 1 694 636 722 1470
5808 4 2 1 1 1262 1565 1112 1600
5809 4 2 1 1 693 297 380 1750
5810 4 2 1 1 1092 1193 1343 1852
5811 4 2 1 1 922 976 977 1286
5812 4 2 1 1 241 1483 229 1563
5813 4 2 1 1 1409 1764 1326 1880
5814 4 2 1 1 783 1292 1656 1879
5815 4 2 1 1 1092 1291 1404 1495
5816 4 2 1 1 393 323 1486 1900
5817 4 2 1 1 596 722 635 1283
5818 4 2 1 1 145 280 597 1797
5819 4 2 1 1 1122 1369 1584 1795
5820 4 2 1 1 1225 1112 1565 1796
5821 4 2 1 1 1078 1369 1235 1722
5822 4 2 1 1 1051 1177 1569 1898
5823 4 2 1 1 425 1690 1163 1899
5824 4 2 1 1 445 1306 296 1682
5825 4 2 1 1 894 1022 157 1760
5826 4 2 1 1 1101 1333 1199 1561
5827 4 2 1 1 649 1191 660 1544
5828 4 2 1 1 215 1499 159 1709
5829 4 2 1 1 1506 1514 1112 1857
5830 4 2 1 1 297 1283 596 1801
5831 4 2 1 1 1282 1538 1389 1863
5832 4 2 1 1 1130 1415 1258 1864
5833 4 2 1 1 1095 1696 1336 1829
5834 4 2 1 1 1076 1799 1170 1809
5835 4 2 1 1 1242 1347 1176 1775
5836 4 2 1 1 505 506 442 1194
5837 4 2 1 1 791 809 800 1565
5838 4 2 1 1 465 1487 1176 1775
5839 4 2 1 1 867 1388 840 1426
5840 4 2 1 1 1453 1839 1278 1859
5841 4 2 1 1 1083 1443 1332 1729
5842 4 2 1 1 923 1558 1301 1643
5843 4 2 1 1 1160 1116 1452 1550
5844 4 2 1 1 1360 1438 372 1884
5845 4 2 1 1 1018 1004 1400 1590
5846 4 2 1 1 1350 1504 1236 1683
5847 4 2 1 1 1081 1222 1481 1824
5848 4 2 1 1 1106 1475 1474 1531
5849 4 2 1 1 1116 1270 1264 1697
5850 4 2 1 1 393 318 323 1900
5851 4 2 1 1 1130 1364 1556 1580
5852 4 2 1 1 1056 1519 1249 1822
5853 4 2 1 1 315 317 1659 1668
5854 4 2 1 1 518 516 517 1327
5855 4 2 1 1 1044 1199 1561 1895
5856 4 2 1 1 1377 1574 1187 1648
5857 4 2 1 1 1308 1316 1098 1669
5858 4 2 1 1 1152 1443 1195 1662
5859 4 2 1 1 795 1464 794 1555
5860 4 2 1 1 1061 1282 1449 1831
5861 4 2 1 1 1046 1352 1312 1570
5862 4 2 1 1 1264 1270 1079 1783
5863 4 2 1 1 708 648 1276 1529
5864 4 2 1 1 778 756 1424 1566
5865 4 2 1 1 1306 1579 556 1622
5866 4 2 1 1 1079 1428 1465 1714
5867 4 2 1 1 1122 1722 1369 1795
5868 4 2 1 1 1240 1699 1316 1730
5869 4 2 1 1 1459 1595 1268 1663
5870 4 2 1 1 315 395 317 1668
5871 4 2 1 1 480 557 1321 1489
5872 4 2 1 1 935 1020 986 1575
5873 4 2 1 1 1129 1665 1667 1807
5874 4 2 1 1 456 458 557 1818
5875 4 2 1 1 921 984 917 1391
5876 4 2 1 1 1162 1474 1337 1652
5877 4 2 1 1 1209 1571 1107 1615
5878 4 2 1 1 1209 1495 1107 1571
5879 4 2 1 1 303 1244 679 1758
5880 4 2 1 1 1061 1652 1272 1660
5881 4 2 1 1 545 573 487 1474
5882 4 2 1 1 988 1673 1251 1781
5883 4 2 1 1 1075 1459 1291 1691
5884 4 2 1 1 1302 1122 1407 1722
5885 4 2 1 1 903 905 932 1614
5886 4 2 1 1 366 298 369 1469
5887 4 2 1 1 218 1336 182 1528
5888 4 2 1 1 1094 1453 1410 1507
5889 4 2 1 1 1236 1504 1088 1542
5890 4 2 1 1 1087 1310 1345 1686
5891 4 2 1 1 1287 1451 1038 1538
5892 4 2 1 1 148 742 876 1802
5893 4 2 1 1 1088 1331 1182 1900
5894 4 2 1 1 1063 1513 1157 1601
5895 4 2 1 1 1278 1453 1150 1839
5896 4 2 1 1 1042 1407 1290 1422
5897 4 2 1 1 611 1463 1374 1867
5898 4 2 1 1 1233 1323 1095 1663
5899 4 2 1 1 1057 1323 1233 1663
5900 4 2 1 1 1061 1413 1282 1831
5901 4 2 1 1 446 1629 1181 1651
5902 4 2 1 1 1113 1412 1398 1513
5903 4 2 1 1 1352 1518 1242 1775
5904 4 2 1 1 1199 1333 1101 1633
5905 4 2 1 1 167 1195 169 1662
5906 4 2 1 1 1276 1529 1174 1632
5907 4 2 1 1 1102 1434 1157 1461
5908 4 2 1 1 1064 1257 1377 1735
5909 4 2 1 1 1357 1657 1208 1882
5910 4 2 1 1 809 793 804 1565
5911 4 2 1 1 219 1419 1277 1528
5912 4 2 1 1 330 1541 344 1704
5913 4 2 1 1 1321 1128 1387 1791
5914 4 2 1 1 1060 1156 1739 1880
5915 4 2 1 1 1330 1374 1129 1765
5916 4 2 1 1 1103 1317 1268 1685
5917 4 2 1 1 1196 1617 1400 1639
5918 4 2 1 1 448 1265 492 1875
5919 4 2 1 1 728 1186 1446 1597
5920 4 2 1 1 1050 1191 1537 1837
5921 4 2 1 1 1325 1462 1059 1803
5922 4 2 1 1 1333 1430 1101 1633
5923 4 2 1 1 749 857 805 1755
5924 4 2 1 1 789 790 791 1225
5925 4 2 1 1 727 429 301 1715
5926 4 2 1 1 356 349 1393 1540
5927 4 2 1 1 768 774 848 1624
5928 4 2 1 1 1225 1565 791 1796
5929 4 2 1 1 866 1388 867 1677
5930 4 2 1 1 378 313 1366 1438
5931 4 2 1 1 226 156 286 1260
5932 4 2 1 1 635 633 637 1283
5933 4 2 1 1 548 1255 439 1885
5934 4 2 1 1 1121 1273 1535 1718
5935 4 2 1 1 1150 1839 1453 1859
5936 4 2 1 1 335 334 1239 1872
5937 4 2 1 1 762 860 1373 1616
5938 4 2 1 1 411 530 1231 1789
5939 4 2 1 1 1242 1347 1102 1757
5940 4 2 1 1 1180 1700 163 1709
5941 4 2 1 1 1372 1433 1243 1735
5942 4 2 1 1 835 850 778 1547
5943 4 2 1 1 1198 1370 1102 1757
5944 4 2 1 1 1036 1542 1236 1870
5945 4 2 1 1 1041 1268 1317 1685
5946 4 2 1 1 1089 1409 1281 1880
5947 4 2 1 1 1185 1556 911 1844
5948 4 2 1 1 325 1621 327 1900
5949 4 2 1 1 1149 1410 1453 1858
5950 4 2 1 1 316 393 1485 1585
5951 4 2 1 1 1063 1385 1292 1405
5952 4 2 1 1 506 1194 505 1679
5953 4 2 1 1 975 914 995 1556
5954 4 2 1 1 1075 1346 1204 1645
5955 4 2 1 1 1086 1683 1236 1870
5956 4 2 1 1 1348 1499 1109 1709
5957 4 2 1 1 946 1222 947 1657
5958 4 2 1 1 1341 1417 1137 1819
5959 4 2 1 1 1443 1534 1195 1729
5960 4 2 1 1 1297 1508 1312 1702
5961 4 2 1 1 1122 1369 1302 1584
5962 4 2 1 1 834 1295 1476 1547
5963 4 2 1 1 826 774 842 1468
5964 4 2 1 1 1195 1443 1152 1534
5965 4 2 1 1 1082 1436 1413 1720
5966 4 2 1 1 1389 1753 1282 1863
5967 4 2 1 1 1549 1587 1156 1669
5968 4 2 1 1 1098 1367 1421 1792
5969 4 2 1 1 1097 1301 1274 1743
5970 4 2 1 1 383 1545 389 1896
5971 4 2 1 1 1170 1772 1435 1799
5972 4 2 1 1 1094 1340 1507 1644
5973 4 2 1 1 1545 1753 1161 1863
5974 4 2 1 1 1192 1208 1657 1658
5975 4 2 1 1 1056 1230 1541 1822
5976 4 2 1 1 1057 1634 1529 1727
5977 4 2 1 1 1298 1310 1092 1902
5978 4 2 1 1 1054 1657 1222 1788
5979 4 2 1 1 1059 1386 1234 1772
5980 4 2 1 1 245 166 1437 1534
5981 4 2 1 1 1291 1107 1404 1495
5982 4 2 1 1 1171 1320 1211 1688
5983 4 2 1 1 1193 1604 1543 1847
5984 4 2 1 1 1400 1451 1365 1904
5985 4 2 1 1 664 663 665 1515
5986 4 2 1 1 1091 1351 1323 1637
5987 4 2 1 1 1040 1509 1203 1598
5988 4 2 1 1 1072 1350 1218 1504
5989 4 2 1 1 1081 1673 1251 1815
5990 4 2 1 1 1161 1538 1449 1863
5991 4 2 1 1 1641 1679 1388 1759
5992 4 2 1 1 1167 1487 1176 1596
5993 4 2 1 1 1279 1641 1051 1883
5994 4 2 1 1 321 320 1480 1587
5995 4 2 1 1 1178 1519 1414 1704
5996 4 2 1 1 1134 1497 1592 1619
5997 4 2 1 1 321 1593 1587 1764
5998 4 2 1 1 1064 1377 1187 1648
5999 4 2 1 1 479 483 482 1608
6000 4 2 1 1 1429 1545 1306 1753
6001 4 2 1 1 748 1305 1482 1835
6002 4 2 1 1 1211 1253 1505 1777
6003 4 2 1 1 1321 1718 1273 1818
6004 4 2 1 1 1091 1237 1637 1703
6005 4 2 1 1 1069 1407 1302 1619
6006 4 2 1 1 1657 1732 1222 1788
6007 4 2 1 1 393 329 1485 1834
6008 4 2 1 1 1373 1568 1131 1768
6009 4 2 1 1 618 1544 1199 1790
6010 4 2 1 1 1070 1246 1467 1694
6011 4 2 1 1 1104 1163 1470 1630
6012 4 2 1 1 1268 1595 1317 1727
6013 4 2 1 1 745 598 729 1798
6014 4 2 1 1 917 1391 916 1558
6015 4 2 1 1 1086 1198 1683 1870
6016 4 2 1 1 1055 1583 1193 1852
6017 4 2 1 1 462 463 1487 1747
6018 4 2 1 1 1061 1272 1300 1605
6019 4 2 1 1 301 1304 594 1715
6020 4 2 1 1 1529 1634 1276 1727
6021 4 2 1 1 1286 1631 1053 1744
6022 4 2 1 1 1351 1443 1091 1756
6023 4 2 1 1 425 361 1512 1690
6024 4 2 1 1 1162 1652 1337 1717
6025 4 2 1 1 728 685 1186 1851
6026 4 2 1 1 1056 1692 1504 1769
6027 4 2 1 1 681 1428 1465 1873
6028 4 2 1 1 767 1493 769 1800
6029 4 2 1 1 1314 1387 1701 1816
6030 4 2 1 1 565 1412 1266 1426
6031 4 2 1 1 1062 1429 1161 1904
6032 4 2 1 1 378 1366 313 1884
6033 4 2 1 1 1088 1331 1224 1769
6034 4 2 1 1 991 1575 1361 1643
6035 4 2 1 1 773 859 868 1616
6036 4 2 1 1 1176 1436 1347 1757
6037 4 2 1 1 1249 1519 1178 1822
6038 4 2 1 1 446 146 1629 1651
6039 4 2 1 1 1038 1451 1389 1538
6040 4 2 1 1 1397 1513 1140 1823
6041 4 2 1 1 378 1438 1366 1884
6042 4 2 1 1 1037 1653 1197 1881
6043 4 2 1 1 1100 1308 1245 1659
6044 4 2 1 1 1290 1422 1177 1686
6045 4 2 1 1 1129 1402 1665 1814
6046 4 2 1 1 1245 1308 1098 1668
6047 4 2 1 1 288 260 1382 1793
6048 4 2 1 1 1260 1408 1305 1850
6049 4 2 1 1 654 1441 1189 1676
6050 4 2 1 1 1063 1385 1280 1649
6051 4 2 1 1 1265 228 1563 1793
6052 4 2 1 1 1037 1289 1334 1693
6053 4 2 1 1 1613 1702 1039 1903
6054 4 2 1 1 510 1285 1489 1629
6055 4 2 1 1 402 389 1238 1896
6056 4 2 1 1 402 1238 1834 1896
6057 4 2 1 1 1121 1274 1301 1738
6058 4 2 1 1 485 1248 533 1610
6059 4 2 1 1 728 1186 595 1851
6060 4 2 1 1 1060 1163 1630 1697
6061 4 2 1 1 664 680 662 1349
6062 4 2 1 1 927 1301 1473 1761
6063 4 2 1 1 355 422 1414 1704
6064 4 2 1 1 940 941 1431 1469
6065 4 2 1 1 1347 1436 1102 1757
6066 4 2 1 1 142 210 211 1184
6067 4 2 1 1 1099 1523 1411 1655
6068 4 2 1 1 1040 1452 1341 1454
6069 4 2 1 1 1156 1409 1593 1880
6070 4 2 1 1 956 1196 896 1666
6071 4 2 1 1 1186 1627 1402 1814
6072 4 2 1 1 1227 1433 1444 1721
6073 4 2 1 1 1242 1518 1105 1524
6074 4 2 1 1 834 1295 742 1476
6075 4 2 1 1 1086 1413 1309 1562
6076 4 2 1 1 1232 1346 1073 1586
6077 4 2 1 1 1291 1459 1193 1691
6078 4 2 1 1 667 666 665 1515
6079 4 2 1 1 902 1254 1406 1614
6080 4 2 1 1 1099 1356 1523 1655
6081 4 2 1 1 1044 1645 1346 1813
6082 4 2 1 1 1089 1230 1331 1842
6083 4 2 1 1 342 398 333 1272
6084 4 2 1 1 1229 1491 1072 1778
6085 4 2 1 1 1069 1408 1173 1619
6086 4 2 1 1 1461 1513 1397 1601
6087 4 2 1 1 979 1574 1377 1654
6088 4 2 1 1 256 1419 188 1576
6089 4 2 1 1 1108 1364 1227 1654
6090 4 2 1 1 1095 1696 1511 1847
6091 4 2 1 1 1096 1556 1364 1580
6092 4 2 1 1 1131 1644 1768 1855
6093 4 2 1 1 1261 1114 1389 1573
6094 4 2 1 1 703 624 702 1465
6095 4 2 1 1 867 864 1398 1426
6096 4 2 1 1 407 1668 1367 1893
6097 4 2 1 1 1050 1278 1839 1859
6098 4 2 1 1 164 1437 166 1534
6099 4 2 1 1 1209 1404 1107 1495
6100 4 2 1 1 1095 1459 1511 1663
6101 4 2 1 1 816 1408 1302 1584
6102 4 2 1 1 1079 1264 1465 1873
6103 4 2 1 1 1323 1595 1232 1637
6104 4 2 1 1 1207 1048 1351 1691
6105 4 2 1 1 1587 1593 1156 1764
6106 4 2 1 1 1194 1559 865 1606
6107 4 2 1 1 1135 1386 1636 1816
6108 4 2 1 1 549 450 983 1590
6109 4 2 1 1 1336 1634 1564 1663
6110 4 2 1 1 211 1564 1184 1698
6111 4 2 1 1 227 225 226 1793
6112 4 2 1 1 245 166 164 1437
6113 4 2 1 1 295 379 417 1854
6114 4 2 1 1 235 245 181 1437
6115 4 2 1 1 1330 1374 609 1670
6116 4 2 1 1 1222 1357 1081 1781
6117 4 2 1 1 1615 1689 1204 1752
6118 4 2 1 1 168 166 173 1356
6119 4 2 1 1 492 448 493 1483
6120 4 2 1 1 233 1348 200 1786
6121 4 2 1 1 1169 1519 1249 1708
6122 4 2 1 1 406 308 381 1429
6123 4 2 1 1 414 1656 1521 1704
6124 4 2 1 1 927 923 1017 1301
6125 4 2 1 1 1131 1453 1225 1859
6126 4 2 1 1 1042 1335 1611 1774
6127 4 2 1 1 394 1016 293 1360
6128 4 2 1 1 401 324 378 1438
6129 4 2 1 1 1107 1404 1209 1615
6130 4 2 1 1 1197 1084 1399 1533
6131 4 2 1 1 960 1589 1257 1628
6132 4 2 1 1 1052 1738 1473 1743
6133 4 2 1 1 1208 1657 1357 1719
6134 4 2 1 1 1101 1537 1329 1895
6135 4 2 1 1 832 1442 745 1892
6136 4 2 1 1 1195 1534 1152 1662
6137 4 2 1 1 1400 1451 1062 1639
6138 4 2 1 1 1087 1190 1705 1817
6139 4 2 1 1 752 1260 561 1850
6140 4 2 1 1 573 1475 544 1838
6141 4 2 1 1 1415 1574 967 1654
6142 4 2 1 1 1056 1249 1519 1708
6143 4 2 1 1 1119 1395 1252 1576
6144 4 2 1 1 1161 1680 1124 1904
6145 4 2 1 1 1194 1567 505 1679
6146 4 2 1 1 1193 1511 1810 1847
6147 4 2 1 1 1135 1437 1180 1636
6148 4 2 1 1 1525 1613 1219 1833
6149 4 2 1 1 1328 1785 1411 1808
6150 4 2 1 1 141 264 267 1787
6151 4 2 1 1 805 804 798 1439
6152 4 2 1 1 451 1231 528 1590
6153 4 2 1 1 1059 1234 1386 1803
6154 4 2 1 1 431 296 576 1789
6155 4 2 1 1 1119 1547 1295 1620
6156 4 2 1 1 789 1225 791 1796
6157 4 2 1 1 1273 1489 1321 1818
6158 4 2 1 1 918 920 917 1558
6159 4 2 1 1 1335 1462 1611 1774
6160 4 2 1 1 1115 1528 1749 1829
6161 4 2 1 1 1371 1457 1228 1856
6162 4 2 1 1 1203 1396 1164 1684
6163 4 2 1 1 1075 1323 1459 1691
6164 4 2 1 1 1317 1268 1459 1595
6165 4 2 1 1 1126 1606 1235 1770
6166 4 2 1 1 1133 1455 1648 1877
6167 4 2 1 1 342 1557 360 1660
6168 4 2 1 1 1203 1582 1294 1694
6169 4 2 1 1 1127 1338 1220 1563
6170 4 2 1 1 1121 1273 1718 1818
6171 4 2 1 1 830 1235 829 1606
6172 4 2 1 1 151 1597 205 1851
6173 4 2 1 1 1522 1599 1376 1733
6174 4 2 1 1 319 1585 317 1587
6175 4 2 1 1 319 318 317 1585
6176 4 2 1 1 378 313 311 1884
6177 4 2 1 1 332 330 1521 1621
6178 4 2 1 1 1234 1059 1338 1803
6179 4 2 1 1 899 937 1751 1760
6180 4 2 1 1 715 1263 638 1755
6181 4 2 1 1 491 224 448 1875
6182 4 2 1 1 838 1644 1410 1855
6183 4 2 1 1 1195 1662 1443 1756
6184 4 2 1 1 1036 1300 1397 1542
6185 4 2 1 1 1241 1746 1257 1845
6186 4 2 1 1 1261 1389 1282 1573
6187 4 2 1 1 1063 1292 1385 1723
6188 4 2 1 1 342 360 405 1834
6189 4 2 1 1 1070 1204 1346 1737
6190 4 2 1 1 1195 1392 169 1662
6191 4 2 1 1 1078 1493 1298 1773
6192 4 2 1 1 595 1186 728 1597
6193 4 2 1 1 1223 1074 1312 1570
6194 4 2 1 1 859 773 850 1527
6195 4 2 1 1 928 1440 929 1535
6196 4 2 1 1 1218 1334 1692 1708
6197 4 2 1 1 973 1364 995 1556
6198 4 2 1 1 1279 1821 1641 1883
6199 4 2 1 1 313 1366 311 1884
6200 4 2 1 1 1469 1591 1192 1658
6201 4 2 1 1 519 556 1579 1622
6202 4 2 1 1 898 981 1241 1845
6203 4 2 1 1 975 914 1556 1844
6204 4 2 1 1 1064 1383 1186 1814
6205 4 2 1 1 944 955 946 1732
6206 4 2 1 1 1104 1470 1163 1471
6207 4 2 1 1 580 748 812 1850
6208 4 2 1 1 1102 1279 1569 1898
6209 4 2 1 1 642 1642 1492 1878
6210 4 2 1 1 407 399 1668 1893
6211 4 2 1 1 1080 1316 1445 1699
6212 4 2 1 1 1039 1508 1223 1805
6213 4 2 1 1 681 671 1465 1874
6214 4 2 1 1 326 392 1331 1734
6215 4 2 1 1 812 748 1305 1850
6216 4 2 1 1 169 1195 168 1655
6217 4 2 1 1 194 1832 1635 1877
6218 4 2 1 1 1035 1780 1190 1817
6219 4 2 1 1 480 579 1489 1640
6220 4 2 1 1 652 1442 1441 1536
6221 4 2 1 1 1130 1364 1415 1864
6222 4 2 1 1 1162 1474 1106 1475
6223 4 2 1 1 1156 1764 1409 1880
6224 4 2 1 1 1123 1591 1192 1792
6225 4 2 1 1 253 1285 1494 1760
6226 4 2 1 1 1086 1198 1413 1562
6227 4 2 1 1 470 1347 475 1434
6228 4 2 1 1 1290 1407 1126 1782
6229 4 2 1 1 822 1416 1166 1716
6230 4 2 1 1 1196 1400 1004 1590
6231 4 2 1 1 257 259 175 1271
6232 4 2 1 1 999 965 962 1589
6233 4 2 1 1 1004 1196 956 1617
6234 4 2 1 1 1253 1093 1527 1768
6235 4 2 1 1 911 1556 914 1844
6236 4 2 1 1 705 1304 1503 1715
6237 4 2 1 1 1042 1310 1646 1686
6238 4 2 1 1 452 1260 156 1875
6239 4 2 1 1 1092 1343 1298 1583
6240 4 2 1 1 1042 1310 1354 1902
6241 4 2 1 1 1079 1465 1428 1873
6242 4 2 1 1 1129 1374 1243 1807
6243 4 2 1 1 1133 1635 1420 1832
6244 4 2 1 1 944 943 886 1192
6245 4 2 1 1 471 1242 469 1524
6246 4 2 1 1 1095 1392 1543 1756
6247 4 2 1 1 1190 1404 1092 1745
6248 4 2 1 1 943 1192 1657 1658
6249 4 2 1 1 718 627 660 1191
6250 4 2 1 1 313 1366 314 1861
6251 4 2 1 1 201 194 1635 1877
6252 4 2 1 1 1542 1621 1139 1742
6253 4 2 1 1 602 1241 657 1845
6254 4 2 1 1 483 484 482 1412
6255 4 2 1 1 1121 1718 1321 1818
6256 4 2 1 1 1087 1370 1177 1898
6257 4 2 1 1 1105 1288 1422 1517
6258 4 2 1 1 941 1431 1469 1658
6259 4 2 1 1 745 1267 754 1892
6260 4 2 1 1 848 1340 765 1624
6261 4 2 1 1 1486 1621 1088 1900
6262 4 2 1 1 1140 1539 1398 1776
6263 4 2 1 1 1173 1584 846 1716
6264 4 2 1 1 899 937 1013 1751
6265 4 2 1 1 769 825 861 1493
6266 4 2 1 1 592 1257 605 1628
6267 4 2 1 1 1054 1316 1245 1638
6268 4 2 1 1 1100 1245 1316 1638
6269 4 2 1 1 1080 1445 1342 1699
6270 4 2 1 1 975 911 914 1844
6271 4 2 1 1 211 1184 210 1698
6272 4 2 1 1 1339 1078 1493 1800
6273 4 2 1 1 1207 1689 1404 1752
6274 4 2 1 1 310 1429 308 1680
6275 4 2 1 1 781 1398 782 1539
6276 4 2 1 1 237 236 1554 1651
6277 4 2 1 1 1107 1688 1317 1784
6278 4 2 1 1 1059 1386 1325 1803
6279 4 2 1 1 447 573 544 1838
6280 4 2 1 1 1036 1504 1350 1683
6281 4 2 1 1 813 816 1408 1835
6282 4 2 1 1 447 544 300 1838
6283 4 2 1 1 1267 1424 754 1892
6284 4 2 1 1 867 866 840 1388
6285 4 2 1 1 1106 1474 1162 1652
6286 4 2 1 1 1035 1204 1615 1689
6287 4 2 1 1 579 1181 446 1629
6288 4 2 1 1 1052 1274 1371 1856
6289 4 2 1 1 1344 1381 1109 1709
6290 4 2 1 1 1250 1307 1119 1810
6291 4 2 1 1 1167 1228 1457 1856
6292 4 2 1 1 1298 1343 1092 1495
6293 4 2 1 1 469 1242 471 1775
6294 4 2 1 1 933 1010 1248 1761
6295 4 2 1 1 829 1740 1235 1800
6296 4 2 1 1 1097 1613 1525 1833
6297 4 2 1 1 1440 1535 1273 1718
6298 4 2 1 1 1018 900 1005 1231
6299 4 2 1 1 1193 1511 1307 1810
6300 4 2 1 1 1402 1529 687 1667
6301 4 2 1 1 1036 1236 1504 1683
6302 4 2 1 1 954 951 1006 1400
6303 4 2 1 1 907 1380 906 1447
6304 4 2 1 1 1035 1615 1404 1752
6305 4 2 1 1 544 390 300 1838
6306 4 2 1 1 672 673 721 1711
6307 4 2 1 1 589 680 1448 1894
6308 4 2 1 1 932 993 1448 1894
6309 4 2 1 1 1091 1323 1423 1637
6310 4 2 1 1 1222 1081 1481 1781
6311 4 2 1 1 403 409 392 1541
6312 4 2 1 1 1111 1294 1417 1582
6313 4 2 1 1 1279 1370 1588 1898
6314 4 2 1 1 1063 1385 1266 1723
6315 4 2 1 1 308 1259 299 1671
6316 4 2 1 1 1193 1132 1604 1847
6317 4 2 1 1 1052 1375 1214 1856
6318 4 2 1 1 1110 1519 1256 1742
6319 4 2 1 1 1037 1334 1289 1478
6320 4 2 1 1 1017 1226 958 1473
6321 4 2 1 1 579 1489 1181 1629
6322 4 2 1 1 1087 1350 1303 1683
6323 4 2 1 1 302 415 1296 1865
6324 4 2 1 1 1286 1578 1096 1684
6325 4 2 1 1 1010 1473 957 1767
6326 4 2 1 1 727 301 594 1715
6327 4 2 1 1 201 1832 194 1877
6328 4 2 1 1 245 235 251 1234
6329 4 2 1 1 1298 1354 1310 1902
6330 4 2 1 1 1072 1504 1218 1692
6331 4 2 1 1 618 1199 1633 1790
6332 4 2 1 1 668 1401 667 1503
6333 4 2 1 1 1221 1679 478 1695
6334 4 2 1 1 1197 1329 1533 1561
6335 4 2 1 1 1328 1411 1134 1808
6336 4 2 1 1 1387 1581 1128 1816
6337 4 2 1 1 615 614 613 1463
6338 4 2 1 1 1084 1737 1811 1901
6339 4 2 1 1 1346 1467 1073 1586
6340 4 2 1 1 1232 1043 1423 1637
6341 4 2 1 1 934 1311 894 1499
6342 4 2 1 1 1373 1507 1179 1644
6343 4 2 1 1 1332 1508 1074 1780
6344 4 2 1 1 336 388 1405 1521
6345 4 2 1 1 354 369 370 1432
6346 4 2 1 1 1117 1306 1579 1682
6347 4 2 1 1 918 1558 923 1643
6348 4 2 1 1 992 1406 940 1431
6349 4 2 1 1 219 1277 145 1642
6350 4 2 1 1 316 393 329 1485
6351 4 2 1 1 1086 1198 1562 1683
6352 4 2 1 1 189 1220 275 1563
6353 4 2 1 1 926 923 1301 1535
6354 4 2 1 1 1158 1551 1486 1605
6355 4 2 1 1 1191 1537 1217 1633
6356 4 2 1 1 1008 541 1248 1767
6357 4 2 1 1 741 804 1262 1600
6358 4 2 1 1 1403 1811 1737 1901
6359 4 2 1 1 357 403 1540 1618
6360 4 2 1 1 1101 1561 1199 1895
6361 4 2 1 1 1398 1426 1113 1677
6362 4 2 1 1 215 161 231 1709
6363 4 2 1 1 1130 1415 1364 1530
6364 4 2 1 1 1100 1316 1308 1681
6365 4 2 1 1 1088 1486 1551 1605
6366 4 2 1 1 1128 1772 1701 1816
6367 4 2 1 1 1082 1282 1413 1573
6368 4 2 1 1 764 769 767 1493
6369 4 2 1 1 936 934 930 1311
6370 4 2 1 1 1298 1583 1354 1852
6371 4 2 1 1 1310 1646 1092 1902
6372 4 2 1 1 893 960 1257 1628
6373 4 2 1 1 193 192 1502 1635
6374 4 2 1 1 366 1591 1469 1678
6375 4 2 1 1 1168 1122 1416 1795
6376 4 2 1 1 1196 1516 534 1666
6377 4 2 1 1 330 343 1521 1704
6378 4 2 1 1 1089 1331 1230 1734
6379 4 2 1 1 1380 1447 1164 1582
6380 4 2 1 1 759 1520 788 1848
6381 4 2 1 1 554 553 475 1456
6382 4 2 1 1 1115 1528 1277 1749
6383 4 2 1 1 430 594 301 1758
6384 4 2 1 1 328 321 320 1480
6385 4 2 1 1 1301 1535 923 1643
6386 4 2 1 1 199 217 1328 1785
6387 4 2 1 1 581 562 474 1809
6388 4 2 1 1 1099 1523 1356 1729
6389 4 2 1 1 1149 1464 1439 1498
6390 4 2 1 1 1089 1593 1409 1880
6391 4 2 1 1 1106 1162 1475 1557
6392 4 2 1 1 1146 1467 1246 1694
6393 4 2 1 1 556 1579 1306 1682
6394 4 2 1 1 1306 1117 1545 1682
6395 4 2 1 1 1075 1595 1323 1637
6396 4 2 1 1 1323 1595 1459 1663
6397 4 2 1 1 1189 1050 1647 1837
6398 4 2 1 1 728 1446 1186 1765
6399 4 2 1 1 1063 1266 1385 1649
6400 4 2 1 1 1162 1557 1106 1652
6401 4 2 1 1 1107 1343 1688 1748
6402 4 2 1 1 1166 1594 871 1787
6403 4 2 1 1 853 833 754 1424
6404 4 2 1 1 829 776 828 1800
6405 4 2 1 1 523 526 572 1736
6406 4 2 1 1 1163 1104 1471 1899
6407 4 2 1 1 1374 1667 1129 1765
6408 4 2 1 1 1188 1501 1209 1571
6409 4 2 1 1 1113 1221 1641 1759
6410 4 2 1 1 1219 1532 1049 1833
6411 4 2 1 1 1004 896 1196 1590
6412 4 2 1 1 907 908 909 1447
6413 4 2 1 1 1345 1090 1496 1588
6414 4 2 1 1 1037 1478 1281 1881
6415 4 2 1 1 1330 1446 706 1765
6416 4 2 1 1 1313 1518 1105 1707
6417 4 2 1 1 1170 1518 1313 1707
6418 4 2 1 1 347 1678 346 1893
6419 4 2 1 1 627 1217 626 1633
6420 4 2 1 1 1313 1650 1170 1707
6421 4 2 1 1 1126 1194 1606 1770
6422 4 2 1 1 1100 1240 1316 1681
6423 4 2 1 1 1258 1864 1415 1889
6424 4 2 1 1 770 789 1520 1855
6425 4 2 1 1 1225 1520 1050 1647
6426 4 2 1 1 369 1432 352 1678
6427 4 2 1 1 412 1244 370 1779
6428 4 2 1 1 670 671 1711 1873
6429 4 2 1 1 780 782 781 1398
6430 4 2 1 1 148 265 270 1476
6431 4 2 1 1 1156 1593 1409 1764
6432 4 2 1 1 765 1340 766 1644
6433 4 2 1 1 943 1192 944 1657
6434 4 2 1 1 551 464 466 1775
6435 4 2 1 1 1144 1422 1335 1517
6436 4 2 1 1 1080 1730 1202 1901
6437 4 2 1 1 1219 1613 1525 1903
6438 4 2 1 1 181 1554 1437 1862
6439 4 2 1 1 1066 1181 1489 1494
6440 4 2 1 1 234 233 1786 1862
6441 4 2 1 1 896 983 450 1590
6442 4 2 1 1 1512 1697 1690 1872
6443 4 2 1 1 873 783 1656 1879
6444 4 2 1 1 417 295 1292 1656
6445 4 2 1 1 319 1182 1587 1593
6446 4 2 1 1 1310 1354 1078 1722
6447 4 2 1 1 979 1746 1187 1812
6448 4 2 1 1 1070 1346 1246 1737
6449 4 2 1 1 1529 1665 1174 1667
6450 4 2 1 1 934 894 1020 1499
6451 4 2 1 1 1171 1103 1685 1731
6452 4 2 1 1 1276 1634 1268 1727
6453 4 2 1 1 727 1512 429 1715
6454 4 2 1 1 276 1255 241 1675
6455 4 2 1 1 1140 1513 1500 1821
6456 4 2 1 1 783 1539 1292 1879
6457 4 2 1 1 714 593 1262 1600
6458 4 2 1 1 820 1584 819 1795
6459 4 2 1 1 1073 1174 1807 1867
6460 4 2 1 1 565 564 1412 1426
6461 4 2 1 1 916 1558 1251 1673
6462 4 2 1 1 1107 1495 1343 1748
6463 4 2 1 1 500 569 501 1567
6464 4 2 1 1 677 1244 600 1836
6465 4 2 1 1 747 878 846 1623
6466 4 2 1 1 1461 1300 1652 1828
6467 4 2 1 1 1080 1699 1240 1730
6468 4 2 1 1 1237 1853 1443 1891
6469 4 2 1 1 846 824 747 1716
6470 4 2 1 1 1236 1551 1491 1886
6471 4 2 1 1 957 1473 958 1726
6472 4 2 1 1 406 1231 306 1825
6473 4 2 1 1 1062 1451 1400 1904
6474 4 2 1 1 759 1520 1253 1855
6475 4 2 1 1 1078 1339 1235 1800
6476 4 2 1 1 183 275 189 1220
6477 4 2 1 1 574 503 442 1482
6478 4 2 1 1 1135 1180 1437 1862
6479 4 2 1 1 897 1244 938 1836
6480 4 2 1 1 1078 1298 1310 1773
6481 4 2 1 1 1239 1690 1060 1697
6482 4 2 1 1 1525 1613 1097 1903
6483 4 2 1 1 612 611 1463 1771
6484 4 2 1 1 1412 1513 1113 1608
6485 4 2 1 1 423 376 1263 1710
6486 4 2 1 1 536 446 1181 1651
6487 4 2 1 1 188 182 185 1696
6488 4 2 1 1 234 181 233 1862
6489 4 2 1 1 601 1247 709 1797
6490 4 2 1 1 508 1285 453 1751
6491 4 2 1 1 478 477 568 1221
6492 4 2 1 1 774 808 848 1728
6493 4 2 1 1 1177 1422 1105 1763
6494 4 2 1 1 1581 1799 1128 1816
6495 4 2 1 1 568 478 1221 1679
6496 4 2 1 1 503 1482 1488 1567
6497 4 2 1 1 1073 1322 1232 1807
6498 4 2 1 1 538 562 1435 1640
6499 4 2 1 1 1127 1220 1335 1806
6500 4 2 1 1 1048 1604 1543 1691
6501 4 2 1 1 601 710 709 1247
6502 4 2 1 1 1023 886 941 1469
6503 4 2 1 1 511 569 500 1206
6504 4 2 1 1 818 817 815 1302
6505 4 2 1 1 1137 1431 1208 1804
6506 4 2 1 1 1326 1409 339 1764
6507 4 2 1 1 1167 1457 1076 1856
6508 4 2 1 1 1036 1300 1542 1870
6509 4 2 1 1 647 708 1276 1632
6510 4 2 1 1 389 1545 337 1861
6511 4 2 1 1 522 553 532 1456
6512 4 2 1 1 695 989 589 1448
6513 4 2 1 1 1131 1410 1225 1453
6514 4 2 1 1 993 589 989 1448
6515 4 2 1 1 1211 1343 1093 1568
6516 4 2 1 1 578 1526 525 1682
6517 4 2 1 1 1238 1545 1161 1863
6518 4 2 1 1 1035 1204 1403 1811
6519 4 2 1 1 830 1559 1235 1606
6520 4 2 1 1 1132 1411 1785 1808
6521 4 2 1 1 510 1285 508 1489
6522 4 2 1 1 274 1363 289 1564
6523 4 2 1 1 665 663 701 1428
6524 4 2 1 1 1521 1656 1110 1704
6525 4 2 1 1 606 1384 639 1628
6526 4 2 1 1 1462 1572 1338 1803
6527 4 2 1 1 1201 1580 1525 1672
6528 4 2 1 1 208 206 153 1597
6529 4 2 1 1 1361 1391 1130 1864
6530 4 2 1 1 547 1483 1255 1754
6531 4 2 1 1 1065 1439 1296 1826
6532 4 2 1 1 740 1166 871 1787
6533 4 2 1 1 1126 1407 1302 1782
6534 4 2 1 1 606 634 639 1384
6535 4 2 1 1 889 1007 1009 1466
6536 4 2 1 1 1533 1615 1204 1784
6537 4 2 1 1 1090 1339 1215 1883
6538 4 2 1 1 933 927 1010 1761
6539 4 2 1 1 617 1428 701 1714
6540 4 2 1 1 189 288 1382 1563
6541 4 2 1 1 1370 1436 1198 1562
6542 4 2 1 1 1208 1431 1123 1804
6543 4 2 1 1 1002 898 981 1241
6544 4 2 1 1 626 1633 1217 1876
6545 4 2 1 1 1099 1572 1462 1803
6546 4 2 1 1 829 1369 1740 1800
6547 4 2 1 1 948 1222 947 1732
6548 4 2 1 1 1270 1079 1522 1599
6549 4 2 1 1 960 961 1589 1628
6550 4 2 1 1 818 1302 815 1740
6551 4 2 1 1 792 790 811 1410
6552 4 2 1 1 1306 1545 382 1682
6553 4 2 1 1 542 840 1388 1426
6554 4 2 1 1 1142 1337 1474 1652
6555 4 2 1 1 251 235 252 1675
6556 4 2 1 1 1216 1134 1774 1808
6557 4 2 1 1 1035 1200 1403 1689
6558 4 2 1 1 565 1266 1412 1649
6559 4 2 1 1 1492 1642 1115 1878
6560 4 2 1 1 1143 1630 1470 1874
6561 4 2 1 1 1037 1490 1358 1762
6562 4 2 1 1 1094 1507 1410 1644
6563 4 2 1 1 1218 1334 1072 1692
6564 4 2 1 1 1307 1511 1394 1620
6565 4 2 1 1 1354 1042 1479 1722
6566 4 2 1 1 864 1398 1266 1723
6567 4 2 1 1 1125 1536 1442 1892
6568 4 2 1 1 1185 1578 1556 1844
6569 4 2 1 1 1348 1494 200 1786
6570 4 2 1 1 339 1626 1326 1899
6571 4 2 1 1 1072 1334 1218 1687
6572 4 2 1 1 955 1671 1001 1732
6573 4 2 1 1 514 476 513 1375
6574 4 2 1 1 1384 961 1628 1724
6575 4 2 1 1 946 1222 1657 1732
6576 4 2 1 1 756 754 1424 1892
6577 4 2 1 1 1348 1786 233 1862
6578 4 2 1 1 1346 1645 1322 1813
6579 4 2 1 1 1101 1278 1537 1857
6580 4 2 1 1 1080 1598 1213 1901
6581 4 2 1 1 1199 1537 1191 1633
6582 4 2 1 1 1207 1048 1691 1745
6583 4 2 1 1 1062 1429 1306 1753
6584 4 2 1 1 990 1384 961 1628
6585 4 2 1 1 1084 1653 1229 1881
6586 4 2 1 1 1188 1107 1571 1615
6587 4 2 1 1 690 887 639 1384
6588 4 2 1 1 271 1247 222 1802
6589 4 2 1 1 313 324 315 1659
6590 4 2 1 1 1491 1551 1236 1778
6591 4 2 1 1 1225 1647 1112 1796
6592 4 2 1 1 961 1384 994 1724
6593 4 2 1 1 1035 1403 1204 1689
6594 4 2 1 1 327 1621 1486 1900
6595 4 2 1 1 327 333 398 1621
6596 4 2 1 1 1056 1519 1169 1708
6597 4 2 1 1 293 408 372 1360
6598 4 2 1 1 445 576 296 1789
6599 4 2 1 1 672 721 675 1711
6600 4 2 1 1 822 871 740 1166
6601 4 2 1 1 1214 1747 1076 1856
6602 4 2 1 1 1102 1695 1569 1725
6603 4 2 1 1 1107 1204 1615 1784
6604 4 2 1 1 990 639 887 1384
6605 4 2 1 1 994 961 990 1384
6606 4 2 1 1 1218 1350 1072 1687
6607 4 2 1 1 1328 1395 1252 1810
6608 4 2 1 1 484 483 1531 1649
6609 4 2 1 1 426 359 291 1475
6610 4 2 1 1 1483 1552 1127 1754
6611 4 2 1 1 817 816 1302 1584
6612 4 2 1 1 1049 1185 1396 1580
6613 4 2 1 1 597 1277 641 1642
6614 4 2 1 1 1537 1839 1329 1895
6615 4 2 1 1 703 619 624 1333
6616 4 2 1 1 1064 1433 1372 1735
6617 4 2 1 1 1197 1533 1399 1561
6618 4 2 1 1 1017 919 1226 1558
6619 4 2 1 1 992 931 940 1406
6620 4 2 1 1 1215 1339 1090 1869
6621 4 2 1 1 398 393 1486 1834
6622 4 2 1 1 1288 1570 1105 1763
6623 4 2 1 1 717 1217 627 1676
6624 4 2 1 1 1377 1574 1108 1654
6625 4 2 1 1 1039 1314 1636 1816
6626 4 2 1 1 195 201 1635 1877
6627 4 2 1 1 1289 1708 1249 1822
6628 4 2 1 1 1039 1805 1223 1816
6629 4 2 1 1 1475 1531 1106 1838
6630 4 2 1 1 1158 1449 1238 1485
6631 4 2 1 1 324 407 395 1668
6632 4 2 1 1 751 1247 853 1798
6633 4 2 1 1 1368 1544 620 1790
6634 4 2 1 1 253 1494 1285 1629
6635 4 2 1 1 208 153 261 1241
6636 4 2 1 1 660 649 718 1191
6637 4 2 1 1 1066 1321 1489 1701
6638 4 2 1 1 1124 1222 1365 1732
6639 4 2 1 1 237 1554 234 1786
6640 4 2 1 1 1158 1585 1551 1681
6641 4 2 1 1 1057 1268 1634 1727
6642 4 2 1 1 975 1556 1578 1844
6643 4 2 1 1 1052 1371 1228 1856
6644 4 2 1 1 696 697 1363 1878
6645 4 2 1 1 647 1492 1276 1878
6646 4 2 1 1 717 626 627 1217
6647 4 2 1 1 801 1820 799 1871
6648 4 2 1 1 635 1450 1283 1602
6649 4 2 1 1 1165 1640 1181 1651
6650 4 2 1 1 1114 1327 1389 1639
6651 4 2 1 1 1394 1511 1268 1829
6652 4 2 1 1 461 459 1610 1843
6653 4 2 1 1 485 533 512 1610
6654 4 2 1 1 657 602 658 1241
6655 4 2 1 1 461 459 512 1610
6656 4 2 1 1 539 548 439 1885
6657 4 2 1 1 1044 1731 1322 1813
6658 4 2 1 1 509 1285 510 1629
6659 4 2 1 1 1366 1485 1100 1659
6660 4 2 1 1 845 1408 1260 1850
6661 4 2 1 1 1227 1108 1433 1721
6662 4 2 1 1 1178 1822 1472 1871
6663 4 2 1 1 1187 1455 212 1877
6664 4 2 1 1 956 1004 896 1196
6665 4 2 1 1 1478 1653 1281 1881
6666 4 2 1 1 1120 1472 1822 1871
6667 4 2 1 1 1002 1241 981 1746
6668 4 2 1 1 1176 1457 1167 1596
6669 4 2 1 1 1264 1711 671 1873
6670 4 2 1 1 1083 1332 1275 1805
6671 4 2 1 1 150 543 448 1483
6672 4 2 1 1 1093 1343 1307 1583
6673 4 2 1 1 1077 1603 1185 1794
6674 4 2 1 1 926 1301 927 1761
6675 4 2 1 1 434 1526 578 1682
6676 4 2 1 1 920 1558 918 1643
6677 4 2 1 1 1047 1179 1507 1840
6678 4 2 1 1 227 290 260 1793
6679 4 2 1 1 1095 1663 1511 1829
6680 4 2 1 1 705 1401 668 1503
6681 4 2 1 1 1128 1435 1772 1799
6682 4 2 1 1 1171 1688 1211 1839
6683 4 2 1 1 1042 1290 1407 1722
6684 4 2 1 1 1302 1782 1305 1835
6685 4 2 1 1 955 1360 1025 1671
6686 4 2 1 1 536 446 579 1181
6687 4 2 1 1 1134 1497 1328 1592
6688 4 2 1 1 1328 1497 1166 1592
6689 4 2 1 1 300 447 1280 1841
6690 4 2 1 1 447 300 1280 1838
6691 4 2 1 1 1074 1332 1325 1805
6692 4 2 1 1 195 201 194 1635
6693 4 2 1 1 1059 1223 1386 1772
6694 4 2 1 1 346 352 1432 1678
6695 4 2 1 1 193 194 192 1635
6696 4 2 1 1 1368 1463 1175 1790
6697 4 2 1 1 1103 1368 1322 1731
6698 4 2 1 1 1006 891 1259 1671
6699 4 2 1 1 920 918 923 1643
6700 4 2 1 1 1408 1623 1260 1793
6701 4 2 1 1 647 1276 1492 1706
6702 4 2 1 1 912 988 916 1251
6703 4 2 1 1 1354 1583 1055 1852
6704 4 2 1 1 646 645 643 1492
6705 4 2 1 1 1266 1063 1412 1649
6706 4 2 1 1 1116 1503 1304 1715
6707 4 2 1 1 788 1520 843 1848
6708 4 2 1 1 1084 1213 1713 1733
6709 4 2 1 1 511 1206 1524 1695
6710 4 2 1 1 465 466 1487 1775
6711 4 2 1 1 1458 1776 1215 1869
6712 4 2 1 1 1049 1396 1319 1484
6713 4 2 1 1 1084 1713 1355 1733
6714 4 2 1 1 1255 1650 1338 1675
6715 4 2 1 1 1342 1546 1318 1866
6716 4 2 1 1 769 1493 861 1800
6717 4 2 1 1 822 1166 740 1716
6718 4 2 1 1 914 973 995 1556
6719 4 2 1 1 685 1402 1186 1851
6720 4 2 1 1 1249 1555 797 1728
6721 4 2 1 1 1331 1593 1182 1900
6722 4 2 1 1 1180 1437 1083 1636
6723 4 2 1 1 927 926 923 1301
6724 4 2 1 1 983 1005 549 1590
6725 4 2 1 1 1384 1612 682 1894
6726 4 2 1 1 1137 1417 1341 1509
6727 4 2 1 1 1063 1266 1398 1723
6728 4 2 1 1 427 1750 348 1899
6729 4 2 1 1 518 1327 519 1579
6730 4 2 1 1 1072 1571 1334 1687
6731 4 2 1 1 1126 1567 1194 1770
6732 4 2 1 1 766 765 848 1340
6733 4 2 1 1 1337 1717 1652 1720
6734 4 2 1 1 800 852 1379 1600
6735 4 2 1 1 1100 1485 1366 1861
6736 4 2 1 1 685 1186 1402 1765
6737 4 2 1 1 614 1463 1175 1714
6738 4 2 1 1 1080 1213 1730 1901
6739 4 2 1 1 685 728 1186 1765
6740 4 2 1 1 1080 1342 1318 1866
6741 4 2 1 1 1044 1322 1645 1813
6742 4 2 1 1 464 1487 466 1775
6743 4 2 1 1 1088 1504 1324 1769
6744 4 2 1 1 1284 1431 1123 1469
6745 4 2 1 1 511 569 1206 1695
6746 4 2 1 1 1163 1690 1512 1697
6747 4 2 1 1 549 1005 451 1590
6748 4 2 1 1 1049 1580 1525 1833
6749 4 2 1 1 682 1384 634 1612
6750 4 2 1 1 647 708 648 1276
6751 4 2 1 1 1219 1071 1613 1702
6752 4 2 1 1 271 155 222 1247
6753 4 2 1 1 829 1606 1235 1740
6754 4 2 1 1 385 1682 1545 1896
6755 4 2 1 1 1355 1713 1213 1733
6756 4 2 1 1 964 979 1377 1654
6757 4 2 1 1 919 1226 1673 1726
6758 4 2 1 1 1464 1472 1120 1871
6759 4 2 1 1 394 1025 1016 1360
6760 4 2 1 1 1179 1773 1496 1840
6761 4 2 1 1 1450 1602 1159 1827
6762 4 2 1 1 1035 1615 1204 1811
6763 4 2 1 1 1228 1573 1114 1766
6764 4 2 1 1 412 303 370 1244
6765 4 2 1 1 1119 1307 1620 1810
6766 4 2 1 1 1035 1403 1202 1811
6767 4 2 1 1 1066 1387 1314 1718
6768 4 2 1 1 1090 1345 1339 1883
6769 4 2 1 1 986 1020 985 1499
6770 4 2 1 1 1103 1322 1317 1731
6771 4 2 1 1 1407 1479 1042 1722
6772 4 2 1 1 1641 1821 1215 1883
6773 4 2 1 1 1106 1300 1601 1828
6774 4 2 1 1 1132 1543 1523 1604
6775 4 2 1 1 1398 1513 1140 1821
6776 4 2 1 1 1089 1478 1281 1674
6777 4 2 1 1 1124 1671 1259 1680
6778 4 2 1 1 1350 1087 1588 1683
6779 4 2 1 1 646 650 649 1536
6780 4 2 1 1 775 776 851 1559
6781 4 2 1 1 982 973 984 1864
6782 4 2 1 1 524 558 553 1474
6783 4 2 1 1 1125 1441 1189 1442
6784 4 2 1 1 1058 1275 1661 1891
6785 4 2 1 1 783 1292 746 1656
6786 4 2 1 1 1299 1484 1201 1672
6787 4 2 1 1 1366 1638 1245 1659
6788 4 2 1 1 1314 1718 1664 1741
6789 4 2 1 1 1198 1436 1370 1757
6790 4 2 1 1 1236 1542 1088 1605
6791 4 2 1 1 638 715 603 1263
6792 4 2 1 1 312 337 1680 1861
6793 4 2 1 1 160 200 233 1348
6794 4 2 1 1 508 1489 1285 1751
6795 4 2 1 1 210 1184 1627 1698
6796 4 2 1 1 614 616 617 1714
6797 4 2 1 1 1521 1742 1110 1823
6798 4 2 1 1 1061 1362 1413 1831
6799 4 2 1 1 1196 1400 1062 1639
6800 4 2 1 1 1100 1638 1366 1659
6801 4 2 1 1 762 1373 763 1768
6802 4 2 1 1 1470 1471 1104 1602
6803 4 2 1 1 1093 1298 1343 1583
6804 4 2 1 1 1117 1753 1545 1863
6805 4 2 1 1 1305 1408 1302 1835
6806 4 2 1 1 353 1367 407 1591
6807 4 2 1 1 1036 1683 1198 1870
6808 4 2 1 1 947 1222 946 1732
6809 4 2 1 1 1131 1644 1373 1768
6810 4 2 1 1 1066 1348 1311 1741
6811 4 2 1 1 1084 1197 1399 1522
6812 4 2 1 1 1098 1367 1245 1668
6813 4 2 1 1 1182 1549 1587 1593
6814 4 2 1 1 517 516 515 1516
6815 4 2 1 1 679 600 677 1244
6816 4 2 1 1 1562 1683 1370 1705
6817 4 2 1 1 451 530 528 1231
6818 4 2 1 1 1105 1518 1352 1707
6819 4 2 1 1 1352 1518 1170 1707
6820 4 2 1 1 469 511 1524 1695
6821 4 2 1 1 1133 1271 1420 1853
6822 4 2 1 1 1193 1459 1511 1847
6823 4 2 1 1 1303 1683 1562 1705
6824 4 2 1 1 350 403 404 1734
6825 4 2 1 1 1122 1592 1416 1716
6826 4 2 1 1 800 809 852 1600
6827 4 2 1 1 973 968 966 1364
6828 4 2 1 1 986 985 1344 1499
6829 4 2 1 1 938 897 996 1244
6830 4 2 1 1 1201 1525 1477 1672
6831 4 2 1 1 1215 1677 775 1776
6832 4 2 1 1 647 644 1492 1878
6833 4 2 1 1 880 744 802 1472
6834 4 2 1 1 634 1384 682 1894
6835 4 2 1 1 1139 1397 1742 1823
6836 4 2 1 1 411 306 406 1231
6837 4 2 1 1 1122 1173 1584 1619
6838 4 2 1 1 1066 1489 1285 1494
6839 4 2 1 1 1095 1511 1459 1847
6840 4 2 1 1 1123 1591 1469 1658
6841 4 2 1 1 1061 1449 1362 1831
6842 4 2 1 1 150 224 228 1875
6843 4 2 1 1 1104 1602 1471 1750
6844 4 2 1 1 689 1402 686 1529
6845 4 2 1 1 1073 1586 1243 1807
6846 4 2 1 1 997 1384 994 1894
6847 4 2 1 1 1100 1245 1638 1659
6848 4 2 1 1 692 588 230 1363
6849 4 2 1 1 1046 1177 1757 1763
6850 4 2 1 1 1052 1371 1274 1613
6851 4 2 1 1 985 242 1344 1499
6852 4 2 1 1 1123 1284 1469 1678
6853 4 2 1 1 154 1285 253 1760
6854 4 2 1 1 1041 1193 1459 1511
6855 4 2 1 1 447 433 577 1841
6856 4 2 1 1 1236 1088 1551 1605
6857 4 2 1 1 1266 1412 1398 1426
6858 4 2 1 1 998 907 922 1631
6859 4 2 1 1 1461 1601 1300 1828
6860 4 2 1 1 1073 1346 1322 1813
6861 4 2 1 1 1176 1487 1352 1775
6862 4 2 1 1 619 621 622 1633
6863 4 2 1 1 136 695 989 589
6864 4 2 1 1 241 144 240 1255
6865 4 2 1 1 989 993 136 589
6866 4 2 1 1 762 763 761 1768
6867 4 2 1 1 289 277 230 1363
6868 4 2 1 1 1384 1612 1118 1670
6869 4 2 1 1 1466 1535 1009 1761
6870 4 2 1 1 512 513 476 1375
6871 4 2 1 1 1181 1494 1066 1701
6872 4 2 1 1 1434 1608 479 1725
6873 4 2 1 1 168 167 166 1534
6874 4 2 1 1 1119 1252 1395 1810
6875 4 2 1 1 330 392 344 1541
6876 4 2 1 1 690 134 639 887
6877 4 2 1 1 413 355 422 1414
6878 4 2 1 1 318 1585 1182 1900
6879 4 2 1 1 1054 1287 1445 1638
6880 4 2 1 1 1067 1417 1341 1819
6881 4 2 1 1 885 985 143 1344
6882 4 2 1 1 848 765 768 1624
6883 4 2 1 1 821 1416 820 1795
6884 4 2 1 1 771 767 1339 1624
6885 4 2 1 1 1050 1278 1537 1839
6886 4 2 1 1 1096 1396 1185 1580
6887 4 2 1 1 990 639 134 887
6888 4 2 1 1 1327 1579 1306 1622
6889 4 2 1 1 1256 1110 1742 1823
6890 4 2 1 1 970 1415 1864 1889
6891 4 2 1 1 1402 1529 1184 1887
6892 4 2 1 1 1113 1398 1412 1426
6893 4 2 1 1 1037 1281 1653 1881
6894 4 2 1 1 337 1429 310 1680
6895 4 2 1 1 296 1306 382 1682
6896 4 2 1 1 266 243 267 1497
6897 4 2 1 1 689 687 1402 1529
6898 4 2 1 1 855 853 751 1247
6899 4 2 1 1 789 1520 1225 1796
6900 4 2 1 1 1075 1351 1299 1637
6901 4 2 1 1 173 1356 174 1655
6902 4 2 1 1 1312 1371 1071 1702
6903 4 2 1 1 923 918 1017 1558
6904 4 2 1 1 487 483 555 1531
6905 4 2 1 1 1081 1251 1673 1781
6906 4 2 1 1 1342 1699 1546 1866
6907 4 2 1 1 1075 1232 1595 1637
6908 4 2 1 1 366 369 352 1678
6909 4 2 1 1 578 434 526 1526
6910 4 2 1 1 1092 1583 1298 1852
6911 4 2 1 1 1096 1396 1269 1684
6912 4 2 1 1 1255 1675 276 1885
6913 4 2 1 1 1235 1740 1369 1800
6914 4 2 1 1 798 1439 794 1464
6915 4 2 1 1 497 500 501 1488
6916 4 2 1 1 864 780 867 1398
6917 4 2 1 1 1066 1718 1314 1741
6918 4 2 1 1 709 1247 710 1798
6919 4 2 1 1 1198 1036 1461 1683
6920 4 2 1 1 376 305 423 1263
6921 4 2 1 1 1090 1588 1345 1883
6922 4 2 1 1 743 840 542 1426
6923 4 2 1 1 1156 1587 1549 1593
6924 4 2 1 1 444 743 542 1426
6925 4 2 1 1 1275 1180 1636 1661
6926 4 2 1 1 477 1221 478 1725
6927 4 2 1 1 1204 1107 1752 1784
6928 4 2 1 1 1084 1522 1376 1733
6929 4 2 1 1 164 165 163 1700
6930 4 2 1 1 916 1251 988 1673
6931 4 2 1 1 671 1711 1264 1874
6932 4 2 1 1 1125 1442 1189 1848
6933 4 2 1 1 727 674 1512 1715
6934 4 2 1 1 634 690 1384 1894
6935 4 2 1 1 682 680 589 1894
6936 4 2 1 1 634 682 690 1894
6937 4 2 1 1 1298 1047 1495 1625
6938 4 2 1 1 956 1617 1196 1666
6939 4 2 1 1 1358 1498 1141 1674
6940 4 2 1 1 348 1750 1626 1899
6941 4 2 1 1 308 309 310 1680
6942 4 2 1 1 993 932 997 1894
6943 4 2 1 1 1060 1739 1355 1880
6944 4 2 1 1 1080 1699 1342 1866
6945 4 2 1 1 259 1271 257 1832
6946 4 2 1 1 1302 1126 1782 1835
6947 4 2 1 1 994 1384 887 1894
6948 4 2 1 1 1109 1499 1344 1709
6949 4 2 1 1 1134 1479 1216 1774
6950 4 2 1 1 1086 1413 1198 1870
6951 4 2 1 1 997 994 887 1894
6952 4 2 1 1 1485 1659 1366 1861
6953 4 2 1 1 1120 1464 1296 1865
6954 4 2 1 1 762 760 1616 1768
6955 4 2 1 1 1043 1243 1372 1433
6956 4 2 1 1 341 428 1557 1838
6957 4 2 1 1 705 668 667 1503
6958 4 2 1 1 556 1306 445 1682
6959 4 2 1 1 1049 1580 1484 1672
6960 4 2 1 1 1221 1695 478 1725
6961 4 2 1 1 1314 1348 1066 1741
6962 4 2 1 1 262 253 154 1285
6963 4 2 1 1 1039 1387 1314 1816
6964 4 2 1 1 448 492 491 1875
6965 4 2 1 1 966 968 967 1654
6966 4 2 1 1 1303 1491 1072 1501
6967 4 2 1 1 1014 1657 1208 1658
6968 4 2 1 1 1213 1669 1316 1730
6969 4 2 1 1 657 1241 1446 1845
6970 4 2 1 1 900 1231 1018 1825
6971 4 2 1 1 389 383 337 1545
6972 4 2 1 1 1087 1177 1686 1898
6973 4 2 1 1 1340 1179 1507 1644
6974 4 2 1 1 594 1304 705 1715
6975 4 2 1 1 366 353 1591 1678
6976 4 2 1 1 1554 1675 1165 1885
6977 4 2 1 1 945 946 947 1657
6978 4 2 1 1 537 538 1435 1640
6979 4 2 1 1 353 407 401 1591
6980 4 2 1 1 1067 1284 1406 1819
6981 4 2 1 1 958 1473 1226 1726
6982 4 2 1 1 1101 1490 1197 1762
6983 4 2 1 1 1078 1179 1493 1773
6984 4 2 1 1 1035 1190 1404 1817
6985 4 2 1 1 1123 1431 1208 1658
6986 4 2 1 1 1036 1504 1236 1542
6987 4 2 1 1 1123 1192 1591 1658
6988 4 2 1 1 1151 1576 1252 1696
6989 4 2 1 1 1484 1580 1201 1672
6990 4 2 1 1 856 831 226 1623
6991 4 2 1 1 1092 1291 1604 1745
6992 4 2 1 1 504 1305 449 1850
6993 4 2 1 1 449 504 502 1305
6994 4 2 1 1 911 913 914 1556
6995 4 2 1 1 385 1526 1682 1896
6996 4 2 1 1 924 923 1535 1643
6997 4 2 1 1 1251 1558 1226 1673
6998 4 2 1 1 1115 1268 1634 1829
6999 4 2 1 1 1043 1433 1372 1703
7000 4 2 1 1 1100 1449 1240 1681
7001 4 2 1 1 339 1690 1326 1764
7002 4 2 1 1 1473 1738 1301 1743
7003 4 2 1 1 138 892 599 698
7004 4 2 1 1 892 138 901 698
7005 4 2 1 1 509 453 508 1285
7006 4 2 1 1 673 1711 671 1874
7007 4 2 1 1 1010 957 1034 1767
7008 4 2 1 1 1194 1388 1559 1641
7009 4 2 1 1 1017 958 1030 1473
7010 4 2 1 1 1479 1592 1134 1808
7011 4 2 1 1 305 603 1263 1801
7012 4 2 1 1 1081 1251 1781 1794
7013 4 2 1 1 236 1675 1554 1885
7014 4 2 1 1 1414 1519 1110 1704
7015 4 2 1 1 1066 1489 1181 1701
7016 4 2 1 1 1553 1812 254 1877
7017 4 2 1 1 1557 1652 1162 1660
7018 4 2 1 1 1268 1663 1634 1829
7019 4 2 1 1 1436 1562 1370 1757
7020 4 2 1 1 375 358 374 1393
7021 4 2 1 1 327 398 1486 1621
7022 4 2 1 1 1355 1733 1669 1739
7023 4 2 1 1 1066 1387 1321 1701
7024 4 2 1 1 1157 1513 1412 1608
7025 4 2 1 1 1095 1459 1323 1691
7026 4 2 1 1 1186 1597 595 1851
7027 4 2 1 1 1361 1575 1148 1643
7028 4 2 1 1 1285 1489 1273 1751
7029 4 2 1 1 1062 1306 1622 1753
7030 4 2 1 1 1394 1577 1505 1620
7031 4 2 1 1 1042 1216 1479 1611
7032 4 2 1 1 1115 1277 1528 1642
7033 4 2 1 1 536 1181 579 1640
7034 4 2 1 1 1206 1569 1242 1695
7035 4 2 1 1 681 701 1428 1873
7036 4 2 1 1 767 828 1339 1800
7037 4 2 1 1 1182 1045 1549 1778
7038 4 2 1 1 1102 1434 1347 1725
7039 4 2 1 1 1331 1089 1593 1734
7040 4 2 1 1 1288 1353 1570 1763
7041 4 2 1 1 1132 1523 1543 1655
7042 4 2 1 1 1040 1293 1509 1598
7043 4 2 1 1 1772 1799 1223 1816
7044 4 2 1 1 1218 1090 1496 1840
7045 4 2 1 1 554 475 470 1347
7046 4 2 1 1 1187 1812 1553 1877
7047 4 2 1 1 12 448 150 543
7048 4 2 1 1 1305 1782 1126 1835
7049 4 2 1 1 1076 1378 1581 1799
7050 4 2 1 1 1252 1810 1511 1847
7051 4 2 1 1 1309 1413 1082 1436
7052 4 2 1 1 893 604 132 592
7053 4 2 1 1 1089 1549 1182 1593
7054 4 2 1 1 246 1651 237 1786
7055 4 2 1 1 1199 1544 1368 1790
7056 4 2 1 1 689 687 1529 1667
7057 4 2 1 1 362 1548 1280 1838
7058 4 2 1 1 1056 1708 1289 1822
7059 4 2 1 1 738 591 832 1442
7060 4 2 1 1 748 813 1305 1835
7061 4 2 1 1 1634 1663 1336 1829
7062 4 2 1 1 1323 1351 1091 1756
7063 4 2 1 1 781 777 780 1776
7064 4 2 1 1 331 1690 339 1764
7065 4 2 1 1 1188 1571 1209 1615
7066 4 2 1 1 536 1640 537 1651
7067 4 2 1 1 132 959 604 893
7068 4 2 1 1 507 1427 497 1488
7069 4 2 1 1 1306 1579 1327 1753
7070 4 2 1 1 1410 1644 1131 1855
7071 4 2 1 1 541 533 485 1248
7072 4 2 1 1 1140 1398 1539 1823
7073 4 2 1 1 153 278 724 1597
7074 4 2 1 1 693 380 1471 1750
7075 4 2 1 1 1221 1569 1206 1695
7076 4 2 1 1 1077 1208 1719 1804
7077 4 2 1 1 1077 1359 1719 1794
7078 4 2 1 1 820 1584 1416 1716
7079 4 2 1 1 1122 1479 1354 1592
7080 4 2 1 1 1064 1372 1433 1648
7081 4 2 1 1 1182 1551 1045 1778
7082 4 2 1 1 1123 1431 1284 1819
7083 4 2 1 1 1084 1399 1376 1522
7084 4 2 1 1 1084 1197 1522 1653
7085 4 2 1 1 832 745 755 1892
7086 4 2 1 1 372 408 378 1438
7087 4 2 1 1 1084 1376 1737 1901
7088 4 2 1 1 336 1405 362 1548
7089 4 2 1 1 801 797 808 1728
7090 4 2 1 1 1192 1788 1054 1792
7091 4 2 1 1 1077 1719 1293 1804
7092 4 2 1 1 355 1414 1656 1704
7093 4 2 1 1 960 962 963 1589
7094 4 2 1 1 1292 1539 1110 1879
7095 4 2 1 1 158 200 160 1348
7096 4 2 1 1 465 467 466 1775
7097 4 2 1 1 548 547 1255 1754
7098 4 2 1 1 608 634 606 1670
7099 4 2 1 1 1049 1525 1219 1833
7100 4 2 1 1 1527 1616 760 1768
7101 4 2 1 1 1376 1403 1070 1737
7102 4 2 1 1 1077 1293 1509 1804
7103 4 2 1 1 1092 1404 1291 1745
7104 4 2 1 1 1026 1746 980 1812
7105 4 2 1 1 1075 1323 1351 1637
7106 4 2 1 1 1061 1413 1362 1870
7107 4 2 1 1 1133 1420 1271 1832
7108 4 2 1 1 1049 1200 1532 1672
7109 4 2 1 1 827 1820 1468 1879
7110 4 2 1 1 555 475 558 1434
7111 4 2 1 1 1253 1527 1153 1566
7112 4 2 1 1 1086 1562 1303 1683
7113 4 2 1 1 338 339 1409 1764
7114 4 2 1 1 414 355 1656 1704
7115 4 2 1 1 508 510 509 1285
7116 4 2 1 1 1495 1568 1343 1748
7117 4 2 1 1 1165 1640 1435 1772
7118 4 2 1 1 1049 1484 1200 1672
7119 4 2 1 1 1094 1708 1340 1728
7120 4 2 1 1 1142 1337 1652 1720
7121 4 2 1 1 1144 1422 1517 1846
7122 4 2 1 1 1094 1507 1340 1840
7123 4 2 1 1 534 1516 531 1666
7124 4 2 1 1 1362 1449 1158 1681
7125 4 2 1 1 162 163 161 1709
7126 4 2 1 1 1394 1511 1151 1620
7127 4 2 1 1 195 1635 1383 1877
7128 4 2 1 1 1288 1462 1325 1611
7129 4 2 1 1 1122 1584 1416 1795
7130 4 2 1 1 1115 1564 1336 1634
7131 4 2 1 1 1209 1501 1188 1615
7132 4 2 1 1 945 947 1019 1657
7133 4 2 1 1 1115 1634 1336 1829
7134 4 2 1 1 1403 1737 1376 1901
7135 4 2 1 1 1054 1438 1638 1792
7136 4 2 1 1 1505 1577 1320 1777
7137 4 2 1 1 541 533 1248 1767
7138 4 2 1 1 557 508 456 1489
7139 4 2 1 1 222 1247 155 1797
7140 4 2 1 1 463 550 1487 1747
7141 4 2 1 1 1114 1261 1510 1573
7142 4 2 1 1 1100 1538 1366 1638
7143 4 2 1 1 1270 1599 1522 1733
7144 4 2 1 1 905 1380 998 1631
7145 4 2 1 1 1282 1449 1538 1863
7146 4 2 1 1 536 1181 1640 1651
7147 4 2 1 1 1177 1242 1569 1757
7148 4 2 1 1 1039 1508 1219 1702
7149 4 2 1 1 1035 1404 1209 1817
7150 4 2 1 1 1000 1575 1258 1864
7151 4 2 1 1 1321 1387 1128 1701
7152 4 2 1 1 528 1622 1231 1789
7153 4 2 1 1 770 838 790 1855
7154 4 2 1 1 913 1391 984 1556
7155 4 2 1 1 1078 1235 1369 1800
7156 4 2 1 1 1035 1202 1501 1811
7157 4 2 1 1 1086 1236 1362 1870
7158 4 2 1 1 218 184 182 1336
7159 4 2 1 1 1113 1641 1279 1821
7160 4 2 1 1 650 718 649 1441
7161 4 2 1 1 919 958 1226 1726
7162 4 2 1 1 1259 1062 1400 1904
7163 4 2 1 1 330 327 325 1621
7164 4 2 1 1 1035 1501 1202 1609
7165 4 2 1 1 635 632 1450 1602
7166 4 2 1 1 182 1696 1336 1849
7167 4 2 1 1 182 1336 184 1849
7168 4 2 1 1 665 1428 701 1873
7169 4 2 1 1 1036 1236 1683 1870
7170 4 2 1 1 1050 1839 1211 1859
7171 4 2 1 1 1217 1537 1191 1837
7172 4 2 1 1 619 1333 616 1790
7173 4 2 1 1 1124 1438 1366 1788
7174 4 2 1 1 1171 1685 1320 1688
7175 4 2 1 1 1141 1281 1358 1674
7176 4 2 1 1 926 924 923 1535
7177 4 2 1 1 1209 1404 1190 1817
7178 4 2 1 1 1173 1619 1497 1830
7179 4 2 1 1 233 160 1348 1862
7180 4 2 1 1 752 845 1260 1850
7181 4 2 1 1 1086 1362 1236 1886
7182 4 2 1 1 1370 1588 1087 1683
7183 4 2 1 1 1264 1503 1116 1711
7184 4 2 1 1 652 598 723 1442
7185 4 2 1 1 806 1296 744 1710
7186 4 2 1 1 1048 1195 1443 1756
7187 4 2 1 1 486 1531 1280 1649
7188 4 2 1 1 681 702 671 1874
7189 4 2 1 1 957 1030 958 1473
7190 4 2 1 1 1131 1373 1507 1568
7191 4 2 1 1 340 338 339 1409
7192 4 2 1 1 502 503 1482 1488
7193 4 2 1 1 962 1377 963 1589
7194 4 2 1 1 1092 1646 1315 1902
7195 4 2 1 1 216 217 191 1328
7196 4 2 1 1 854 1439 798 1464
7197 4 2 1 1 265 220 256 1419
7198 4 2 1 1 815 1302 816 1835
7199 4 2 1 1 1047 1773 1179 1840
7200 4 2 1 1 1039 1275 1508 1805
7201 4 2 1 1 657 706 605 1446
7202 4 2 1 1 980 1026 1002 1746
7203 4 2 1 1 1048 1443 1195 1729
7204 4 2 1 1 613 1368 1463 1867
7205 4 2 1 1 670 1711 1503 1873
7206 4 2 1 1 771 1339 776 1869
7207 4 2 1 1 1036 1397 1256 1542
7208 4 2 1 1 752 845 856 1260
7209 4 2 1 1 679 1244 677 1758
7210 4 2 1 1 1257 1589 1377 1735
7211 4 2 1 1 1177 1757 1569 1898
7212 4 2 1 1 1071 1342 1318 1532
7213 4 2 1 1 374 1393 1626 1750
7214 4 2 1 1 1037 1281 1478 1674
7215 4 2 1 1 1175 1463 1368 1813
7216 4 2 1 1 376 305 1263 1801
7217 4 2 1 1 603 638 1263 1801
7218 4 2 1 1 1183 682 1612 1894
7219 4 2 1 1 1036 1256 1397 1500
7220 4 2 1 1 467 554 470 1347
7221 4 2 1 1 1288 1353 1074 1570
7222 4 2 1 1 691 720 1379 1600
7223 4 2 1 1 1278 1647 1112 1858
7224 4 2 1 1 1242 1524 1206 1695
7225 4 2 1 1 1117 1682 1579 1736
7226 4 2 1 1 370 1244 303 1758
7227 4 2 1 1 846 1408 816 1584
7228 4 2 1 1 1036 1256 1504 1542
7229 4 2 1 1 1242 1757 1177 1763
7230 4 2 1 1 1245 1638 1438 1792
7231 4 2 1 1 1204 1689 1075 1752
7232 4 2 1 1 1226 1473 1301 1743
7233 4 2 1 1 1099 1462 1220 1774
7234 4 2 1 1 1089 1229 1549 1880
7235 4 2 1 1 439 548 547 1255
7236 4 2 1 1 542 1426 1388 1759
7237 4 2 1 1 703 616 619 1333
7238 4 2 1 1 448 224 11 150
7239 4 2 1 1 1215 1051 1641 1883
7240 4 2 1 1 378 408 401 1438
7241 4 2 1 1 1424 1547 1153 1620
7242 4 2 1 1 1162 1660 1652 1717
7243 4 2 1 1 541 490 112 1011
7244 4 2 1 1 473 1434 479 1725
7245 4 2 1 1 368 1023 298 1469
7246 4 2 1 1 1432 1678 1284 1819
7247 4 2 1 1 674 1711 1512 1715
7248 4 2 1 1 277 219 145 1642
7249 4 2 1 1 812 748 813 1305
7250 4 2 1 1 1559 1641 1388 1677
7251 4 2 1 1 1292 1723 1063 1823
7252 4 2 1 1 1044 1533 1204 1784
7253 4 2 1 1 938 1244 996 1779
7254 4 2 1 1 552 550 1510 1596
7255 4 2 1 1 1177 1370 1757 1898
7256 4 2 1 1 1106 1652 1300 1828
7257 4 2 1 1 528 1231 530 1789
7258 4 2 1 1 1120 1464 1498 1826
7259 4 2 1 1 1096 1185 1556 1580
7260 4 2 1 1 411 1231 406 1789
7261 4 2 1 1 1123 1284 1678 1819
7262 4 2 1 1 1109 1311 1348 1741
7263 4 2 1 1 998 1380 907 1631
7264 4 2 1 1 1316 1681 1240 1730
7265 4 2 1 1 1207 1691 1291 1745
7266 4 2 1 1 1038 1546 1240 1831
7267 4 2 1 1 1298 1625 1310 1773
7268 4 2 1 1 1204 1645 1346 1737
7269 4 2 1 1 906 925 908 1447
7270 4 2 1 1 1212 1562 1303 1609
7271 4 2 1 1 902 1406 904 1614
7272 4 2 1 1 1204 1070 1403 1737
7273 4 2 1 1 681 1465 702 1874
7274 4 2 1 1 1227 1118 1589 1724
7275 4 2 1 1 1441 1442 1125 1536
7276 4 2 1 1 1387 1664 1314 1718
7277 4 2 1 1 1268 1115 1749 1829
7278 4 2 1 1 1443 1853 1152 1891
7279 4 2 1 1 591 723 832 1442
7280 4 2 1 1 624 704 707 1430
7281 4 2 1 1 439 1255 144 1885
7282 4 2 1 1 620 1544 618 1790
7283 4 2 1 1 1038 1240 1546 1699
7284 4 2 1 1 499 559 498 1313
7285 4 2 1 1 719 849 852 1379
7286 4 2 1 1 1291 1691 1604 1745
7287 4 2 1 1 1179 1090 1624 1840
7288 4 2 1 1 678 1304 594 1758
7289 4 2 1 1 888 440 541 1767
7290 4 2 1 1 1086 1362 1413 1870
7291 4 2 1 1 257 1420 192 1832
7292 4 2 1 1 1106 1280 1548 1838
7293 4 2 1 1 168 1356 173 1655
7294 4 2 1 1 861 1369 829 1800
7295 4 2 1 1 1124 1366 1638 1788
7296 4 2 1 1 648 1276 1529 1878
7297 4 2 1 1 539 238 1651 1885
7298 4 2 1 1 242 215 1344 1499
7299 4 2 1 1 1164 1582 1203 1684
7300 4 2 1 1 1431 1804 1137 1819
7301 4 2 1 1 741 712 127 593
7302 4 2 1 1 1036 1350 1500 1588
7303 4 2 1 1 336 332 388 1521
7304 4 2 1 1 1044 1204 1645 1784
7305 4 2 1 1 460 1321 458 1843
7306 4 2 1 1 259 257 202 1832
7307 4 2 1 1 1110 1539 1292 1823
7308 4 2 1 1 172 223 249 1425
7309 4 2 1 1 807 712 127 741
7310 4 2 1 1 1037 1358 1674 1693
7311 4 2 1 1 461 463 462 1747
7312 4 2 1 1 1087 1705 1303 1817
7313 4 2 1 1 888 113 541 440
7314 4 2 1 1 728 595 685 1851
7315 4 2 1 1 778 1424 833 1547
7316 4 2 1 1 691 719 852 1379
7317 4 2 1 1 301 429 365 1715
7318 4 2 1 1 742 1295 836 1802
7319 4 2 1 1 1105 1570 1288 1707
7320 4 2 1 1 539 535 537 1651
7321 4 2 1 1 1193 1092 1604 1852
7322 4 2 1 1 782 1539 1398 1723
7323 4 2 1 1 1057 1529 1634 1665
7324 4 2 1 1 629 1330 706 1765
7325 4 2 1 1 773 762 760 1616
7326 4 2 1 1 1049 1396 1484 1580
7327 4 2 1 1 815 817 816 1302
7328 4 2 1 1 1234 1554 235 1675
7329 4 2 1 1 1430 1490 1101 1857
7330 4 2 1 1 829 1369 818 1740
7331 4 2 1 1 831 279 226 1623
7332 4 2 1 1 1207 1075 1689 1752
7333 4 2 1 1 341 1557 1548 1838
7334 4 2 1 1 1090 1500 1588 1883
7335 4 2 1 1 926 1535 1301 1761
7336 4 2 1 1 1041 1320 1685 1688
7337 4 2 1 1 1122 1416 1584 1716
7338 4 2 1 1 542 840 570 1388
7339 4 2 1 1 384 1306 296 1789
7340 4 2 1 1 1369 1493 1078 1800
7341 4 2 1 1 549 450 116 983
7342 4 2 1 1 171 169 1392 1662
7343 4 2 1 1 847 748 574 1482
7344 4 2 1 1 613 700 1368 1867
7345 4 2 1 1 598 1267 653 1798
7346 4 2 1 1 1268 1595 1057 1663
7347 4 2 1 1 720 655 1379 1676
7348 4 2 1 1 1045 1491 1551 1886
7349 4 2 1 1 1109 1381 1661 1709
7350 4 2 1 1 1008 1248 1010 1767
7351 4 2 1 1 1116 1715 1550 1872
7352 4 2 1 1 1325 1611 1462 1803
7353 4 2 1 1 1066 1314 1387 1701
7354 4 2 1 1 1035 1209 1404 1615
7355 4 2 1 1 458 480 557 1321
7356 4 2 1 1 581 538 562 1435
7357 4 2 1 1 464 465 466 1487
7358 4 2 1 1 336 363 362 1405
7359 4 2 1 1 1240 1449 1362 1681
7360 4 2 1 1 432 596 726 1801
7361 4 2 1 1 841 570 840 1388
7362 4 2 1 1 485 457 1466 1610
7363 4 2 1 1 529 1306 556 1622
7364 4 2 1 1 560 561 452 1260
7365 4 2 1 1 1200 1484 1299 1672
7366 4 2 1 1 1270 1522 1079 1783
7367 4 2 1 1 1057 1634 1268 1663
7368 4 2 1 1 853 1247 855 1802
7369 4 2 1 1 147 212 254 1812
7370 4 2 1 1 1325 1099 1611 1803
7371 4 2 1 1 455 1012 110 889
7372 4 2 1 1 949 1032 947 1781
7373 4 2 1 1 443 455 110 889
7374 4 2 1 1 1044 1533 1329 1561
7375 4 2 1 1 1109 1348 1314 1741
7376 4 2 1 1 987 546 440 1767
7377 4 2 1 1 1088 1542 1504 1769
7378 4 2 1 1 1098 1367 1668 1893
7379 4 2 1 1 1053 1203 1582 1684
7380 4 2 1 1 1265 1793 1260 1875
7381 4 2 1 1 1070 1376 1246 1694
7382 4 2 1 1 1040 1599 1376 1694
7383 4 2 1 1 1124 1680 1259 1904
7384 4 2 1 1 420 413 839 1414
7385 4 2 1 1 1044 1731 1199 1895
7386 4 2 1 1 1498 1674 1358 1693
7387 4 2 1 1 1123 1804 1431 1819
7388 4 2 1 1 463 550 465 1487
7389 4 2 1 1 1000 1361 1575 1864
7390 4 2 1 1 873 783 746 1656
7391 4 2 1 1 864 782 1398 1723
7392 4 2 1 1 326 392 325 1331
7393 4 2 1 1 1184 1665 1627 1698
7394 4 2 1 1 1089 1549 1229 1778
7395 4 2 1 1 1225 1410 1131 1855
7396 4 2 1 1 1105 1517 1422 1846
7397 4 2 1 1 486 484 1531 1649
7398 4 2 1 1 933 1010 1008 1248
7399 4 2 1 1 861 818 829 1369
7400 4 2 1 1 622 624 619 1430
7401 4 2 1 1 1045 1551 1491 1778
7402 4 2 1 1 1340 1708 1169 1728
7403 4 2 1 1 1094 1289 1708 1860
7404 4 2 1 1 1236 1542 1605 1870
7405 4 2 1 1 486 484 483 1531
7406 4 2 1 1 1412 1426 564 1759
7407 4 2 1 1 348 1626 339 1899
7408 4 2 1 1 1327 1622 1306 1753
7409 4 2 1 1 112 541 1011 1008
7410 4 2 1 1 224 11 491 448
7411 4 2 1 1 895 1284 939 1779
7412 4 2 1 1 1221 1113 1608 1759
7413 4 2 1 1 1392 1425 172 1849
7414 4 2 1 1 1035 1609 1212 1817
7415 4 2 1 1 1257 1446 1241 1845
7416 4 2 1 1 1049 1532 1219 1672
7417 4 2 1 1 1491 1501 1303 1609
7418 4 2 1 1 612 610 611 1771
7419 4 2 1 1 314 1659 1485 1861
7420 4 2 1 1 150 240 543 1483
7421 4 2 1 1 888 987 440 1767
7422 4 2 1 1 68 293 394 1016
7423 4 2 1 1 691 713 720 1600
7424 4 2 1 1 1274 1052 1613 1743
7425 4 2 1 1 1084 1733 1376 1901
7426 4 2 1 1 1120 1296 1464 1826
7427 4 2 1 1 1261 1117 1579 1736
7428 4 2 1 1 445 1306 529 1789
7429 4 2 1 1 1076 1371 1581 1856
7430 4 2 1 1 1526 525 1682 1736
7431 4 2 1 1 337 381 1429 1545
7432 4 2 1 1 828 776 771 1339
7433 4 2 1 1 1089 1478 1674 1842
7434 4 2 1 1 1068 1418 1277 1749
7435 4 2 1 1 1171 1685 1317 1731
7436 4 2 1 1 1473 1560 1226 1726
7437 4 2 1 1 1086 1309 1413 1546
7438 4 2 1 1 1303 1562 1086 1609
7439 4 2 1 1 486 1280 488 1649
7440 4 2 1 1 211 289 1363 1564
7441 4 2 1 1 1155 1627 1665 1698
7442 4 2 1 1 1092 1343 1583 1852
7443 4 2 1 1 1037 1197 1762 1881
7444 4 2 1 1 908 907 906 1447
7445 4 2 1 1 888 541 1008 1767
7446 4 2 1 1 470 475 473 1434
7447 4 2 1 1 768 1458 774 1624
7448 4 2 1 1 650 652 1441 1536
7449 4 2 1 1 1393 1826 1141 1827
7450 4 2 1 1 512 476 461 1747
7451 4 2 1 1 1116 1512 1715 1872
7452 4 2 1 1 967 1574 979 1654
7453 4 2 1 1 608 1612 634 1670
7454 4 2 1 1 1250 1527 1093 1616
7455 4 2 1 1 489 454 1712 1841
7456 4 2 1 1 1211 1839 1748 1859
7457 4 2 1 1 354 346 1432 1550
7458 4 2 1 1 188 1419 219 1528
7459 4 2 1 1 1265 1069 1793 1806
7460 4 2 1 1 1075 1317 1645 1752
7461 4 2 1 1 1236 1551 1362 1605
7462 4 2 1 1 1246 1376 1070 1737
7463 4 2 1 1 841 866 865 1388
7464 4 2 1 1 588 696 697 1363
7465 4 2 1 1 967 1415 969 1574
7466 4 2 1 1 301 1304 371 1758
7467 4 2 1 1 929 924 928 1535
7468 4 2 1 1 1008 113 541 888
7469 4 2 1 1 619 618 621 1633
7470 4 2 1 1 1462 1611 1099 1803
7471 4 2 1 1 1271 1420 257 1832
7472 4 2 1 1 565 1412 484 1649
7473 4 2 1 1 1017 919 958 1226
7474 4 2 1 1 1069 1427 1305 1782
7475 4 2 1 1 666 668 676 1401
7476 4 2 1 1 1274 1738 1121 1791
7477 4 2 1 1 1479 1611 1216 1774
7478 4 2 1 1 443 457 456 1818
7479 4 2 1 1 1454 1733 1270 1739
7480 4 2 1 1 567 1524 500 1846
7481 4 2 1 1 955 1025 1001 1671
7482 4 2 1 1 1061 1652 1660 1717
7483 4 2 1 1 258 213 1607 1890
7484 4 2 1 1 1042 1407 1335 1479
7485 4 2 1 1 246 146 237 1651
7486 4 2 1 1 565 489 1266 1649
7487 4 2 1 1 1118 1243 1444 1735
7488 4 2 1 1 1089 1549 1593 1880
7489 4 2 1 1 1314 1636 1180 1661
7490 4 2 1 1 1276 1634 1529 1878
7491 4 2 1 1 1000 1361 991 1575
7492 4 2 1 1 810 797 1555 1728
7493 4 2 1 1 1149 1506 1565 1858
7494 4 2 1 1 1112 1565 1506 1858
7495 4 2 1 1 1219 1508 1297 1702
7496 4 2 1 1 1240 1362 1449 1831
7497 4 2 1 1 1063 1405 1292 1823
7498 4 2 1 1 797 801 799 1871
7499 4 2 1 1 1091 1662 1392 1756
7500 4 2 1 1 1327 1516 1196 1639
7501 4 2 1 1 1213 1733 1084 1901
7502 4 2 1 1 1059 1650 1313 1707
7503 4 2 1 1 1163 1690 1326 1899
7504 4 2 1 1 1256 1742 1397 1823
7505 4 2 1 1 772 777 842 1458
7506 4 2 1 1 1188 1084 1533 1811
7507 4 2 1 1 1087 1345 1496 1588
7508 4 2 1 1 1066 1321 1387 1718
7509 4 2 1 1 1254 1614 902 1888
7510 4 2 1 1 1126 1488 1482 1567
7511 4 2 1 1 332 330 343 1521
7512 4 2 1 1 1154 1577 1394 1749
7513 4 2 1 1 1148 1664 1718 1741
7514 4 2 1 1 1211 1568 1131 1859
7515 4 2 1 1 1043 1372 1423 1703
7516 4 2 1 1 1087 1496 1350 1588
7517 4 2 1 1 347 352 346 1678
7518 4 2 1 1 1193 1583 1343 1852
7519 4 2 1 1 1037 1358 1281 1674
7520 4 2 1 1 249 178 1425 1785
7521 4 2 1 1 1046 1352 1570 1763
7522 4 2 1 1 1116 1239 1697 1872
7523 4 2 1 1 249 186 178 1785
7524 4 2 1 1 756 1424 1566 1892
7525 4 2 1 1 1046 1570 1353 1763
7526 4 2 1 1 948 1365 950 1481
7527 4 2 1 1 651 653 598 1267
7528 4 2 1 1 1690 1697 1239 1872
7529 4 2 1 1 687 1667 711 1765
7530 4 2 1 1 1159 1490 1430 1857
7531 4 2 1 1 452 560 1260 1875
7532 4 2 1 1 1497 1619 1134 1830
7533 4 2 1 1 968 969 967 1415
7534 4 2 1 1 104 444 743 542
7535 4 2 1 1 1048 1543 1195 1756
7536 4 2 1 1 429 1512 365 1715
7537 4 2 1 1 914 984 973 1556
7538 4 2 1 1 1035 1209 1501 1817
7539 4 2 1 1 919 1226 1558 1673
7540 4 2 1 1 1463 1714 612 1771
7541 4 2 1 1 507 497 502 1488
7542 4 2 1 1 571 1388 506 1679
7543 4 2 1 1 916 919 1558 1673
7544 4 2 1 1 1369 861 1795 1800
7545 4 2 1 1 1105 1518 1313 1846
7546 4 2 1 1 239 262 509 1629
7547 4 2 1 1 199 186 217 1785
7548 4 2 1 1 1366 1438 1124 1884
7549 4 2 1 1 422 1541 409 1618
7550 4 2 1 1 482 565 564 1412
7551 4 2 1 1 1748 1839 1150 1859
7552 4 2 1 1 1219 1039 1702 1903
7553 4 2 1 1 845 1408 878 1623
7554 4 2 1 1 854 798 794 1464
7555 4 2 1 1 1035 1501 1209 1615
7556 4 2 1 1 177 1425 1696 1849
7557 4 2 1 1 1248 1473 1010 1767
7558 4 2 1 1 1238 1717 1660 1896
7559 4 2 1 1 1097 1274 1664 1903
7560 4 2 1 1 1254 1111 1614 1888
7561 4 2 1 1 1052 1228 1766 1856
7562 4 2 1 1 1228 1167 1766 1856
7563 4 2 1 1 1225 1565 1112 1858
7564 4 2 1 1 177 1425 178 1696
7565 4 2 1 1 542 743 104 840
7566 4 2 1 1 310 381 308 1429
7567 4 2 1 1 403 392 326 1734
7568 4 2 1 1 635 632 633 1450
7569 4 2 1 1 273 230 588 1363
7570 4 2 1 1 991 1361 920 1643
7571 4 2 1 1 1204 1752 1645 1784
7572 4 2 1 1 495 1552 493 1754
7573 4 2 1 1 1062 1622 1327 1753
7574 4 2 1 1 1438 1638 1366 1788
7575 4 2 1 1 678 705 594 1304
7576 4 2 1 1 908 1603 1447 1882
7577 4 2 1 1 662 663 664 1349
7578 4 2 1 1 480 579 557 1489
7579 4 2 1 1 1108 1530 1460 1721
7580 4 2 1 1 1212 1086 1562 1609
7581 4 2 1 1 443 1466 457 1818
7582 4 2 1 1 773 760 1527 1616
7583 4 2 1 1 220 219 188 1419
7584 4 2 1 1 316 317 1585 1659
7585 4 2 1 1 788 843 787 1848
7586 4 2 1 1 631 714 633 1450
7587 4 2 1 1 1006 1001 891 1671
7588 4 2 1 1 325 322 326 1331
7589 4 2 1 1 327 1486 323 1900
7590 4 2 1 1 1133 1832 1455 1877
7591 4 2 1 1 1267 1536 1125 1892
7592 4 2 1 1 317 320 1587 1668
7593 4 2 1 1 1437 1554 1135 1862
7594 4 2 1 1 1289 1822 1249 1860
7595 4 2 1 1 1120 1472 1618 1822
7596 4 2 1 1 1178 1618 1472 1822
7597 4 2 1 1 1233 1095 1392 1849
7598 4 2 1 1 838 761 763 1644
7599 4 2 1 1 932 998 997 1631
7600 4 2 1 1 1242 1102 1569 1757
7601 4 2 1 1 156 1260 225 1875
7602 4 2 1 1 620 1544 1368 1632
7603 4 2 1 1 382 296 384 1306
7604 4 2 1 1 1116 1697 1512 1872
7605 4 2 1 1 1322 1595 1317 1645
7606 4 2 1 1 869 743 105 563
7607 4 2 1 1 1045 1202 1491 1730
7608 4 2 1 1 218 182 188 1528
7609 4 2 1 1 1076 1487 1378 1809
7610 4 2 1 1 1048 1195 1523 1729
7611 4 2 1 1 236 1651 237 1885
7612 4 2 1 1 1358 1506 1498 1693
7613 4 2 1 1 804 793 798 1439
7614 4 2 1 1 1173 1382 1619 1830
7615 4 2 1 1 312 337 310 1680
7616 4 2 1 1 1355 1213 1669 1733
7617 4 2 1 1 1269 1444 1096 1684
7618 4 2 1 1 1134 1592 1479 1619
7619 4 2 1 1 838 811 1410 1644
7620 4 2 1 1 1098 1668 1480 1893
7621 4 2 1 1 631 630 713 1514
7622 4 2 1 1 675 1512 674 1711
7623 4 2 1 1 838 766 811 1644
7624 4 2 1 1 561 1260 560 1850
7625 4 2 1 1 612 1463 614 1714
7626 4 2 1 1 450 546 115 1666
7627 4 2 1 1 322 1331 325 1900
7628 4 2 1 1 743 444 105 563
7629 4 2 1 1 800 1379 849 1796
7630 4 2 1 1 253 281 1494 1629
7631 4 2 1 1 783 1292 1539 1723
7632 4 2 1 1 930 934 929 1440
7633 4 2 1 1 1389 1639 1327 1753
7634 4 2 1 1 1336 1528 1151 1696
7635 4 2 1 1 1216 1479 1134 1808
7636 4 2 1 1 902 931 904 1406
7637 4 2 1 1 1204 1044 1645 1737
7638 4 2 1 1 528 1590 1231 1622
7639 4 2 1 1 199 217 216 1328
7640 4 2 1 1 1017 1030 927 1473
7641 4 2 1 1 1204 1107 1615 1752
7642 4 2 1 1 1214 1121 1610 1738
7643 4 2 1 1 1369 1795 1493 1800
7644 4 2 1 1 742 834 836 1295
7645 4 2 1 1 1115 1363 1564 1634
7646 4 2 1 1 117 549 983 1005
7647 4 2 1 1 1229 1653 1478 1881
7648 4 2 1 1 225 156 226 1260
7649 4 2 1 1 1023 895 298 1469
7650 4 2 1 1 1042 1611 1288 1646
7651 4 2 1 1 1414 1110 1656 1704
7652 4 2 1 1 1157 1461 1434 1828
7653 4 2 1 1 1381 1700 1180 1709
7654 4 2 1 1 24 985 242 143
7655 4 2 1 1 1202 1491 1730 1886
7656 4 2 1 1 987 1666 546 1767
7657 4 2 1 1 1064 1377 1648 1735
7658 4 2 1 1 1195 1048 1523 1543
7659 4 2 1 1 1158 1486 1272 1605
7660 4 2 1 1 556 529 445 1306
7661 4 2 1 1 736 1441 654 1676
7662 4 2 1 1 1124 1638 1287 1788
7663 4 2 1 1 1214 1121 1738 1791
7664 4 2 1 1 301 400 371 1304
7665 4 2 1 1 300 433 447 1841
7666 4 2 1 1 1041 1394 1268 1685
7667 4 2 1 1 571 1679 568 1759
7668 4 2 1 1 362 1280 300 1838
7669 4 2 1 1 540 581 559 1435
7670 4 2 1 1 496 497 494 1552
7671 4 2 1 1 1047 1495 1209 1571
7672 4 2 1 1 1249 1822 1178 1871
7673 4 2 1 1 177 172 1425 1849
7674 4 2 1 1 1039 1636 1805 1816
7675 4 2 1 1 820 1416 822 1716
7676 4 2 1 1 1096 1201 1580 1721
7677 4 2 1 1 964 967 979 1654
7678 4 2 1 1 914 913 984 1556
7679 4 2 1 1 669 667 665 1873
7680 4 2 1 1 1117 1306 1545 1753
7681 4 2 1 1 1479 1592 1122 1619
7682 4 2 1 1 1046 1309 1436 1562
7683 4 2 1 1 1049 1219 1525 1672
7684 4 2 1 1 941 942 1431 1658
7685 4 2 1 1 1336 1696 1151 1829
7686 4 2 1 1 449 574 748 1482
7687 4 2 1 1 1382 1793 1069 1806
7688 4 2 1 1 244 174 1411 1655
7689 4 2 1 1 1379 1112 1647 1796
7690 4 2 1 1 661 610 625 1771
7691 4 2 1 1 875 806 744 1710
7692 4 2 1 1 879 844 837 1476
7693 4 2 1 1 525 578 526 1526
7694 4 2 1 1 1066 1440 1273 1718
7695 4 2 1 1 1097 1301 1558 1643
7696 4 2 1 1 907 998 905 1380
7697 4 2 1 1 1326 1690 339 1899
7698 4 2 1 1 981 1746 1241 1845
7699 4 2 1 1 1274 1121 1718 1791
7700 4 2 1 1 1184 1634 1529 1665
7701 4 2 1 1 514 552 550 1510
7702 4 2 1 1 549 117 451 1005
7703 4 2 1 1 398 405 393 1834
7704 4 2 1 1 443 889 111 1466
7705 4 2 1 1 1325 1083 1386 1805
7706 4 2 1 1 1190 1404 1745 1780
7707 4 2 1 1 1272 1486 1158 1834
7708 4 2 1 1 895 940 939 1284
7709 4 2 1 1 1045 1730 1491 1886
7710 4 2 1 1 575 239 509 1629
7711 4 2 1 1 1131 1507 1373 1644
7712 4 2 1 1 1133 1460 1271 1853
7713 4 2 1 1 894 1311 936 1760
7714 4 2 1 1 1065 1393 1283 1827
7715 4 2 1 1 1038 1282 1389 1573
7716 4 2 1 1 1049 1525 1580 1672
7717 4 2 1 1 896 116 450 983
7718 4 2 1 1 930 928 1007 1440
7719 4 2 1 1 1094 1555 1249 1728
7720 4 2 1 1 1217 1112 1514 1857
7721 4 2 1 1 1048 1604 1691 1745
7722 4 2 1 1 1278 1506 1112 1857
7723 4 2 1 1 260 189 288 1382
7724 4 2 1 1 940 895 941 1469
7725 4 2 1 1 1091 1237 1703 1853
7726 4 2 1 1 1187 1648 1455 1877
7727 4 2 1 1 1274 1387 1039 1581
7728 4 2 1 1 1128 1435 1640 1772
7729 4 2 1 1 443 111 490 1466
7730 4 2 1 1 1195 1534 1356 1729
7731 4 2 1 1 359 1557 428 1838
7732 4 2 1 1 283 146 446 1651
7733 4 2 1 1 1053 1286 1444 1684
7734 4 2 1 1 1094 1708 1249 1860
7735 4 2 1 1 1335 1479 1619 1774
7736 4 2 1 1 1118 1210 1670 1744
7737 4 2 1 1 1546 1699 1240 1866
7738 4 2 1 1 837 834 1476 1547
7739 4 2 1 1 1094 1249 1708 1728
7740 4 2 1 1 518 519 556 1579
7741 4 2 1 1 194 257 192 1832
7742 4 2 1 1 1352 1570 1105 1707
7743 4 2 1 1 1114 1516 1327 1639
7744 4 2 1 1 812 1305 813 1850
7745 4 2 1 1 910 1603 908 1882
7746 4 2 1 1 759 788 1520 1855
7747 4 2 1 1 571 1388 1679 1759
7748 4 2 1 1 358 356 349 1393
7749 4 2 1 1 417 363 388 1405
7750 4 2 1 1 1274 1039 1387 1664
7751 4 2 1 1 843 800 849 1796
7752 4 2 1 1 1075 1351 1323 1691
7753 4 2 1 1 1044 1399 1246 1737
7754 4 2 1 1 991 921 920 1361
7755 4 2 1 1 1368 1544 1103 1632
7756 4 2 1 1 288 228 260 1793
7757 4 2 1 1 1348 1709 1180 1862
7758 4 2 1 1 1099 1216 1611 1774
7759 4 2 1 1 1236 1362 1551 1886
7760 4 2 1 1 1125 1777 1253 1848
7761 4 2 1 1 1043 1232 1586 1637
7762 4 2 1 1 1233 1502 1155 1698
7763 4 2 1 1 1134 1619 1479 1774
7764 4 2 1 1 1063 1513 1397 1823
7765 4 2 1 1 1282 1082 1413 1720
7766 4 2 1 1 826 1468 827 1820
7767 4 2 1 1 1044 1204 1533 1737
7768 4 2 1 1 1195 1543 1523 1655
7769 4 2 1 1 212 213 1455 1607
7770 4 2 1 1 1011 111 889 1466
7771 4 2 1 1 1085 1201 1477 1672
7772 4 2 1 1 727 675 429 1512
7773 4 2 1 1 1042 1611 1479 1774
7774 4 2 1 1 759 788 757 1848
7775 4 2 1 1 1147 1574 1455 1607
7776 4 2 1 1 1062 1259 1429 1904
7777 4 2 1 1 1054 1638 1438 1788
7778 4 2 1 1 439 144 539 1885
7779 4 2 1 1 1077 1719 1357 1794
7780 4 2 1 1 546 1666 531 1767
7781 4 2 1 1 397 1593 1409 1734
7782 4 2 1 1 171 1392 172 1849
7783 4 2 1 1 240 12 150 543
7784 4 2 1 1 1087 1686 1345 1898
7785 4 2 1 1 993 589 1448 1894
7786 4 2 1 1 1292 1110 1656 1879
7787 4 2 1 1 945 1019 1014 1657
7788 4 2 1 1 366 367 1469 1591
7789 4 2 1 1 673 672 671 1711
7790 4 2 1 1 1335 1462 1127 1517
7791 4 2 1 1 1060 1653 1281 1880
7792 4 2 1 1 1011 490 111 1466
7793 4 2 1 1 404 397 1409 1734
7794 4 2 1 1 414 1521 343 1704
7795 4 2 1 1 171 170 169 1662
7796 4 2 1 1 1211 1777 1050 1859
7797 4 2 1 1 1113 1641 1388 1759
7798 4 2 1 1 1494 1701 1181 1786
7799 4 2 1 1 1156 1593 1549 1880
7800 4 2 1 1 1216 1042 1479 1902
7801 4 2 1 1 1087 1345 1588 1898
7802 4 2 1 1 499 1313 498 1754
7803 4 2 1 1 669 665 701 1873
7804 4 2 1 1 1238 1117 1717 1896
7805 4 2 1 1 1185 1391 1556 1580
7806 4 2 1 1 153 724 658 1597
7807 4 2 1 1 1612 1670 1210 1744
7808 4 2 1 1 1045 1229 1491 1713
7809 4 2 1 1 864 782 780 1398
7810 4 2 1 1 525 1526 526 1736
7811 4 2 1 1 1376 1733 1598 1901
7812 4 2 1 1 837 844 858 1594
7813 4 2 1 1 520 518 521 1579
7814 4 2 1 1 764 763 762 1373
7815 4 2 1 1 741 809 804 1600
7816 4 2 1 1 230 1363 277 1642
7817 4 2 1 1 458 460 480 1321
7818 4 2 1 1 854 744 806 1296
7819 4 2 1 1 1164 1380 1582 1631
7820 4 2 1 1 1045 1491 1202 1713
7821 4 2 1 1 1047 1209 1495 1625
7822 4 2 1 1 1132 1411 1523 1655
7823 4 2 1 1 1108 1364 1415 1530
7824 4 2 1 1 1047 1625 1298 1773
7825 4 2 1 1 1305 1482 1126 1488
7826 4 2 1 1 1579 1682 525 1736
7827 4 2 1 1 687 1402 1667 1765
7828 4 2 1 1 544 1475 390 1838
7829 4 2 1 1 1248 1610 1466 1761
7830 4 2 1 1 1124 1671 1360 1732
7831 4 2 1 1 1045 1491 1229 1778
7832 4 2 1 1 810 797 795 1555
7833 4 2 1 1 767 828 771 1339
7834 4 2 1 1 347 1367 353 1678
7835 4 2 1 1 1069 1335 1407 1619
7836 4 2 1 1 229 241 240 1483
7837 4 2 1 1 1079 1465 1264 1783
7838 4 2 1 1 1117 1337 1717 1736
7839 4 2 1 1 1046 1562 1436 1757
7840 4 2 1 1 362 364 300 1280
7841 4 2 1 1 903 1614 1448 1888
7842 4 2 1 1 177 172 178 1425
7843 4 2 1 1 1231 1622 1306 1789
7844 4 2 1 1 786 1712 750 1854
7845 4 2 1 1 694 721 673 1470
7846 4 2 1 1 852 719 125 849
7847 4 2 1 1 496 567 500 1846
7848 4 2 1 1 612 1714 699 1771
7849 4 2 1 1 896 450 115 1666
7850 4 2 1 1 503 449 502 1482
7851 4 2 1 1 424 1385 416 1712
7852 4 2 1 1 1015 969 1889 1890
7853 4 2 1 1 1046 1212 1562 1705
7854 4 2 1 1 440 987 114 546
7855 4 2 1 1 952 1004 956 1617
7856 4 2 1 1 1091 1637 1423 1703
7857 4 2 1 1 1101 1199 1633 1895
7858 4 2 1 1 1545 1863 1238 1896
7859 4 2 1 1 1402 1665 1529 1667
7860 4 2 1 1 1391 1525 1130 1580
7861 4 2 1 1 283 446 535 1651
7862 4 2 1 1 489 1649 488 1841
7863 4 2 1 1 1118 1444 1227 1735
7864 4 2 1 1 1341 1452 1160 1454
7865 4 2 1 1 486 447 488 1280
7866 4 2 1 1 213 258 255 1890
7867 4 2 1 1 253 200 158 1494
7868 4 2 1 1 1113 1398 1677 1776
7869 4 2 1 1 1101 1537 1217 1857
7870 4 2 1 1 656 646 1418 1536
7871 4 2 1 1 259 202 213 1455
7872 4 2 1 1 413 839 90 420
7873 4 2 1 1 1044 1399 1533 1561
7874 4 2 1 1 647 1492 645 1706
7875 4 2 1 1 1072 1324 1504 1692
7876 4 2 1 1 143 215 255 1344
7877 4 2 1 1 1301 1738 1274 1743
7878 4 2 1 1 312 311 1366 1680
7879 4 2 1 1 719 125 691 852
7880 4 2 1 1 1069 1407 1335 1782
7881 4 2 1 1 1332 1508 1275 1805
7882 4 2 1 1 344 1541 422 1704
7883 4 2 1 1 490 485 457 1466
7884 4 2 1 1 1074 1508 1332 1805
7885 4 2 1 1 674 675 727 1512
7886 4 2 1 1 1286 1444 1118 1744
7887 4 2 1 1 821 820 819 1795
7888 4 2 1 1 1110 1224 1521 1704
7889 4 2 1 1 1121 1535 1466 1761
7890 4 2 1 1 987 440 114 888
7891 4 2 1 1 865 1559 830 1606
7892 4 2 1 1 1303 1501 1209 1817
7893 4 2 1 1 503 1488 501 1567
7894 4 2 1 1 783 785 1292 1723
7895 4 2 1 1 1297 1074 1508 1780
7896 4 2 1 1 397 338 1409 1593
7897 4 2 1 1 596 78 693 297
7898 4 2 1 1 447 544 56 300
7899 4 2 1 1 380 693 78 297
7900 4 2 1 1 1252 1696 1425 1847
7901 4 2 1 1 833 756 754 1424
7902 4 2 1 1 545 524 572 1474
7903 4 2 1 1 1207 1745 1404 1780
7904 4 2 1 1 390 56 544 300
7905 4 2 1 1 1522 1783 1197 1897
7906 4 2 1 1 1118 1257 1589 1628
7907 4 2 1 1 1039 1636 1275 1805
7908 4 2 1 1 1386 1772 1223 1816
7909 4 2 1 1 1113 1513 1398 1821
7910 4 2 1 1 477 1608 1221 1725
7911 4 2 1 1 471 1524 1518 1775
7912 4 2 1 1 1053 1444 1269 1684
7913 4 2 1 1 793 794 798 1439
7914 4 2 1 1 1230 1120 1540 1618
7915 4 2 1 1 1058 1460 1237 1853
7916 4 2 1 1 143 1344 255 1890
7917 4 2 1 1 1101 1197 1561 1762
7918 4 2 1 1 1061 1282 1413 1720
7919 4 2 1 1 1093 1373 1616 1768
7920 4 2 1 1 339 348 340 1626
7921 4 2 1 1 369 354 352 1432
7922 4 2 1 1 1094 1693 1289 1860
7923 4 2 1 1 768 772 774 1458
7924 4 2 1 1 1057 1595 1268 1727
7925 4 2 1 1 1033 900 1018 1825
7926 4 2 1 1 427 348 351 1899
7927 4 2 1 1 1084 1229 1653 1713
7928 4 2 1 1 1477 1525 1205 1903
7929 4 2 1 1 1095 1336 1663 1829
7930 4 2 1 1 1054 1638 1245 1792
7931 4 2 1 1 354 346 352 1432
7932 4 2 1 1 918 917 916 1558
7933 4 2 1 1 1526 1717 1117 1896
7934 4 2 1 1 197 185 186 1576
7935 4 2 1 1 1371 1613 1071 1702
7936 4 2 1 1 1391 1130 1556 1580
7937 4 2 1 1 397 322 319 1593
7938 4 2 1 1 543 240 13 439
7939 4 2 1 1 1047 1209 1625 1687
7940 4 2 1 1 553 522 524 1337
7941 4 2 1 1 450 549 527 1590
7942 4 2 1 1 1119 1476 1295 1547
7943 4 2 1 1 1523 1543 1048 1604
7944 4 2 1 1 1482 1606 814 1835
7945 4 2 1 1 1113 1426 1388 1677
7946 4 2 1 1 394 1025 68 1016
7947 4 2 1 1 325 327 323 1900
7948 4 2 1 1 211 289 273 1363
7949 4 2 1 1 1043 1637 1237 1703
7950 4 2 1 1 1118 1670 1612 1744
7951 4 2 1 1 979 963 1377 1746
7952 4 2 1 1 832 755 1442 1892
7953 4 2 1 1 145 1277 221 1797
7954 4 2 1 1 498 1552 1313 1846
7955 4 2 1 1 539 238 535 1651
7956 4 2 1 1 1056 1249 1708 1822
7957 4 2 1 1 313 312 1366 1861
7958 4 2 1 1 1128 1799 1772 1816
7959 4 2 1 1 1352 1105 1570 1763
7960 4 2 1 1 361 1512 1690 1872
7961 4 2 1 1 385 382 1545 1682
7962 4 2 1 1 784 827 1468 1879
7963 4 2 1 1 355 1414 420 1656
7964 4 2 1 1 879 148 263 1476
7965 4 2 1 1 349 374 1393 1626
7966 4 2 1 1 1076 1581 1223 1799
7967 4 2 1 1 757 758 759 1566
7968 4 2 1 1 829 863 1606 1740
7969 4 2 1 1 1053 1444 1286 1744
7970 4 2 1 1 242 215 143 1344
7971 4 2 1 1 1052 1274 1738 1743
7972 4 2 1 1 428 390 1475 1838
7973 4 2 1 1 1268 1749 1394 1829
7974 4 2 1 1 1060 1355 1522 1653
7975 4 2 1 1 103 542 840 570
7976 4 2 1 1 185 256 188 1576
7977 4 2 1 1 300 1280 364 1841
7978 4 2 1 1 1076 1457 1371 1856
7979 4 2 1 1 372 1438 378 1884
7980 4 2 1 1 1084 1713 1213 1901
7981 4 2 1 1 1211 1505 1320 1777
7982 4 2 1 1 1117 1579 1306 1753
7983 4 2 1 1 1039 1223 1581 1816
7984 4 2 1 1 1036 1500 1279 1588
7985 4 2 1 1 1042 1479 1335 1774
7986 4 2 1 1 1373 762 1616 1768
7987 4 2 1 1 1554 1786 1135 1862
7988 4 2 1 1 647 1632 1276 1706
7989 4 2 1 1 995 973 966 1364
7990 4 2 1 1 1192 1438 1788 1792
7991 4 2 1 1 841 103 840 570
7992 4 2 1 1 647 1276 648 1878
7993 4 2 1 1 195 1383 201 1877
7994 4 2 1 1 944 1016 955 1360
7995 4 2 1 1 182 184 177 1849
7996 4 2 1 1 1255 1483 1127 1754
7997 4 2 1 1 1125 1320 1577 1777
7998 4 2 1 1 628 1430 622 1876
7999 4 2 1 1 250 175 165 1700
8000 4 2 1 1 1280 1106 1531 1838
8001 4 2 1 1 768 772 1458 1624
8002 4 2 1 1 1073 1374 1463 1867
8003 4 2 1 1 607 1330 609 1670
8004 4 2 1 1 337 381 310 1429
8005 4 2 1 1 1518 1524 1242 1775
8006 4 2 1 1 542 564 1426 1759
8007 4 2 1 1 696 1363 1642 1878
8008 4 2 1 1 1086 1413 1362 1831
8009 4 2 1 1 359 341 428 1557
8010 4 2 1 1 1283 1602 1450 1827
8011 4 2 1 1 316 315 317 1659
8012 4 2 1 1 1047 1571 1209 1687
8013 4 2 1 1 1024 890 971 1607
8014 4 2 1 1 925 908 1447 1882
8015 4 2 1 1 1120 1822 1249 1871
8016 4 2 1 1 359 428 1475 1838
8017 4 2 1 1 1202 1045 1713 1730
8018 4 2 1 1 212 214 213 1607
8019 4 2 1 1 778 756 833 1424
8020 4 2 1 1 1069 1265 1427 1806
8021 4 2 1 1 317 395 320 1668
8022 4 2 1 1 775 1215 1776 1869
8023 4 2 1 1 1067 1432 1284 1819
8024 4 2 1 1 1064 1648 1433 1735
8025 4 2 1 1 1084 1653 1355 1713
8026 4 2 1 1 1180 1661 1381 1709
8027 4 2 1 1 1085 1477 1219 1672
8028 4 2 1 1 1240 1086 1546 1866
8029 4 2 1 1 637 596 1283 1801
8030 4 2 1 1 350 357 403 1540
8031 4 2 1 1 1046 1562 1370 1705
8032 4 2 1 1 748 1482 814 1835
8033 4 2 1 1 1289 1478 1334 1692
8034 4 2 1 1 1354 1479 1042 1902
8035 4 2 1 1 1110 1521 1224 1742
8036 4 2 1 1 1253 1777 1520 1848
8037 4 2 1 1 622 628 704 1430
8038 4 2 1 1 447 488 1280 1841
8039 4 2 1 1 304 424 416 1712
8040 4 2 1 1 1123 1469 1431 1658
8041 4 2 1 1 1083 1325 1729 1805
8042 4 2 1 1 1069 1302 1407 1782
8043 4 2 1 1 910 912 911 1603
8044 4 2 1 1 615 613 700 1368
8045 4 2 1 1 1093 1616 1527 1768
8046 4 2 1 1 1521 1621 1224 1742
8047 4 2 1 1 479 473 555 1434
8048 4 2 1 1 1125 1253 1566 1848
8049 4 2 1 1 563 106 869 566
8050 4 2 1 1 241 276 144 1255
8051 4 2 1 1 991 1000 921 1361
8052 4 2 1 1 1317 1685 1103 1731
8053 4 2 1 1 864 1266 786 1723
8054 4 2 1 1 1060 1697 1630 1783
8055 4 2 1 1 387 526 434 1526
8056 4 2 1 1 1174 1529 1276 1727
8057 4 2 1 1 1190 1212 1705 1817
8058 4 2 1 1 242 23 149 1499
8059 4 2 1 1 699 612 614 1714
8060 4 2 1 1 1104 1326 1626 1899
8061 4 2 1 1 334 1690 1239 1872
8062 4 2 1 1 962 964 963 1377
8063 4 2 1 1 1258 1575 1361 1864
8064 4 2 1 1 525 1579 556 1682
8065 4 2 1 1 783 785 746 1292
8066 4 2 1 1 795 796 794 1464
8067 4 2 1 1 106 870 869 566
8068 4 2 1 1 1153 1307 1505 1620
8069 4 2 1 1 1301 1738 1473 1761
8070 4 2 1 1 768 765 767 1624
8071 4 2 1 1 1219 1702 1613 1903
8072 4 2 1 1 565 482 484 1412
8073 4 2 1 1 1075 1645 1204 1752
8074 4 2 1 1 1589 1628 961 1724
8075 4 2 1 1 987 115 546 1666
8076 4 2 1 1 359 1475 1557 1838
8077 4 2 1 1 215 159 161 1709
8078 4 2 1 1 221 145 219 1277
8079 4 2 1 1 1314 1387 1039 1664
8080 4 2 1 1 606 592 605 1628
8081 4 2 1 1 1126 1305 1488 1782
8082 4 2 1 1 1101 1633 1430 1876
8083 4 2 1 1 618 660 621 1633
8084 4 2 1 1 1332 1729 1325 1805
8085 4 2 1 1 1077 1719 1208 1882
8086 4 2 1 1 689 730 687 1667
8087 4 2 1 1 402 360 386 1896
8088 4 2 1 1 302 391 419 1865
8089 4 2 1 1 1202 1730 1080 1866
8090 4 2 1 1 1108 1415 1364 1654
8091 4 2 1 1 682 661 662 1612
8092 4 2 1 1 1139 1621 1521 1742
8093 4 2 1 1 144 1255 276 1885
8094 4 2 1 1 746 1292 785 1854
8095 4 2 1 1 792 811 795 1555
8096 4 2 1 1 397 338 404 1409
8097 4 2 1 1 372 394 1360 1671
8098 4 2 1 1 1047 1568 1495 1748
8099 4 2 1 1 893 961 960 1628
8100 4 2 1 1 1129 1665 1402 1667
8101 4 2 1 1 1303 1562 1212 1705
8102 4 2 1 1 1211 1343 1568 1748
8103 4 2 1 1 468 465 550 1596
8104 4 2 1 1 1526 1717 1162 1736
8105 4 2 1 1 1113 1398 1776 1821
8106 4 2 1 1 160 162 1709 1862
8107 4 2 1 1 756 778 758 1566
8108 4 2 1 1 706 629 607 1330
8109 4 2 1 1 910 1603 911 1844
8110 4 2 1 1 197 199 204 1395
8111 4 2 1 1 1433 1444 1243 1735
8112 4 2 1 1 1240 1546 1086 1831
8113 4 2 1 1 368 410 70 1023
8114 4 2 1 1 489 563 565 1266
8115 4 2 1 1 1057 1595 1323 1663
8116 4 2 1 1 309 1680 1671 1884
8117 4 2 1 1 845 813 816 1408
8118 4 2 1 1 1202 1609 1491 1886
8119 4 2 1 1 379 295 88 877
8120 4 2 1 1 1322 1645 1317 1731
8121 4 2 1 1 1504 1692 1324 1769
8122 4 2 1 1 869 786 864 1266
8123 4 2 1 1 1186 1627 1814 1868
8124 4 2 1 1 1157 1513 1461 1601
8125 4 2 1 1 714 713 593 1600
8126 4 2 1 1 471 469 511 1524
8127 4 2 1 1 247 260 290 1382
8128 4 2 1 1 1283 1393 1750 1827
8129 4 2 1 1 1284 1431 1406 1819
8130 4 2 1 1 1042 1216 1611 1902
8131 4 2 1 1 349 356 350 1540
8132 4 2 1 1 1039 1205 1664 1903
8133 4 2 1 1 45 152 747 874
8134 4 2 1 1 637 596 635 1283
8135 4 2 1 1 1466 1610 1121 1761
8136 4 2 1 1 1117 1526 1682 1736
8137 4 2 1 1 1190 1745 1315 1780
8138 4 2 1 1 331 321 328 1764
8139 4 2 1 1 1366 1438 1245 1638
8140 4 2 1 1 607 629 609 1330
8141 4 2 1 1 1392 1662 1195 1756
8142 4 2 1 1 586 1518 471 1524
8143 4 2 1 1 941 886 943 1658
8144 4 2 1 1 1065 1283 1450 1827
8145 4 2 1 1 632 636 704 1602
8146 4 2 1 1 696 1363 692 1642
8147 4 2 1 1 609 611 610 1374
8148 4 2 1 1 654 1441 652 1442
8149 4 2 1 1 1058 1271 1460 1853
8150 4 2 1 1 1225 1453 1410 1858
8151 4 2 1 1 1671 1680 1124 1884
8152 4 2 1 1 372 1671 1360 1884
8153 4 2 1 1 620 1368 700 1632
8154 4 2 1 1 1126 1235 1606 1740
8155 4 2 1 1 941 942 940 1431
8156 4 2 1 1 216 198 267 1497
8157 4 2 1 1 321 338 1593 1764
8158 4 2 1 1 297 596 432 1801
8159 4 2 1 1 1207 1745 1291 1752
8160 4 2 1 1 1274 1718 1387 1791
8161 4 2 1 1 1335 1479 1407 1619
8162 4 2 1 1 1051 1279 1883 1898
8163 4 2 1 1 1025 1360 394 1671
8164 4 2 1 1 26 258 214 1607
8165 4 2 1 1 1261 1579 1117 1753
8166 4 2 1 1 1258 1415 1147 1889
8167 4 2 1 1 1102 1569 1221 1725
8168 4 2 1 1 1317 1171 1731 1784
8169 4 2 1 1 728 706 1446 1765
8170 4 2 1 1 152 45 243 874
8171 4 2 1 1 1059 1462 1338 1803
8172 4 2 1 1 307 974 66 299
8173 4 2 1 1 1217 1537 1101 1633
8174 4 2 1 1 1626 1750 1393 1827
8175 4 2 1 1 767 769 828 1800
8176 4 2 1 1 482 1412 564 1759
8177 4 2 1 1 1127 1563 1220 1806
8178 4 2 1 1 1355 1549 1229 1880
8179 4 2 1 1 160 1709 1348 1862
8180 4 2 1 1 203 1383 195 1868
8181 4 2 1 1 1046 1370 1562 1757
8182 4 2 1 1 903 902 1614 1888
8183 4 2 1 1 863 814 1606 1835
8184 4 2 1 1 670 1503 1711 1715
8185 4 2 1 1 1292 1539 1723 1823
8186 4 2 1 1 1246 1376 1599 1694
8187 4 2 1 1 1472 1618 418 1865
8188 4 2 1 1 407 353 347 1367
8189 4 2 1 1 896 115 987 1666
8190 4 2 1 1 942 925 992 1431
8191 4 2 1 1 951 1365 948 1732
8192 4 2 1 1 1343 1211 1688 1748
8193 4 2 1 1 1120 1822 1289 1860
8194 4 2 1 1 256 220 188 1419
8195 4 2 1 1 719 738 124 849
8196 4 2 1 1 331 373 339 1690
8197 4 2 1 1 1066 1311 1440 1741
8198 4 2 1 1 642 696 1642 1878
8199 4 2 1 1 1364 1530 1108 1721
8200 4 2 1 1 1223 1805 1386 1816
8201 4 2 1 1 1034 1617 956 1666
8202 4 2 1 1 1095 1425 1696 1847
8203 4 2 1 1 228 1793 1265 1875
8204 4 2 1 1 1403 1204 1737 1811
8205 4 2 1 1 1101 1217 1633 1876
8206 4 2 1 1 1116 1304 1550 1715
8207 4 2 1 1 1448 1614 1111 1888
8208 4 2 1 1 528 527 1590 1622
8209 4 2 1 1 171 169 172 1392
8210 4 2 1 1 823 859 858 1594
8211 4 2 1 1 1106 1601 1531 1828
8212 4 2 1 1 742 148 879 1476
8213 4 2 1 1 1036 1350 1588 1683
8214 4 2 1 1 1469 1591 1123 1678
8215 4 2 1 1 1062 1327 1639 1753
8216 4 2 1 1 1249 1708 1289 1860
8217 4 2 1 1 552 516 520 1510
8218 4 2 1 1 1386 1805 1636 1816
8219 4 2 1 1 921 1361 1000 1864
8220 4 2 1 1 1315 1604 1092 1902
8221 4 2 1 1 803 294 391 1472
8222 4 2 1 1 1265 1483 1127 1563
8223 4 2 1 1 1069 1335 1619 1806
8224 4 2 1 1 149 158 159 1499
8225 4 2 1 1 1207 1404 1745 1752
8226 4 2 1 1 814 1482 862 1606
8227 4 2 1 1 1124 1365 1451 1904
8228 4 2 1 1 542 1388 571 1759
8229 4 2 1 1 1402 1851 685 1887
8230 4 2 1 1 427 1471 380 1750
8231 4 2 1 1 1084 1737 1533 1811
8232 4 2 1 1 728 1446 659 1597
8233 4 2 1 1 689 1529 730 1667
8234 4 2 1 1 397 321 338 1593
8235 4 2 1 1 922 975 1578 1844
8236 4 2 1 1 649 1544 716 1706
8237 4 2 1 1 1341 1417 1067 1452
8238 4 2 1 1 1142 1456 1337 1720
8239 4 2 1 1 1468 1820 1519 1879
8240 4 2 1 1 1121 1214 1610 1791
8241 4 2 1 1 825 769 860 1493
8242 4 2 1 1 1410 1507 1131 1644
8243 4 2 1 1 1040 1213 1598 1733
8244 4 2 1 1 816 846 878 1408
8245 4 2 1 1 1164 1578 1286 1684
8246 4 2 1 1 223 169 168 1655
8247 4 2 1 1 1118 1612 1384 1744
8248 4 2 1 1 1140 1539 1468 1823
8249 4 2 1 1 1039 1664 1274 1903
8250 4 2 1 1 1427 1488 1305 1782
8251 4 2 1 1 1118 1589 1257 1735
8252 4 2 1 1 1107 1291 1404 1752
8253 4 2 1 1 312 311 313 1366
8254 4 2 1 1 640 33 280 597
8255 4 2 1 1 1101 1633 1537 1895
8256 4 2 1 1 1339 771 1624 1869
8257 4 2 1 1 1101 1857 1217 1876
8258 4 2 1 1 460 461 462 1378
8259 4 2 1 1 988 912 915 1781
8260 4 2 1 1 1127 1517 1313 1552
8261 4 2 1 1 1124 1222 1732 1788
8262 4 2 1 1 692 35 230 588
8263 4 2 1 1 1133 1703 1460 1853
8264 4 2 1 1 1253 1768 759 1855
8265 4 2 1 1 492 494 507 1427
8266 4 2 1 1 460 461 1378 1843
8267 4 2 1 1 841 737 102 570
8268 4 2 1 1 1317 1731 1645 1784
8269 4 2 1 1 1050 1537 1217 1837
8270 4 2 1 1 1060 1355 1653 1880
8271 4 2 1 1 1363 1115 1642 1878
8272 4 2 1 1 168 173 174 1655
8273 4 2 1 1 725 678 594 1758
8274 4 2 1 1 775 1677 779 1776
8275 4 2 1 1 955 1016 1025 1360
8276 4 2 1 1 1202 1866 1609 1886
8277 4 2 1 1 1455 1574 1187 1607
8278 4 2 1 1 337 382 381 1545
8279 4 2 1 1 1079 1522 1399 1897
8280 4 2 1 1 1035 1501 1609 1817
8281 4 2 1 1 1409 1593 338 1764
8282 4 2 1 1 1080 1240 1699 1866
8283 4 2 1 1 1040 1599 1270 1733
8284 4 2 1 1 493 495 494 1552
8285 4 2 1 1 845 878 831 1623
8286 4 2 1 1 1094 1249 1555 1860
8287 4 2 1 1 532 468 552 1596
8288 4 2 1 1 424 1385 1712 1841
8289 4 2 1 1 1117 1238 1717 1863
8290 4 2 1 1 691 1379 852 1600
8291 4 2 1 1 203 201 195 1383
8292 4 2 1 1 1192 1438 1360 1788
8293 4 2 1 1 645 647 644 1492
8294 4 2 1 1 1355 1653 1229 1713
8295 4 2 1 1 1158 1485 1238 1834
8296 4 2 1 1 1376 1399 1084 1737
8297 4 2 1 1 1061 1660 1238 1717
8298 4 2 1 1 1040 1376 1599 1733
8299 4 2 1 1 1414 1110 1519 1879
8300 4 2 1 1 149 23 894 1499
8301 4 2 1 1 1355 1229 1653 1880
8302 4 2 1 1 457 1466 1610 1818
8303 4 2 1 1 1101 1561 1329 1762
8304 4 2 1 1 830 829 863 1606
8305 4 2 1 1 1234 1572 1356 1803
8306 4 2 1 1 535 238 283 1651
8307 4 2 1 1 495 499 498 1754
8308 4 2 1 1 648 689 697 1529
8309 4 2 1 1 1329 1784 1171 1839
8310 4 2 1 1 1118 1628 1589 1724
8311 4 2 1 1 1153 1505 1577 1620
8312 4 2 1 1 957 1010 1030 1473
8313 4 2 1 1 945 944 946 1657
8314 4 2 1 1 1341 1137 1804 1819
8315 4 2 1 1 590 721 694 1471
8316 4 2 1 1 1038 1287 1538 1699
8317 4 2 1 1 214 1024 26 1607
8318 4 2 1 1 1101 1490 1762 1857
8319 4 2 1 1 1480 1668 399 1893
8320 4 2 1 1 313 314 312 1861
8321 4 2 1 1 1317 1688 1171 1784
8322 4 2 1 1 1120 1249 1822 1860
8323 4 2 1 1 1229 1549 1355 1713
8324 4 2 1 1 546 531 440 1767
8325 4 2 1 1 419 1472 418 1865
8326 4 2 1 1 1095 1233 1663 1849
8327 4 2 1 1 894 934 936 1311
8328 4 2 1 1 230 692 1363 1642
8329 4 2 1 1 203 1383 1553 1877
8330 4 2 1 1 441 545 572 1475
8331 4 2 1 1 208 203 206 1553
8332 4 2 1 1 1337 1162 1717 1736
8333 4 2 1 1 948 947 946 1732
8334 4 2 1 1 631 633 632 1450
8335 4 2 1 1 1156 1480 1239 1739
8336 4 2 1 1 778 833 834 1547
8337 4 2 1 1 1323 1459 1095 1663
8338 4 2 1 1 1531 1601 1157 1828
8339 4 2 1 1 1061 1605 1300 1870
8340 4 2 1 1 915 1019 1357 1882
8341 4 2 1 1 610 608 609 1670
8342 4 2 1 1 1249 1169 1708 1728
8343 4 2 1 1 1458 1624 772 1869
8344 4 2 1 1 1055 1328 1592 1808
8345 4 2 1 1 668 666 667 1401
8346 4 2 1 1 764 860 769 1493
8347 4 2 1 1 1055 1808 1216 1852
8348 4 2 1 1 894 936 1022 1760
8349 4 2 1 1 689 687 686 1402
8350 4 2 1 1 1291 1745 1404 1752
8351 4 2 1 1 1054 1293 1445 1719
8352 4 2 1 1 1308 1585 1182 1587
8353 4 2 1 1 1303 1609 1501 1817
8354 4 2 1 1 1163 1697 1512 1711
8355 4 2 1 1 1598 1733 1213 1901
8356 4 2 1 1 1107 1571 1495 1748
8357 4 2 1 1 190 183 179 1572
8358 4 2 1 1 1058 1853 1237 1891
8359 4 2 1 1 171 172 177 1849
8360 4 2 1 1 319 1587 321 1593
8361 4 2 1 1 1110 1468 1539 1823
8362 4 2 1 1 1367 1591 353 1678
8363 4 2 1 1 1040 1598 1376 1733
8364 4 2 1 1 430 301 371 1758
8365 4 2 1 1 551 586 559 1518
8366 4 2 1 1 1317 1685 1171 1688
8367 4 2 1 1 802 1464 796 1871
8368 4 2 1 1 905 906 907 1380
8369 4 2 1 1 1106 1531 1474 1828
8370 4 2 1 1 1274 1664 1387 1718
8371 4 2 1 1 720 655 719 1379
8372 4 2 1 1 1075 1317 1595 1645
8373 4 2 1 1 312 1680 1366 1861
8374 4 2 1 1 820 821 822 1416
8375 4 2 1 1 978 910 908 1882
8376 4 2 1 1 316 1485 314 1659
8377 4 2 1 1 416 1385 424 1841
8378 4 2 1 1 1279 1500 1513 1821
8379 4 2 1 1 121 745 729 753
8380 4 2 1 1 1626 1750 1104 1899
8381 4 2 1 1 788 770 789 1520
8382 4 2 1 1 726 77 596 432
8383 4 2 1 1 1216 1604 1315 1902
8384 4 2 1 1 1248 1121 1610 1761
8385 4 2 1 1 1261 1327 1579 1753
8386 4 2 1 1 399 1480 320 1668
8387 4 2 1 1 1117 1863 1545 1896
8388 4 2 1 1 985 24 885 143
8389 4 2 1 1 414 355 420 1656
8390 4 2 1 1 788 843 1520 1796
8391 4 2 1 1 1104 1283 1602 1750
8392 4 2 1 1 203 1553 254 1877
8393 4 2 1 1 742 836 876 1802
8394 4 2 1 1 771 768 767 1624
8395 4 2 1 1 1218 1496 1350 1687
8396 4 2 1 1 880 803 391 1472
8397 4 2 1 1 396 693 380 1471
8398 4 2 1 1 165 164 166 1534
8399 4 2 1 1 562 1378 462 1809
8400 4 2 1 1 1045 1549 1229 1713
8401 4 2 1 1 1051 1345 1686 1898
8402 4 2 1 1 739 839 413 1414
8403 4 2 1 1 211 272 1564 1698
8404 4 2 1 1 915 1357 1603 1882
8405 4 2 1 1 1303 1705 1212 1817
8406 4 2 1 1 1121 1321 1718 1791
8407 4 2 1 1 895 939 1021 1779
8408 4 2 1 1 1000 935 986 1575
8409 4 2 1 1 100 574 847 748
8410 4 2 1 1 182 177 1696 1849
8411 4 2 1 1 1097 1558 1301 1743
8412 4 2 1 1 723 122 832 745
8413 4 2 1 1 482 1608 1412 1759
8414 4 2 1 1 1065 1498 1358 1506
8415 4 2 1 1 238 237 1651 1885
8416 4 2 1 1 1051 1883 1345 1898
8417 4 2 1 1 1438 1788 1124 1884
8418 4 2 1 1 1356 1534 1083 1729
8419 4 2 1 1 642 1492 644 1878
8420 4 2 1 1 1273 1121 1466 1818
8421 4 2 1 1 917 913 916 1391
8422 4 2 1 1 316 1585 1485 1659
8423 4 2 1 1 1300 1605 1542 1870
8424 4 2 1 1 354 400 346 1550
8425 4 2 1 1 1504 1542 1256 1769
8426 4 2 1 1 1399 1522 1197 1897
8427 4 2 1 1 1062 1639 1389 1753
8428 4 2 1 1 681 669 701 1873
8429 4 2 1 1 203 201 1383 1877
8430 4 2 1 1 1217 1647 1050 1837
8431 4 2 1 1 822 821 823 1416
8432 4 2 1 1 1021 72 298 377
8433 4 2 1 1 1270 1697 1060 1783
8434 4 2 1 1 1264 1697 1270 1783
8435 4 2 1 1 1133 1648 1383 1877
8436 4 2 1 1 1355 1522 1084 1733
8437 4 2 1 1 405 360 402 1834
8438 4 2 1 1 1537 1633 1199 1895
8439 4 2 1 1 1120 1618 1230 1822
8440 4 2 1 1 1079 1465 1783 1897
8441 4 2 1 1 1480 1587 320 1668
8442 4 2 1 1 1115 1276 1492 1878
8443 4 2 1 1 1134 1592 1328 1808
8444 4 2 1 1 174 180 244 1411
8445 4 2 1 1 1126 1482 1305 1835
8446 4 2 1 1 928 930 929 1440
8447 4 2 1 1 1635 1832 1133 1877
8448 4 2 1 1 1301 1558 1226 1743
8449 4 2 1 1 548 499 547 1754
8450 4 2 1 1 1118 1227 1589 1735
8451 4 2 1 1 1045 1229 1549 1778
8452 4 2 1 1 1420 1502 1091 1662
8453 4 2 1 1 237 236 234 1554
8454 4 2 1 1 1519 1820 1414 1879
8455 4 2 1 1 1287 1638 1054 1788
8456 4 2 1 1 17 575 446 1629
8457 4 2 1 1 931 992 904 1406
8458 4 2 1 1 1367 1678 347 1893
8459 4 2 1 1 55 447 433 577
8460 4 2 1 1 1392 1425 1095 1543
8461 4 2 1 1 1288 1517 1105 1707
8462 4 2 1 1 1641 1677 1215 1821
8463 4 2 1 1 1043 1423 1637 1703
8464 4 2 1 1 1216 1479 1354 1902
8465 4 2 1 1 620 700 735 1632
8466 4 2 1 1 915 978 1019 1882
8467 4 2 1 1 922 977 998 1631
8468 4 2 1 1 366 353 367 1591
8469 4 2 1 1 506 571 570 1388
8470 4 2 1 1 1113 1677 1641 1821
8471 4 2 1 1 1280 488 1649 1841
8472 4 2 1 1 1145 1473 1248 1767
8473 4 2 1 1 242 985 23 1499
8474 4 2 1 1 1017 918 919 1558
8475 4 2 1 1 1375 1747 1214 1856
8476 4 2 1 1 1167 1747 1375 1856
8477 4 2 1 1 462 1487 464 1809
8478 4 2 1 1 1023 71 368 298
8479 4 2 1 1 1315 1611 1216 1902
8480 4 2 1 1 419 418 1618 1865
8481 4 2 1 1 372 309 1671 1884
8482 4 2 1 1 1061 1717 1282 1720
8483 4 2 1 1 537 538 540 1435
8484 4 2 1 1 464 462 463 1487
8485 4 2 1 1 380 427 351 1471
8486 4 2 1 1 339 1690 373 1899
8487 4 2 1 1 315 314 313 1659
8488 4 2 1 1 395 407 399 1668
8489 4 2 1 1 1054 1788 1438 1792
8490 4 2 1 1 759 770 788 1855
8491 4 2 1 1 445 529 576 1789
8492 4 2 1 1 1040 1270 1454 1733
8493 4 2 1 1 624 707 702 1874
8494 4 2 1 1 1365 1451 1136 1824
8495 4 2 1 1 241 229 275 1563
8496 4 2 1 1 1213 1713 1669 1730
8497 4 2 1 1 1105 1517 1313 1707
8498 4 2 1 1 695 680 683 1448
8499 4 2 1 1 1383 1635 1133 1877
8500 4 2 1 1 1122 1354 1479 1722
8501 4 2 1 1 903 932 989 1448
8502 4 2 1 1 787 738 832 1442
8503 4 2 1 1 360 359 426 1557
8504 4 2 1 1 431 384 296 1789
8505 4 2 1 1 1286 1118 1724 1744
8506 4 2 1 1 1118 1384 1628 1724
8507 4 2 1 1 1045 1669 1713 1730
8508 4 2 1 1 639 1384 990 1628
8509 4 2 1 1 693 396 590 1471
8510 4 2 1 1 1365 1136 1481 1824
8511 4 2 1 1 518 517 519 1327
8512 4 2 1 1 1019 1032 915 1357
8513 4 2 1 1 1101 1329 1561 1895
8514 4 2 1 1 670 705 1503 1715
8515 4 2 1 1 1329 1561 1197 1762
8516 4 2 1 1 1056 1230 1822 1842
8517 4 2 1 1 359 428 390 1475
8518 4 2 1 1 834 742 837 1476
8519 4 2 1 1 775 851 779 1677
8520 4 2 1 1 1179 1340 1507 1840
8521 4 2 1 1 273 289 230 1363
8522 4 2 1 1 180 191 244 1411
8523 4 2 1 1 1285 1494 1489 1629
8524 4 2 1 1 253 239 281 1629
8525 4 2 1 1 388 363 336 1405
8526 4 2 1 1 146 446 16 283
8527 4 2 1 1 145 280 33 597
8528 4 2 1 1 49 263 879 148
8529 4 2 1 1 372 394 293 1360
8530 4 2 1 1 295 746 88 877
8531 4 2 1 1 1166 1592 1497 1716
8532 4 2 1 1 827 826 784 1468
8533 4 2 1 1 351 396 1471 1899
8534 4 2 1 1 819 818 861 1369
8535 4 2 1 1 1249 1860 1120 1871
8536 4 2 1 1 1073 1232 1586 1807
8537 4 2 1 1 198 266 1497 1830
8538 4 2 1 1 390 544 291 1475
8539 4 2 1 1 429 675 292 1512
8540 4 2 1 1 236 235 1554 1675
8541 4 2 1 1 336 341 333 1548
8542 4 2 1 1 1240 1086 1866 1886
8543 4 2 1 1 979 963 964 1377
8544 4 2 1 1 1037 1334 1478 1881
8545 4 2 1 1 1157 1601 1461 1828
8546 4 2 1 1 1192 1591 1438 1792
8547 4 2 1 1 1084 1522 1355 1653
8548 4 2 1 1 1225 1112 1647 1858
8549 4 2 1 1 278 595 724 1597
8550 4 2 1 1 1117 1238 1863 1896
8551 4 2 1 1 1481 1673 949 1781
8552 4 2 1 1 972 1607 969 1890
8553 4 2 1 1 687 711 629 1765
8554 4 2 1 1 283 446 16 535
8555 4 2 1 1 579 510 1489 1629
8556 4 2 1 1 1489 1494 1181 1629
8557 4 2 1 1 683 695 1448 1888
8558 4 2 1 1 768 772 1624 1869
8559 4 2 1 1 989 903 1448 1888
8560 4 2 1 1 922 909 975 1844
8561 4 2 1 1 654 652 591 1442
8562 4 2 1 1 686 1402 685 1887
8563 4 2 1 1 708 730 689 1529
8564 4 2 1 1 252 276 241 1675
8565 4 2 1 1 1260 1793 225 1875
8566 4 2 1 1 820 846 1584 1716
8567 4 2 1 1 567 498 586 1846
8568 4 2 1 1 431 296 61 576
8569 4 2 1 1 441 387 58 291
8570 4 2 1 1 1127 1265 1563 1806
8571 4 2 1 1 240 144 13 439
8572 4 2 1 1 1103 1276 1632 1706
8573 4 2 1 1 565 444 564 1426
8574 4 2 1 1 205 203 195 1868
8575 4 2 1 1 498 496 1552 1846
8576 4 2 1 1 160 162 161 1709
8577 4 2 1 1 656 643 641 1418
8578 4 2 1 1 251 179 173 1572
8579 4 2 1 1 449 99 580 748
8580 4 2 1 1 121 745 598 729
8581 4 2 1 1 1652 1717 1061 1720
8582 4 2 1 1 1056 1692 1289 1708
8583 4 2 1 1 1060 1522 1270 1783
8584 4 2 1 1 242 159 215 1499
8585 4 2 1 1 1131 1768 1253 1855
8586 4 2 1 1 1097 1274 1613 1743
8587 4 2 1 1 151 206 205 1597
8588 4 2 1 1 656 651 646 1536
8589 4 2 1 1 1355 1739 1156 1880
8590 4 2 1 1 1083 1729 1332 1805
8591 4 2 1 1 1220 1563 1382 1806
8592 4 2 1 1 675 674 672 1711
8593 4 2 1 1 335 345 334 1872
8594 4 2 1 1 401 408 367 1591
8595 4 2 1 1 422 409 418 1618
8596 4 2 1 1 1453 1693 1149 1858
8597 4 2 1 1 615 1368 620 1790
8598 4 2 1 1 979 980 1746 1812
8599 4 2 1 1 419 391 418 1472
8600 4 2 1 1 1202 1501 1491 1609
8601 4 2 1 1 1503 1711 1264 1873
8602 4 2 1 1 1560 1617 1136 1726
8603 4 2 1 1 575 17 239 1629
8604 4 2 1 1 1037 1478 1289 1674
8605 4 2 1 1 1220 1462 1335 1774
8606 4 2 1 1 1146 1714 1463 1771
8607 4 2 1 1 1019 978 1014 1882
8608 4 2 1 1 929 935 991 1575
8609 4 2 1 1 1141 1393 1540 1826
8610 4 2 1 1 1097 1613 1274 1903
8611 4 2 1 1 1195 1543 1392 1756
8612 4 2 1 1 620 735 1544 1632
8613 4 2 1 1 567 586 471 1524
8614 4 2 1 1 591 738 124 719
8615 4 2 1 1 1122 1479 1407 1722
8616 4 2 1 1 777 775 1776 1869
8617 4 2 1 1 1079 1783 1522 1897
8618 4 2 1 1 1189 1647 1379 1676
8619 4 2 1 1 407 1367 347 1893
8620 4 2 1 1 574 100 449 748
8621 4 2 1 1 587 505 1567 1679
8622 4 2 1 1 745 723 122 598
8623 4 2 1 1 385 1545 383 1896
8624 4 2 1 1 1512 1697 1116 1711
8625 4 2 1 1 372 309 394 1671
8626 4 2 1 1 886 70 410 1023
8627 4 2 1 1 526 387 58 441
8628 4 2 1 1 1056 1822 1289 1842
8629 4 2 1 1 94 421 875 302
8630 4 2 1 1 1155 1814 1627 1868
8631 4 2 1 1 1227 1444 1433 1735
8632 4 2 1 1 365 345 1550 1872
8633 4 2 1 1 1044 1561 1329 1895
8634 4 2 1 1 1065 1826 1393 1827
8635 4 2 1 1 943 1657 1014 1658
8636 4 2 1 1 1117 1717 1282 1863
8637 4 2 1 1 825 868 821 1795
8638 4 2 1 1 1144 1517 1552 1846
8639 4 2 1 1 1276 1115 1634 1878
8640 4 2 1 1 1477 1525 1219 1672
8641 4 2 1 1 504 449 580 1850
8642 4 2 1 1 1388 1641 1194 1679
8643 4 2 1 1 957 956 1034 1617
8644 4 2 1 1 80 292 590 396
8645 4 2 1 1 1158 1551 1362 1681
8646 4 2 1 1 238 236 237 1885
8647 4 2 1 1 376 375 305 1801
8648 4 2 1 1 603 637 638 1801
8649 4 2 1 1 441 291 544 1475
8650 4 2 1 1 588 36 273 688
8651 4 2 1 1 1149 1464 1498 1860
8652 4 2 1 1 164 162 181 1437
8653 4 2 1 1 969 1415 970 1889
8654 4 2 1 1 1117 1717 1526 1736
8655 4 2 1 1 1095 1336 1696 1849
8656 4 2 1 1 819 1369 861 1795
8657 4 2 1 1 1133 1635 1383 1814
8658 4 2 1 1 1356 1523 1195 1729
8659 4 2 1 1 1473 1738 1248 1761
8660 4 2 1 1 1108 1574 1415 1654
8661 4 2 1 1 1045 1240 1681 1730
8662 4 2 1 1 737 442 102 570
8663 4 2 1 1 1081 1815 1390 1824
8664 4 2 1 1 1124 1732 1360 1788
8665 4 2 1 1 1086 1546 1413 1831
8666 4 2 1 1 1120 1498 1464 1860
8667 4 2 1 1 1166 1416 1592 1716
8668 4 2 1 1 891 66 974 299
8669 4 2 1 1 1248 1610 1121 1738
8670 4 2 1 1 1123 1421 1367 1792
8671 4 2 1 1 430 725 83 594
8672 4 2 1 1 671 670 669 1873
8673 4 2 1 1 565 484 489 1649
8674 4 2 1 1 621 622 1633 1876
8675 4 2 1 1 711 611 1374 1867
8676 4 2 1 1 985 894 23 1499
8677 4 2 1 1 409 403 357 1618
8678 4 2 1 1 1110 1539 1468 1879
8679 4 2 1 1 351 425 396 1899
8680 4 2 1 1 1087 1588 1370 1898
8681 4 2 1 1 1212 1609 1303 1817
8682 4 2 1 1 1045 1681 1240 1886
8683 4 2 1 1 1414 1519 1178 1820
8684 4 2 1 1 1278 1112 1506 1858
8685 4 2 1 1 1095 1663 1336 1849
8686 4 2 1 1 895 72 298 1021
8687 4 2 1 1 1279 1513 1113 1821
8688 4 2 1 1 1276 1632 1174 1727
8689 4 2 1 1 1240 1831 1086 1886
8690 4 2 1 1 187 198 191 1830
8691 4 2 1 1 997 998 977 1631
8692 4 2 1 1 165 166 167 1534
8693 4 2 1 1 298 1023 71 895
8694 4 2 1 1 1121 1818 1791 1843
8695 4 2 1 1 507 494 497 1427
8696 4 2 1 1 162 181 1437 1862
8697 4 2 1 1 1121 1610 1818 1843
8698 4 2 1 1 299 67 394 1671
8699 4 2 1 1 598 653 729 1798
8700 4 2 1 1 1073 1807 1374 1867
8701 4 2 1 1 796 802 854 1464
8702 4 2 1 1 27 147 1024 214
8703 4 2 1 1 1123 1341 1804 1819
8704 4 2 1 1 1137 1509 1341 1804
8705 4 2 1 1 1240 1080 1730 1866
8706 4 2 1 1 1062 1451 1389 1639
8707 4 2 1 1 742 49 879 148
8708 4 2 1 1 1048 1315 1604 1745
8709 4 2 1 1 189 1382 247 1830
8710 4 2 1 1 1289 1498 1120 1860
8711 4 2 1 1 953 1617 957 1726
8712 4 2 1 1 1356 1572 1099 1803
8713 4 2 1 1 1236 1605 1362 1870
8714 4 2 1 1 1399 1533 1084 1737
8715 4 2 1 1 357 419 1618 1865
8716 4 2 1 1 1123 1341 1421 1804
8717 4 2 1 1 983 1018 1005 1590
8718 4 2 1 1 735 716 1544 1632
8719 4 2 1 1 839 413 90 739
8720 4 2 1 1 876 50 148 269
8721 4 2 1 1 1045 1240 1730 1886
8722 4 2 1 1 1533 1737 1204 1811
8723 4 2 1 1 263 268 48 879
8724 4 2 1 1 198 247 266 1830
8725 4 2 1 1 273 230 35 588
8726 4 2 1 1 167 170 250 1662
8727 4 2 1 1 646 643 656 1418
8728 4 2 1 1 790 838 811 1410
8729 4 2 1 1 531 534 515 1516
8730 4 2 1 1 1202 1730 1866 1886
8731 4 2 1 1 692 696 588 1363
8732 4 2 1 1 1113 1776 1677 1821
8733 4 2 1 1 1256 1542 1397 1742
8734 4 2 1 1 425 373 1690 1899
8735 4 2 1 1 642 696 692 1642
8736 4 2 1 1 915 1357 1032 1781
8737 4 2 1 1 1129 1667 1402 1765
8738 4 2 1 1 863 1606 1740 1835
8739 4 2 1 1 777 772 775 1869
8740 4 2 1 1 1121 1791 1610 1843
8741 4 2 1 1 627 621 660 1633
8742 4 2 1 1 862 865 830 1606
8743 4 2 1 1 1329 1533 1044 1784
8744 4 2 1 1 1283 1104 1602 1827
8745 4 2 1 1 726 76 432 1801
8746 4 2 1 1 1056 1324 1692 1769
8747 4 2 1 1 735 647 716 1632
8748 4 2 1 1 189 260 247 1382
8749 4 2 1 1 1355 1549 1156 1669
8750 4 2 1 1 696 648 697 1878
8751 4 2 1 1 1542 1742 1256 1769
8752 4 2 1 1 481 1608 482 1759
8753 4 2 1 1 1362 1551 1158 1605
8754 4 2 1 1 204 1395 264 1787
8755 4 2 1 1 493 1483 547 1754
8756 4 2 1 1 1360 1671 1124 1884
8757 4 2 1 1 711 1374 1667 1867
8758 4 2 1 1 1095 1425 1392 1849
8759 4 2 1 1 1402 1627 1184 1665
8760 4 2 1 1 541 440 533 1767
8761 4 2 1 1 1315 1646 1611 1902
8762 4 2 1 1 1120 1296 1826 1865
8763 4 2 1 1 1246 1399 1376 1737
8764 4 2 1 1 1604 1852 1092 1902
8765 4 2 1 1 1069 1619 1382 1806
8766 4 2 1 1 144 238 539 1885
8767 4 2 1 1 785 1723 786 1854
8768 4 2 1 1 684 685 1851 1887
8769 4 2 1 1 617 703 681 1465
8770 4 2 1 1 243 46 141 874
8771 4 2 1 1 80 292 675 590
8772 4 2 1 1 613 612 611 1463
8773 4 2 1 1 311 1366 1680 1884
8774 4 2 1 1 867 743 864 1426
8775 4 2 1 1 391 294 418 1472
8776 4 2 1 1 681 671 669 1873
8777 4 2 1 1 736 718 654 1441
8778 4 2 1 1 611 613 1463 1867
8779 4 2 1 1 396 693 79 380
8780 4 2 1 1 1090 1339 1624 1869
8781 4 2 1 1 770 1520 788 1855
8782 4 2 1 1 1362 1605 1061 1870
8783 4 2 1 1 1044 1645 1322 1731
8784 4 2 1 1 753 853 754 1798
8785 4 2 1 1 670 1711 674 1715
8786 4 2 1 1 152 279 44 1623
8787 4 2 1 1 717 627 736 1676
8788 4 2 1 1 278 724 40 153
8789 4 2 1 1 948 950 949 1481
8790 4 2 1 1 549 451 528 1590
8791 4 2 1 1 887 1384 690 1894
8792 4 2 1 1 1037 1674 1289 1693
8793 4 2 1 1 1211 1748 1568 1859
8794 4 2 1 1 413 294 91 739
8795 4 2 1 1 926 1009 1535 1761
8796 4 2 1 1 212 1455 202 1877
8797 4 2 1 1 1301 1535 1121 1761
8798 4 2 1 1 568 587 478 1679
8799 4 2 1 1 1083 1275 1636 1805
8800 4 2 1 1 1407 1479 1122 1619
8801 4 2 1 1 1047 1687 1496 1840
8802 4 2 1 1 571 568 481 1759
8803 4 2 1 1 399 335 328 1480
8804 4 2 1 1 643 644 642 1492
8805 4 2 1 1 452 156 10 1875
8806 4 2 1 1 1089 1324 1478 1842
8807 4 2 1 1 708 689 648 1529
8808 4 2 1 1 402 383 389 1896
8809 4 2 1 1 257 250 192 1420
8810 4 2 1 1 787 1442 755 1848
8811 4 2 1 1 364 1385 416 1841
8812 4 2 1 1 880 93 302 391
8813 4 2 1 1 1216 1852 1604 1902
8814 4 2 1 1 391 1472 419 1865
8815 4 2 1 1 203 254 201 1877
8816 4 2 1 1 1713 1811 1202 1901
8817 4 2 1 1 445 61 296 576
8818 4 2 1 1 1471 1104 1750 1899
8819 4 2 1 1 788 1520 789 1796
8820 4 2 1 1 529 1306 1622 1789
8821 4 2 1 1 647 716 1632 1706
8822 4 2 1 1 803 92 391 294
8823 4 2 1 1 1549 1669 1355 1713
8824 4 2 1 1 1151 1528 1336 1829
8825 4 2 1 1 374 358 349 1393
8826 4 2 1 1 1068 1394 1577 1749
8827 4 2 1 1 1569 1695 1221 1725
8828 4 2 1 1 916 919 918 1558
8829 4 2 1 1 620 660 618 1544
8830 4 2 1 1 1126 1606 1482 1835
8831 4 2 1 1 389 314 329 1485
8832 4 2 1 1 1077 1357 1719 1882
8833 4 2 1 1 1468 1519 1110 1879
8834 4 2 1 1 1406 1431 1137 1819
8835 4 2 1 1 301 727 82 429
8836 4 2 1 1 1103 1632 1276 1727
8837 4 2 1 1 357 419 418 1618
8838 4 2 1 1 1126 1302 1740 1835
8839 4 2 1 1 1132 1252 1785 1847
8840 4 2 1 1 927 1030 1010 1473
8841 4 2 1 1 211 274 289 1564
8842 4 2 1 1 546 534 531 1666
8843 4 2 1 1 1336 1528 1115 1829
8844 4 2 1 1 420 1414 839 1656
8845 4 2 1 1 377 370 369 1779
8846 4 2 1 1 1143 1465 1333 1897
8847 4 2 1 1 361 1690 334 1872
8848 4 2 1 1 472 470 473 1725
8849 4 2 1 1 355 344 422 1704
8850 4 2 1 1 1121 1248 1738 1761
8851 4 2 1 1 280 145 221 1797
8852 4 2 1 1 335 1480 399 1893
8853 4 2 1 1 695 589 680 1448
8854 4 2 1 1 1159 1857 1430 1876
8855 4 2 1 1 932 993 989 1448
8856 4 2 1 1 1548 1557 1106 1838
8857 4 2 1 1 1387 1718 1321 1791
8858 4 2 1 1 1332 1443 1048 1729
8859 4 2 1 1 161 159 160 1709
8860 4 2 1 1 157 253 158 1760
8861 4 2 1 1 669 1503 667 1873
8862 4 2 1 1 1313 1517 1105 1846
8863 4 2 1 1 976 975 995 1578
8864 4 2 1 1 740 874 824 1716
8865 4 2 1 1 39 595 724 278
8866 4 2 1 1 817 846 816 1584
8867 4 2 1 1 1084 1811 1713 1901
8868 4 2 1 1 1077 1357 1603 1794
8869 4 2 1 1 1336 1663 1233 1849
8870 4 2 1 1 1143 1783 1465 1897
8871 4 2 1 1 302 875 94 744
8872 4 2 1 1 391 880 92 803
8873 4 2 1 1 709 641 640 1797
8874 4 2 1 1 650 651 652 1536
8875 4 2 1 1 1264 1116 1697 1711
8876 4 2 1 1 676 599 683 1888
8877 4 2 1 1 1056 1289 1692 1842
8878 4 2 1 1 211 210 272 1698
8879 4 2 1 1 1038 1546 1342 1699
8880 4 2 1 1 642 597 641 1642
8881 4 2 1 1 634 608 661 1612
8882 4 2 1 1 716 1544 1632 1706
8883 4 2 1 1 314 1485 389 1861
8884 4 2 1 1 79 590 693 396
8885 4 2 1 1 1045 1551 1681 1886
8886 4 2 1 1 748 814 813 1835
8887 4 2 1 1 1321 1378 1791 1843
8888 4 2 1 1 667 669 670 1503
8889 4 2 1 1 688 36 273 142
8890 4 2 1 1 951 948 1001 1732
8891 4 2 1 1 903 892 902 1888
8892 4 2 1 1 1034 1666 987 1767
8893 4 2 1 1 999 1589 961 1724
8894 4 2 1 1 390 544 57 291
8895 4 2 1 1 1183 1612 1384 1894
8896 4 2 1 1 17 446 146 1629
8897 4 2 1 1 395 399 320 1668
8898 4 2 1 1 1004 983 896 1590
8899 4 2 1 1 1388 1426 1113 1759
8900 4 2 1 1 279 227 226 1623
8901 4 2 1 1 148 742 50 876
8902 4 2 1 1 647 648 644 1878
8903 4 2 1 1 1259 1680 1429 1904
8904 4 2 1 1 297 596 77 432
8905 4 2 1 1 615 700 620 1368
8906 4 2 1 1 315 316 314 1659
8907 4 2 1 1 849 800 852 1379
8908 4 2 1 1 519 529 556 1622
8909 4 2 1 1 151 595 1597 1851
8910 4 2 1 1 1052 1766 1375 1856
8911 4 2 1 1 972 258 26 1607
8912 4 2 1 1 811 810 795 1555
8913 4 2 1 1 670 1503 669 1873
8914 4 2 1 1 837 835 834 1547
8915 4 2 1 1 980 1002 981 1746
8916 4 2 1 1 948 951 950 1365
8917 4 2 1 1 755 787 832 1442
8918 4 2 1 1 968 970 969 1415
8919 4 2 1 1 455 456 508 1751
8920 4 2 1 1 885 1889 1344 1890
8921 4 2 1 1 819 820 817 1584
8922 4 2 1 1 785 1292 1723 1854
8923 4 2 1 1 788 789 843 1796
8924 4 2 1 1 1127 1552 1313 1754
8925 4 2 1 1 630 1514 628 1876
8926 4 2 1 1 1016 69 293 410
8927 4 2 1 1 757 756 1566 1892
8928 4 2 1 1 885 1344 143 1890
8929 4 2 1 1 434 526 59 578
8930 4 2 1 1 319 321 397 1593
8931 4 2 1 1 542 571 564 1759
8932 4 2 1 1 1140 1776 1398 1821
8933 4 2 1 1 1047 1496 1773 1840
8934 4 2 1 1 82 594 727 301
8935 4 2 1 1 1033 1006 974 1825
8936 4 2 1 1 235 181 234 1554
8937 4 2 1 1 419 1540 356 1865
8938 4 2 1 1 814 862 863 1606
8939 4 2 1 1 969 971 1574 1607
8940 4 2 1 1 1135 1786 1348 1862
8941 4 2 1 1 357 1540 419 1865
8942 4 2 1 1 1280 1649 1385 1841
8943 4 2 1 1 1076 1378 1799 1809
8944 4 2 1 1 639 990 133 1628
8945 4 2 1 1 55 447 300 433
8946 4 2 1 1 1283 1750 1104 1827
8947 4 2 1 1 67 299 891 1671
8948 4 2 1 1 805 807 804 1755
8949 4 2 1 1 444 542 564 1426
8950 4 2 1 1 1042 1611 1646 1902
8951 4 2 1 1 279 43 831 226
8952 4 2 1 1 420 355 413 1414
8953 4 2 1 1 757 755 756 1892
8954 4 2 1 1 193 176 196 1502
8955 4 2 1 1 367 368 366 1469
8956 4 2 1 1 1195 1523 1356 1655
8957 4 2 1 1 1362 1681 1551 1886
8958 4 2 1 1 1384 1724 1118 1744
8959 4 2 1 1 755 745 754 1892
8960 4 2 1 1 1360 1124 1788 1884
8961 4 2 1 1 1345 1883 1588 1898
8962 4 2 1 1 204 263 270 1476
8963 4 2 1 1 812 580 99 748
8964 4 2 1 1 15 283 535 238
8965 4 2 1 1 356 419 357 1540
8966 4 2 1 1 1121 1321 1791 1818
8967 4 2 1 1 27 147 890 1024
8968 4 2 1 1 919 1673 1003 1726
8969 4 2 1 1 357 1618 1540 1865
8970 4 2 1 1 210 1627 209 1698
8971 4 2 1 1 943 945 1014 1657
8972 4 2 1 1 238 535 15 539
8973 4 2 1 1 1025 394 67 1671
8974 4 2 1 1 841 840 866 1388
8975 4 2 1 1 1041 1685 1317 1688
8976 4 2 1 1 196 248 272 1698
8977 4 2 1 1 1302 815 1740 1835
8978 4 2 1 1 1355 1669 1156 1739
8979 4 2 1 1 1219 1525 1477 1903
8980 4 2 1 1 1402 1627 1186 1851
8981 4 2 1 1 425 373 361 1690
8982 4 2 1 1 1120 1860 1464 1871
8983 4 2 1 1 1245 1659 1308 1668
8984 4 2 1 1 1113 1412 1608 1759
8985 4 2 1 1 471 1518 551 1775
8986 4 2 1 1 83 430 594 301
8987 4 2 1 1 1141 1626 1393 1827
8988 4 2 1 1 1081 1673 1481 1781
8989 4 2 1 1 1048 1443 1351 1756
8990 4 2 1 1 278 151 595 1597
8991 4 2 1 1 214 258 213 1607
8992 4 2 1 1 755 1848 1442 1892
8993 4 2 1 1 239 509 18 575
8994 4 2 1 1 885 986 985 1344
8995 4 2 1 1 1148 1535 1440 1718
8996 4 2 1 1 684 686 685 1887
8997 4 2 1 1 1123 1367 1591 1792
8998 4 2 1 1 1081 1481 1673 1815
8999 4 2 1 1 279 831 44 1623
9000 4 2 1 1 288 189 275 1563
9001 4 2 1 1 1360 1788 1438 1884
9002 4 2 1 1 783 1539 782 1723
9003 4 2 1 1 1183 1384 1612 1744
9004 4 2 1 1 544 441 57 291
9005 4 2 1 1 246 237 234 1786
9006 4 2 1 1 466 471 551 1775
9007 4 2 1 1 1063 1397 1513 1601
9008 4 2 1 1 1184 1529 1402 1665
9009 4 2 1 1 984 913 917 1391
9010 4 2 1 1 330 344 343 1704
9011 4 2 1 1 1234 1338 1572 1803
9012 4 2 1 1 695 137 989 1888
9013 4 2 1 1 170 167 169 1662
9014 4 2 1 1 1370 1562 1198 1683
9015 4 2 1 1 388 343 414 1521
9016 4 2 1 1 17 146 239 1629
9017 4 2 1 1 999 962 961 1589
9018 4 2 1 1 1092 1604 1315 1745
9019 4 2 1 1 1044 1533 1399 1737
9020 4 2 1 1 439 144 14 539
9021 4 2 1 1 820 824 846 1716
9022 4 2 1 1 1121 1738 1301 1761
9023 4 2 1 1 327 332 333 1621
9024 4 2 1 1 477 479 1608 1725
9025 4 2 1 1 634 690 639 1384
9026 4 2 1 1 199 264 204 1395
9027 4 2 1 1 1024 972 26 1607
9028 4 2 1 1 1047 1625 1496 1687
9029 4 2 1 1 708 735 700 1632
9030 4 2 1 1 1101 1762 1278 1857
9031 4 2 1 1 547 493 543 1483
9032 4 2 1 1 630 628 626 1876
9033 4 2 1 1 990 887 994 1384
9034 4 2 1 1 340 348 349 1626
9035 4 2 1 1 1095 1696 1425 1849
9036 4 2 1 1 685 1402 687 1765
9037 4 2 1 1 986 1344 885 1889
9038 4 2 1 1 93 302 744 880
9039 4 2 1 1 1588 1883 1279 1898
9040 4 2 1 1 1035 1501 1615 1811
9041 4 2 1 1 1144 1488 1427 1782
9042 4 2 1 1 400 365 345 1550
9043 4 2 1 1 799 801 872 1820
9044 4 2 1 1 970 1000 986 1889
9045 4 2 1 1 489 488 454 1841
9046 4 2 1 1 432 76 305 1801
9047 4 2 1 1 726 603 76 1801
9048 4 2 1 1 1126 1740 1606 1835
9049 4 2 1 1 1506 1693 1278 1858
9050 4 2 1 1 1159 1514 1857 1876
9051 4 2 1 1 1003 1481 950 1726
9052 4 2 1 1 695 989 1448 1888
9053 4 2 1 1 302 419 415 1865
9054 4 2 1 1 406 307 308 1825
9055 4 2 1 1 639 133 592 1628
9056 4 2 1 1 1045 1669 1549 1713
9057 4 2 1 1 691 852 126 1600
9058 4 2 1 1 1409 1593 1089 1734
9059 4 2 1 1 768 1624 771 1869
9060 4 2 1 1 521 1579 525 1736
9061 4 2 1 1 1044 1329 1784 1895
9062 4 2 1 1 308 299 309 1671
9063 4 2 1 1 552 468 550 1596
9064 4 2 1 1 812 813 845 1850
9065 4 2 1 1 1015 1889 885 1890
9066 4 2 1 1 152 44 747 1623
9067 4 2 1 1 531 533 440 1767
9068 4 2 1 1 334 373 331 1690
9069 4 2 1 1 945 943 944 1657
9070 4 2 1 1 452 10 491 1875
9071 4 2 1 1 1154 1492 1418 1749
9072 4 2 1 1 1313 1552 1517 1846
9073 4 2 1 1 201 212 202 1877
9074 4 2 1 1 670 674 705 1715
9075 4 2 1 1 614 615 616 1790
9076 4 2 1 1 1363 1634 1115 1878
9077 4 2 1 1 741 593 126 1600
9078 4 2 1 1 525 526 523 1736
9079 4 2 1 1 126 852 741 1600
9080 4 2 1 1 311 1680 309 1884
9081 4 2 1 1 743 867 840 1426
9082 4 2 1 1 1015 972 969 1890
9083 4 2 1 1 207 1851 205 1868
9084 4 2 1 1 133 990 893 1628
9085 4 2 1 1 207 1851 1627 1887
9086 4 2 1 1 1468 1539 784 1879
9087 4 2 1 1 546 450 534 1666
9088 4 2 1 1 897 139 600 1836
9089 4 2 1 1 1110 1414 1656 1879
9090 4 2 1 1 647 735 708 1632
9091 4 2 1 1 1366 1680 1161 1861
9092 4 2 1 1 1240 1681 1362 1886
9093 4 2 1 1 1179 1624 1340 1840
9094 4 2 1 1 597 692 34 1642
9095 4 2 1 1 877 746 785 1854
9096 4 2 1 1 385 382 383 1545
9097 4 2 1 1 511 478 569 1695
9098 4 2 1 1 480 562 538 1640
9099 4 2 1 1 1056 1324 1769 1842
9100 4 2 1 1 374 1626 348 1750
9101 4 2 1 1 338 340 404 1409
9102 4 2 1 1 1132 1425 1543 1847
9103 4 2 1 1 1357 1077 1603 1882
9104 4 2 1 1 597 34 145 1642
9105 4 2 1 1 784 1539 783 1879
9106 4 2 1 1 981 959 960 1845
9107 4 2 1 1 595 728 659 1597
9108 4 2 1 1 683 664 666 1515
9109 4 2 1 1 657 605 604 1845
9110 4 2 1 1 1453 1278 1693 1858
9111 4 2 1 1 949 1481 1003 1673
9112 4 2 1 1 133 893 592 1628
9113 4 2 1 1 228 288 229 1563
9114 4 2 1 1 750 1712 304 1854
9115 4 2 1 1 1113 1426 1412 1759
9116 4 2 1 1 410 1016 69 886
9117 4 2 1 1 1081 1781 1357 1794
9118 4 2 1 1 474 562 462 1809
9119 4 2 1 1 207 282 1851 1887
9120 4 2 1 1 1047 1495 1571 1748
9121 4 2 1 1 270 256 197 1576
9122 4 2 1 1 691 126 593 1600
9123 4 2 1 1 1149 1555 1464 1860
9124 4 2 1 1 1385 1723 1292 1854
9125 4 2 1 1 327 330 332 1621
9126 4 2 1 1 10 156 224 1875
9127 4 2 1 1 294 803 91 739
9128 4 2 1 1 928 926 1009 1535
9129 4 2 1 1 427 374 348 1750
9130 4 2 1 1 1289 1674 1498 1693
9131 4 2 1 1 1015 986 885 1889
9132 4 2 1 1 839 1656 1414 1879
9133 4 2 1 1 960 961 962 1589
9134 4 2 1 1 1387 1581 1274 1791
9135 4 2 1 1 1354 1852 1216 1902
9136 4 2 1 1 1188 1533 1615 1811
9137 4 2 1 1 1090 1624 1458 1869
9138 4 2 1 1 888 1034 987 1767
9139 4 2 1 1 1156 1549 1355 1880
9140 4 2 1 1 1044 1645 1731 1784
9141 4 2 1 1 1123 1591 1367 1678
9142 4 2 1 1 902 901 938 1836
9143 4 2 1 1 414 343 355 1704
9144 4 2 1 1 1475 1106 1557 1838
9145 4 2 1 1 676 677 698 1836
9146 4 2 1 1 1101 1430 1857 1876
9147 4 2 1 1 109 453 1013 1751
9148 4 2 1 1 536 537 535 1651
9149 4 2 1 1 1496 1687 1218 1840
9150 4 2 1 1 309 311 310 1680
9151 4 2 1 1 131 898 602 1845
9152 4 2 1 1 1184 1564 1363 1634
9153 4 2 1 1 659 658 724 1597
9154 4 2 1 1 724 658 40 153
9155 4 2 1 1 89 295 420 1656
9156 4 2 1 1 842 774 772 1458
9157 4 2 1 1 528 529 1622 1789
9158 4 2 1 1 715 128 857 1755
9159 4 2 1 1 1227 1377 1589 1735
9160 4 2 1 1 1095 1543 1425 1847
9161 4 2 1 1 621 627 626 1633
9162 4 2 1 1 919 1003 958 1726
9163 4 2 1 1 282 37 684 1887
9164 4 2 1 1 1355 1669 1213 1713
9165 4 2 1 1 176 193 192 1502
9166 4 2 1 1 398 393 323 1486
9167 4 2 1 1 1204 1615 1533 1811
9168 4 2 1 1 688 684 37 1887
9169 4 2 1 1 1068 1577 1394 1620
9170 4 2 1 1 735 716 620 1544
9171 4 2 1 1 498 567 496 1846
9172 4 2 1 1 67 891 1025 1671
9173 4 2 1 1 813 815 816 1835
9174 4 2 1 1 364 416 424 1841
9175 4 2 1 1 1289 1674 1478 1842
9176 4 2 1 1 366 352 353 1678
9177 4 2 1 1 654 650 652 1441
9178 4 2 1 1 150 229 240 1483
9179 4 2 1 1 502 501 503 1488
9180 4 2 1 1 691 720 719 1379
9181 4 2 1 1 952 954 1004 1400
9182 4 2 1 1 1042 1646 1310 1902
9183 4 2 1 1 542 570 571 1388
9184 4 2 1 1 421 415 376 1710
9185 4 2 1 1 521 523 522 1736
9186 4 2 1 1 300 364 433 1841
9187 4 2 1 1 244 223 174 1655
9188 4 2 1 1 407 347 399 1893
9189 4 2 1 1 417 414 295 1656
9190 4 2 1 1 1189 1647 1520 1796
9191 4 2 1 1 254 1553 232 1812
9192 4 2 1 1 595 39 151 278
9193 4 2 1 1 202 1455 1832 1877
9194 4 2 1 1 1023 941 895 1469
9195 4 2 1 1 779 866 867 1677
9196 4 2 1 1 575 509 510 1629
9197 4 2 1 1 1375 1766 1167 1856
9198 4 2 1 1 802 799 1472 1871
9199 4 2 1 1 434 385 1526 1682
9200 4 2 1 1 184 248 177 1849
9201 4 2 1 1 89 746 295 1656
9202 4 2 1 1 771 776 775 1869
9203 4 2 1 1 46 740 141 874
9204 4 2 1 1 1202 1730 1713 1901
9205 4 2 1 1 380 351 396 1471
9206 4 2 1 1 649 716 645 1706
9207 4 2 1 1 1791 1818 1321 1843
9208 4 2 1 1 1318 1609 1202 1866
9209 4 2 1 1 292 425 361 1512
9210 4 2 1 1 549 528 527 1590
9211 4 2 1 1 534 517 515 1516
9212 4 2 1 1 831 747 44 1623
9213 4 2 1 1 1321 1818 458 1843
9214 4 2 1 1 976 922 975 1578
9215 4 2 1 1 415 419 356 1865
9216 4 2 1 1 447 577 488 1841
9217 4 2 1 1 814 847 862 1482
9218 4 2 1 1 327 398 323 1486
9219 4 2 1 1 230 34 692 1642
9220 4 2 1 1 1151 1511 1394 1829
9221 4 2 1 1 1566 1848 757 1892
9222 4 2 1 1 503 501 505 1567
9223 4 2 1 1 387 386 426 1526
9224 4 2 1 1 925 978 908 1882
9225 4 2 1 1 491 492 560 1875
9226 4 2 1 1 1383 1635 195 1868
9227 4 2 1 1 672 670 671 1711
9228 4 2 1 1 1048 1691 1543 1756
9229 4 2 1 1 312 310 311 1680
9230 4 2 1 1 37 142 688 1887
9231 4 2 1 1 844 871 1594 1787
9232 4 2 1 1 1713 1730 1213 1901
9233 4 2 1 1 1008 1010 888 1767
9234 4 2 1 1 236 252 235 1675
9235 4 2 1 1 574 449 503 1482
9236 4 2 1 1 1520 1647 1225 1796
9237 4 2 1 1 1189 1379 1647 1796
9238 4 2 1 1 537 536 538 1640
9239 4 2 1 1 37 282 142 1887
9240 4 2 1 1 510 508 557 1489
9241 4 2 1 1 1323 1691 1351 1756
9242 4 2 1 1 1208 1719 1357 1882
9243 4 2 1 1 514 516 552 1510
9244 4 2 1 1 619 616 618 1790
9245 4 2 1 1 1498 1506 1149 1693
9246 4 2 1 1 856 831 43 226
9247 4 2 1 1 422 344 409 1541
9248 4 2 1 1 897 901 139 1836
9249 4 2 1 1 1128 1701 1387 1816
9250 4 2 1 1 954 952 951 1400
9251 4 2 1 1 600 139 698 1836
9252 4 2 1 1 486 488 484 1649
9253 4 2 1 1 128 807 857 1755
9254 4 2 1 1 412 377 73 1779
9255 4 2 1 1 262 509 18 239
9256 4 2 1 1 109 1013 1012 1751
9257 4 2 1 1 758 850 760 1527
9258 4 2 1 1 128 715 712 1755
9259 4 2 1 1 1104 1750 1626 1827
9260 4 2 1 1 925 1014 978 1882
9261 4 2 1 1 477 473 479 1725
9262 4 2 1 1 536 535 446 1651
9263 4 2 1 1 599 137 695 1888
9264 4 2 1 1 989 137 892 1888
9265 4 2 1 1 761 759 1768 1855
9266 4 2 1 1 782 864 786 1723
9267 4 2 1 1 248 171 177 1849
9268 4 2 1 1 839 89 420 1656
9269 4 2 1 1 238 14 144 539
9270 4 2 1 1 352 347 353 1678
9271 4 2 1 1 349 348 374 1626
9272 4 2 1 1 225 1793 228 1875
9273 4 2 1 1 1113 1388 1641 1677
9274 4 2 1 1 839 1414 827 1879
9275 4 2 1 1 34 230 145 1642
9276 4 2 1 1 822 740 824 1716
9277 4 2 1 1 207 1627 1851 1868
9278 4 2 1 1 773 868 860 1616
9279 4 2 1 1 455 453 109 1751
9280 4 2 1 1 1435 1650 1165 1772
9281 4 2 1 1 753 120 751 1798
9282 4 2 1 1 421 423 95 1710
9283 4 2 1 1 603 305 76 1801
9284 4 2 1 1 562 460 462 1378
9285 4 2 1 1 424 1712 454 1841
9286 4 2 1 1 154 21 899 1760
9287 4 2 1 1 153 206 278 1597
9288 4 2 1 1 912 910 915 1603
9289 4 2 1 1 1160 1678 1367 1893
9290 4 2 1 1 1022 899 21 1760
9291 4 2 1 1 601 640 32 1797
9292 4 2 1 1 498 496 495 1552
9293 4 2 1 1 210 209 196 1698
9294 4 2 1 1 1397 1542 1139 1742
9295 4 2 1 1 1440 1718 1066 1741
9296 4 2 1 1 606 607 608 1670
9297 4 2 1 1 379 416 417 1854
9298 4 2 1 1 443 490 457 1466
9299 4 2 1 1 207 142 282 1887
9300 4 2 1 1 1161 1429 1680 1904
9301 4 2 1 1 755 757 1848 1892
9302 4 2 1 1 1560 1726 1136 1815
9303 4 2 1 1 245 164 181 1437
9304 4 2 1 1 728 629 706 1765
9305 4 2 1 1 291 359 390 1475
9306 4 2 1 1 786 870 750 1712
9307 4 2 1 1 131 959 898 1845
9308 4 2 1 1 591 652 723 1442
9309 4 2 1 1 271 269 51 1802
9310 4 2 1 1 1677 1776 1215 1821
9311 4 2 1 1 269 222 265 1802
9312 4 2 1 1 1404 1615 1107 1752
9313 4 2 1 1 98 752 561 1850
9314 4 2 1 1 1197 1561 1399 1897
9315 4 2 1 1 1390 1560 1136 1815
9316 4 2 1 1 711 1667 623 1867
9317 4 2 1 1 1189 1676 1441 1837
9318 4 2 1 1 783 782 785 1723
9319 4 2 1 1 155 601 32 1797
9320 4 2 1 1 988 949 1673 1781
9321 4 2 1 1 800 789 791 1796
9322 4 2 1 1 190 179 251 1572
9323 4 2 1 1 844 48 268 879
9324 4 2 1 1 361 373 334 1690
9325 4 2 1 1 1171 1329 1839 1895
9326 4 2 1 1 1121 1610 1466 1818
9327 4 2 1 1 307 306 65 1825
9328 4 2 1 1 770 761 838 1855
9329 4 2 1 1 1048 1351 1691 1756
9330 4 2 1 1 268 204 264 1787
9331 4 2 1 1 351 348 339 1899
9332 4 2 1 1 366 368 298 1469
9333 4 2 1 1 128 712 807 1755
9334 4 2 1 1 316 329 314 1485
9335 4 2 1 1 528 519 527 1622
9336 4 2 1 1 972 258 1607 1890
9337 4 2 1 1 65 306 900 1825
9338 4 2 1 1 785 786 750 1854
9339 4 2 1 1 1086 1831 1362 1886
9340 4 2 1 1 1378 1214 1791 1843
9341 4 2 1 1 609 711 611 1374
9342 4 2 1 1 481 479 482 1608
9343 4 2 1 1 638 714 712 1755
9344 4 2 1 1 1374 1807 1667 1867
9345 4 2 1 1 982 984 921 1864
9346 4 2 1 1 399 328 320 1480
9347 4 2 1 1 953 957 958 1726
9348 4 2 1 1 1217 1676 1647 1837
9349 4 2 1 1 839 873 1656 1879
9350 4 2 1 1 604 131 602 1845
9351 4 2 1 1 1148 1718 1440 1741
9352 4 2 1 1 1129 1667 1374 1807
9353 4 2 1 1 1039 1581 1387 1816
9354 4 2 1 1 10 224 491 1875
9355 4 2 1 1 254 212 201 1877
9356 4 2 1 1 681 703 702 1465
9357 4 2 1 1 763 765 766 1644
9358 4 2 1 1 587 505 569 1567
9359 4 2 1 1 711 623 611 1867
9360 4 2 1 1 457 1610 459 1818
9361 4 2 1 1 630 631 628 1514
9362 4 2 1 1 455 109 1012 1751
9363 4 2 1 1 585 454 438 1712
9364 4 2 1 1 613 623 700 1867
9365 4 2 1 1 1226 1726 1560 1815
9366 4 2 1 1 427 380 297 1750
9367 4 2 1 1 304 379 87 1854
9368 4 2 1 1 884 438 304 1712
9369 4 2 1 1 525 556 445 1682
9370 4 2 1 1 1105 1524 1518 1846
9371 4 2 1 1 1610 1791 1214 1843
9372 4 2 1 1 1056 1692 1324 1842
9373 4 2 1 1 791 792 793 1565
9374 4 2 1 1 526 59 387 434
9375 4 2 1 1 655 736 654 1676
9376 4 2 1 1 777 779 780 1776
9377 4 2 1 1 554 532 553 1456
9378 4 2 1 1 510 579 446 1629
9379 4 2 1 1 698 139 901 1836
9380 4 2 1 1 727 594 674 1715
9381 4 2 1 1 232 254 208 1553
9382 4 2 1 1 1447 1603 1077 1882
9383 4 2 1 1 1021 73 377 1779
9384 4 2 1 1 1047 1496 1625 1773
9385 4 2 1 1 231 163 175 1700
9386 4 2 1 1 979 980 963 1746
9387 4 2 1 1 612 613 614 1463
9388 4 2 1 1 89 839 746 1656
9389 4 2 1 1 710 751 120 1798
9390 4 2 1 1 475 555 473 1434
9391 4 2 1 1 318 393 316 1585
9392 4 2 1 1 847 814 748 1482
9393 4 2 1 1 587 506 505 1679
9394 4 2 1 1 1425 1785 1252 1847
9395 4 2 1 1 750 304 87 1854
9396 4 2 1 1 1132 1785 1425 1847
9397 4 2 1 1 321 319 320 1587
9398 4 2 1 1 756 755 754 1892
9399 4 2 1 1 1366 1124 1680 1884
9400 4 2 1 1 477 479 481 1608
9401 4 2 1 1 875 421 95 1710
9402 4 2 1 1 1020 894 985 1499
9403 4 2 1 1 557 579 510 1489
9404 4 2 1 1 202 1832 201 1877
9405 4 2 1 1 466 467 469 1775
9406 4 2 1 1 704 624 622 1430
9407 4 2 1 1 219 277 218 1528
9408 4 2 1 1 21 157 1022 1760
9409 4 2 1 1 699 617 701 1714
9410 4 2 1 1 942 992 940 1431
9411 4 2 1 1 577 433 54 1841
9412 4 2 1 1 347 346 335 1893
9413 4 2 1 1 1609 1866 1086 1886
9414 4 2 1 1 858 844 871 1594
9415 4 2 1 1 412 73 996 1779
9416 4 2 1 1 891 1001 1025 1671
9417 4 2 1 1 781 782 783 1539
9418 4 2 1 1 454 566 489 1712
9419 4 2 1 1 768 771 772 1869
9420 4 2 1 1 1223 1799 1581 1816
9421 4 2 1 1 202 212 213 1455
9422 4 2 1 1 1541 1618 1178 1822
9423 4 2 1 1 582 63 530 435
9424 4 2 1 1 666 664 665 1515
9425 4 2 1 1 1149 1693 1506 1858
9426 4 2 1 1 707 636 694 1470
9427 4 2 1 1 799 803 802 1472
9428 4 2 1 1 448 543 493 1483
9429 4 2 1 1 485 459 457 1610
9430 4 2 1 1 268 141 47 1787
9431 4 2 1 1 32 640 280 1797
9432 4 2 1 1 21 154 157 1760
9433 4 2 1 1 359 342 341 1557
9434 4 2 1 1 472 478 1695 1725
9435 4 2 1 1 621 1633 626 1876
9436 4 2 1 1 716 649 660 1544
9437 4 2 1 1 1667 1807 1174 1867
9438 4 2 1 1 224 225 228 1875
9439 4 2 1 1 753 729 120 1798
9440 4 2 1 1 545 487 558 1474
9441 4 2 1 1 249 178 172 1425
9442 4 2 1 1 706 657 659 1446
9443 4 2 1 1 385 296 382 1682
9444 4 2 1 1 1003 1673 1481 1726
9445 4 2 1 1 384 411 406 1789
9446 4 2 1 1 472 477 478 1725
9447 4 2 1 1 839 827 873 1879
9448 4 2 1 1 1329 1171 1784 1895
9449 4 2 1 1 604 959 131 1845
9450 4 2 1 1 195 1635 209 1868
9451 4 2 1 1 556 525 521 1579
9452 4 2 1 1 678 679 677 1758
9453 4 2 1 1 263 148 270 1476
9454 4 2 1 1 865 851 830 1559
9455 4 2 1 1 1186 1851 1627 1868
9456 4 2 1 1 580 98 561 1850
9457 4 2 1 1 1240 1362 1831 1886
9458 4 2 1 1 474 464 551 1809
9459 4 2 1 1 576 62 431 1789
9460 4 2 1 1 728 706 659 1446
9461 4 2 1 1 1230 1618 1541 1822
9462 4 2 1 1 141 740 47 1787
9463 4 2 1 1 393 405 329 1834
9464 4 2 1 1 280 155 32 1797
9465 4 2 1 1 221 222 155 1797
9466 4 2 1 1 762 773 860 1616
9467 4 2 1 1 1395 1594 1166 1787
9468 4 2 1 1 1472 1120 1618 1865
9469 4 2 1 1 528 530 529 1789
9470 4 2 1 1 271 51 855 1802
9471 4 2 1 1 423 749 95 1710
9472 4 2 1 1 725 430 84 1758
9473 4 2 1 1 1478 1692 1289 1842
9474 4 2 1 1 750 884 304 1712
9475 4 2 1 1 892 137 599 1888
9476 4 2 1 1 979 890 980 1812
9477 4 2 1 1 98 812 752 1850
9478 4 2 1 1 429 727 81 675
9479 4 2 1 1 970 982 1000 1864
9480 4 2 1 1 54 454 577 1841
9481 4 2 1 1 424 438 454 1712
9482 4 2 1 1 266 267 198 1497
9483 4 2 1 1 481 482 564 1759
9484 4 2 1 1 876 51 269 1802
9485 4 2 1 1 1044 1784 1731 1895
9486 4 2 1 1 342 359 360 1557
9487 4 2 1 1 1215 1641 1559 1677
9488 4 2 1 1 773 760 850 1527
9489 4 2 1 1 1116 1711 1503 1715
9490 4 2 1 1 140 897 600 1029
9491 4 2 1 1 272 184 274 1564
9492 4 2 1 1 379 877 87 1854
9493 4 2 1 1 965 966 964 1654
9494 4 2 1 1 405 402 329 1834
9495 4 2 1 1 433 424 54 1841
9496 4 2 1 1 809 791 793 1565
9497 4 2 1 1 687 685 686 1402
9498 4 2 1 1 827 1414 739 1820
9499 4 2 1 1 661 682 634 1612
9500 4 2 1 1 297 432 375 1801
9501 4 2 1 1 637 726 596 1801
9502 4 2 1 1 974 307 65 1825
9503 4 2 1 1 276 1675 236 1885
9504 4 2 1 1 1103 1632 1544 1706
9505 4 2 1 1 967 971 979 1574
9506 4 2 1 1 971 967 969 1574
9507 4 2 1 1 1188 1615 1501 1811
9508 4 2 1 1 845 816 878 1408
9509 4 2 1 1 750 87 877 1854
9510 4 2 1 1 644 643 645 1492
9511 4 2 1 1 371 370 303 1758
9512 4 2 1 1 777 775 779 1776
9513 4 2 1 1 776 830 851 1559
9514 4 2 1 1 647 645 716 1706
9515 4 2 1 1 409 344 392 1541
9516 4 2 1 1 1083 1636 1386 1805
9517 4 2 1 1 943 1014 942 1658
9518 4 2 1 1 909 910 911 1844
9519 4 2 1 1 452 286 9 156
9520 4 2 1 1 1184 1627 1402 1887
9521 4 2 1 1 879 837 742 1476
9522 4 2 1 1 195 193 209 1635
9523 4 2 1 1 924 991 920 1643
9524 4 2 1 1 720 717 655 1676
9525 4 2 1 1 1011 889 1009 1466
9526 4 2 1 1 1279 1588 1500 1883
9527 4 2 1 1 1540 1618 1120 1865
9528 4 2 1 1 73 1021 996 1779
9529 4 2 1 1 784 781 783 1539
9530 4 2 1 1 463 465 464 1487
9531 4 2 1 1 898 732 130 602
9532 4 2 1 1 710 120 729 1798
9533 4 2 1 1 761 770 759 1855
9534 4 2 1 1 904 903 902 1614
9535 4 2 1 1 387 434 385 1526
9536 4 2 1 1 246 233 200 1786
9537 4 2 1 1 1474 1652 1106 1828
9538 4 2 1 1 386 1526 385 1896
9539 4 2 1 1 459 1818 1610 1843
9540 4 2 1 1 281 200 253 1494
9541 4 2 1 1 571 506 568 1679
9542 4 2 1 1 1000 991 935 1575
9543 4 2 1 1 731 140 600 1029
9544 4 2 1 1 576 530 62 1789
9545 4 2 1 1 345 346 400 1550
9546 4 2 1 1 317 318 316 1585
9547 4 2 1 1 495 493 547 1754
9548 4 2 1 1 320 319 317 1587
9549 4 2 1 1 230 277 145 1642
9550 4 2 1 1 827 1414 1820 1879
9551 4 2 1 1 573 545 544 1475
9552 4 2 1 1 159 242 149 1499
9553 4 2 1 1 949 950 1003 1481
9554 4 2 1 1 863 1740 815 1835
9555 4 2 1 1 54 424 454 1841
9556 4 2 1 1 1189 1647 1676 1837
9557 4 2 1 1 694 722 693 1471
9558 4 2 1 1 98 580 812 1850
9559 4 2 1 1 236 235 234 1554
9560 4 2 1 1 903 904 905 1614
9561 4 2 1 1 63 411 530 435
9562 4 2 1 1 404 326 397 1734
9563 4 2 1 1 825 819 861 1795
9564 4 2 1 1 578 60 434 1682
9565 4 2 1 1 900 974 65 1825
9566 4 2 1 1 205 207 151 1851
9567 4 2 1 1 511 500 567 1524
9568 4 2 1 1 916 988 919 1673
9569 4 2 1 1 1731 1784 1171 1895
9570 4 2 1 1 983 1004 1018 1590
9571 4 2 1 1 826 842 784 1468
9572 4 2 1 1 873 784 783 1879
9573 4 2 1 1 95 749 875 1710
9574 4 2 1 1 1460 1703 1237 1853
9575 4 2 1 1 411 431 62 1789
9576 4 2 1 1 297 374 427 1750
9577 4 2 1 1 928 924 926 1535
9578 4 2 1 1 501 502 497 1488
9579 4 2 1 1 1344 1889 1147 1890
9580 4 2 1 1 84 430 303 1758
9581 4 2 1 1 185 182 178 1696
9582 4 2 1 1 999 994 977 1724
9583 4 2 1 1 725 84 679 1758
9584 4 2 1 1 436 731 85 303
9585 4 2 1 1 594 705 674 1715
9586 4 2 1 1 584 286 9 452
9587 4 2 1 1 705 667 670 1503
9588 4 2 1 1 1202 1811 1403 1901
9589 4 2 1 1 1149 1498 1693 1860
9590 4 2 1 1 285 153 41 732
9591 4 2 1 1 697 686 688 1887
9592 4 2 1 1 182 177 178 1696
9593 4 2 1 1 794 796 854 1464
9594 4 2 1 1 1012 937 1007 1751
9595 4 2 1 1 428 300 390 1838
9596 4 2 1 1 673 707 694 1470
9597 4 2 1 1 684 1851 282 1887
9598 4 2 1 1 1027 732 130 898
9599 4 2 1 1 1136 1726 1481 1815
9600 4 2 1 1 752 812 845 1850
9601 4 2 1 1 81 292 429 675
9602 4 2 1 1 566 585 870 1712
9603 4 2 1 1 585 454 53 438
9604 4 2 1 1 207 209 1627 1868
9605 4 2 1 1 545 558 524 1474
9606 4 2 1 1 853 855 836 1802
9607 4 2 1 1 1512 1711 1116 1715
9608 4 2 1 1 388 332 343 1521
9609 4 2 1 1 1462 1099 1611 1774
9610 4 2 1 1 361 365 1512 1872
9611 4 2 1 1 1481 1726 1673 1815
9612 4 2 1 1 154 253 157 1760
9613 4 2 1 1 437 305 75 734
9614 4 2 1 1 670 672 674 1711
9615 4 2 1 1 722 636 635 1602
9616 4 2 1 1 451 118 582 1005
9617 4 2 1 1 835 778 834 1547
9618 4 2 1 1 51 876 855 1802
9619 4 2 1 1 673 707 1470 1874
9620 4 2 1 1 1324 1692 1478 1842
9621 4 2 1 1 987 956 896 1666
9622 4 2 1 1 820 822 824 1716
9623 4 2 1 1 488 489 484 1649
9624 4 2 1 1 612 699 625 1771
9625 4 2 1 1 258 143 255 1890
9626 4 2 1 1 938 996 939 1779
9627 4 2 1 1 538 581 540 1435
9628 4 2 1 1 654 718 650 1441
9629 4 2 1 1 476 550 463 1747
9630 4 2 1 1 458 1818 459 1843
9631 4 2 1 1 290 227 152 1623
9632 4 2 1 1 1155 1635 1814 1868
9633 4 2 1 1 650 646 651 1536
9634 4 2 1 1 653 709 710 1798
9635 4 2 1 1 239 146 281 1629
9636 4 2 1 1 487 573 486 1531
9637 4 2 1 1 683 599 695 1888
9638 4 2 1 1 989 892 903 1888
9639 4 2 1 1 362 300 428 1838
9640 4 2 1 1 1627 1851 1402 1887
9641 4 2 1 1 592 606 639 1628
9642 4 2 1 1 233 162 160 1862
9643 4 2 1 1 411 62 530 1789
9644 4 2 1 1 472 511 469 1695
9645 4 2 1 1 218 188 219 1528
9646 4 2 1 1 60 296 434 1682
9647 4 2 1 1 988 949 1003 1673
9648 4 2 1 1 608 607 609 1670
9649 4 2 1 1 485 512 459 1610
9650 4 2 1 1 578 445 60 1682
9651 4 2 1 1 287 733 31 601
9652 4 2 1 1 635 636 632 1602
9653 4 2 1 1 839 873 746 1656
9654 4 2 1 1 741 852 809 1600
9655 4 2 1 1 353 401 367 1591
9656 4 2 1 1 1171 1839 1537 1895
9657 4 2 1 1 341 336 362 1548
9658 4 2 1 1 303 679 84 1758
9659 4 2 1 1 870 585 884 1712
9660 4 2 1 1 751 853 753 1798
9661 4 2 1 1 828 861 829 1800
9662 4 2 1 1 1390 1815 1136 1824
9663 4 2 1 1 1187 1746 1553 1812
9664 4 2 1 1 1142 1652 1474 1828
9665 4 2 1 1 483 487 486 1531
9666 4 2 1 1 893 990 961 1628
9667 4 2 1 1 383 382 337 1545
9668 4 2 1 1 1383 1186 1814 1868
9669 4 2 1 1 1028 582 118 1005
9670 4 2 1 1 296 60 445 1682
9671 4 2 1 1 119 751 733 881
9672 4 2 1 1 566 107 870 585
9673 4 2 1 1 882 129 857 715
9674 4 2 1 1 153 658 41 732
9675 4 2 1 1 108 1013 453 583
9676 4 2 1 1 871 823 858 1594
9677 4 2 1 1 953 952 956 1617
9678 4 2 1 1 920 923 924 1643
9679 4 2 1 1 759 760 761 1768
9680 4 2 1 1 303 731 85 679
9681 4 2 1 1 1289 1693 1498 1860
9682 4 2 1 1 412 370 377 1779
9683 4 2 1 1 1673 1726 1226 1815
9684 4 2 1 1 866 779 851 1677
9685 4 2 1 1 693 590 694 1471
9686 4 2 1 1 827 739 872 1820
9687 4 2 1 1 454 424 53 438
9688 4 2 1 1 249 244 217 1785
9689 4 2 1 1 545 441 544 1475
9690 4 2 1 1 225 227 260 1793
9691 4 2 1 1 452 491 560 1875
9692 4 2 1 1 495 496 494 1552
9693 4 2 1 1 357 350 356 1540
9694 4 2 1 1 806 749 805 1710
9695 4 2 1 1 797 810 808 1728
9696 4 2 1 1 751 710 119 733
9697 4 2 1 1 839 739 827 1414
9698 4 2 1 1 953 1003 950 1726
9699 4 2 1 1 757 756 758 1566
9700 4 2 1 1 642 644 696 1878
9701 4 2 1 1 1081 1481 1815 1824
9702 4 2 1 1 1240 1866 1730 1886
9703 4 2 1 1 193 195 194 1635
9704 4 2 1 1 208 254 203 1553
9705 4 2 1 1 762 761 760 1768
9706 4 2 1 1 863 815 814 1835
9707 4 2 1 1 155 287 31 601
9708 4 2 1 1 64 435 1028 306
9709 4 2 1 1 305 603 75 734
9710 4 2 1 1 966 967 964 1654
9711 4 2 1 1 899 936 937 1760
9712 4 2 1 1 425 351 373 1899
9713 4 2 1 1 730 623 711 1667
9714 4 2 1 1 1136 1815 1481 1824
9715 4 2 1 1 283 237 146 1651
9716 4 2 1 1 1442 1848 1125 1892
9717 4 2 1 1 307 406 306 1825
9718 4 2 1 1 283 238 237 1651
9719 4 2 1 1 429 292 365 1512
9720 4 2 1 1 337 312 389 1861
9721 4 2 1 1 685 687 629 1765
9722 4 2 1 1 28 147 232 1812
9723 4 2 1 1 640 601 709 1797
9724 4 2 1 1 884 870 107 585
9725 4 2 1 1 1031 20 154 284
9726 4 2 1 1 86 304 884 438
9727 4 2 1 1 129 882 734 715
9728 4 2 1 1 268 47 844 1787
9729 4 2 1 1 999 961 994 1724
9730 4 2 1 1 987 1034 956 1666
9731 4 2 1 1 569 505 501 1567
9732 4 2 1 1 256 185 197 1576
9733 4 2 1 1 331 339 338 1764
9734 4 2 1 1 1027 261 30 285
9735 4 2 1 1 957 953 956 1617
9736 4 2 1 1 1013 108 1031 583
9737 4 2 1 1 1383 1814 1635 1868
9738 4 2 1 1 691 593 713 1600
9739 4 2 1 1 311 372 378 1884
9740 4 2 1 1 878 747 831 1623
9741 4 2 1 1 787 755 757 1848
9742 4 2 1 1 202 194 201 1832
9743 4 2 1 1 933 926 927 1761
9744 4 2 1 1 561 560 504 1850
9745 4 2 1 1 351 339 373 1899
9746 4 2 1 1 829 818 863 1740
9747 4 2 1 1 900 64 1028 306
9748 4 2 1 1 189 247 187 1830
9749 4 2 1 1 848 808 810 1728
9750 4 2 1 1 252 236 276 1675
9751 4 2 1 1 28 232 1026 1812
9752 4 2 1 1 156 225 224 1875
9753 4 2 1 1 163 165 175 1700
9754 4 2 1 1 38 595 151 1851
9755 4 2 1 1 699 614 617 1714
9756 4 2 1 1 969 972 971 1607
9757 4 2 1 1 147 28 890 1812
9758 4 2 1 1 556 521 518 1579
9759 4 2 1 1 828 769 861 1800
9760 4 2 1 1 802 803 880 1472
9761 4 2 1 1 135 589 993 1894
9762 4 2 1 1 690 135 887 1894
9763 4 2 1 1 763 766 838 1644
9764 4 2 1 1 466 469 471 1775
9765 4 2 1 1 536 579 480 1640
9766 4 2 1 1 740 844 47 1787
9767 4 2 1 1 926 933 1009 1761
9768 4 2 1 1 1002 261 30 1027
9769 4 2 1 1 963 980 981 1746
9770 4 2 1 1 698 677 600 1836
9771 4 2 1 1 901 897 938 1836
9772 4 2 1 1 1034 888 1010 1767
9773 4 2 1 1 621 626 622 1876
9774 4 2 1 1 1500 1821 1279 1883
9775 4 2 1 1 403 326 404 1734
9776 4 2 1 1 1514 1217 1857 1876
9777 4 2 1 1 1029 436 74 412
9778 4 2 1 1 883 584 97 752
9779 4 2 1 1 323 318 322 1900
9780 4 2 1 1 898 959 981 1845
9781 4 2 1 1 561 97 584 752
9782 4 2 1 1 20 154 899 1031
9783 4 2 1 1 615 620 618 1790
9784 4 2 1 1 941 943 942 1658
9785 4 2 1 1 921 1000 982 1864
9786 4 2 1 1 86 304 750 884
9787 4 2 1 1 797 799 796 1871
9788 4 2 1 1 455 508 453 1751
9789 4 2 1 1 857 807 805 1755
9790 4 2 1 1 292 361 365 1512
9791 4 2 1 1 278 206 151 1597
9792 4 2 1 1 1125 1848 1566 1892
9793 4 2 1 1 25 143 258 1890
9794 4 2 1 1 996 1029 74 412
9795 4 2 1 1 863 818 815 1740
9796 4 2 1 1 586 551 471 1518
9797 4 2 1 1 604 602 657 1845
9798 4 2 1 1 387 385 386 1526
9799 4 2 1 1 862 830 863 1606
9800 4 2 1 1 274 211 272 1564
9801 4 2 1 1 234 233 246 1786
9802 4 2 1 1 988 915 1032 1781
9803 4 2 1 1 911 975 909 1844
9804 4 2 1 1 461 476 463 1747
9805 4 2 1 1 567 471 511 1524
9806 4 2 1 1 801 826 827 1820
9807 4 2 1 1 386 385 383 1896
9808 4 2 1 1 424 304 438 1712
9809 4 2 1 1 209 210 207 1627
9810 4 2 1 1 521 525 523 1736
9811 4 2 1 1 174 223 168 1655
9812 4 2 1 1 1120 1826 1540 1865
9813 4 2 1 1 228 225 260 1793
9814 4 2 1 1 882 423 96 437
9815 4 2 1 1 458 457 459 1818
9816 4 2 1 1 612 625 610 1771
9817 4 2 1 1 207 205 209 1868
9818 4 2 1 1 595 659 724 1597
9819 4 2 1 1 264 141 268 1787
9820 4 2 1 1 969 970 1015 1889
9821 4 2 1 1 684 595 38 1851
9822 4 2 1 1 423 421 376 1710
9823 4 2 1 1 416 379 304 1854
9824 4 2 1 1 321 331 338 1764
9825 4 2 1 1 162 233 181 1862
9826 4 2 1 1 684 685 595 1851
9827 4 2 1 1 271 222 269 1802
9828 4 2 1 1 782 786 785 1723
9829 4 2 1 1 361 345 365 1872
9830 4 2 1 1 258 972 25 1890
9831 4 2 1 1 217 186 249 1785
9832 4 2 1 1 458 456 457 1818
9833 4 2 1 1 1026 890 28 1812
9834 4 2 1 1 881 287 52 271
9835 4 2 1 1 844 740 871 1787
9836 4 2 1 1 409 357 418 1618
9837 4 2 1 1 135 690 589 1894
9838 4 2 1 1 711 687 730 1667
9839 4 2 1 1 749 423 96 882
9840 4 2 1 1 993 887 135 1894
9841 4 2 1 1 855 881 52 271
9842 4 2 1 1 309 299 394 1671
9843 4 2 1 1 311 309 372 1884
9844 4 2 1 1 611 623 613 1867
9845 4 2 1 1 279 152 227 1623
9846 4 2 1 1 147 254 232 1812
9847 4 2 1 1 194 202 257 1832
9848 4 2 1 1 474 462 464 1809
9849 4 2 1 1 295 414 420 1656
9850 4 2 1 1 589 690 682 1894
9851 4 2 1 1 642 692 597 1642
9852 4 2 1 1 997 887 993 1894
9853 4 2 1 1 25 885 143 1890
9854 4 2 1 1 361 334 345 1872
9855 4 2 1 1 843 789 800 1796
9856 4 2 1 1 42 286 856 226
9857 4 2 1 1 19 583 509 262
9858 4 2 1 1 671 702 673 1874
9859 4 2 1 1 305 375 432 1801
9860 4 2 1 1 637 603 726 1801
9861 4 2 1 1 127 126 741 593
9862 4 2 1 1 137 892 599 138
9863 4 2 1 1 135 136 993 589
9864 4 2 1 1 989 695 136 137
9865 4 2 1 1 690 134 887 135
9866 4 2 1 1 510 446 575 1629
9867 4 2 1 1 639 134 133 990
9868 4 2 1 1 846 817 820 1584
9869 4 2 1 1 461 460 459 1843
9870 4 2 1 1 585 438 884 1712
9871 4 2 1 1 685 629 728 1765
9872 4 2 1 1 787 757 788 1848
9873 4 2 1 1 959 604 131 132
9874 4 2 1 1 660 620 716 1544
9875 4 2 1 1 132 133 893 592
9876 4 2 1 1 825 821 819 1795
9877 4 2 1 1 42 286 883 856
9878 4 2 1 1 583 19 284 262
9879 4 2 1 1 138 901 698 139
9880 4 2 1 1 712 715 638 1755
9881 4 2 1 1 547 499 495 1754
9882 4 2 1 1 1012 1013 937 1751
9883 4 2 1 1 205 195 209 1868
9884 4 2 1 1 323 322 325 1900
9885 4 2 1 1 77 78 596 297
9886 4 2 1 1 447 56 55 300
9887 4 2 1 1 628 622 626 1876
9888 4 2 1 1 491 10 11 224
9889 4 2 1 1 452 9 10 156
9890 4 2 1 1 11 12 448 150
9891 4 2 1 1 347 335 399 1893
9892 4 2 1 1 16 17 446 146
9893 4 2 1 1 105 104 444 743
9894 4 2 1 1 151 282 38 1851
9895 4 2 1 1 386 383 402 1896
9896 4 2 1 1 272 210 196 1698
9897 4 2 1 1 152 44 45 747
9898 4 2 1 1 450 115 116 896
9899 4 2 1 1 946 1001 948 1732
9900 4 2 1 1 343 344 355 1704
9901 4 2 1 1 127 128 712 807
9902 4 2 1 1 282 684 38 1851
9903 4 2 1 1 125 126 691 852
9904 4 2 1 1 312 314 389 1861
9905 4 2 1 1 549 116 117 983
9906 4 2 1 1 480 538 536 1640
9907 4 2 1 1 528 529 519 1622
9908 4 2 1 1 1001 946 955 1732
9909 4 2 1 1 130 131 898 602
9910 4 2 1 1 481 564 571 1759
9911 4 2 1 1 784 873 827 1879
9912 4 2 1 1 387 58 59 526
9913 4 2 1 1 139 897 600 140
9914 4 2 1 1 449 100 99 748
9915 4 2 1 1 745 122 121 598
9916 4 2 1 1 292 81 80 675
9917 4 2 1 1 149 23 22 894
9918 4 2 1 1 577 454 488 1841
9919 4 2 1 1 71 72 298 895
9920 4 2 1 1 443 110 111 889
9921 4 2 1 1 490 111 112 1011
9922 4 2 1 1 104 103 542 840
9923 4 2 1 1 62 63 411 530
9924 4 2 1 1 424 433 364 1841
9925 4 2 1 1 1033 974 900 1825
9926 4 2 1 1 891 67 66 299
9927 4 2 1 1 69 70 410 886
9928 4 2 1 1 124 123 738 591
9929 4 2 1 1 155 31 32 601
9930 4 2 1 1 288 275 229 1563
9931 4 2 1 1 970 986 1015 1889
9932 4 2 1 1 147 28 27 890
9933 4 2 1 1 541 112 113 1008
9934 4 2 1 1 33 34 145 597
9935 4 2 1 1 771 775 772 1869
9936 4 2 1 1 1012 110 109 455
9937 4 2 1 1 247 198 187 1830
9938 4 2 1 1 594 82 83 301
9939 4 2 1 1 974 66 65 307
9940 4 2 1 1 802 796 799 1871
9941 4 2 1 1 900 65 64 306
9942 4 2 1 1 972 25 26 258
9943 4 2 1 1 60 61 296 445
9944 4 2 1 1 37 36 688 142
9945 4 2 1 1 803 91 92 294
9946 4 2 1 1 15 14 238 539
9947 4 2 1 1 445 578 525 1682
9948 4 2 1 1 679 678 725 1758
9949 4 2 1 1 442 102 101 737
9950 4 2 1 1 658 41 40 153
9951 4 2 1 1 88 89 746 295
9952 4 2 1 1 114 113 888 440
9953 4 2 1 1 303 85 84 679
9954 4 2 1 1 434 296 385 1682
9955 4 2 1 1 460 458 459 1843
9956 4 2 1 1 576 529 530 1789
9957 4 2 1 1 430 371 303 1758
9958 4 2 1 1 1003 919 988 1673
9959 4 2 1 1 302 94 93 744
9960 4 2 1 1 710 119 120 751
9961 4 2 1 1 877 785 750 1854
9962 4 2 1 1 109 108 1013 453
9963 4 2 1 1 644 648 696 1878
9964 4 2 1 1 473 477 472 1725
9965 4 2 1 1 221 155 280 1797
9966 4 2 1 1 431 411 384 1789
9967 4 2 1 1 478 511 472 1695
9968 4 2 1 1 38 39 151 595
9969 4 2 1 1 117 118 451 1005
9970 4 2 1 1 673 702 707 1874
9971 4 2 1 1 972 885 25 1890
9972 4 2 1 1 603 75 76 305
9973 4 2 1 1 869 105 106 563
9974 4 2 1 1 742 50 49 148
9975 4 2 1 1 144 276 238 1885
9976 4 2 1 1 154 21 20 899
9977 4 2 1 1 686 684 688 1887
9978 4 2 1 1 240 13 12 543
9979 4 2 1 1 87 86 304 750
9980 4 2 1 1 655 717 736 1676
9981 4 2 1 1 996 74 73 412
9982 4 2 1 1 424 53 54 454
9983 4 2 1 1 561 98 97 752
9984 4 2 1 1 261 30 29 1002
9985 4 2 1 1 506 587 568 1679
9986 4 2 1 1 987 115 114 546
9987 4 2 1 1 806 875 749 1710
9988 4 2 1 1 238 276 236 1885
9989 4 2 1 1 899 1022 936 1760
9990 4 2 1 1 1021 939 996 1779
9991 4 2 1 1 988 1032 949 1781
9992 4 2 1 1 971 972 1024 1607
9993 4 2 1 1 855 52 51 271
9994 4 2 1 1 813 814 815 1835
9995 4 2 1 1 856 43 42 226
9996 4 2 1 1 2 286 584 883
9997 4 2 1 1 435 582 5 1028
9998 4 2 1 1 3 1027 285 732
9999 4 2 1 1 436 7 731 1029
10000 4 2 1 1 18 19 509 262
10001 4 2 1 1 284 1031 1 583
10002 4 2 1 1 287 4 733 881
10003 4 2 1 1 6 884 585 438
10004 4 2 1 1 437 8 882 734
10005 4 2 1 1 1025 68 67 394
10006 4 2 1 1 876 836 855 1802
10007 4 2 1 1 857 129 128 715
10008 4 2 1 1 96 95 423 749
10009 4 2 1 1 1026 980 890 1812
10010 4 2 1 1 985 23 24 242
10011 4 2 1 1 618 616 615 1790
10012 4 2 1 1 719 124 125 849
10013 4 2 1 1 106 107 870 566
10014 4 2 1 1 740 47 46 141
10015 4 2 1 1 870 884 750 1712
10016 4 2 1 1 729 653 710 1798
10017 4 2 1 1 566 454 585 1712
10018 4 2 1 1 420 90 89 839
10019 4 2 1 1 268 47 48 844
10020 4 2 1 1 841 102 103 570
10021 4 2 1 1 561 504 580 1850
10022 4 2 1 1 151 207 282 1851
10023 4 2 1 1 78 79 693 380
10024 4 2 1 1 57 56 544 390
10025 4 2 1 1 1024 26 27 214
10026 4 2 1 1 872 801 827 1820
10027 4 2 1 1 73 72 1021 377
10028 4 2 1 1 1015 885 972 1890
10029 4 2 1 1 18 17 239 575
10030 4 2 1 1 831 44 43 279
10031 4 2 1 1 885 24 25 143
10032 4 2 1 1 32 33 280 640
10033 4 2 1 1 144 14 13 439
10034 4 2 1 1 880 92 93 391
10035 4 2 1 1 232 29 28 1026
10036 4 2 1 1 953 958 1003 1726
10037 4 2 1 1 293 68 69 1016
10038 4 2 1 1 34 35 230 692
10039 4 2 1 1 832 123 122 723
10040 4 2 1 1 70 71 368 1023
10041 4 2 1 1 35 36 273 588
10042 4 2 1 1 574 101 100 847
10043 4 2 1 1 379 88 87 877
10044 4 2 1 1 9 2 286 584
10045 4 2 1 1 3 1027 732 130
10046 4 2 1 1 582 118 5 1028
10047 4 2 1 1 7 140 731 1029
10048 4 2 1 1 884 107 6 585
10049 4 2 1 1 8 129 882 734
10050 4 2 1 1 1031 108 1 583
10051 4 2 1 1 729 120 121 753
10052 4 2 1 1 413 91 90 739
10053 4 2 1 1 421 95 94 875
10054 4 2 1 1 1031 1 20 284
10055 4 2 1 1 733 31 4 287
10056 4 2 1 1 884 6 86 438
10057 4 2 1 1 437 75 8 734
10058 4 2 1 1 53 6 585 438
10059 4 2 1 1 876 51 50 269
10060 4 2 1 1 283 16 15 535
10061 4 2 1 1 590 79 80 396
10062 4 2 1 1 96 8 882 437
10063 4 2 1 1 584 97 2 883
10064 4 2 1 1 4 119 733 881
10065 4 2 1 1 1022 21 22 157
10066 4 2 1 1 441 58 57 291
10067 4 2 1 1 30 3 1027 285
10068 4 2 1 1 2 42 286 883
10069 4 2 1 1 284 1 19 583
10070 4 2 1 1 285 41 3 732
10071 4 2 1 1 582 5 63 435
10072 4 2 1 1 731 85 7 436
10073 4 2 1 1 436 74 7 1029
10074 4 2 1 1 435 5 64 1028
10075 4 2 1 1 287 52 4 881
10076 4 2 1 1 48 49 263 879
10077 4 2 1 1 243 45 46 874
10078 4 2 1 1 580 99 98 812
10079 4 2 1 1 37 38 282 684
10080 4 2 1 1 59 60 434 578
10081 4 2 1 1 433 54 55 577
10082 4 2 1 1 76 77 726 432
10083 4 2 1 1 40 39 724 278
10084 4 2 1 1 725 83 84 430
10085 4 2 1 1 61 62 431 576
10086 4 2 1 1 727 81 82 429
10087 4 2 1 1 1454 1116 1160 1239
10088 4 2 1 1 1454 1160 1116 1452
10089 4 2 1 1 1812 261 1553 232
10090 4 2 1 1 1812 1553 261 1241
10091 4 2 1 1 1646 1422 1288 1042
10092 4 2 1 1 1646 1288 1422 1353
10093 4 2 1 1 1701 1554 1772 1165
10094 4 2 1 1 1701 1772 1554 1135
10095 4 2 1 1 1456 522 1261 532
10096 4 2 1 1 1456 1261 522 1337
10097 4 2 1 1 1725 1242 472 1347
10098 4 2 1 1 1725 472 1242 1695
10099 4 2 1 1 1363 1887 697 588
10100 4 2 1 1 697 1887 1363 1184
10101 4 2 1 1 1764 1060 1880 1156
10102 4 2 1 1 1764 1880 1060 1326
10103 4 2 1 1 1393 415 376 358
10104 4 2 1 1 1393 376 415 1296
10105 4 2 1 1 1865 802 1464 1296
10106 4 2 1 1 1865 1464 802 1472
10107 4 2 1 1 1610 533 1375 1248
10108 4 2 1 1 1610 1375 533 512
10109 4 2 1 1 1576 265 1419 1295
10110 4 2 1 1 1576 1419 265 256
10111 4 2 1 1 1512 721 590 1163
10112 4 2 1 1 1512 590 721 675
10113 4 2 1 1 1712 563 489 1266
10114 4 2 1 1 1712 489 563 566
10115 4 2 1 1 1526 572 441 526
10116 4 2 1 1 1526 441 572 1162
10117 4 2 1 1 1331 330 1621 1224
10118 4 2 1 1 1331 1621 330 325
10119 4 2 1 1 1315 1780 1646 1190
10120 4 2 1 1 1315 1646 1780 1074
10121 4 2 1 1 1353 1646 1780 1190
10122 4 2 1 1 1353 1780 1646 1074
10123 4 2 1 1 912 1391 916 913
10124 4 2 1 1 916 1391 912 1251
10125 4 2 1 1 1270 1873 1503 1264
10126 4 2 1 1 1503 1873 1270 1138
10127 4 2 1 1 1503 1116 1270 1264
10128 4 2 1 1 1270 1116 1503 1138
10129 4 2 1 1 1883 1458 1500 1821
10130 4 2 1 1 1883 1500 1458 1090
10131 4 2 1 1 1846 1206 500 1144
10132 4 2 1 1 1846 500 1206 1524
10133 4 2 1 1 1005 582 1231 1028
10134 4 2 1 1 1005 1231 582 451
10135 4 2 1 1 1150 1693 1278 1037
10136 4 2 1 1 1278 1693 1150 1453
10137 4 2 1 1 1712 869 786 870
10138 4 2 1 1 1712 786 869 1266
10139 4 2 1 1 778 1527 1547 850
10140 4 2 1 1 1547 1527 778 1153
10141 4 2 1 1 1706 646 1492 645
10142 4 2 1 1 1706 1492 646 1154
10143 4 2 1 1 1605 1139 1300 1542
10144 4 2 1 1 1605 1300 1139 1272
10145 4 2 1 1 1795 1078 1722 1369
10146 4 2 1 1 1795 1722 1078 1168
10147 4 2 1 1 1400 950 951 1365
10148 4 2 1 1 1400 951 950 952
10149 4 2 1 1 1605 1621 1486 1272
10150 4 2 1 1 1486 1621 1605 1088
10151 4 2 1 1 1018 1825 1400 1033
10152 4 2 1 1 1400 1825 1018 1231
10153 4 2 1 1 216 1395 1166 264
10154 4 2 1 1 1166 1395 216 1328
10155 4 2 1 1 1444 1043 1721 1433
10156 4 2 1 1 1444 1721 1043 1269
10157 4 2 1 1 1564 218 184 274
10158 4 2 1 1 1564 184 218 1336
10159 4 2 1 1 1596 1261 532 1456
10160 4 2 1 1 1596 532 1261 1510
10161 4 2 1 1 1426 869 864 1266
10162 4 2 1 1 1426 864 869 743
10163 4 2 1 1 1376 1901 1070 1403
10164 4 2 1 1 1376 1070 1901 1598
10165 4 2 1 1 1319 1070 1901 1403
10166 4 2 1 1 1319 1901 1070 1598
10167 4 2 1 1 1405 364 362 1280
10168 4 2 1 1 1405 362 364 363
10169 4 2 1 1 1539 842 784 781
10170 4 2 1 1 1539 784 842 1468
10171 4 2 1 1 1798 656 1267 653
10172 4 2 1 1 1798 1267 656 1418
10173 4 2 1 1 1760 930 1311 936
10174 4 2 1 1 1760 1311 930 1440
10175 4 2 1 1 1804 1882 1137 1447
10176 4 2 1 1 1137 1882 1804 1208
10177 4 2 1 1 1476 265 1576 1295
10178 4 2 1 1 1476 1576 265 270
10179 4 2 1 1 1812 212 1607 147
10180 4 2 1 1 1812 1607 212 1187
10181 4 2 1 1 1552 1806 1265 1127
10182 4 2 1 1 1265 1806 1552 1427
10183 4 2 1 1 1611 1074 1646 1315
10184 4 2 1 1 1611 1646 1074 1288
10185 4 2 1 1 1422 1524 1177 1105
10186 4 2 1 1 1177 1524 1422 1206
10187 4 2 1 1 369 1469 1678 366
10188 4 2 1 1 1678 1469 369 1284
10189 4 2 1 1 1600 720 1514 713
10190 4 2 1 1 1600 1514 720 1379
10191 4 2 1 1 1430 1874 1470 707
10192 4 2 1 1 1470 1874 1430 1143
10193 4 2 1 1 1516 1766 1510 1375
10194 4 2 1 1 1510 1766 1516 1114
10195 4 2 1 1 1405 416 364 1385
10196 4 2 1 1 1405 364 416 363
10197 4 2 1 1 1426 563 565 444
10198 4 2 1 1 1426 565 563 1266
10199 4 2 1 1 1401 678 705 668
10200 4 2 1 1 1401 705 678 1304
10201 4 2 1 1 1516 1617 1666 1196
10202 4 2 1 1 1666 1617 1516 1145
10203 4 2 1 1 1589 965 1654 1227
10204 4 2 1 1 1589 1654 965 962
10205 4 2 1 1 1352 1757 1763 1046
10206 4 2 1 1 1763 1757 1352 1242
10207 4 2 1 1 1828 558 487 1474
10208 4 2 1 1 1828 487 558 555
10209 4 2 1 1 1458 1821 1776 1140
10210 4 2 1 1 1776 1821 1458 1215
10211 4 2 1 1 1681 1182 1045 1308
10212 4 2 1 1 1681 1045 1182 1551
10213 4 2 1 1 1702 1274 1371 1613
10214 4 2 1 1 1702 1371 1274 1581
10215 4 2 1 1 259 1700 231 175
10216 4 2 1 1 231 1700 259 1381
10217 4 2 1 1 1828 558 1142 1434
10218 4 2 1 1 1828 1142 558 1474
10219 4 2 1 1 1830 183 1411 187
10220 4 2 1 1 1830 1411 183 1220
10221 4 2 1 1 1406 939 940 1284
10222 4 2 1 1 1406 940 939 931
10223 4 2 1 1 1794 1833 1081 1251
10224 4 2 1 1 1081 1833 1794 1359
10225 4 2 1 1 1850 507 1305 1427
10226 4 2 1 1 1850 1305 507 504
10227 4 2 1 1 1596 554 532 468
10228 4 2 1 1 1596 532 554 1456
10229 4 2 1 1 1714 663 701 699
10230 4 2 1 1 1714 701 663 1428
10231 4 2 1 1 1867 1632 708 700
10232 4 2 1 1 1867 708 1632 1174
10233 4 2 1 1 1751 889 1007 1012
10234 4 2 1 1 1751 1007 889 1273
10235 4 2 1 1 1751 443 456 1273
10236 4 2 1 1 1751 456 443 455
10237 4 2 1 1 1572 180 174 1411
10238 4 2 1 1 1572 174 180 179
10239 4 2 1 1 1765 609 711 629
10240 4 2 1 1 1765 711 609 1374
10241 4 2 1 1 1760 149 158 157
10242 4 2 1 1 1760 158 149 1311
10243 4 2 1 1 302 1710 415 421
10244 4 2 1 1 415 1710 302 1296
10245 4 2 1 1 1706 1685 1191 1103
10246 4 2 1 1 1706 1191 1685 1154
10247 4 2 1 1 1900 1585 1158 1486
10248 4 2 1 1 1158 1585 1900 1182
10249 4 2 1 1 1158 1551 1900 1486
10250 4 2 1 1 1900 1551 1158 1182
10251 4 2 1 1 1755 741 804 1262
10252 4 2 1 1 1755 804 741 807
10253 4 2 1 1 1755 593 714 712
10254 4 2 1 1 1755 714 593 1262
10255 4 2 1 1 1661 1709 1314 1109
10256 4 2 1 1 1314 1709 1661 1180
10257 4 2 1 1 1552 1483 494 493
10258 4 2 1 1 1552 494 1483 1265
10259 4 2 1 1 492 494 1483 493
10260 4 2 1 1 492 1483 494 1265
10261 4 2 1 1 1608 568 1759 481
10262 4 2 1 1 1608 1759 568 1221
10263 4 2 1 1 1872 1160 1116 1239
10264 4 2 1 1 1872 1116 1160 1550
10265 4 2 1 1 1698 1233 196 248
10266 4 2 1 1 1698 196 1233 1502
10267 4 2 1 1 176 196 1233 248
10268 4 2 1 1 176 1233 196 1502
10269 4 2 1 1 1871 795 1464 796
10270 4 2 1 1 1871 1464 795 1555
10271 4 2 1 1 1822 1519 1541 1056
10272 4 2 1 1 1822 1541 1519 1178
10273 4 2 1 1 1439 806 854 798
10274 4 2 1 1 1439 854 806 1296
10275 4 2 1 1 1864 968 970 982
10276 4 2 1 1 1864 970 968 1415
10277 4 2 1 1 1779 298 369 377
10278 4 2 1 1 1779 369 298 1284
10279 4 2 1 1 1577 1685 1041 1320
10280 4 2 1 1 1041 1685 1577 1394
10281 4 2 1 1 1623 846 1408 878
10282 4 2 1 1 1623 1408 846 1173
10283 4 2 1 1 1801 376 1393 1263
10284 4 2 1 1 1801 1393 376 375
10285 4 2 1 1 1801 638 1450 637
10286 4 2 1 1 1801 1450 638 1263
10287 4 2 1 1 1900 319 1593 1182
10288 4 2 1 1 1900 1593 319 322
10289 4 2 1 1 1615 1784 1188 1107
10290 4 2 1 1 1188 1784 1615 1533
10291 4 2 1 1 1809 559 581 1170
10292 4 2 1 1 1809 581 559 474
10293 4 2 1 1 1845 592 605 604
10294 4 2 1 1 1845 605 592 1257
10295 4 2 1 1 1868 1597 1851 205
10296 4 2 1 1 1868 1851 1597 1186
10297 4 2 1 1 893 1845 960 959
10298 4 2 1 1 960 1845 893 1257
10299 4 2 1 1 1891 1332 1083 1443
10300 4 2 1 1 1891 1083 1332 1275
10301 4 2 1 1 1677 865 851 866
10302 4 2 1 1 1677 851 865 1559
10303 4 2 1 1 1708 1334 1289 1094
10304 4 2 1 1 1708 1289 1334 1692
10305 4 2 1 1 1544 1731 1368 1103
10306 4 2 1 1 1368 1731 1544 1199
10307 4 2 1 1 1669 1480 1739 1098
10308 4 2 1 1 1669 1739 1480 1156
10309 4 2 1 1 1797 597 641 640
10310 4 2 1 1 1797 641 597 1277
10311 4 2 1 1 1741 1664 1205 1148
10312 4 2 1 1 1741 1205 1664 1314
10313 4 2 1 1 1082 1596 1436 1456
10314 4 2 1 1 1082 1436 1596 1176
10315 4 2 1 1 1347 1436 1596 1456
10316 4 2 1 1 1347 1596 1436 1176
10317 4 2 1 1 1853 1700 1420 1152
10318 4 2 1 1 1853 1420 1700 1271
10319 4 2 1 1 1538 1831 1282 1038
10320 4 2 1 1 1282 1831 1538 1449
10321 4 2 1 1 1867 708 1667 623
10322 4 2 1 1 1867 1667 708 1174
10323 4 2 1 1 1577 1566 1505 1153
10324 4 2 1 1 1577 1505 1566 1125
10325 4 2 1 1 1253 1505 1566 1153
10326 4 2 1 1 1253 1566 1505 1125
10327 4 2 1 1 1675 190 241 252
10328 4 2 1 1 1675 241 190 1338
10329 4 2 1 1 1600 800 1565 1379
10330 4 2 1 1 1600 1565 800 809
10331 4 2 1 1 1295 1547 836 1424
10332 4 2 1 1 1295 836 1547 834
10333 4 2 1 1 833 836 1547 1424
10334 4 2 1 1 833 1547 836 834
10335 4 2 1 1 1490 1897 1783 1143
10336 4 2 1 1 1783 1897 1490 1197
10337 4 2 1 1 1783 1630 1490 1143
10338 4 2 1 1 1490 1630 1783 1197
10339 4 2 1 1 1723 1823 1398 1063
10340 4 2 1 1 1398 1823 1723 1539
10341 4 2 1 1 1587 1764 1480 321
10342 4 2 1 1 1480 1764 1587 1156
10343 4 2 1 1 1681 1485 1449 1158
10344 4 2 1 1 1681 1449 1485 1100
10345 4 2 1 1 1554 1885 1651 236
10346 4 2 1 1 1651 1885 1554 1165
10347 4 2 1 1 1688 1505 1343 1041
10348 4 2 1 1 1688 1343 1505 1211
10349 4 2 1 1 1550 354 1304 1432
10350 4 2 1 1 1550 1304 354 400
10351 4 2 1 1 1629 262 253 239
10352 4 2 1 1 1629 253 262 1285
10353 4 2 1 1 1834 342 398 405
10354 4 2 1 1 1834 398 342 1272
10355 4 2 1 1 1710 1755 1439 1263
10356 4 2 1 1 1439 1755 1710 805
10357 4 2 1 1 1736 524 522 1337
10358 4 2 1 1 1736 522 524 523
10359 4 2 1 1 1837 1125 1320 1441
10360 4 2 1 1 1837 1320 1125 1777
10361 4 2 1 1 1662 176 192 1502
10362 4 2 1 1 1662 192 176 170
10363 4 2 1 1 1591 407 1792 1367
10364 4 2 1 1 1591 1792 407 401
10365 4 2 1 1 1245 1792 407 1367
10366 4 2 1 1 1245 407 1792 401
10367 4 2 1 1 192 1832 1635 194
10368 4 2 1 1 1635 1832 192 1420
10369 4 2 1 1 1634 1665 1698 1057
10370 4 2 1 1 1698 1665 1634 1184
10371 4 2 1 1 1631 1744 1724 1183
10372 4 2 1 1 1724 1744 1631 1286
10373 4 2 1 1 1682 1896 1117 1545
10374 4 2 1 1 1117 1896 1682 1526
10375 4 2 1 1 1832 259 1455 202
10376 4 2 1 1 1832 1455 259 1271
10377 4 2 1 1 1825 891 1006 974
10378 4 2 1 1 1825 1006 891 1259
10379 4 2 1 1 1743 1833 1613 1097
10380 4 2 1 1 1613 1833 1743 1172
10381 4 2 1 1 1847 1459 1543 1193
10382 4 2 1 1 1847 1543 1459 1095
10383 4 2 1 1 1877 1812 212 1187
10384 4 2 1 1 1877 212 1812 254
10385 4 2 1 1 1765 1814 1402 1129
10386 4 2 1 1 1402 1814 1765 1186
10387 4 2 1 1 295 877 1854 746
10388 4 2 1 1 1854 877 295 379
10389 4 2 1 1 849 1796 1189 843
10390 4 2 1 1 1189 1796 849 1379
10391 4 2 1 1 1569 1770 1221 1206
10392 4 2 1 1 1221 1770 1569 1051
10393 4 2 1 1 1306 1545 384 382
10394 4 2 1 1 1306 384 1545 1429
10395 4 2 1 1 381 384 1545 382
10396 4 2 1 1 381 1545 384 1429
10397 4 2 1 1 1488 507 1305 502
10398 4 2 1 1 1488 1305 507 1427
10399 4 2 1 1 1715 1872 365 1550
10400 4 2 1 1 365 1872 1715 1512
10401 4 2 1 1 1785 178 1252 186
10402 4 2 1 1 1785 1252 178 1425
10403 4 2 1 1 1887 210 207 142
10404 4 2 1 1 1887 207 210 1627
10405 4 2 1 1 1650 1885 1675 1255
10406 4 2 1 1 1675 1885 1650 1165
10407 4 2 1 1 498 1754 1552 495
10408 4 2 1 1 1552 1754 498 1313
10409 4 2 1 1 1757 1898 1102 1569
10410 4 2 1 1 1102 1898 1757 1370
10411 4 2 1 1 192 1662 250 170
10412 4 2 1 1 250 1662 192 1420
10413 4 2 1 1 847 442 101 737
10414 4 2 1 1 847 101 442 574
10415 4 2 1 1 894 157 22 149
10416 4 2 1 1 22 157 894 1022
10417 4 2 1 1 1876 630 1217 626
10418 4 2 1 1 1876 1217 630 1514
10419 4 2 1 1 416 1712 1854 304
10420 4 2 1 1 1854 1712 416 1385
10421 4 2 1 1 1864 1889 1000 970
10422 4 2 1 1 1000 1889 1864 1258
10423 4 2 1 1 1524 586 1846 567
10424 4 2 1 1 1524 1846 586 1518
10425 4 2 1 1 874 152 1716 243
10426 4 2 1 1 874 1716 152 747
10427 4 2 1 1 1728 810 1644 1410
10428 4 2 1 1 811 810 1644 766
10429 4 2 1 1 811 1644 810 1410
10430 4 2 1 1 1871 1860 1555 1249
10431 4 2 1 1 1871 1555 1860 1464
10432 4 2 1 1 1786 281 200 246
10433 4 2 1 1 1786 200 281 1494
10434 4 2 1 1 1011 1761 1009 933
10435 4 2 1 1 1009 1761 1011 1466
10436 4 2 1 1 1259 1006 1732 1365
10437 4 2 1 1 951 1006 1732 1001
10438 4 2 1 1 951 1732 1006 1365
10439 4 2 1 1 1002 232 29 261
10440 4 2 1 1 1002 29 232 1026
10441 4 2 1 1 832 591 123 723
10442 4 2 1 1 123 591 832 738
10443 4 2 1 1 1793 1806 1563 1265
10444 4 2 1 1 1563 1806 1793 1382
10445 4 2 1 1 1560 1743 1473 1226
10446 4 2 1 1 1473 1743 1560 1052
10447 4 2 1 1 1023 410 1469 368
10448 4 2 1 1 1023 1469 410 886
10449 4 2 1 1 1899 427 1471 351
10450 4 2 1 1 1899 1471 427 1750
10451 4 2 1 1 879 268 1787 263
10452 4 2 1 1 879 1787 268 844
10453 4 2 1 1 1869 777 1458 1776
10454 4 2 1 1 1869 1458 777 772
10455 4 2 1 1 1597 1868 206 205
10456 4 2 1 1 1597 206 1868 1383
10457 4 2 1 1 203 206 1868 205
10458 4 2 1 1 203 1868 206 1383
10459 4 2 1 1 1785 1808 1252 1132
10460 4 2 1 1 1252 1808 1785 1328
10461 4 2 1 1 141 874 1716 243
10462 4 2 1 1 1716 874 141 740
10463 4 2 1 1 1882 910 915 978
10464 4 2 1 1 1882 915 910 1603
10465 4 2 1 1 1874 1783 1465 1143
10466 4 2 1 1 1874 1465 1783 1264
10467 4 2 1 1 1838 341 362 1548
10468 4 2 1 1 1838 362 341 428
10469 4 2 1 1 848 810 1340 1728
10470 4 2 1 1 848 1340 810 766
10471 4 2 1 1 1644 1340 810 1728
10472 4 2 1 1 1644 810 1340 766
10473 4 2 1 1 1006 1732 1671 1259
10474 4 2 1 1 1006 1671 1732 1001
$EndElements
