 MeshVersionFormatted 2
 Dimension
 3
 Vertices
 1904
                    0                         0           3.1415926535898      1
                    0                         0                         0      2
                    0           3.1415926535898           3.1415926535898      3
                    0           3.1415926535898                         0      4
      3.1415926535898                         0           3.1415926535898      5
      3.1415926535898                         0                         0      6
      3.1415926535898           3.1415926535898           3.1415926535898      7
      3.1415926535898           3.1415926535898                         0      8
                    0                         0          0.26179938779915      1
                    0                         0           0.5235987755983      1
                    0                         0          0.78539816339745      1
                    0                         0           1.0471975511966      1
                    0                         0           1.3089969389957      1
                    0                         0           1.5707963267949      1
                    0                         0            1.832595714594      1
                    0                         0           2.0943951023932      1
                    0                         0           2.3561944901923      1
                    0                         0           2.6179938779915      1
                    0                         0           2.8797932657906      1
                    0          0.26179938779915           3.1415926535898      2
                    0           0.5235987755983           3.1415926535898      2
                    0          0.78539816339745           3.1415926535898      2
                    0           1.0471975511966           3.1415926535898      2
                    0           1.3089969389957           3.1415926535898      2
                    0           1.5707963267949           3.1415926535898      2
                    0            1.832595714594           3.1415926535898      2
                    0           2.0943951023932           3.1415926535898      2
                    0           2.3561944901923           3.1415926535898      2
                    0           2.6179938779915           3.1415926535898      2
                    0           2.8797932657906           3.1415926535898      2
                    0           3.1415926535898          0.26179938779915      3
                    0           3.1415926535898           0.5235987755983      3
                    0           3.1415926535898          0.78539816339745      3
                    0           3.1415926535898           1.0471975511966      3
                    0           3.1415926535898           1.3089969389957      3
                    0           3.1415926535898           1.5707963267949      3
                    0           3.1415926535898            1.832595714594      3
                    0           3.1415926535898           2.0943951023932      3
                    0           3.1415926535898           2.3561944901923      3
                    0           3.1415926535898           2.6179938779915      3
                    0           3.1415926535898           2.8797932657906      3
                    0          0.26179938779915                         0      4
                    0           0.5235987755983                         0      4
                    0          0.78539816339745                         0      4
                    0           1.0471975511966                         0      4
                    0           1.3089969389957                         0      4
                    0           1.5707963267949                         0      4
                    0            1.832595714594                         0      4
                    0           2.0943951023932                         0      4
                    0           2.3561944901923                         0      4
                    0           2.6179938779915                         0      4
                    0           2.8797932657906                         0      4
      3.1415926535898                         0          0.26179938779915      5
      3.1415926535898                         0           0.5235987755983      5
      3.1415926535898                         0          0.78539816339745      5
      3.1415926535898                         0           1.0471975511966      5
      3.1415926535898                         0           1.3089969389957      5
      3.1415926535898                         0           1.5707963267949      5
      3.1415926535898                         0            1.832595714594      5
      3.1415926535898                         0           2.0943951023932      5
      3.1415926535898                         0           2.3561944901923      5
      3.1415926535898                         0           2.6179938779915      5
      3.1415926535898                         0           2.8797932657906      5
      3.1415926535898          0.26179938779915           3.1415926535898      6
      3.1415926535898           0.5235987755983           3.1415926535898      6
      3.1415926535898          0.78539816339745           3.1415926535898      6
      3.1415926535898           1.0471975511966           3.1415926535898      6
      3.1415926535898           1.3089969389957           3.1415926535898      6
      3.1415926535898           1.5707963267949           3.1415926535898      6
      3.1415926535898            1.832595714594           3.1415926535898      6
      3.1415926535898           2.0943951023932           3.1415926535898      6
      3.1415926535898           2.3561944901923           3.1415926535898      6
      3.1415926535898           2.6179938779915           3.1415926535898      6
      3.1415926535898           2.8797932657906           3.1415926535898      6
      3.1415926535898           3.1415926535898          0.26179938779915      7
      3.1415926535898           3.1415926535898           0.5235987755983      7
      3.1415926535898           3.1415926535898          0.78539816339745      7
      3.1415926535898           3.1415926535898           1.0471975511966      7
      3.1415926535898           3.1415926535898           1.3089969389957      7
      3.1415926535898           3.1415926535898           1.5707963267949      7
      3.1415926535898           3.1415926535898            1.832595714594      7
      3.1415926535898           3.1415926535898           2.0943951023932      7
      3.1415926535898           3.1415926535898           2.3561944901923      7
      3.1415926535898           3.1415926535898           2.6179938779915      7
      3.1415926535898           3.1415926535898           2.8797932657906      7
      3.1415926535898          0.26179938779915                         0      8
      3.1415926535898           0.5235987755983                         0      8
      3.1415926535898          0.78539816339745                         0      8
      3.1415926535898           1.0471975511966                         0      8
      3.1415926535898           1.3089969389957                         0      8
      3.1415926535898           1.5707963267949                         0      8
      3.1415926535898            1.832595714594                         0      8
      3.1415926535898           2.0943951023932                         0      8
      3.1415926535898           2.3561944901923                         0      8
      3.1415926535898           2.6179938779915                         0      8
      3.1415926535898           2.8797932657906                         0      8
     0.26179938779915                         0                         0      9
      0.5235987755983                         0                         0      9
     0.78539816339745                         0                         0      9
      1.0471975511966                         0                         0      9
      1.3089969389957                         0                         0      9
      1.5707963267949                         0                         0      9
       1.832595714594                         0                         0      9
      2.0943951023932                         0                         0      9
      2.3561944901923                         0                         0      9
      2.6179938779915                         0                         0      9
      2.8797932657906                         0                         0      9
     0.26179938779915                         0           3.1415926535898      10
      0.5235987755983                         0           3.1415926535898      10
     0.78539816339745                         0           3.1415926535898      10
      1.0471975511966                         0           3.1415926535898      10
      1.3089969389957                         0           3.1415926535898      10
      1.5707963267949                         0           3.1415926535898      10
       1.832595714594                         0           3.1415926535898      10
      2.0943951023932                         0           3.1415926535898      10
      2.3561944901923                         0           3.1415926535898      10
      2.6179938779915                         0           3.1415926535898      10
      2.8797932657906                         0           3.1415926535898      10
     0.26179938779915           3.1415926535898                         0      11
      0.5235987755983           3.1415926535898                         0      11
     0.78539816339745           3.1415926535898                         0      11
      1.0471975511966           3.1415926535898                         0      11
      1.3089969389957           3.1415926535898                         0      11
      1.5707963267949           3.1415926535898                         0      11
       1.832595714594           3.1415926535898                         0      11
      2.0943951023932           3.1415926535898                         0      11
      2.3561944901923           3.1415926535898                         0      11
      2.6179938779915           3.1415926535898                         0      11
      2.8797932657906           3.1415926535898                         0      11
     0.26179938779915           3.1415926535898           3.1415926535898      12
      0.5235987755983           3.1415926535898           3.1415926535898      12
     0.78539816339745           3.1415926535898           3.1415926535898      12
      1.0471975511966           3.1415926535898           3.1415926535898      12
      1.3089969389957           3.1415926535898           3.1415926535898      12
      1.5707963267949           3.1415926535898           3.1415926535898      12
       1.832595714594           3.1415926535898           3.1415926535898      12
      2.0943951023932           3.1415926535898           3.1415926535898      12
      2.3561944901923           3.1415926535898           3.1415926535898      12
      2.6179938779915           3.1415926535898           3.1415926535898      12
      2.8797932657906           3.1415926535898           3.1415926535898      12
                    0           1.4415123888829          0.21990497461344      1
                    0           2.8997739851035           1.7293794229279      1
                    0           1.4398966328953           2.9148677330605      1
                    0          0.22714462610424           1.4531544845153      1
                    0           2.8919593028228          0.89525592196405      1
                    0          0.25168817452741           2.2278242139056      1
                    0           2.2252947962928           2.9148677330605      1
                    0           2.2298189130579          0.21587284258925      1
                    0          0.91629785729703           2.9148677330605      1
                    0          0.22672492052928          0.91629785729703      1
                    0           2.9089726347326           2.2277038740018      1
                    0           0.8928803557342          0.24244878381683      1
                    0           2.9044816686784           2.7248536810376      1
                    0          0.39380842238234           2.9199082505887      1
                    0           2.9084063749378            0.404432739752      1
                    0           0.2208791759843           0.4028242082587      1
                    0          0.65468335961181           2.9157078193152      1
                    0          0.78542897841644            2.688282826907      1
                    0           1.0472026870331           2.6881661482605      1
                    0          0.91630384910627           2.4614451170195      1
                    0           1.1780972450962            2.461417892002      1
                    0           1.0471985498315           2.2346975089756      1
                    0           1.3089971054349           2.2346937277232      1
                    0           1.1780974392752           2.0079689332356      1
                    0           1.4398966328953           2.0079680509434      1
                    0           1.3089969713589           1.7812432774628      1
                    0           1.5707963321888           1.7812431549222      1
                    0           1.4398966391882           1.5545182384777      1
                    0           1.7016960206945           1.5545182098848      1
                    0            1.832595715493           1.7812431344988      1
                    0           1.9634954086434           1.5545182105656      1
                    0            1.832595714619            1.327793289469      1
                    0           1.1780972515388           1.5545182391584      1
                    0           1.3089969411183               1.327793299      1
                    0           1.5707963545347           2.2346930975144      1
                    0            2.094395102568           1.7812431312084      1
                    0           2.0943951024223           1.3277932894879      1
                    0           1.9634954085026           1.1010683688673      1
                    0           1.0471975519249           1.3277932926649      1
                    0           1.1780972455713           1.1010683709853      1
                    0          0.91629805609933           2.0079689542426      1
                    0           2.2252947962991           1.1010683688552      1
                    0          0.92055204748526           1.1035245274722      1
                    0           2.3497040041215           1.3269487710315      1
                    0           2.0943951023957          0.87434344830866      1
                    0           1.8325957145954          0.87434344830328      1
                    0           1.0479065829738          0.87475280843117      1
                    0           2.3561944901938          0.87434344830377      1
                    0          0.80457681981589          0.88541625094996      1
                    0          0.77866989611458           1.3275260823561      1
                    0           1.3091151110378          0.87441167534587      1
                    0           1.9634954086726           2.0079680517566      1
                    0           2.2269791928684            2.006995564429      1
                    0           2.0946758351856           2.2345308905225      1
                    0           2.3582064082703           2.2335313901129      1
                    0           2.3561944901923           1.7812431304141      1
                    0           1.9634954084943          0.65033339361397      1
                    0           1.1780972450962          0.64761852776774      1
                    0           1.7039580790774          0.64937700542592      1
                    0          0.66209844888922           2.4570614568254      1
                    0           2.2256769047712            2.461197281617      1
                    0           1.9636058820388           2.4613541101128      1
                    0            2.487493188518           2.4611875267112      1
                    0           1.8374968410898          0.43249124242923      1
                    0           2.6266705508246           2.2315593833383      1
                    0           2.7519720396642           2.4700902436187      1
                    0           2.7554465901829           1.9883844472788      1
                    0           2.6205484994985           2.6969036395158      1
                    0           2.4972005631918           2.0021331302496      1
                    0           2.6159326219022           1.7639700939094      1
                    0           2.7149691308058            1.519453926103      1
                    0           2.0944771993971           2.6880954138189      1
                    0           1.8326278096856            2.688124282431      1
                    0           1.9635144405095           2.9148567449251      1
                    0           1.3089977949685           2.6881467018195      1
                    0           1.4425553963487          0.65194199805335      1
                    0           1.5716361591082           0.8753684774635      1
                    0           2.4813570587514            1.098002871775      1
                    0           2.6128789626678          0.87374622434563      1
                    0           2.4885037565874          0.64882499045973      1
                    0           2.7488935718911          0.64761852776773      1
                    0           2.6179938779915          0.42089360723846      1
                    0           1.5707963282016           1.3277932957473      1
                    0          0.22575062977178           0.6561859905912      1
                    0           0.4500198545981          0.52556755020718      1
                    0          0.42608869690357          0.24115908996762      1
                    0          0.65791683383803           0.3840366089718      1
                    0          0.43643767794552          0.78600754601448      1
                    0          0.44141744423986           1.0398543908102      1
                    0           2.9358301434688           1.1823342747243      1
                    0           1.4398968079206           2.4614186872654      1
                    0           2.4858699549803           2.9167930823533      1
                    0          0.78666602483708           2.2339723432465      1
                    0          0.65470981287153           2.0078480967889      1
                    0          0.78543342042677           1.7812232886049      1
                    0          0.52833896325541           1.7839328505719      1
                    0          0.40011123444979           2.0024756533082      1
                    0          0.25408765403392            1.753116814126      1
                    0           0.2388103191331           2.5102204770027      1
                    0          0.22672492052928           1.1780972450962      1
                    0          0.48991036759259           1.3199645792416      1
                    0            1.178098243731           2.9148722705634      1
                    0           1.1780972450962          0.22672492052928      1
                    0           1.4400563009553            1.101250581228      1
                    0           1.0472034993327           1.7812401504315      1
                    0           0.5322559744656           2.2273823009374      1
                    0          0.93363197089615          0.66077186746453      1
                    0           2.2216991799807           1.5558288398651      1
                    0           1.7018626043304           1.1012695768464      1
                    0           1.7016960263964           2.0079680768514      1
                    0          0.91518334813927           1.5544698771835      1
                    0          0.65449846949786           1.5545182098849      1
                    0          0.48462921330083           2.6660497568621      1
                    0           2.3565600905763           2.6898407795128      1
                    0           1.5708018478098           2.6881405049398      1
                    0           2.2277917834254          0.65229294838652      1
                    0           1.8326609212538           2.2346553531266      1
                    0           1.7017054620482            2.914862428756      1
                    0           1.7017316038739            2.461397672565      1
                    0          0.66641487812756          0.65449846949787      1
                    0            2.739652102053           2.9255110365304      1
                    0          0.21848204290072           2.7512429584044      1
                    0           1.9650662823704          0.21599710213104      1
                    0           1.5727026108482          0.43355377835671      1
                    0           2.3575996029245          0.43091715274028      1
                    0           1.0582170839975          0.44665154128647      1
                    0           1.3089969389957           0.4371717241485      1
                    0           1.7033616940967          0.21699118292174      1
                    0           2.4870941840919          0.21043572546981      1
                    0           2.0968781385604          0.43298411364838      1
                    0            2.747783214808          0.21044680361923      1
                    0           2.4744595158735           1.5491912213731      1
                    0           2.9409447121508           1.4398966328953      1
                    0           2.5865635413686           1.3160425655962      1
                    0          0.67587827458482           1.1071107401253      1
                    0          0.42796675642299           1.5723256559899      1
                    0           2.7147578313449           1.1047063963802      1
                    0            2.969722330051           2.4793672333684      1
                    0          0.65717656509431          0.17352889655125      1
                    0           2.9664889113662          0.65126082569591      1
                    0          0.43389642606323           2.4177076411066      1
                    0           2.9707521551635           1.9634954084936      1
                    0          0.18053229264696            1.979312656696      1
                    0          0.19165045325941           2.9499422003304      1
                    0           2.9499422003304           2.9499422003304      1
                    0          0.19165045325941          0.19165045325941      1
                    0           2.9505688647285          0.19102378886132      1
                    0          0.60069404325869          0.90521603187995      1
                    0           2.7840175006604           1.3191817079843      1
                    0           0.8418122245187           0.4776814542075      1
      3.1415926535898          0.22672492052928           1.4398966328953      2
      3.1415926535898           2.8928830044878           1.7381130844186      2
      3.1415926535898           1.4398966328953           2.9148677330605      2
      3.1415926535898           1.7016960206945          0.22672492052928      2
      3.1415926535898          0.91791361328458          0.21990497461344      2
      3.1415926535898          0.23268715331852           2.2279858997645      2
      3.1415926535898           2.8919593028228          0.89525592196405      2
      3.1415926535898           2.2252947962928           2.9148677330605      2
      3.1415926535898          0.91629785729703           2.9148677330605      2
      3.1415926535898          0.24963335076698          0.89525592196405      2
      3.1415926535898           2.9042468773049           2.2293225856556      2
      3.1415926535898           2.2269105522803          0.21990497461344      2
      3.1415926535898           2.9044816686784           2.7248536810376      2
      3.1415926535898          0.39331352057509          0.21707897610889      2
      3.1415926535898           2.9084063749378            0.404432739752      2
      3.1415926535898           0.4028242082587           2.9207134776055      2
      3.1415926535898           0.6561859905912            2.915842023818      2
      3.1415926535898            0.785679416913           2.6883051943242      2
      3.1415926535898           1.0472444267825           2.6881698761634      2
      3.1415926535898           0.9163525454806           2.4614494662395      2
      3.1415926535898           1.1781141723911           2.4614276649802      2
      3.1415926535898           1.0472094871097           2.2346998626753      2
      3.1415926535898           1.3090017495304           2.2346957488362      2
      3.1415926535898           1.1781000361708           2.0079696623711      2
      3.1415926535898           1.4398978998302           2.0079687824086      2
      3.1415926535898           1.3089976153307           1.7812435208963      2
      3.1415926535898           1.5707966506732           1.7812433174053      2
      3.1415926535898           1.4398967995975           1.5545183061304      2
      3.1415926535898           1.7016961024579            1.554518257091      2
      3.1415926535898            1.832595782201            1.781243169447      2
      3.1415926535898           1.9634954333887            1.554518224258      2
      3.1415926535898           1.5707963682058           1.3277933132642      2
      3.1415926535898           1.3089969736813           1.3277933093813      2
      3.1415926535898           1.5707973397065           2.2346935562775      2
      3.1415926535898           1.4398966361967           1.1010683707324      2
      3.1415926535898           1.7016960281465           1.1010683731287      2
      3.1415926535898           1.1780972514273           1.1010683724816      2
      3.1415926535898           2.0943951178102           1.7812431393151      2
      3.1415926535898           1.0471981290982           1.7812434640658      2
      3.1415926535898           1.3089969406012          0.87434344922391      2
      3.1415926535898           2.2252948030114           1.5545182137639      2
      3.1415926535898           1.0471975525194          0.87434344906072      2
      3.1415926535898          0.91629785857267           1.1010683695628      2
      3.1415926535898           2.3561944938816           1.7812431325441      2
      3.1415926535898           2.2252947994771           2.0079680527819      2
      3.1415926535898          0.78539816383051          0.87434344854705      2
      3.1415926535898          0.78540926741356           2.2346993823794      2
      3.1415926535898           2.0943951076621           1.3277932923976      2
      3.1415926535898           2.3561944921903           1.3277932905091      2
      3.1415926535898           2.2252947975039           1.1010683695255      2
      3.1415926535898          0.66068487038855           1.0974966489356      2
      3.1415926535898          0.78642923042516           1.3271980028299      2
      3.1415926535898           1.1803593039668          0.64892452806561      2
      3.1415926535898           1.4402736429746          0.65055106048178      2
      3.1415926535898           2.4870941843901           2.0079680511156      2
      3.1415926535898           2.3561944907728           2.2346929718078      2
      3.1415926535898           2.0943951030207           2.2346929718349      2
      3.1415926535898           2.4809077840209             1.09749664908      2
      3.1415926535898           2.3551634237157          0.87374816178917      2
      3.1415926535898           2.0942232581823          0.87424423399558      2
      3.1415926535898           2.6552008772901           1.3211766289651      2
      3.1415926535898           2.2252947964941           2.4614178921182      2
      3.1415926535898           1.9634954086317           2.4614178920817      2
      3.1415926535898           2.4870941842222           2.4614178920772      2
      3.1415926535898           1.3139609005859          0.43245210734715      2
      3.1415926535898           2.2273563695607          0.65152179713396      2
      3.1415926535898           1.9636101879553          0.64982700012469      2
      3.1415926535898           2.4895279936064          0.64947585826023      2
      3.1415926535898          0.48655992701409           1.3210137558447      2
      3.1415926535898          0.65449846949787           1.5545182098849      2
      3.1415926535898           2.6179938779915           1.7812431304141      2
      3.1415926535898          0.52878857025279          0.87366185391295      2
      3.1415926535898          0.65449846949786          0.64761852776775      2
      3.1415926535898          0.39269908169871          0.64761852776775      2
      3.1415926535898           2.7478687963863           1.9968998278374      2
      3.1415926535898           2.0943951024498           2.6881428125639      2
      3.1415926535898           1.8325957146265             2.68814281255      2
      3.1415926535898           1.9634954085085           2.9148677330691      2
      3.1415926535898            2.356194490257           2.6881428125686      2
      3.1415926535898           2.6199689208311           2.6954966418135      2
      3.1415926535898           2.7500009743781           2.4721463260247      2
      3.1415926535898           1.3090075728092           2.6881489519663      2
      3.1415926535898           2.4870941840919           1.5545182098848      2
      3.1415926535898           2.6130378740521          0.87387219455944      2
      3.1415926535898           2.7488935718911          0.64761852776773      2
      3.1415926535898           2.6179938779915          0.42089360723845      2
      3.1415926535898           2.4870941840919           2.9148677330605      2
      3.1415926535898           1.4399021969878           2.4614211044322      2
      3.1415926535898          0.65487016864186          0.21855456650323      2
      3.1415926535898           2.9110322557088           1.1809041798504      2
      3.1415926535898          0.65455631045041           2.4614512864915      2
      3.1415926535898          0.51703099960417           2.2328174997555      2
      3.1415926535898          0.65338571730059           2.0075760061911      2
      3.1415926535898          0.39269908169872            2.461417892002      2
      3.1415926535898          0.39286744716847           1.9978990459012      2
      3.1415926535898          0.52219846185314           1.7812431304141      2
      3.1415926535898          0.25137345464252           1.7468547503696      2
      3.1415926535898          0.91893692578399          0.65185521415412      2
      3.1415926535898          0.91611680008171           2.0079052513495      2
      3.1415926535898          0.23058041582318           1.1808847901932      2
      3.1415926535898           1.9636328027102          0.22337660592588      2
      3.1415926535898           1.5708591638679          0.87483220493859      2
      3.1415926535898           1.1780973335087           1.5545182609299      2
      3.1415926535898           1.1781068299961           2.9148732669051      2
      3.1415926535898           1.7016964659164           2.0079683079924      2
      3.1415926535898           2.9148677330605           1.4398966328953      2
      3.1415926535898           1.8325957413924           1.3277933048276      2
      3.1415926535898           1.0473694174854           1.3276940875117      2
      3.1415926535898           1.9634954971699           2.0079681021407      2
      3.1415926535898           2.6220832512424            2.233741275753      2
      3.1415926535898           1.7016971168902           2.4614185248909      2
      3.1415926535898          0.78539816339744           1.7812431304141      2
      3.1415926535898             1.83259667789          0.87477645146361      2
      3.1415926535898           1.9634669351295           1.1011240042231      2
      3.1415926535898          0.91649845723545           1.5544025259394      2
      3.1415926535898          0.52562406595187           2.6893121144621      2
      3.1415926535898           1.8325961552226           2.2346932258697      2
      3.1415926535898           1.5707992091506           2.6881444766601      2
      3.1415926535898           1.7017297664373          0.64996486382512      2
      3.1415926535898            1.701696501095           2.9148680104199      2
      3.1415926535898          0.24116716364544           2.7151810017534      2
      3.1415926535898           2.7411675166363           2.9264068071127      2
      3.1415926535898            1.440723959827          0.21779925927403      2
      3.1415926535898           1.0491110253525          0.43345737896644      2
      3.1415926535898           2.3607998210827          0.43075651719864      2
      3.1415926535898          0.51506446604671          0.42679023399914      2
      3.1415926535898          0.78506577810125          0.43303014933402      2
      3.1415926535898           1.8326433678309          0.43737465280857      2
      3.1415926535898           2.0958255169034          0.43546025796753      2
      3.1415926535898           1.1796506648737          0.21726895336684      2
      3.1415926535898           2.4874046025683          0.21161329773967      2
      3.1415926535898           1.5707963267949          0.43718280229794      2
      3.1415926535898            2.747783214808          0.21044680361923      2
      3.1415926535898          0.22988657651617          0.41033258060643      2
      3.1415926535898           2.7188531719847            1.569805388259      2
      3.1415926535898          0.42620491690366           1.5691470692801      2
      3.1415926535898           2.7104276187789           1.0737411148838      2
      3.1415926535898          0.43124942684912           1.0736625941701      2
      3.1415926535898           2.9645414949406           1.9634954084936      2
      3.1415926535898           2.9683829655082           2.4801021921803      2
      3.1415926535898          0.17537233634936           2.4870941840919      2
      3.1415926535898           2.9664889113662          0.65126082569591      2
      3.1415926535898          0.17451697261046          0.65344863499222      2
      3.1415926535898           0.1753856110259           1.9799461026045      2
      3.1415926535898          0.19165045325941           2.9499422003304      2
      3.1415926535898           2.9499422003304           2.9499422003304      2
      3.1415926535898           2.9505688647285          0.19102378886132      2
      3.1415926535898          0.19031749041543          0.19031749041543      2
     0.22672492052928                         0           1.4398966328953      3
      1.7016960206945                         0           2.9148677330605      3
      2.9144480274855                         0           1.4531544845153      3
      1.4103833130916                         0          0.24746048165573      3
     0.91629785729703                         0           2.9148677330605      3
      2.2252947962928                         0          0.22672492052928      3
      2.9069261897659                         0           2.2297857936134      3
      0.2531207078906                         0           2.2502196822097      3
      2.8919593028228                         0          0.89525592196405      3
     0.22672492052928                         0          0.91629785729703      3
     0.91295758381835                         0          0.23190177032254      3
      2.2252947962928                         0           2.9148677330605      3
      2.7387684453311                         0           2.9207134776055      3
     0.22672492052928                         0          0.39269908169872      3
      0.4028242082587                         0           2.9207134776055      3
      2.9084063749378                         0            0.404432739752      3
      0.6561859905912                         0            2.915842023818      3
       0.785679416913                         0           2.6883051943242      3
      1.0472444267825                         0           2.6881698761634      3
      0.9163525454806                         0           2.4614494662395      3
      1.1781141723911                         0           2.4614276649802      3
      1.0489294725422                         0           2.2356928967278      3
      1.3092884137692                         0           2.2348612545116      3
      1.1801544632152                         0           2.0091557863782      3
      1.4402880817107                         0           2.0081940540224      3
      1.3094050501515                         0           1.7814787534998      3
      1.5709295867901                         0           1.7813200681082      3
      1.4399868614205                         0           1.5545703033481      3
      1.7017332687812                         0           1.5545397150777      3
      1.8326241326077                         0            1.781259537562      3
      1.5708175728969                         0           1.3278055557983      3
      1.8326054636255                         0           1.3277989179615      3
      1.3093802734663                         0           1.3444220667568      3
        1.70170118655                         0           1.1010713513344      3
      1.9634978943081                         0            1.101069804012      3
      1.0574166863281                         0           1.7916934928419      3
      2.0943971415342                         0           1.3277944666542      3
      1.5708543985286                         0           2.2347264992038      3
      1.8325969898724                         0          0.87737489764671      3
      1.5865306933602                         0          0.86599437522655      3
       2.094395729242                         0          0.87484892905291      3
     0.74337451937966                         0           2.2178460881451      3
        1.96802612345                         0          0.65666476815609      3
      2.2252947962927                         0          0.64761852776773      3
      2.3561945946671                         0          0.87442769508966      3
      2.4870942015044                         0          0.65034743474308      3
      1.3090075728092                         0           2.6881489519663      3
      2.6179938779915                         0          0.87434344829701      3
      2.4885272083257                         0           1.0993268017753      3
       2.748893571891                         0          0.64761852776773      3
      2.6179938779915                         0          0.42089360723845      3
      1.1781068299961                         0           2.9148732669051      3
     0.22805839000537                         0          0.64791411198018      3
     0.45306934130293                         0          0.77944507420236      3
     0.45338642443262                         0           1.0462053696641      3
     0.67779928161445                         0          0.91115400779069      3
     0.67976827882128                         0           1.1770745732564      3
     0.90499338196615                         0           1.0436710723914      3
      0.9038845581866                         0          0.77996680429379      3
     0.89948935854253                         0           1.2926467671638      3
     0.67847474690999                         0            1.436313164777      3
      1.1415048975523                         0           0.9212846286696      3
      1.1324491853793                         0           0.6544606644187      3
     0.90571151682276                         0          0.50959949080048      3
       1.149991394564                         0          0.39067872357416      3
     0.67487140495804                         0            0.373162595072      3
      1.3603495231757                         0           0.5235987755983      3
      1.5892558108118                         0          0.45738603861744      3
     0.67304878894757                         0          0.63516710097035      3
     0.52561442579311                         0           2.6893065487138      3
      0.2411657864799                         0           2.7151802066465      3
     0.39556175026819                         0           2.4829606849276      3
      1.3966521190636                         0           1.0727258621134      3
      1.4399594841646                         0           2.4614541791992      3
      1.7016960206945                         0            2.461417892002      3
      1.8326053932163                         0           2.2346985594279      3
      1.9634970215973                         0           2.4614188233278      3
      2.0943969843475                         0           2.2346940580195      3
      2.2252949479248                         0           2.4614179795467      3
      2.3561948291234                         0           2.2346931671546      3
      2.4870942658524                         0           2.4614179392064      3
      2.2252951664403                         0           2.0079682646482      3
      2.4870943022717                         0           2.0079681191745      3
      2.3561945715802                         0           1.7812431774034      3
      2.6132948236628                         0           1.7839561691025      3
      2.4870941840919                         0           1.5545182098848      3
      2.7443604700709                         0           2.0028264734122      3
      2.8878029775415                         0           1.7531549915377      3
      2.3561945290911                         0           2.6881428349894      3
       2.616306377008                         0           2.6891171148992      3
      2.7457223822748                         0           2.4650418026358      3
      2.9000207184806                         0           2.7156708461921      3
      1.8325959834447                         0           2.6881429677522      3
      2.0943999139847                         0           1.7812459083878      3
      1.5708086191171                         0           2.6881499095068      3
      2.0943954478074                         0           2.6881430119562      3
     0.23112421842283                         0           1.9676495561464      3
     0.48080713732296                         0           2.0877253409151      3
     0.45874260675155                         0           1.8321764456232      3
     0.68664826332942                         0           1.9512110382493      3
     0.22834026446037                         0           1.7023185004748      3
     0.67125684127714                         0           1.6969298212458      3
      1.4399020514013                         0           2.9148708614364      3
      1.9680258064288                         0          0.21768335816233      3
     0.22671435109162                         0           1.1779318815074      3
      2.9148677330605                         0           1.1780972450962      3
      2.6653475237602                         0           1.3192363097047      3
      1.9634955108711                         0           2.9148677921682      3
     0.45308642714056                         0           1.3080363248159      3
     0.45277096784481                         0           1.5692784816387      3
      2.4851254193178                         0            2.916004411289      3
      1.7017995002245                         0           2.0080277948779      3
      1.1872033059609                         0           1.5673830078793      3
      1.9635201818035                         0           2.0079823538205      3
      2.2252959516462                         0           1.5545188769284      3
      1.9635093120299                         0           1.5545262370953      3
      2.2255345097116                         0           1.1008768309899      3
      2.6212320732265                         0           2.2336222158661      3
     0.65449846949788                         0            2.461417892002      3
      2.3643660865116                         0           1.3260452493229      3
     0.92029495603557                         0           1.5678349876077      3
     0.44662315442384                         0             0.51027211303      3
     0.42396608079986                         0          0.23324471425636      3
     0.92661776989221                         0           2.0139262552583      3
      2.4830841843548                         0          0.21673589794325      3
       2.098709804834                         0          0.43717359988312      3
      2.3562452768783                         0          0.43324899801749      3
      2.7429734076324                         0          0.20551433896584      3
      1.1249687644805                         0           1.1631048936108      3
      1.7229699341182                         0          0.65997374462959      3
       1.341661445139                         0          0.78539816339745      3
      1.7051391789877                         0            0.226616933764      3
      1.8420211097717                         0          0.44258307386876      3
      2.7156265184635                         0           1.5722304026192      3
      2.7137975973049                         0           1.0763798326138      3
      1.1749235964178                         0          0.17625905027283      3
     0.17669749582813                         0            2.485775614858      3
        2.96656674665                         0           2.4833927183605      3
      2.9664889113662                         0          0.65126082569591      3
      2.9610603609428                         0            1.979312656696      3
     0.51435068441134                         0           2.2973457702579      3
     0.65449846949788                         0          0.16197539542989      3
     0.85244690337248                         0           1.8043191190406      3
      2.9499422003304                         0           2.9499422003304      3
     0.19165045325941                         0           2.9499422003304      3
     0.19165045325941                         0          0.19165045325941      3
      2.9505688647285                         0          0.19102378886132      3
      1.0882673316972                         0           1.3870783446037      3
       1.520153481321                         0          0.65847021949387      3
     0.22672492052928           3.1415926535898           1.4398966328953      4
      1.7016960206945           3.1415926535898           2.9148677330605      4
      2.9144480274855           3.1415926535898           1.4531544845153      4
      1.4103833130916           3.1415926535898          0.24746048165573      4
     0.91629785729703           3.1415926535898           2.9148677330605      4
      2.2252947962928           3.1415926535898          0.22672492052928      4
      2.9069261897659           3.1415926535898           2.2297857936134      4
      0.2531207078906           3.1415926535898           2.2502196822097      4
      2.8919593028228           3.1415926535898          0.89525592196405      4
     0.22672492052928           3.1415926535898          0.91629785729703      4
     0.91295758381835           3.1415926535898          0.23190177032254      4
      2.2252947962928           3.1415926535898           2.9148677330605      4
      2.7387684453311           3.1415926535898           2.9207134776055      4
     0.22672492052928           3.1415926535898          0.39269908169872      4
      0.4028242082587           3.1415926535898           2.9207134776055      4
      2.9084063749378           3.1415926535898            0.404432739752      4
      0.6561859905912           3.1415926535898            2.915842023818      4
       0.785679416913           3.1415926535898           2.6883051943242      4
      1.0472444267825           3.1415926535898           2.6881698761634      4
      0.9163525454806           3.1415926535898           2.4614494662395      4
      1.1781141723911           3.1415926535898           2.4614276649802      4
      1.0489294725422           3.1415926535898           2.2356928967278      4
      1.3092884137692           3.1415926535898           2.2348612545116      4
      1.1801544632152           3.1415926535898           2.0091557863782      4
      1.4402880817107           3.1415926535898           2.0081940540224      4
      1.3094050501515           3.1415926535898           1.7814787534998      4
      1.5709295867901           3.1415926535898           1.7813200681082      4
      1.4399868614205           3.1415926535898           1.5545703033481      4
      1.7017332687812           3.1415926535898           1.5545397150777      4
      1.8326241326077           3.1415926535898            1.781259537562      4
      1.5708175728969           3.1415926535898           1.3278055557983      4
      1.8326054636255           3.1415926535898           1.3277989179615      4
      1.3093802734663           3.1415926535898           1.3444220667568      4
        1.70170118655           3.1415926535898           1.1010713513344      4
      1.9634978943081           3.1415926535898            1.101069804012      4
      1.0574166863281           3.1415926535898           1.7916934928419      4
      2.0943971415342           3.1415926535898           1.3277944666542      4
      1.5708543985286           3.1415926535898           2.2347264992038      4
      1.8325969898724           3.1415926535898          0.87737489764671      4
      1.5865306933602           3.1415926535898          0.86599437522655      4
       2.094395729242           3.1415926535898          0.87484892905291      4
     0.74337451937966           3.1415926535898           2.2178460881451      4
        1.96802612345           3.1415926535898          0.65666476815609      4
      2.2252947962927           3.1415926535898          0.64761852776773      4
      2.3561945946671           3.1415926535898          0.87442769508966      4
      2.4870942015044           3.1415926535898          0.65034743474308      4
      1.3090075728092           3.1415926535898           2.6881489519663      4
      2.6179938779915           3.1415926535898          0.87434344829701      4
      2.4885272083257           3.1415926535898           1.0993268017753      4
       2.748893571891           3.1415926535898          0.64761852776773      4
      2.6179938779915           3.1415926535898          0.42089360723845      4
      1.1781068299961           3.1415926535898           2.9148732669051      4
     0.22805839000537           3.1415926535898          0.64791411198018      4
     0.45306934130293           3.1415926535898          0.77944507420236      4
     0.45338642443262           3.1415926535898           1.0462053696641      4
     0.67779928161445           3.1415926535898          0.91115400779069      4
     0.67976827882128           3.1415926535898           1.1770745732564      4
     0.90499338196615           3.1415926535898           1.0436710723914      4
      0.9038845581866           3.1415926535898          0.77996680429379      4
     0.89948935854253           3.1415926535898           1.2926467671638      4
     0.67847474690999           3.1415926535898            1.436313164777      4
      1.1415048975523           3.1415926535898           0.9212846286696      4
      1.1324491853793           3.1415926535898           0.6544606644187      4
     0.90571151682276           3.1415926535898          0.50959949080048      4
       1.149991394564           3.1415926535898          0.39067872357416      4
     0.67487140495804           3.1415926535898            0.373162595072      4
      1.3603495231757           3.1415926535898           0.5235987755983      4
      1.5892558108118           3.1415926535898          0.45738603861744      4
     0.67304878894757           3.1415926535898          0.63516710097035      4
     0.52561442579311           3.1415926535898           2.6893065487138      4
      0.2411657864799           3.1415926535898           2.7151802066465      4
     0.39556175026819           3.1415926535898           2.4829606849276      4
      1.3966521190636           3.1415926535898           1.0727258621134      4
      1.4399594841646           3.1415926535898           2.4614541791992      4
      1.7016960206945           3.1415926535898            2.461417892002      4
      1.8326053932163           3.1415926535898           2.2346985594279      4
      1.9634970215973           3.1415926535898           2.4614188233278      4
      2.0943969843475           3.1415926535898           2.2346940580195      4
      2.2252949479248           3.1415926535898           2.4614179795467      4
      2.3561948291234           3.1415926535898           2.2346931671546      4
      2.4870942658524           3.1415926535898           2.4614179392064      4
      2.2252951664403           3.1415926535898           2.0079682646482      4
      2.4870943022717           3.1415926535898           2.0079681191745      4
      2.3561945715802           3.1415926535898           1.7812431774034      4
      2.6132948236628           3.1415926535898           1.7839561691025      4
      2.4870941840919           3.1415926535898           1.5545182098848      4
      2.7443604700709           3.1415926535898           2.0028264734122      4
      2.8878029775415           3.1415926535898           1.7531549915377      4
      2.3561945290911           3.1415926535898           2.6881428349894      4
       2.616306377008           3.1415926535898           2.6891171148992      4
      2.7457223822748           3.1415926535898           2.4650418026358      4
      2.9000207184806           3.1415926535898           2.7156708461921      4
      1.8325959834447           3.1415926535898           2.6881429677522      4
      2.0943999139847           3.1415926535898           1.7812459083878      4
      1.5708086191171           3.1415926535898           2.6881499095068      4
      2.0943954478074           3.1415926535898           2.6881430119562      4
     0.23112421842283           3.1415926535898           1.9676495561464      4
     0.48080713732296           3.1415926535898           2.0877253409151      4
     0.45874260675155           3.1415926535898           1.8321764456232      4
     0.68664826332942           3.1415926535898           1.9512110382493      4
     0.22834026446037           3.1415926535898           1.7023185004748      4
     0.67125684127714           3.1415926535898           1.6969298212458      4
      1.4399020514013           3.1415926535898           2.9148708614364      4
      1.9680258064288           3.1415926535898          0.21768335816233      4
     0.22671435109162           3.1415926535898           1.1779318815074      4
      2.9148677330605           3.1415926535898           1.1780972450962      4
      2.6653475237602           3.1415926535898           1.3192363097047      4
      1.9634955108711           3.1415926535898           2.9148677921682      4
     0.45308642714056           3.1415926535898           1.3080363248159      4
     0.45277096784481           3.1415926535898           1.5692784816387      4
      2.4851254193178           3.1415926535898            2.916004411289      4
      1.7017995002245           3.1415926535898           2.0080277948779      4
      1.1872033059609           3.1415926535898           1.5673830078793      4
      1.9635201818035           3.1415926535898           2.0079823538205      4
      2.2252959516462           3.1415926535898           1.5545188769284      4
      1.9635093120299           3.1415926535898           1.5545262370953      4
      2.2255345097116           3.1415926535898           1.1008768309899      4
      2.6212320732265           3.1415926535898           2.2336222158661      4
     0.65449846949788           3.1415926535898            2.461417892002      4
      2.3643660865116           3.1415926535898           1.3260452493229      4
     0.92029495603557           3.1415926535898           1.5678349876077      4
     0.44662315442384           3.1415926535898             0.51027211303      4
     0.42396608079986           3.1415926535898          0.23324471425636      4
     0.92661776989221           3.1415926535898           2.0139262552583      4
      2.4830841843548           3.1415926535898          0.21673589794325      4
       2.098709804834           3.1415926535898          0.43717359988312      4
      2.3562452768783           3.1415926535898          0.43324899801749      4
      2.7429734076324           3.1415926535898          0.20551433896584      4
      1.1249687644805           3.1415926535898           1.1631048936108      4
      1.7229699341182           3.1415926535898          0.65997374462959      4
       1.341661445139           3.1415926535898          0.78539816339745      4
      1.7051391789877           3.1415926535898            0.226616933764      4
      1.8420211097717           3.1415926535898          0.44258307386876      4
      2.7156265184635           3.1415926535898           1.5722304026192      4
      2.7137975973049           3.1415926535898           1.0763798326138      4
      1.1749235964178           3.1415926535898          0.17625905027283      4
     0.17669749582813           3.1415926535898            2.485775614858      4
        2.96656674665           3.1415926535898           2.4833927183605      4
      2.9664889113662           3.1415926535898          0.65126082569591      4
      2.9610603609428           3.1415926535898            1.979312656696      4
     0.51435068441134           3.1415926535898           2.2973457702579      4
     0.65449846949788           3.1415926535898          0.16197539542989      4
     0.85244690337248           3.1415926535898           1.8043191190406      4
      2.9499422003304           3.1415926535898           2.9499422003304      4
     0.19165045325941           3.1415926535898           2.9499422003304      4
     0.19165045325941           3.1415926535898          0.19165045325941      4
      2.9505688647285           3.1415926535898          0.19102378886132      4
      1.0882673316972           3.1415926535898           1.3870783446037      4
       1.520153481321           3.1415926535898          0.65847021949387      4
      1.4376345745127          0.22270590102817                         0      5
      1.4398966328953           2.9148677330605                         0      5
      2.9148677330605           1.4398966328953                         0      5
       0.248709649102           1.4034795691712                         0      5
      2.2252947962928           2.9148677330605                         0      5
      0.2326200188572           2.2277038740018                         0      5
      2.2269105522803          0.21990497461344                         0      5
      2.9069261897659           2.2297857936134                         0      5
     0.91629785729703           2.9148677330605                         0      5
      2.8919593028228          0.89525592196404                         0      5
     0.25119086967059          0.91602804657026                         0      5
     0.91629785729703          0.22672492052928                         0      5
      2.9044816686784           2.7248536810376                         0      5
      2.9084063749378            0.404432739752                         0      5
      0.4028242082587           2.9207134776055                         0      5
     0.39380842238234          0.22168440300105                         0      5
      0.6561859905912            2.915842023818                         0      5
       0.785679416913           2.6883051943242                         0      5
      1.0472444267825           2.6881698761634                         0      5
      0.9163525454806           2.4614494662395                         0      5
      1.1781141723911           2.4614276649802                         0      5
      1.0472094871097           2.2346998626753                         0      5
      1.3090017495304           2.2346957488362                         0      5
      1.1781000361708           2.0079696623711                         0      5
      1.4398978998302           2.0079687824086                         0      5
      1.3112596737132           1.7825495209124                         0      5
      1.5711736604036           1.7814609840747                         0      5
      1.4425987026656           1.5560782505941                         0      5
       1.702209254591           1.5548145256131                         0      5
      1.8326714431234           1.7812868523009                         0      5
      1.5713322107393           1.3281026820952                         0      5
      1.8327705675675           1.3278942407669                         0      5
      1.3095365979482           1.3389569395371                         0      5
      1.5707973397065           2.2346935562775                         0      5
      1.7018144768474           1.1011367595181                         0      5
       1.963544293348           1.1010965925101                         0      5
      1.0520992555938           1.7867843038941                         0      5
      2.0944323920312           1.3278148185381                         0      5
      1.8326236047619          0.87435955069296                         0      5
      1.5708207178484          0.87435753047831                         0      5
      2.0944078982302          0.87435083597697                         0      5
     0.78540926741355           2.2346993823794                         0      5
      1.9634954084936          0.64761852776773                         0      5
      2.2275589873148          0.65163877854883                         0      5
      2.3565739880022          0.87501472137385                         0      5
      2.4897968572798          0.64970644842682                         0      5
      2.6179938779915            0.874343448297                         0      5
       2.480971033121           1.0976085276173                         0      5
       2.748893571891          0.64761852776772                         0      5
      2.6179938779915          0.42089360723845                         0      5
      1.3090075728092           2.6881489519663                         0      5
      1.4399021969878           2.4614211044322                         0      5
      1.7016971168618           2.4614185248745                         0      5
      1.8325960661072           2.2346931744189                         0      5
      1.9634956497737           2.4614180313051                         0      5
      2.0943952011921           2.2346930285142                         0      5
      2.2252948529726           2.4614179247261                         0      5
      2.3561945161055           2.2346929864336                         0      5
      2.2252948170781           2.0079680629438                         0      5
       2.487094191875            2.007968055437                         0      5
      2.3561944949537           1.7812431331631                         0      5
      2.4870941978574           2.4614178999495                         0      5
      2.6132947924923           1.7839561511062                         0      5
      1.8325959375019           2.6881429412272                         0      5
       2.481611916379           1.5576833999434                         0      5
      2.7443604464764           2.0028264597899                         0      5
      2.8878457990527           1.7518021463093                         0      5
      2.3561945019332           2.6881428193098                         0      5
      2.6199689250497           2.6954966442491                         0      5
      2.7504475294306            2.472223529069                         0      5
      2.4870941840919           2.9148677330605                         0      5
      2.2243873007405           1.5550493302165                         0      5
      2.0943951255003           2.6881428258721                         0      5
      2.0942564788138           1.7813389399088                         0      5
      1.9634850045015            2.007991351505                         0      5
     0.65468335961181          0.22588483427457                         0      5
     0.78542897841644          0.45330982668277                         0      5
      1.0471975511966          0.45344984105855                         0      5
     0.91404093475095          0.67884542584243                         0      5
     0.66172129649667           0.6843141783097                         0      5
     0.78622581413957          0.90736802894652                         0      5
      1.0424352224641          0.89871814496223                         0      5
     0.91338001924939           1.1310330709094                         0      5
     0.65415010494696           1.1332707384951                         0      5
     0.78485379629769           1.3571437580177                         0      5
      0.5235987755983           1.3603495231757                         0      5
     0.65690055473558           1.5824114561101                         0      5
     0.39638322226089           1.1496874674376                         0      5
      1.0467104601641           1.3476769716068                         0      5
      2.3561944901923           1.3277932893556                         0      5
      2.6544267314886           1.3216447814569                         0      5
        1.43783763953           1.1071143270792                         0      5
      1.3033400003899          0.88765598238809                         0      5
      1.4359945795449          0.65702867069981                         0      5
      0.2387274349903          0.63174877773475                         0      5
      1.1781068299961           2.9148732669051                         0      5
     0.65455631045041           2.4614512864915                         0      5
     0.51701981052728           2.2327704954618                         0      5
     0.65365956039886           2.0109034655953                         0      5
     0.39269908169872            2.461417892002                         0      5
     0.38713150115924           1.9890150852619                         0      5
      1.7017702356121           2.0080157834976                         0      5
      2.9109400954943           1.1809599122899                         0      5
      1.9636328027103          0.22337660592588                         0      5
      1.7014430844842          0.22197211482397                         0      5
      2.2243540158208           1.1006131308953                         0      5
      1.5707992462918           2.6881444981035                         0      5
     0.24992849344893           1.7325285254907                         0      5
     0.48456349379578          0.47556569425526                         0      5
     0.53132224312221          0.91619151196657                         0      5
      1.1754581769832          0.22474908392966                         0      5
      1.9634954084936           1.5545182098848                         0      5
      1.7016965444286           2.9148680354386                         0      5
     0.91924135339658           2.0106893012377                         0      5
      1.7012377144886          0.65261811840219                         0      5
      1.9634955367851           2.9148678071297                         0      5
     0.52562406595187           2.6893121144621                         0      5
      2.6220195119184           2.2348191207154                         0      5
     0.24116716364544           2.7151810017534                         0      5
     0.21846435199026          0.39039724264676                         0      5
      2.7411675171385           2.9264068074027                         0      5
     0.52791403844566           1.7791223316273                         0      5
     0.78768543664458           1.7901160178517                         0      5
      1.1797504245636            1.563805205865                         0      5
      1.1755399899576           1.1185259060805                         0      5
      1.2979868271613          0.44534316106226                         0      5
       1.173499185918           0.6701735376689                         0      5
      2.3608559498241          0.43079789476786                         0      5
      1.5678154157977          0.43947328169415                         0      5
      1.8320032547279           0.4370383954604                         0      5
      2.0957428258918          0.43506252951402                         0      5
     0.91629785729702           1.5707852486455                         0      5
      2.4874080117484          0.21161581095451                         0      5
       2.747783214808          0.21044680361923                         0      5
     0.44141030226609            1.571578281115                         0      5
      2.7133492950251            1.570939395043                         0      5
      2.7112582081836            1.073962518325                         0      5
     0.17705115864922           1.1780972450962                         0      5
      2.9690081390109           2.4802102743808                         0      5
     0.17483217508606            2.484127723007                         0      5
      2.9664889113662           0.6512608256959                         0      5
     0.43350506761511          0.72476964176731                         0      5
     0.17084049842632           1.9634954084936                         0      5
      2.9619462385855           1.9800853520948                         0      5
     0.19165045325941           2.9499422003304                         0      5
      2.9499422003304           2.9499422003304                         0      5
     0.19165045325941          0.19165045325941                         0      5
      2.9505688647285          0.19102378886132                         0      5
     0.22714462610424           1.4531544845153           3.1415926535898      6
       2.899675656266           1.7310135215124           3.1415926535898      6
      1.4398966328953           2.9148677330605           3.1415926535898      6
      1.7039612066354           0.2072908994526           3.1415926535898      6
     0.91629785729702          0.21305511093496           3.1415926535898      6
     0.23239907517936           2.2308946766575           3.1415926535898      6
      2.9078054308426          0.91832256200367           3.1415926535898      6
      2.2252947962928           2.9148677330605           3.1415926535898      6
     0.91629785729703           2.9148677330605           3.1415926535898      6
     0.24963335076699          0.89525592196406           3.1415926535898      6
      2.9089726347326           2.2277038740018           3.1415926535898      6
      2.2239480627798          0.23245854113758           3.1415926535898      6
      2.7387684453311           2.9207134776055           3.1415926535898      6
     0.39781317450656           2.9208782340748           3.1415926535898      6
     0.23318627865199          0.40443273975201           3.1415926535898      6
      2.8890846577837          0.40907922969012           3.1415926535898      6
      2.4854066629986            2.915842023818           3.1415926535898      6
      2.3559132366768           2.6883051943242           3.1415926535898      6
      2.0943482268073           2.6881698761634           3.1415926535898      6
      2.2252401081092           2.4614494662395           3.1415926535898      6
      1.9634784811987           2.4614276649802           3.1415926535898      6
      2.0943831664801           2.2346998626753           3.1415926535898      6
      1.8325909040594           2.2346957488362           3.1415926535898      6
       1.963492617419           2.0079696623711           3.1415926535898      6
      1.7016947537596           2.0079687824086           3.1415926535898      6
      1.8325950382591           1.7812435208963           3.1415926535898      6
      1.5707960029166           1.7812433174054           3.1415926535898      6
      1.7016958539923           1.5545183061304           3.1415926535898      6
      1.4398965511319            1.554518257091           3.1415926535898      6
      1.3089968713888            1.781243169447           3.1415926535898      6
      1.9621282310916           1.5722765277216           3.1415926535898      6
       1.570796285384           1.3277933132642           3.1415926535898      6
      1.3089969184667            1.327793301208           3.1415926535898      6
      1.4350758010193           1.1038516774077           3.1415926535898      6
         1.6784114518           1.0728342725794           3.1415926535898      6
      1.1772937696953           1.1015322555653           3.1415926535898      6
      1.0470636352083           1.3278706057875           3.1415926535898      6
      1.5707953138833           2.2346935562775           3.1415926535898      6
      1.3032387328969          0.87766795013825           3.1415926535898      6
      1.0461039376133          0.87497484639373           3.1415926535898      6
      2.2252947962928           2.0079680509434           3.1415926535898      6
      1.1792173335317          0.64958384444017           3.1415926535898      6
      1.4244842127428          0.65071002525884           3.1415926535898      6
     0.91629785729702          0.64761852776775           3.1415926535898      6
      0.7852158944669          0.87444868131314           3.1415926535898      6
     0.65220603296021          0.64894206661987           3.1415926535898      6
      2.4870381938087            2.461450218007           3.1415926535898      6
      1.8325850807806           2.6881489519663           3.1415926535898      6
      1.3105292168795          0.42924716388857           3.1415926535898      6
      0.5235987755983          0.87434344829703           3.1415926535898      6
     0.65305754211367           1.0993277122564           3.1415926535898      6
     0.39269908169872          0.64761852776775           3.1415926535898      6
      0.5235987755983          0.42089360723847           3.1415926535898      6
      2.6159688960828           2.6893119363813           3.1415926535898      6
      2.7459978642745            2.464732666081           3.1415926535898      6
      2.6254317563322           2.2321385154378           3.1415926535898      6
      2.7548856450395            1.988438537135           3.1415926535898      6
      2.4951304166411            2.000868876112           3.1415926535898      6
      2.6128969824123           1.7688523623801           3.1415926535898      6
      2.7070418490871           1.5203309373683           3.1415926535898      6
      2.4554219507109           1.5684942111295           3.1415926535898      6
      2.5366104348772           1.3243082965183           3.1415926535898      6
      2.2889897708313           1.3732971684207           3.1415926535898      6
      2.3634944044525           1.1298284819982           3.1415926535898      6
      2.1067438458919           1.1860717573866           3.1415926535898      6
      2.1878988482107          0.93626193885657           3.1415926535898      6
      2.4409425240607          0.88095486301427           3.1415926535898      6
      2.2678168592965          0.68903563977326           3.1415926535898      6
      2.0124067709699          0.74229741993129           3.1415926535898      6
      2.5166876123031          0.63955133019296           3.1415926535898      6
      2.7495137468997           1.2994596084928           3.1415926535898      6
      2.0695398134886          0.46394231792405           3.1415926535898      6
      1.8203612334933          0.56499038593094           3.1415926535898      6
      1.7615846811561          0.80376553790402           3.1415926535898      6
     0.65402407467208            2.914726506209           3.1415926535898      6
     0.78264431362909            2.686574987481           3.1415926535898      6
      1.0467385762352           2.6878815083562           3.1415926535898      6
     0.91576238650873           2.4611130371311           3.1415926535898      6
     0.65449846949787            2.461417892002           3.1415926535898      6
     0.78530891826606           2.2346421623275           3.1415926535898      6
      1.0470934318767           2.2346336941367           3.1415926535898      6
     0.91626562988847           2.0079497031965           3.1415926535898      6
     0.65447822407455           2.0079565247947           3.1415926535898      6
     0.78538941792546           1.7812381514315           3.1415926535898      6
     0.52829303137237           1.7839533990439           3.1415926535898      6
     0.65449846949787           1.5545182098849           3.1415926535898      6
     0.39685013111178           2.0030088931798           3.1415926535898      6
     0.25375020146035           1.7531733231407           3.1415926535898      6
      1.0471907111153           1.7812392491314           3.1415926535898      6
      2.9144667055556          0.67531684090853           3.1415926535898      6
      1.4398961876734           2.0079683079924           3.1415926535898      6
      1.3089793427535           2.2346832322257           3.1415926535898      6
      1.4398935313697           2.4614163662616           3.1415926535898      6
      2.0951143121019           1.7949383892149           3.1415926535898      6
      0.5235987755983           2.2346929714727           3.1415926535898      6
     0.38796727943168           2.4652289813504           3.1415926535898      6
     0.52078820013467           2.6912039459858           3.1415926535898      6
     0.91627294037343           1.5545296192459           3.1415926535898      6
      2.4836398227371          0.21987795620972           3.1415926535898      6
      1.1780696046141           1.5545323669851           3.1415926535898      6
     0.22672492052928           1.1780972450962           3.1415926535898      6
     0.47624432338562           1.3192364026109           3.1415926535898      6
      1.9595059357475          0.21077331965212           3.1415926535898      6
      1.8618899404583           1.2985584586957           3.1415926535898      6
      1.9634858235937           2.9148732669051           3.1415926535898      6
      1.1780207492693           2.9148241823647           3.1415926535898      6
     0.91568882374916           1.1009912317786           3.1415926535898      6
       2.358753072944           2.2330958315692           3.1415926535898      6
      1.7016951435116           2.9148682395023           3.1415926535898      6
      1.3089071769434            2.688091749096           3.1415926535898      6
      1.1780703624494           2.0079528926883           3.1415926535898      6
      2.9000118614913           2.7156545154675           3.1415926535898      6
      1.5707789310325           2.6881351553148           3.1415926535898      6
      1.7016870403874           2.4614195739394           3.1415926535898      6
      1.1779533135617           2.4613360152395           3.1415926535898      6
       0.777137622388            1.326078963594           3.1415926535898      6
      2.6612918964433           1.0713586651858           3.1415926535898      6
     0.23717064325174           2.7160192413736           3.1415926535898      6
      1.9343408349064          0.98901581872825           3.1415926535898      6
      2.3631774030525          0.44410451957295           3.1415926535898      6
      2.7396476787239          0.20672816189323           3.1415926535898      6
      2.6912357396154          0.80388132027415           3.1415926535898      6
     0.77182581310202          0.42872960733507           3.1415926535898      6
      1.4405326710911          0.21402619752768           3.1415926535898      6
      1.0453775538673          0.42977832997272           3.1415926535898      6
      1.5891339076378          0.43665453373556           3.1415926535898      6
      1.1781387116141          0.21323244564899           3.1415926535898      6
     0.65449846949788          0.21043572546981           3.1415926535898      6
     0.39380943878177          0.21044680361924           3.1415926535898      6
      2.3548005923798            1.798710868883           3.1415926535898      6
     0.42595969518534           1.5722326389693           3.1415926535898      6
      2.9397520528873           1.4523865593873           3.1415926535898      6
      1.5411966684491          0.86609778408368           3.1415926535898      6
      2.6190578108265           0.4187124289301           3.1415926535898      6
      2.2059279895429           1.5825193967382           3.1415926535898      6
     0.42779416755079           1.0763799350003           3.1415926535898      6
      2.9672297574512           2.4794953988454           3.1415926535898      6
     0.17510374222354          0.65126082569591           3.1415926535898      6
      2.9703855614213           1.9664457264428           3.1415926535898      6
      0.1795086537734           1.9802239658633           3.1415926535898      6
      2.9300114574495           1.1661291498264           3.1415926535898      6
     0.16878396981751           2.4800742336785           3.1415926535898      6
     0.19165045325941           2.9499422003304           3.1415926535898      6
      2.9499422003304          0.19165045325941           3.1415926535898      6
      2.9499422003304           2.9499422003304           3.1415926535898      6
      1.6349016790042          0.64653888732922           3.1415926535898      6
     0.19102378886132          0.19102378886132           3.1415926535898      6
       2.079113080142           1.3873992150593           3.1415926535898      6
      2.7261065052169          0.58930822999917           3.1415926535898      6
      1.8311032600775          0.36669966520775           3.1415926535898      6
      1.5706651590742           1.5707963317321           1.5709153373494      1
      2.1491959818364          0.99245428621445          0.99388735654575      1
      2.1501642555008           2.1474481155404            0.994770228249      1
      2.1483960801378          0.99319778142372           2.1453287669819      1
     0.99455422553625          0.99586383670565           2.1508713703707      1
      2.1476569290933           2.1476569236838           2.1476582923834      1
     0.99124936085605           2.1466771976864          0.99440652101155      1
     0.99101895164579          0.99480513675241          0.99502610387736      1
     0.98843035894028           2.1173955435269           2.1587016674643      1
      1.5704080412903           2.3608867886992           1.4933536917291      1
       2.362285865455           1.5707964651842           1.6300933564838      1
      1.5701663983576          0.78071999122754            1.493928526297      1
      1.5820943232624            1.636572435121            0.780156672966      1
     0.78057299347122           1.5710541051774           1.4981990208344      1
      1.5072466185373            1.558038436555           2.3563697888493      1
      1.5706092510794           2.4334790733998          0.69835243781498      1
      1.5692353511183          0.70828776923136          0.69652582485748      1
      1.5721732192602          0.69759549456128           2.4362506195949      1
      1.5627827741779           2.4379986373639           2.4380092477122      1
      2.4449492896865           1.5700405786658           2.4323824223965      1
     0.69469183667299           1.5706459599632          0.70747528470119      1
      2.4523053136734           1.5699031952495          0.72523215971779      1
     0.71221150659051           2.4378598222146           1.5835732609062      1
     0.66877698537117           1.5533248148721           2.3757560255698      1
      0.7080092828196          0.69793035593307           1.5740921665703      1
      2.4647378255708           2.3561944938087            1.571863339652      1
      2.4653814123644           0.7855053079238           1.5699618610515      1
      2.5126567706829           0.6289356559083           2.5103414583977      1
      2.5123867109708           0.6291236412457          0.62924373628717      1
     0.63251939879469           2.5090697175403           2.5090697175403      1
       2.511650763854           2.5117668976848          0.62820056117308      1
     0.62817614979882          0.62886252253086            2.511006171903      1
      2.5124035328847           2.5124035260567           2.5124031959676      1
     0.63010943412754           2.5122055050588          0.62836659471155      1
     0.62965121473761          0.62973792080895          0.62808935259825      1
      1.5781948741797           2.0210885903421           2.0108779341529      1
      1.5840852455601            1.094035901163           1.9963667227922      1
      2.0376378941646            1.550185180301           1.1409075414854      1
       1.280513996309           2.5730900011466           1.9491974608334      1
      1.1095325818788           1.1095581029083           1.5985055786511      1
      1.1148819013819           2.0272466059102           1.6045623539928      1
       1.303600423389          0.55679619782803           1.9495728532242      1
      1.9572906028113           1.8295059045992           2.5844700078501      1
      1.2988299711541           1.1928350274893          0.55441668287196      1
      1.9946512833763            2.579786730414           1.8069399744594      1
      2.0024880906803           1.5405035880909           2.0725398665694      1
       2.004757116454           1.2758470432276           2.6020308934372      1
      1.9958034248502          0.56161049124225           1.8045659074925      1
     0.55151814763416           1.1780995113134           1.8418573421577      1
      2.0089022602914            2.017015719282           1.6109671092459      1
      1.0792494868759           1.5329439401602           1.9815575457723      1
      2.0094120415993           1.1243762492051           1.6089194787342      1
      1.6061699257862           1.1431209550612           1.0589761385381      1
      2.5904514688477           1.2857154040655           1.1961648738133      1
      2.5910134739511           1.8536218014987           1.1956601529535      1
      1.8650690391831            1.202626752226          0.55135902491375      1
     0.54879369664784           1.9595393532006           1.8387126355705      1
      1.1178910703463           1.5292775072364           1.0615584051108      1
      1.1357308511276            1.861738845276          0.54218101194346      1
      2.0236722720414           1.8626392725318          0.54037213875412      1
     0.54101325249575           2.0140191729728           1.2793483363121      1
      1.2851639937553           1.9946358602972           2.6036138206499      1
      1.2752532534234           1.1270459372471           2.6029536042149      1
      2.6025098382163           1.8789300489082            2.011035799816      1
     0.54052368897515           1.1290284791447           1.2784589060749      1
      2.6028609181297           1.2627667475918           2.0104191006468      1
      1.8778191547914           2.6037575875098           1.1147933621391      1
      1.8749440486701          0.53732012798006            1.113690348195      1
      1.1327813040811           2.6079580280809           1.2793788637648      1
      2.6208126941154           2.6211442825631           1.1374807178234      1
      1.1353588204088          0.53201266493685           1.2798012287452      1
      2.6216615001173          0.51960027091719           1.1374422983389      1
      1.4405251894704           1.9416235759593            1.192527413927      1
     0.75826891465844           2.0098976841205           2.6243824375839      1
     0.51288065131705           1.1241734165996           2.6287832794447      1
      2.6304442133152           1.1256012068966          0.51425046724006      1
      2.0137921043623           2.6271021879502           2.6270974137014      1
      2.0167115975501           2.6316253928195          0.51316241289093      1
      2.0167720405469          0.51112965195182          0.51131344941812      1
      2.0433428305294          0.51052581854534           2.3199747739886      1
     0.51870960550843           2.6255777939077           1.1307906428446      1
      2.6156960544171           2.6261356539528           2.0038295880709      1
      2.6156561270672          0.51530327740742           2.0018317926634      1
      1.1217528733838           2.6312614738399           2.6313087787146      1
     0.50178783203143           2.0192361416358          0.53493857872254      1
      2.6376257248055           2.0163673307757           0.5344094057972      1
      1.1235611834678          0.51397032515064           2.6317142259881      1
     0.79126960281803           1.1052202984323          0.50241496214554      1
      2.6445822103865           2.0202247630843           2.5798151309879      1
      2.6450272076098           1.1203839085626           2.5792456717968      1
      1.1217519775273           2.5800352858544          0.49645651718636      1
      1.1208957323296           0.5556649259628          0.49787890162872      1
     0.56060942489875          0.49862982183301           1.1219634874785      1
     0.79907362991185           0.4992908751105           2.0416122646122      1
     0.78456194164844           2.6491163445534           2.0424673895898      1
      1.0626114208285             1.56327877715           2.6660974460002      1
      1.5793800307393           2.0189256867618          0.46146411268324      1
     0.45827539016874           1.5717275889667           1.1215639350325      1
      0.4698036235239           2.1343257209916           2.2709437653572      1
     0.44944455751284           1.1784377595252          0.81861853136181      1
     0.45334617583529          0.80846986537858           2.1140842716199      1
      2.1082129931943          0.81666799860949           2.6801389071857      1
      2.2076301260899           2.2080528268909           2.6903290430042      1
      2.2029033684898           2.6905401960773           2.2073572502787      1
      2.7000352624606          0.92461985489182          0.93022756444654      1
      2.2197325495094          0.93043685288758           0.4398390066957      1
       2.705322974653           2.2164027925084          0.94070925402174      1
      2.2071985862441          0.43785933614678           1.4154999639934      1
      2.2065448232122           2.7034961601743           1.4191085698768      1
     0.93817655907441          0.43658382090706          0.88910921123055      1
      1.8249163044165          0.44536655133853            2.702955010718      1
       1.680427215215           2.7046065573965           2.0991833830585      1
     0.42408026978479           1.7017165649539           2.7161541907647      1
     0.89815796647569          0.91861172034408           2.7135960029435      1
      2.2186655601852           2.2453817213725          0.42651980882184      1
      1.7306999957951           2.0595543395293          0.87730649826232      1
     0.42674909910637           2.2390269743678          0.91368957391829      1
      0.4238687001869           1.5690492872053           2.0068128178877      1
     0.88708772617042           2.2105915126793          0.43146185873661      1
     0.94062689916928           2.7074536847413          0.88650053756536      1
     0.42887380280405           2.4100574425287           1.9248216947088      1
      2.7049483124814           1.9890205351309           1.5980127616483      1
      2.2524205600706          0.42476500055021          0.91875018820912      1
      2.7055172316549           1.1519612346876           1.5981866239873      1
      2.2532357831753           2.7170809860963          0.91758031955405      1
      2.7148995360411           2.2526520106401           2.2133790617712      1
      2.7010839350272          0.88822809062811           2.2131833469274      1
      2.7105163643198          0.43092594669068           1.5502935868477      1
      2.7104256723286           2.7104930266529            1.550209644596      1
      1.6792326261506           2.1329311589402           2.7254826403163      1
     0.43225204944952          0.43986247148938            1.802984748175      1
      0.4102221031146           1.4405027606451          0.41006949416958      1
      1.6934358789141          0.42557648036074           2.0814006673381      1
       1.001190963171           1.4721074640747          0.41215912208499      1
      2.2119033691374            1.411411146189          0.40544722521052      1
      1.0108115368197          0.40972637744553           1.6720863838337      1
      1.4233392249293           2.3566666781775           1.0921162413682      1
      1.6575234705917           1.1144025407566           2.4154575915448      1
     0.41339520209018          0.92761207055343          0.41073351159358      1
     0.99344729515733           2.7371487381068           1.6852298138963      1
      1.6224122824905           2.7346294180646           1.6822753710776      1
       1.631664188482          0.40058460561725           1.6652378943477      1
      1.4387942860671          0.75796992058388           1.0941568318164      1
      2.7272926271582           1.6255071497808          0.41469441433209      1
      1.5764755985295           1.4655153517055           0.3967330252184      1
     0.40877574150593           1.2172369708944           2.2337900029597      1
     0.42320334634674          0.40326052822937           2.2216040478892      1
      2.7451779615072            1.569751812026           1.4615132171591      1
      1.6228328993053           2.7298609004825           2.7298656650592      1
     0.40615348349152           2.7260554184435            1.642318163599      1
      1.5801999347235           1.7287263251124           2.7288531310625      1
     0.41086978627442           2.7355545315671           2.2257329422424      1
     0.40465112641712           2.2242931981776           2.7314492800739      1
      1.8507838258091           1.9061485286693           1.2436866666273      1
      1.5034850668141           2.7330997934128          0.41198551825911      1
      1.3482218872503           1.3169235021913           1.3317327966661      1
      1.3636315479656           2.7367136944492          0.91200801984988      1
      2.7282220861851           1.6380812177924           2.7372425740022      1
     0.79867935682388           1.7868844580176            1.040814844405      1
      1.5032727647976          0.40748309771226           0.4126147170089      1
     0.38461669948803           1.5707963348975           1.5998973169644      1
      2.2422489176275          0.40215060953282           2.7402895666499      1
      2.0634049625528           2.3271754276472           1.3510192756777      1
      2.0611165034332          0.81326490708497           1.3498535622021      1
      1.5256089454759           2.7183812735225           1.2861468982183      1
      1.4711324935307           1.6413970538532           1.9594167774038      1
       1.114403523358           1.7633651235696           2.3153453313455      1
      1.9608714860642           1.6182917454575           1.6754689521185      1
      1.7878306586741           2.1157945454313           2.3341146246527      1
      1.5171970029191           1.9723720861947           1.5988352758841      1
      0.9102945337092           1.2392734976413           2.4647747474709      1
      1.3547011244187          0.40488493824329          0.88737219668498      1
       1.169851259503           1.6256381914427           1.5974207922807      1
      2.3328786211895           1.8135309116561           2.7368281019197      1
      1.6346559617636           1.5533217564434           1.1721890815195      1
      1.3361783506079           2.7460178291657           2.3094176986647      1
      1.3422362982295           2.1117238035594          0.78208787727857      1
      1.6086737049492           1.1675371789255           1.6007484524635      1
      2.2172883553313           1.8356472843084           1.9034227268273      1
      1.3395873120151          0.39286097204902           2.3149529793673      1
       1.807612727002          0.83529136654855          0.39908789085688      1
     0.77191359109711           1.3302111048207           1.0194508819819      1
      1.7601876750141           2.7684689283237          0.77754720103623      1
       2.023095557521           1.5169843917132          0.74225774909062      1
      1.2848113364901           1.2666241656394           2.1972682865796      1
     0.38783050664461          0.84915216895375           1.0370354503367      1
      1.7600233629101          0.37386286098496          0.77528515517597      1
      2.3666184630147           1.3462951351121           2.7521301599615      1
      1.0124073516493          0.78925316165826           1.8122100755808      1
       2.747435557492           1.3284304197361          0.83441467417055      1
      1.7761330193179           2.3532441268221          0.37168295067549      1
       1.672888711046          0.91094222976323           2.7631847461438      1
      1.0345690317828           2.2639282343325           2.7477830966483      1
      1.8055163962569          0.79938285308386           2.1355572852577      1
      2.2317741151839           1.8190325064997           1.3534949134713      1
      2.7513187087469           1.7976988191297          0.84090107180656      1
      2.7531488898138          0.38804172117897           2.7491788945503      1
     0.99892019160261           2.3282312888965           1.8279657683537      1
      0.3912885628077           2.2121364682322           1.5831160634092      1
     0.37018127742957          0.86962764658274           1.6789012032906      1
      1.3666809918206          0.84285813192089          0.38639396262626      1
      2.2143366191133           1.2357586267316           1.2940540549641      1
     0.79675564620882           1.7835858277616           2.0857778707319      1
      2.7558497940772          0.83827653797883           1.8280935160237      1
      2.7565501231163           2.3021973251632           1.8272443138066      1
      2.2365165292315           1.2952988847364           1.8775093978893      1
     0.39254616988043           2.7510139270828           2.7493648502062      1
      1.5246719217815          0.40119941338506            1.271820874012      1
      1.0487608791299           2.4841243671614           2.2774100370271      1
      2.7515556456859           2.7532385308874           2.7533119663343      1
      2.7539883980567           1.5707500654747           2.1951098918348      1
      1.6607455823378           2.3911023119551           1.8702154161096      1
     0.39131594580243           2.7498627857092          0.38722844246586      1
      1.4520706317146          0.36042233602696           2.7707442935272      1
      2.3701906554421           1.7757911305041          0.38806036731978      1
     0.78418075878316           1.7944373944574          0.38921156962527      1
      1.6378629300935           1.3341869711127           2.7481224321491      1
     0.38707032811464           1.8559974278724          0.86752037327522      1
      1.2705740839703            2.240074601411          0.38541617342804      1
      2.3512559681391           2.7613878989622           2.7613587260393      1
     0.37225714647939          0.35838358901216           1.4295034952296      1
      2.3133023440177           1.2091851197613          0.71897769582554      1
     0.78144101973592           2.7615808179691           2.7618455964086      1
     0.70537239122319           1.4387750339614            2.742493521045      1
      2.7597927887883          0.79584630330477           2.7592972850599      1
      0.3708246850316          0.37518096122982          0.38761323651189      1
      2.2552410215353          0.38306662043625           2.0253684825124      1
      2.3544011658995            2.759999713255          0.37871367202446      1
      2.7596154057184           2.7596154057184          0.42072054187186      1
      2.3341086660878           2.7578179356587            1.777661578364      1
     0.38394500375218          0.38141334800325          0.79698364487006      1
      2.4778564879662            0.357390769453          0.35908266664995      1
     0.79719371524394           2.7691046920031           0.3836118857721      1
     0.81653738795467           2.4026821456301           1.2177524612887      1
      1.3501994737153           2.1688109705228           2.2699516833167      1
      2.3163890745662           2.4040882877546           1.9204824441253      1
     0.36044303115191           1.7766159074224           2.3472626010906      1
      2.7567284875737          0.87693609313933           1.3186816591385      1
     0.78546953907104          0.37911933710372            2.759325618304      1
      1.2086267816594          0.80824771593132           2.4046115680345      1
     0.79147695730363             1.31517552228           2.1044990365619      1
      0.7935643098372           2.7757095878926           1.3569275126664      1
     0.36719176275354           2.7568857232242          0.79121234487294      1
      1.9355592178859           2.3955470216913          0.80098557764911      1
      1.9338790435628          0.74521851445451          0.80007299274663      1
      2.7700286884815          0.37156396510833          0.79598660629869      1
      2.4495559410781           2.2059936885236           1.2224321601392      1
       2.321908178103          0.74183518665226           1.9191694936484      1
      2.7251231603065           2.7793766747691          0.80305420714187      1
      2.7578642381007           2.3449248894877           2.7683468011322      1
     0.38557247245209           0.3770611601014           2.7109985174481      1
      1.3950680071326           2.3799717944769           2.7735606502877      1
      2.3238313538938           1.2122870173203           2.4001231839665      1
     0.96472762904435          0.86320552071021           1.3495003411064      1
      2.3351122291305            1.929756826136          0.74566928415235      1
      1.2149183205555          0.83703167772293          0.73339389127768      1
      1.0877968586812           1.8369177567919           1.2791109428137      1
      2.7560018198898          0.78583203848813           0.3660743797782      1
      2.1825860510023           1.7969576630756           2.2831993992603      1
      1.9075373324952           2.4705329728929            2.288584075395      1
     0.38734485719979           2.3267588902004          0.37643559782576      1
      2.7561735091778           2.3501223343172          0.37059406110032      1
      1.3376793601023           1.3145902301711           1.8166274528048      1
      1.2304074388008           1.5303501863267          0.70354233969976      1
      1.1904156571135           1.8879444366856           1.9432910798849      1
      2.4062841144778          0.81831818564242           1.2022053075733      1
      1.3167640142913          0.79894547804451           2.7766683877803      1
     0.84672826709273          0.76603540855587          0.35668698769231      1
      1.8442803813073           1.2784309293937           1.3121236799404      1
      2.7669656054481           2.7648971252671            2.343077194249      1
     0.79528065834325           0.3835343710553          0.38018465331937      1
       2.764955511417          0.37536414046362           2.3407260194355      1
     0.82206268379686           1.9669443424013          0.71637496706271      1
      2.6985797785557           1.5710849999296           1.8289229662459      1
      1.7956391141963          0.87098006426108            1.772848660646      1
      1.2722335384685           1.2235794636141          0.92197964490338      1
     0.41085690089296          0.78828505298758            2.784650548576      1
      1.3612348731125          0.90313972369335           1.7724790118933      1
     0.81384856119659          0.35800621947185           1.3584556727987      1
     0.69034103698823          0.95575685078213           2.3539442409848      1
     0.97689830498401           1.3142053559924           1.3238278056488      1
        2.39986038073           1.5631066030359           2.0681502886044      1
      1.1511940069938           2.2429318061742           1.3101304351649      1
      1.7330878321582            1.402525637609           1.8654089772392      1
      1.7519272607696           1.7784147598309           2.1951684281421      1
       1.176370193136           2.4343693538121          0.82729427339391      1
     0.87336440894126           0.3684645230618           2.3884642171553      1
      1.2419596639516           2.4756996124442           1.6005225856965      1
     0.75695401735055           2.0774995277877           1.5649167684041      1
       2.395184462237           1.5697621062016           1.0833794410586      1
     0.75246755963747           1.0626946361759            1.564043978314      1
      2.7681779401987            2.352824069142           1.3528015697529      1
      2.3513762981502          0.33050711826499           2.3830612008037      1
      0.3416939466112           1.5164827431975          0.75559454654066      1
      1.7544789266394            2.248030470765           1.1834142702928      1
       0.852518922282           2.7826529194493           2.3837806493173      1
      2.8032606133663           1.5613701899689           1.1068111905897      1
     0.87646911819542           1.3399465098067           1.7561820183746      1
      1.8589855645579           2.7948714859404           1.4185498013515      1
      2.0029559253602           1.8292780019951          0.91795631701128      1
     0.72268880207008          0.76399669904456          0.94590266855083      1
     0.34884759903785            2.334094647475           1.2495743638085      1
      2.3991298258818          0.34487845968983           1.7013147575075      1
     0.40217517296447           0.7071797877522           1.3634609003633      1
      1.5928189994718           1.1142084480577          0.33905654479631      1
      1.9074727955921           1.5861716952063          0.34957225270976      1
      2.4004775164677           2.1974247888512           2.3921891839417      1
       1.875309275338           1.2197164899388           2.1557018514667      1
      1.1428127388104           1.8417241648636          0.89601441345922      1
     0.32909517812145           1.3717578731629           2.8030599255391      1
      1.5851864872299           1.0612768832557          0.71536045238054      1
      1.3316962789967           2.2099578740073           1.8154940646796      1
      1.8670865192447          0.34233175553188           1.4082611065456      1
     0.34981103687531          0.86941695655485           2.4462915846546      1
      1.7831914237194           2.8001451814738           2.4232187791375      1
       1.925072456308           1.2638789780941          0.96788560699442      1
       0.883013382906           1.8015590009179           1.7444517549507      1
      1.3222976724984          0.54493416762775           1.5781547344286      1
      1.3102393648187           0.9671379479881           1.3466177944064      1
     0.97889459593893           1.2867774442259          0.73826668641632      1
      2.3587411041152           2.0290263591793           1.6458496036246      1
     0.34883474262061            1.223370094262           1.5579261298579      1
       2.077578383947           1.5675256729977           2.8004315744913      1
      2.3894447384892           2.3953648725097          0.93456448707673      1
      1.8488752984023           1.5361055537487           2.4279965235936      1
      2.8182891093272           1.3132791060703           2.8050199013518      1
      1.0086680363148           1.2406968291273           2.8027361041161      1
      2.3580748635226           1.1173104576957           1.5895219885425      1
     0.33427915244095           2.8267625444876           1.3287060482621      1
      1.0258130921736           1.8803638245247           2.8075093152181      1
       2.395810561575          0.99233101936137           2.8034570566206      1
      2.8105988281847           1.2113777978637           2.2859526902735      1
      2.8096625447929           1.9253954507842           2.2876657230461      1
      1.3103665696159            2.814585260708           1.5450259705928      1
      1.0847495787006           1.0387174167556          0.32678329140143      1
      1.7593987259149          0.85735655529394           1.1835079912237      1
      1.4339607094217          0.81598688988783           2.1404597834033      1
     0.73561405680272           2.3495646585492           2.2111004324743      1
      1.3933838452865           1.7540746797838          0.33603324672158      1
      1.0817427388601           2.8196908654543           2.0874487402164      1
      1.6659446318043          0.34032983221418           2.4149288226475      1
      1.8952707720461           2.1413441300235           1.9122636378766      1
     0.71009667054535           2.3646798944564           2.8139345601212      1
       1.091340801016          0.32328580031691           2.0869481660923      1
      1.8178818476303           2.8256212008722          0.31314309135866      1
      1.9244264859824           2.3553269210108           2.8172252841197      1
     0.34277072590334           1.4567584722106           2.4707190456004      1
     0.32477674254204          0.77215625810825          0.70622878474807      1
     0.32735860944233            2.432863356271           2.3679915331886      1
      1.3129020111672             2.83150881788            2.831527780007      1
      2.7995260760457          0.45152331474575          0.45729233951147      1
      0.6850433266866            0.865500069259           1.8703191302854      1
      0.9043813945659          0.69607100290107           2.2993334489855      1
      1.8168152151026          0.31549480762592          0.31750939466803      1
      2.3058502403239          0.71472091184847           2.2563127662887      1
      1.9456708597117          0.93805029337241           2.4099429833099      1
      1.3376554221756           1.4623972401477           2.8335112631401      1
     0.32586881076843           1.8899176363299           1.5076333334334      1
      2.8216809135692           2.4634183154047          0.74621526628932      1
     0.74249738894933           2.3473461165261           0.8965355862332      1
     0.31187784650681           1.7442178430477          0.51169076993057      1
      1.5598376257108           1.8967591805561           2.4411612353348      1
      2.3973683223091          0.89535576781759          0.79361494839221      1
       2.274295319871          0.62027753565309          0.32905953433486      1
      1.8795260820503           2.3232994079335           1.6285640072546      1
      2.4234004596795          0.66428613436431           2.8260446463427      1
       2.406138522745           2.8192584555732           2.4378672978053      1
     0.53076114000433           2.8326835999638           1.9313785129054      1
      1.7151074036754           1.8010225422233           1.8019708762845      1
      1.3572131934341           1.6498056575128           1.3253137572904      1
      2.8218403141564          0.73414963514534          0.68724460686002      1
      2.4084580339076           2.4392161916744           2.8194549986381      1
     0.89105132320167          0.84240503940909          0.67394948023649      1
     0.54505193669184          0.64332159349064          0.31050741395357      1
      2.8388568486164           2.0692936566806           1.2024621161782      1
      1.8713218101767           2.0443916982526           0.3131431026184      1
     0.31169136036014           1.2794760660602           1.0983538620095      1
      2.2670279243163           0.3226376611062          0.60763616558695      1
      2.1299418830715           0.8267543630303           1.6688891243341      1
      2.8237774629187           1.3158466983812          0.30562812476244      1
     0.72692415700748           1.7531393214724           2.8229227420975      1
     0.71119220206398           1.3599680005917          0.31676561530366      1
      2.2007653305704           2.4514283266367           2.4275208853678      1
     0.68148842544468           2.8239000612391          0.72047447868474      1
     0.31879969814864           2.4362404805153          0.67966110672341      1
     0.30991624266579           1.8714656179487           2.0406132200096      1
      2.4893343865042           1.8929407534928           2.3253021951935      1
      1.1036298461057          0.69152351686472            1.000093886615      1
     0.70056292908849           2.2356235681145           1.9107174538433      1
     0.71481862112421           2.4617723470426          0.31902720589001      1
     0.28757421773014           1.8395974794408           1.1806858132374      1
      2.1573700958128          0.30673666508698          0.30373749465929      1
     0.69254455061285           0.3185638999157          0.70779652348888      1
      1.9720976604671           2.8192758718513           2.0221085491945      1
      2.8219358390212          0.70761846880102           2.4536655122415      1
      2.0836423867564           2.8480005833621            1.158459334711      1
      2.4824427343411           2.1238263055384           2.8413519409531      1
      2.8222252433186           2.4307071774655           2.4622833333033      1
     0.91493205170032            2.231095706975           2.4507480354908      1
      2.0807337765438          0.29410894748896           1.1571705336036      1
     0.73455152908566           0.2999109623697           1.7966863309459      1
      1.8567159628385          0.64032496472116           1.5264671997982      1
     0.29080138577792           1.0471977450301           1.9748544858208      1
        2.82274143719           1.4599894692516           2.4879934829433      1
      2.4394716392258           2.4545847042512           0.3190071757765      1
     0.71135666384223          0.68387183638839           2.8279689530371      1
      1.2744350661841           2.8414725696796          0.61672067949993      1
      1.2145023960855           2.8178176110423           0.3030151682876      1
      0.6635469466117           1.5749667922121           1.7955349073328      1
      1.2254272447046           2.3458030950754            2.504928792687      1
      2.1519050147821           1.4760929951948           2.3472622633392      1
     0.55682850679527           2.8390067654394           2.4901510228265      1
      1.9717500615799           2.0397747615636           2.8241329671642      1
      1.9023137520684           2.8382714785354           2.8382707142694      1
      2.4875400269671           1.0072615199231           1.8590227816193      1
      2.4348321902867           2.8281932642425          0.67988368195005      1
      2.3700427656837          0.91283173032464           2.4966354916125      1
      2.4439700208854           2.4527119115701           2.2076621511649      1
      1.8907632885794           2.1415387008907          0.61518903613402      1
      2.4534241338835            2.154794130091           2.0618425518071      1
     0.28826924504083           1.9620891561946           2.5949100798437      1
      2.0603099816908          0.28921766245926           1.6546119336265      1
        1.59863847219          0.64155008373276           1.8690854640125      1
      2.0518096294992           1.1594025278323          0.29884956031303      1
     0.85537449565971           2.0519771748969           1.2646819906711      1
     0.65631796583531           1.8902733277432           2.3491379634392      1
       2.151742604895          0.68475854312088           1.0691155622044      1
     0.66564415076465          0.83969695607518           1.2480724483985      1
      1.4045862830127           2.8554075783407           1.8776676272365      1
      2.4841659346403           2.1423035196196          0.28718492686061      1
      2.0565980693102           2.8523587942567           1.6588035218518      1
      1.0752546965176          0.29290084174906           2.8530443896526      1
      1.4863201753182           2.4183358947997           2.1321565296538      1
      2.3916580324301           1.1651521482877          0.30189346164717      1
      2.8554867675464            2.048285025429           2.8126710942079      1
      2.4934176068903           2.8413924263483           1.3432254042195      1
      2.8111893462972           2.8478987800885           1.2728213093993      1
      2.8310575334869           1.9091872157218           0.2977232046251      1
      1.6073411278219          0.61863381924727           2.8358446028974      1
      2.4944500739863          0.29949254146514           1.3430555705676      1
      2.8122015546381          0.29364152817927           1.2734116088968      1
     0.28705864119535           2.0595673992668          0.30712005244655      1
       1.050135185202           1.4567843132283            2.285476046972      1
       2.310760376577           1.8839337637092            1.055964058151      1
      0.7498024042644           1.0854594932674           0.8148303510816      1
      2.8542919690441           2.0072776197414           1.8738067252452      1
      2.0968481063498           1.0892673657997           2.8404680858623      1
      1.0893839977357          0.32679283934994           0.2846446483814      1
     0.32889467916599          0.28627825317884           1.0928721285277      1
      1.3876844469337           1.8446687043918           2.1837524324024      1
      2.8541557967258           1.1329109617945           1.8741121428187      1
      2.8562328711679           1.1781845980527           1.3240456766397      1
      1.4239240292753          0.27932693222243           1.8665039217057      1
     0.99506920489061          0.28721555040262          0.61380988148932      1
     0.57891854755282           0.3040624964478           2.4751122079984      1
       2.216960846403           2.5244914088231           1.1621080843881      1
      2.1260111522491           1.4999679788084           1.4371278806925      1
     0.72356596595932            2.853146584508           1.0606571382679      1
      1.2853473821222           1.3879332579697          0.30900870288203      1
     0.29835816837798          0.55825823116431           2.4671473353636      1
      1.3843362235818            1.685234996928           1.0165205027174      1
      1.6974595697231           1.3468758362578          0.77138071569289      1
     0.29575047841801           1.1835154994001           0.5464224821053      1
      2.4280573805707            2.212868536814          0.65485386410669      1
     0.27718523053188           1.0659257387727           2.8284971270746      1
      2.0613856106611           1.0092251580715           0.6958456777748      1
      1.8477239471169           1.6293668371315           1.3858225320688      1
     0.29395979571831           2.1342409253927           1.8748897473147      1
      2.4540146377495           2.8585487043033           2.1329288236009      1
      2.2290169727138            1.322164441787          0.99592000132492      1
      1.0535517348872             2.18302526115           0.6922683958332      1
       2.211017840383           2.4433662000414          0.66570375038546      1
      1.7311930246319           1.7592031632594          0.53729062686576      1
      1.0826012514655           1.1607577306932           1.9032887038153      1
      2.0764067435464           2.0776103780682           2.4413384329683      1
      1.9716773802331          0.29207991771517           2.1118576344193      1
     0.66805066195777           2.0652213901766           1.0012461734306      1
      2.8569373777505            2.767402962455            1.835933921894      1
       2.213275745814          0.64823106585848          0.70774098751922      1
      2.0527689878037           2.8527434514367          0.72575407822893      1
      2.0943959208613           2.8616244710013           2.4415923832135      1
      2.0362620240101          0.29090775685463           2.5378922371624      1
      0.8532581749349          0.60470665188889            1.176409439938      1
      1.1828769577246          0.28371591537408           1.4524607565796      1
      2.5142650380976           1.4083801468146          0.46917652692608      1
      1.4884172893363           2.4437596308226          0.30463594216379      1
      2.8656057195163            1.050213771752          0.70084746412797      1
      2.1823070082801           2.2810338484012           1.6711685490996      1
     0.53889465180849           1.4209815884345           1.3785239929775      1
      1.2654268279326          0.28172527847169           1.1554764761972      1
      1.2720114729117           1.4155834924345           2.4951441503201      1
      2.8565535323848          0.37783899418694           1.8345105789792      1
         1.0485387671           1.9967724372502          0.27932117985028      1
     0.28211176046481           2.5027168644746          0.97760889189497      1
     0.69896314038935           2.8343363696341            1.648674284785      1
     0.87762789741836           1.7515911126141           2.5099359773879      1
      2.5243678346243          0.28216553743378          0.96305362012685      1
      1.6050648273608            1.363322826433           2.1409893624542      1
      1.7524658147779            2.105452571854           1.4545896904973      1
     0.29905582700611           1.3510530376136           1.8317357670452      1
       1.042369039815          0.69473711294664           2.8659086009361      1
     0.96892788402611           2.8569191141303          0.62107385485438      1
      1.6104966230354           2.5660882962401          0.97105275765733      1
      2.4472656069749           1.0532597510809           2.1698886593158      1
      2.4748544831547          0.87161611062278           0.2819254348689      1
      2.8725717214498           2.0950728521748          0.71454543660731      1
      2.8644317891691           1.5642881526784          0.68026078186547      1
       2.440021084095           1.0729215692384           1.0378183066787      1
     0.54721268541308           1.7256238522251            1.377666896045      1
       1.273408600155           2.8679223439717           1.1800790060722      1
      2.8614559081587          0.62799947060596           2.1555794663315      1
      1.9767561353498            1.075268357492           1.9076212242117      1
     0.61642402275592           2.1655158540953          0.28628904466382      1
      2.8523745194225          0.66090380074766          0.98664180656464      1
      2.5060990530778           1.7922074803776           1.4804623954972      1
      2.8556119962354           2.5242281867165           2.1697088087381      1
      2.5127183391642           1.3541683698504           1.4809161067941      1
     0.75852633831606           0.2738044480885           1.0719861216347      1
     0.27183796020789           2.4874443118862           2.6609110790684      1
      0.2809092355683          0.68317549786005            1.899594048002      1
      2.1658269452787           1.9782879424576          0.29498373902531      1
      1.3016329888216           1.7620724339419           2.8403812813538      1
      2.8434770800079          0.58826883222099           1.3299619822996      1
      1.4595464045462           1.1093973989488           2.8410408305483      1
      1.5874235973118          0.66579110751823          0.27983504320705      1
      1.8310946892713          0.72375962422109            2.588005185874      1
      1.8182369804337           2.4977299832413           1.3903918089793      1
      1.7940466215503          0.97872175175489            1.456940244151      1
     0.28099262867714          0.57005142746577           1.0068402394138      1
     0.26955321554855           2.5498812079174           1.4419303463734      1
      2.0943952552608           2.4709675387464          0.27082601137892      1
      1.0472285072322           2.4031855162787          0.26465102960116      1
      1.3012903054138          0.28800049806529          0.60938502072399      1
      1.4161255594496           1.8514374581506          0.65063267600998      1
      1.6085016887741          0.54057335048319          0.97440884920357      1
      1.1724966031877          0.80460964602216           1.5584469558995      1
      1.7177760833144            1.786653774264           1.0022151588649      1
     0.29213704874108          0.98817715846918           1.3770344319961      1
      2.0716428211355          0.67630950680664           2.0713676256061      1
     0.56680995303418           2.0045159865241           2.8549641880551      1
     0.72634392254547           1.1329711488839           2.8470244735651      1
     0.26508218555368           2.0952491594344          0.70451308419779      1
     0.91929754046846           2.4500459582115          0.67464159281546      1
       1.412855912711           2.0927833376162           2.8558615117511      1
      2.5092943780141          0.26971214725527           2.1360583017189      1
      1.3303160038337           1.7041359360406           2.5483048555963      1
      1.1412199986331          0.73757525884583           2.1226900256652      1
      1.8225286995578           2.3307402427085             2.53797885559      1
     0.97231157733927           1.6795770006003           0.7127014146976      1
     0.66372270487312          0.98730655014214          0.25993998798582      1
      2.8739880694377           1.3858797813404           1.6744814788542      1
      1.1931059163689           2.3102998220919           2.0596900070012      1
      2.8741434529973           1.7558441673137           1.6744057956462      1
      1.8108417652054          0.99770069733414          0.89891889014906      1
     0.95071740958552           2.5351369166049           2.8552997494306      1
      2.4929108500147          0.29009258181703           2.8532612957627      1
       2.872407909292           1.8301555415623           2.5621391759749      1
     0.59957721420202           1.3108306671606          0.59892051132574      1
      2.8507072319278           1.8375828954879           1.3880376267668      1
     0.51429597402645           1.6986874511764          0.29140484333287      1
     0.96401575050624           2.2881476091948           1.5359727735976      1
      1.8360447153714          0.28865354746641           1.8483659289881      1
     0.27099551394172           2.8693440367966           2.4433302547114      1
      1.9869058997821           1.9106336081061           2.0732852369497      1
       2.017414224018           2.3845632179068           2.0278649253863      1
      2.1057353335962           2.8743671628132          0.26722549077664      1
      2.4592813343937          0.63555718276175          0.91969864177403      1
      2.5068770864852           2.8601074996286          0.99409321562492      1
      1.8498630508552           1.7499146032921           2.8481371517159      1
     0.83624934868202           1.5471859087513             1.20916668221      1
      2.5177959044758           1.0463381336748            1.352126706204      1
      1.3037264400798          0.57921655780245           0.2650344465002      1
     0.29275779217346           1.9043638285685           2.8821787973731      1
      2.0371044736034          0.27461887021906           0.7852659204588      1
      1.8387486284166           1.3634853327098           1.5936675047873      1
      1.2595925497119          0.26224610695915           2.5655327120559      1
     0.82479989287826           1.0859580691142           1.2191789544409      1
      1.4242996421479           2.8663560953849           2.5622150024047      1
      1.3881836246073           1.0297706371143           2.3359727492812      1
      2.1563106376341            2.576402657334           2.8779788686528      1
      1.6053648612321           1.7937511267202           1.3841637727592      1
      1.1091854206935           1.7095327211837          0.27741962746435      1
      2.0376057793378          0.58754901195413           2.8662432243144      1
      2.8840834004965           1.8372543104224          0.57644826897512      1
     0.57419437251431          0.91549339816694          0.65450883386924      1
     0.68153392348532           2.2248638902847          0.63847843904279      1
      2.8591707068867           1.1465528600398           1.0337316342811      1
      2.5865538437347          0.26274653368626            2.543658443576      1
     0.26498790144803          0.71517611155085          0.27858009390407      1
      1.8055387119858           1.3191460363654           0.2904634351436      1
      1.4866610015353           1.4177773435704          0.96032273269525      1
      2.8498822162605           2.4560537256438           1.0426468065116      1
     0.27794259144604           2.6703320914562           1.9091966799911      1
      1.0268281812467           2.8740576047762           2.8740576047762      1
     0.28556892357385          0.26746869649792           2.4407730780996      1
      2.4384167095027           2.5421799590172             1.34981425478      1
       1.659655244096            2.469592719048           2.8540464654322      1
      1.0643363088445           2.8565805370227           1.4042908367975      1
      1.6952021750283           2.8406657644623           1.0669476875804      1
     0.55694904126787           2.6192275652177           1.4184675548057      1
     0.26141321268318           2.2807401995966            2.126915499129      1
     0.65654291910139           1.0589662214015           2.0847892899283      1
      0.9245343446481           2.0531643631157           1.8829938320628      1
      2.5535990920417            1.345810710841           2.2839189747352      1
      2.2247935705055          0.59901122058539           2.5281155293224      1
      0.6284600042079          0.26260302975567           2.0671182181028      1
      1.7310254911444          0.55924370477855          0.50787888950369      1
      0.3038897507644           2.8897978941245           1.0443536008634      1
      1.1236338960991          0.98715489569644           2.8813603224838      1
      1.7019463935072           1.8171776257575          0.25546735929194      1
      1.3405406963491           2.1878057247678           1.5215549031602      1
      1.1589941981694           1.1450407274417           1.1761378927753      1
      1.7311244274323           2.5949208229713          0.52184713684774      1
     0.59616160964858           2.2225887779735            2.515227258437      1
       2.552627704805          0.28093035716643          0.62793554280728      1
     0.62017437720961          0.42328711384362           1.5622052614354      1
     0.27209334878216          0.28912126674108           1.9973503691258      1
      2.4506686424994          0.58382695207268           1.3642410094066      1
      2.2411678697792           2.1043121638568           1.3936686441088      1
      0.8328977206116           2.1109614156668           2.8856383379263      1
     0.25131273161477           1.4398966353141           1.3804431220277      1
      2.8875492722482           1.0337830942803          0.29579697486481      1
      2.4711945391419           1.5923400956238           2.8561506468254      1
       2.588269724388           1.8561674982053           2.8646617522775      1
      2.8577693708532           1.3953840208358           1.9919605239861      1
      2.7467831163794          0.72592078785479           1.5633775009781      1
     0.62957060197453           1.2704594976996           2.4103155935324      1
     0.28239426693952           1.7793340318617           1.7695517334435      1
     0.60487429982496           2.2797785416821           1.3686860140272      1
     0.96561523857919          0.95849087419711           2.4369507290956      1
     0.62396320736389           2.5884216357077           1.8119516464376      1
      2.0063755561225          0.28352104027575           2.8634183757768      1
     0.87610915165664           2.8768683743195           1.9015854803552      1
      2.8580850893124            1.745538958647           1.9922330225989      1
      2.4767901838387           1.7964005116484           1.7662363332708      1
      1.1188035928071           2.8605358296007           2.4582617395026      1
      2.8945244428364           1.0380541602713            2.834029337612      1
      1.2858980059472           1.5768644679854           2.1752561572752      1
      1.8104641620925           1.1400741552052           2.8870236230504      1
      2.4380908052163           2.1130671024456          0.94030795895004      1
     0.28260384036372          0.59925466748742           1.6080853244184      1
      1.6220970039311           2.9015987578325           0.5870137587064      1
      1.8858387434401           0.5889281519915          0.26907414711339      1
      2.8667465454196           2.1489777870525           2.4554530993313      1
      1.6220995962471          0.23915879723775          0.58666407095725      1
      2.8660469636764          0.98925982814633            2.455839370359      1
      2.4913752798349           1.3555574660873           1.7651025355848      1
      2.8889089915747          0.25446946415731           2.0923150749485      1
      1.9718995412243           1.0450223936604           1.2104608714957      1
      1.4880137423949           2.1755205028488            2.518945931175      1
      1.0709241455777           2.4046127886574           1.0900235880502      1
       1.397233790831          0.96854163168842          0.90758559271249      1
       1.826231307968           1.5296691173263          0.94703181117466      1
      1.2676087075506           2.1215186821081           1.0562546365063      1
      1.3589749935459            1.782948721675           1.7398849179199      1
      2.8559869689823           2.4647014110367           1.6069568071169      1
     0.87107973887794            1.838092976303           1.4629026058696      1
      2.2285190213589           1.6627805227479          0.87320587481028      1
      2.1576183806763           2.1483460787487          0.71118993484833      1
      1.7630461728441            2.296816724436           2.1172848103478      1
      1.5689742252716          0.25151140077206           1.0209837591981      1
     0.25869990423894           2.1100282907394           1.1016554221869      1
      2.5448568446547           2.5735862535136           1.7347189319671      1
     0.25077306453204           2.4684004894346           1.7125047082217      1
      2.1524660926256           1.2761375771687            2.147032614912      1
     0.25498863961018           1.4526029251011           2.2017355311916      1
     0.61753858632963          0.60875549352128           2.2289928559549      1
      1.3077169225377           1.0421176958443           2.0267654636985      1
     0.71564838828799           2.0515539053868           2.1247070495226      1
      2.8969763507094           1.3028254093092          0.57822036600031      1
       1.565044911674           1.0884046603075           1.3330742420314      1
     0.99687211467898            2.838119943037            1.130577927634      1
     0.96353354420276          0.61683900012979           1.4866648522765      1
       2.218517060862           1.6533221924319          0.59166128655826      1
      0.2791762774841           1.1410241314205           2.4721699484456      1
       2.876741671688           2.5718911541495           0.2484383642436      1
      2.5888988811206           2.8647769283559           1.8494255630385      1
      2.8510444730604          0.25586771493833          0.25949001939926      1
      2.1815642230647           1.7865974661409           1.6285579542321      1
      1.7323013059465           2.8872798798944           1.8915481464957      1
      2.7510880561937            2.860864792715           2.0791758313503      1
     0.45241178977849           1.1841424611208          0.28206342973907      1
      2.5554017179049           0.5760586091115           1.7342032871702      1
     0.89729095980091          0.67195256698519           2.5791354463142      1
      2.1805237509891           1.6613183458042           2.5564884525367      1
      2.2772578824125          0.58991488992082            1.640394765524      1
      1.0364810548211           1.9798176612812           2.4753314142899      1
      1.0608478455087           1.0542880549531          0.60537594029889      1
      2.5649923316593          0.60689890099786          0.26637386977245      1
       1.226332254764           2.5714460148474           2.8887383487834      1
      1.8484952038651          0.24677409761687           1.0083825379897      1
      1.9193064595268          0.84623088180898           2.8923484206634      1
     0.93561413031443           2.5645666686294           1.4729062348926      1
      2.1551661814219           1.6658043402122          0.24721054726232      1
      0.6252873320937           1.3500183234607           1.6344696131725      1
      2.1795036409355           1.5661553310842           1.8410689649886      1
      1.3779344969307           2.4865798056529           1.3349864933487      1
      2.5702737052672            1.200809828973           2.8874765552217      1
      2.2401998720473           2.1132967417054           1.8865981319047      1
      2.8920383966715           1.8243802163407           1.0801737123281      1
     0.89683872504843           2.4722230569407           2.5892388444592      1
      2.6036512521087          0.26815701737458            1.874051530548      1
        1.68502198643           2.1517584925019           1.7299747179552      1
      1.3925221257347          0.58431109063432            2.616299383912      1
      2.5687426578325           2.0972091062465           1.8152214534707      1
       1.103525797373           0.7719822178694          0.24944092013378      1
     0.63363068295996          0.87426204078817            2.641154713116      1
      2.5685610929598           1.1216632255649          0.78506280979887      1
      1.4687449545538          0.91443354864933           2.5752031343458      1
       1.394125771563           2.5924853435797           2.5951331822163      1
      1.0930917505958           1.5657665229283           1.3376180416708      1
     0.46629829699886           2.5026468523272           2.8695155817944      1
      1.4892783964073          0.24525084302405           2.1339482958196      1
      1.4904475045157           1.9226731641057          0.92048251619923      1
     0.67924880979653           2.6170795414336          0.90499641678415      1
        2.87048988166           2.7301511432616           1.0313668669428      1
     0.56822027013007          0.26048662889335           2.8833307427614      1
      1.2988834688958           1.8898520419387           1.4500932534079      1
      2.5045889709521           0.5221852460293           2.2551795284585      1
     0.57405305715502          0.24686957567213           1.2764793423055      1
      2.5714943726806           2.8837433153884          0.26111265354014      1
     0.63058253776621           1.7953359741025           1.6318770598745      1
      1.6926282737548          0.61823404844014           1.3050908622857      1
      2.8898135946914           2.8875744011117           2.5567507102202      1
      1.9857499255094          0.23631992417357          0.51856769891089      1
     0.28245847986241           0.5632371457875           2.8960806069442      1
      1.2457940113534          0.50848804277599           2.8792575771786      1
      1.9904083030519           2.3533071418011           1.0860334330354      1
      1.3487420644387          0.69375074294948           1.3471188198444      1
      2.8967900036358           2.1354441670123           1.4640863727339      1
      0.6630757581819           2.8674671365933           2.1847720630731      1
      1.7768243441945          0.57708910988245           2.2961571387511      1
      1.6929654329383          0.27291110384338           2.8735719066746      1
      1.3224279562263           2.0059744673568           0.2493851735896      1
      2.4874104058689           1.3725581636853          0.91438208885619      1
      1.3216821737097          0.58781940826651          0.68390417393426      1
      1.4878269729878           2.8979041364836           2.1367757595607      1
     0.65872886866865           0.5951115267048           1.8248332806664      1
      1.4623783233056           1.3977963794726          0.63777673547569      1
     0.61033056896635           1.0109475957306           1.0399708375365      1
      1.4529152096233          0.26966745217782           1.5023876243828      1
      2.0453498795944          0.81258118058935          0.26320476791139      1
      1.3178499946976           2.4137075730449          0.59284473585788      1
      2.3983834710765           1.5713830382347           1.3579166505308      1
      2.8776218131709           2.5559102434029           2.8947039750287      1
      1.2224143712749           1.3578745955117           1.5717621055244      1
      1.9969389313476           1.3309167743884           2.8940050364435      1
     0.89566329851378          0.56927459100638          0.65323560295733      1
      2.2676574129007           2.5378297060064           1.6285486302316      1
      1.5094667049678           2.1880627082124            1.289914651253      1
     0.23983662538001           1.6537468048299          0.97852042946913      1
     0.26003984805142          0.62775314707621           2.2003655930205      1
     0.25328066303379            1.619391336346          0.27579855753277      1
       2.577894753617           1.3851761376762           2.5833430856713      1
      2.8873145020923          0.25269893913194           2.5526640026048      1
      1.5589558124906            2.907265282934           1.4804758349539      1
      1.1006561241009          0.51657084006117           2.3599029978517      1
      2.6755542742953           1.7142613384923           2.4132749334266      1
     0.25930631753143          0.52574755498517          0.59383802432625      1
      1.8285467481611           1.5226231948571           2.6993805284813      1
     0.95524161082617            1.263472428888          0.24269523185657      1
       1.713057685485           2.5844798866722          0.24257707890521      1
     0.24752559073507           2.8788267698885          0.57917325591183      1
      0.5866617547464           2.8968403885776          0.26407355908245      1
      1.0349635031709          0.53691055616741           1.9113788470649      1
      1.3335679295205           1.1246743909882          0.25231700752804      1
      2.8873947506219           2.8873947506219          0.61887714842955      1
      0.2594851236766           2.5581980519267          0.24715135327179      1
     0.53798899450249           0.9237167328746           1.4724577885108      1
      2.3147743301037           1.9723490019656           2.5174257495937      1
     0.81966970178159           1.1011601278414            1.872016798307      1
     0.51362042916001          0.60750714499076          0.87233103551113      1
      1.0125678640619           2.5863834321388           1.9097933001039      1
     0.53751400970663           1.4163716471635          0.91405054829949      1
      1.1564323304238          0.24873870726528           1.8345284729171      1
     0.59408789075046           1.8219537867675          0.69608128734475      1
      1.8125246374808           1.8400119740052           1.5523249037173      1
     0.23838797780586           2.3592814458912           2.8969270065418      1
       1.460278138088           2.5291149973836           1.7515328307542      1
     0.50615707346245           2.4878667176666           2.1723191098875      1
      1.9037111562507           1.0140178055825           2.6663560946469      1
     0.86833013135373          0.76066662396913           2.0392429437292      1
      1.6043031502545           1.3574163165743           1.4083553455025      1
     0.99197657711744          0.24920859566011           2.5998251223154      1
      2.5349199109869           2.2642808714054           2.6167002604511      1
      2.6163489621703            1.467615900152          0.22802910418111      1
      2.0250796858284          0.77827727511379          0.54829169590636      1
      2.6080724479981           1.7607510367143          0.61533931469702      1
      2.5103767885536          0.88657873024965          0.54887285776321      1
      2.1451655627467           1.0510776527877           2.5519619561191      1
      2.8797589486245          0.58666006219526           2.8862457738688      1
      2.6892372527554           2.2671496320674          0.61790315178439      1
      2.6033850498762           2.5490301889976          0.87861941982095      1
      2.3306173047025          0.43302091587538           1.1762571379663      1
     0.57474285068386           2.3635160337353           1.1063250190594      1
      0.2395052211966           1.0227214272422          0.75471817194382      1
      2.2243940714614           1.0350374636109           1.8105395808325      1
     0.23678942704398           2.0157189290995            2.335946372723      1
      1.5279498747352           1.3333324940237           2.5026743000455      1
      2.8829358842509          0.95095910843665           1.6195565400282      1
     0.94762523238459          0.54945351458205          0.23331850556296      1
       2.556540086969           2.8842773318991           2.8841656936769      1
      1.4865053766543           2.6879997727878          0.67791179134993      1
      2.8788822774714          0.40031726592075            1.037998239042      1
      1.6265481622222           2.3021121809824          0.92556171217024      1
      1.8061902070979           1.5060065047687          0.58472955457597      1
      2.8940437103964          0.24847919199969          0.59765918909422      1
      2.4980162391905           1.7524337654418          0.91622326021458      1
      1.1092517955886          0.24908877528014           2.3439483400284      1
      1.6246125587517            1.933486677216            2.895960800357      1
     0.57927720297986            2.886595283095           2.8857273499391      1
      1.0018983777749          0.32726910183208           1.1702232442906      1
     0.53809804030892           1.8279009000628           1.0868498173645      1
      1.2595814078082           2.5632044821413           0.2337881710044      1
     0.26359684636518           2.1112302154461           1.3707002468297      1
      0.5838742881181           0.2410912819858          0.27536468619054      1
     0.23826895723406           2.8875299699508           2.0740022364874      1
     0.88453175261902           1.5572379304792          0.93380549850784      1
     0.53569277818594           1.7705782832062           2.1425686707916      1
      2.8856261083042           0.5873205273072          0.24529519544635      1
      1.5228409045442           2.1827632029284          0.25786615250839      1
      1.5097400086321          0.56986943638571           2.2104209896513      1
       1.999872519642           2.6419729121771          0.88060571886713      1
       1.998754614917           2.3654548722787          0.51826309622397      1
      1.5834469253487           2.1675267510218          0.68290327869811      1
       2.341168473997           2.0185364709295          0.49437071073779      1
      2.9115826156244           1.0109307582824           2.1043851786419      1
     0.24151473620698          0.93684460299415           2.2123416555518      1
      2.5700806529567          0.77769931757754           2.0092108331172      1
     0.92860023832023           1.4831315195137           2.8837260993635      1
      2.8763110993045            2.124715404502          0.44902649638085      1
      1.9926396450416           1.3788318325136           1.8105170101348      1
      1.1438077040671           2.8941081911509           1.8392821624848      1
     0.20837830546304           2.5822875825317           2.1830064829119      1
      1.8239710248619            1.039890793525          0.22892998969601      1
      2.2597110758231          0.98781019936432           1.3790206143599      1
      2.5675807331166           1.8895763257389          0.24384784111862      1
      2.8967925404135           2.5139613276974           1.9069186279772      1
      2.2298068332441           2.8764023742985           1.9913902140398      1
      2.3344186753733           2.8978650246078           1.5502503583576      1
     0.25667277336885          0.26033647339937          0.59796313307543      1
       1.925934967443           2.9049869561728           0.9528563150607      1
     0.26140261867498            2.216806370065           2.5078247162767      1
     0.58021932252581           2.9110140176314           1.2761741424965      1
        2.64692686666           1.1294228140709          0.24903497166044      1
      2.5102770870898           2.0522999739493           1.4296488607683      1
      2.0984161840585           1.9904150096308           1.2017568768257      1
       2.108524576783           1.8191476046979           2.8779397415732      1
       1.810792778207          0.94574172808218          0.63949051693511      1
      2.9057461048872           1.2234205765939           2.5721732427817      1
     0.23602299811308          0.34380224003289           1.6550158800012      1
      2.1888186860094           1.3182609893482           1.6185342302211      1
     0.31132339174893           2.9120377020865           1.8056469088279      1
      2.1569535598505           2.8878871786321           2.8878871786321      1
     0.51442383503761           1.5332191250824           2.8969000686874      1
     0.25501541949867           1.6106131551343           2.9072204552819      1
     0.67281182890564           1.5506459401127           2.0925923853532      1
      1.0047849419183           2.6636321275565          0.25933991694054      1
      2.9064315308053            2.100051869592           2.1152208023478      1
      1.5707990097659           2.9126704248057           2.9126699232848      1
      1.6176921984554           2.4803592197314           1.2202114532806      1
      2.9039388770748          0.63032321488896           1.8950922513221      1
       2.019648428212           2.5673308088731           1.5450936488288      1
      1.6426734358292          0.79813896584732          0.93270495135143      1
       2.878613212401           2.6012547700581            1.366165336288      1
      2.9115810208405           1.4345632467919           1.3097507450336      1
      1.9447685468057           1.8562733072018           1.8508841181986      1
      1.0303900895281           1.2899108802413          0.99916518303616      1
      1.1398167763852           1.1457518867333           2.3792319812434      1
      2.6291077994073          0.86152688892809           2.5418972284482      1
 Triangles
 2064
 19 1 284 1
 1 20 284 1
 2 9 286 1
 42 2 286 1
 30 3 285 1
 3 41 285 1
 31 4 287 1
 4 52 287 1
 9 10 156 1
 9 156 286 1
 10 11 224 1
 156 10 224 1
 11 12 150 1
 11 150 224 1
 12 13 240 1
 150 12 240 1
 13 14 144 1
 13 144 240 1
 14 15 238 1
 144 14 238 1
 15 16 283 1
 238 15 283 1
 16 17 146 1
 16 146 283 1
 17 18 239 1
 146 17 239 1
 18 19 262 1
 239 18 262 1
 262 19 284 1
 20 21 154 1
 20 154 284 1
 21 22 157 1
 154 21 157 1
 22 23 149 1
 22 149 157 1
 23 24 242 1
 149 23 242 1
 24 25 143 1
 24 143 242 1
 25 26 258 1
 143 25 258 1
 26 27 214 1
 26 214 258 1
 27 28 147 1
 27 147 214 1
 28 29 232 1
 147 28 232 1
 29 30 261 1
 232 29 261 1
 261 30 285 1
 32 31 155 1
 155 31 287 1
 33 32 280 1
 32 155 280 1
 34 33 145 1
 145 33 280 1
 35 34 230 1
 34 145 230 1
 36 35 273 1
 35 230 273 1
 37 36 142 1
 142 36 273 1
 38 37 282 1
 37 142 282 1
 39 38 151 1
 151 38 282 1
 40 39 278 1
 39 151 278 1
 41 40 153 1
 153 40 278 1
 41 153 285 1
 43 42 226 1
 226 42 286 1
 44 43 279 1
 43 226 279 1
 45 44 152 1
 152 44 279 1
 46 45 243 1
 45 152 243 1
 47 46 141 1
 141 46 243 1
 48 47 268 1
 47 141 268 1
 49 48 263 1
 263 48 268 1
 50 49 148 1
 148 49 263 1
 51 50 269 1
 50 148 269 1
 52 51 271 1
 51 269 271 1
 52 271 287 1
 141 243 267 1
 264 141 267 1
 141 264 268 1
 207 142 210 1
 142 207 282 1
 210 142 211 1
 211 142 273 1
 143 215 242 1
 215 143 255 1
 255 143 258 1
 144 238 276 1
 240 144 241 1
 241 144 276 1
 219 145 221 1
 145 219 277 1
 221 145 280 1
 230 145 277 1
 237 146 246 1
 146 237 283 1
 146 239 281 1
 246 146 281 1
 147 212 214 1
 212 147 254 1
 147 232 254 1
 148 263 270 1
 148 265 269 1
 265 148 270 1
 157 149 158 1
 158 149 159 1
 159 149 242 1
 224 150 228 1
 228 150 229 1
 229 150 240 1
 151 205 206 1
 205 151 207 1
 151 206 278 1
 207 151 282 1
 227 152 279 1
 152 227 290 1
 243 152 266 1
 266 152 290 1
 153 206 208 1
 206 153 278 1
 153 208 261 1
 153 261 285 1
 154 157 253 1
 154 253 262 1
 154 262 284 1
 221 155 222 1
 155 221 280 1
 222 155 271 1
 271 155 287 1
 156 224 225 1
 156 225 226 1
 156 226 286 1
 157 158 253 1
 158 159 160 1
 158 160 200 1
 158 200 253 1
 160 159 161 1
 161 159 215 1
 215 159 242 1
 160 161 162 1
 160 162 233 1
 200 160 233 1
 162 161 163 1
 163 161 231 1
 161 215 231 1
 162 163 164 1
 162 164 181 1
 162 181 233 1
 164 163 165 1
 165 163 175 1
 175 163 231 1
 164 165 166 1
 164 166 245 1
 181 164 245 1
 166 165 167 1
 167 165 250 1
 165 175 250 1
 166 167 168 1
 166 168 173 1
 166 173 245 1
 168 167 169 1
 169 167 170 1
 170 167 250 1
 168 169 223 1
 173 168 174 1
 174 168 223 1
 169 170 171 1
 169 171 172 1
 169 172 223 1
 171 170 176 1
 176 170 192 1
 192 170 250 1
 172 171 177 1
 171 176 248 1
 177 171 248 1
 172 177 178 1
 172 178 249 1
 223 172 249 1
 173 174 179 1
 173 179 251 1
 245 173 251 1
 179 174 180 1
 180 174 244 1
 174 223 244 1
 175 231 259 1
 250 175 257 1
 257 175 259 1
 176 192 193 1
 176 193 196 1
 176 196 248 1
 178 177 182 1
 182 177 184 1
 184 177 248 1
 178 182 185 1
 178 185 186 1
 178 186 249 1
 179 180 183 1
 179 183 190 1
 179 190 251 1
 183 180 187 1
 187 180 191 1
 191 180 244 1
 233 181 234 1
 234 181 235 1
 235 181 245 1
 182 184 218 1
 185 182 188 1
 188 182 218 1
 183 187 189 1
 183 189 275 1
 190 183 275 1
 218 184 274 1
 184 248 272 1
 184 272 274 1
 186 185 197 1
 185 188 256 1
 197 185 256 1
 186 197 199 1
 186 199 217 1
 186 217 249 1
 189 187 247 1
 187 191 198 1
 187 198 247 1
 188 218 219 1
 188 219 220 1
 188 220 256 1
 189 247 260 1
 189 260 288 1
 275 189 288 1
 190 241 252 1
 241 190 275 1
 251 190 252 1
 198 191 216 1
 216 191 217 1
 217 191 244 1
 193 192 194 1
 194 192 257 1
 192 250 257 1
 193 194 195 1
 193 195 209 1
 196 193 209 1
 195 194 201 1
 201 194 202 1
 202 194 257 1
 195 201 203 1
 195 203 205 1
 195 205 209 1
 196 209 210 1
 196 210 272 1
 248 196 272 1
 199 197 204 1
 204 197 270 1
 197 256 270 1
 198 216 267 1
 247 198 266 1
 266 198 267 1
 199 204 264 1
 199 216 217 1
 216 199 264 1
 200 233 246 1
 200 246 281 1
 253 200 281 1
 201 202 212 1
 203 201 254 1
 201 212 254 1
 212 202 213 1
 213 202 259 1
 202 257 259 1
 205 203 206 1
 206 203 208 1
 208 203 254 1
 204 263 268 1
 263 204 270 1
 264 204 268 1
 205 207 209 1
 209 207 210 1
 232 208 254 1
 208 232 261 1
 210 211 272 1
 272 211 274 1
 211 273 289 1
 274 211 289 1
 212 213 214 1
 214 213 258 1
 213 255 258 1
 255 213 259 1
 231 215 255 1
 216 264 267 1
 217 244 249 1
 219 218 277 1
 218 274 277 1
 220 219 221 1
 220 221 222 1
 220 222 265 1
 256 220 265 1
 265 222 269 1
 269 222 271 1
 244 223 249 1
 225 224 228 1
 226 225 227 1
 227 225 260 1
 225 228 260 1
 226 227 279 1
 227 260 290 1
 228 229 288 1
 260 228 288 1
 229 240 241 1
 229 241 275 1
 229 275 288 1
 273 230 289 1
 230 277 289 1
 231 255 259 1
 233 234 246 1
 234 235 236 1
 234 236 237 1
 234 237 246 1
 236 235 252 1
 235 245 251 1
 235 251 252 1
 237 236 238 1
 238 236 276 1
 236 252 276 1
 237 238 283 1
 253 239 262 1
 239 253 281 1
 252 241 276 1
 243 266 267 1
 260 247 290 1
 247 266 290 1
 256 265 270 1
 277 274 289 1
 63 435 5 2
 5 435 64 2
 6 438 53 2
 86 438 6 2
 74 436 7 2
 7 436 85 2
 75 437 8 2
 8 437 96 2
 53 424 54 2
 53 438 424 2
 54 433 55 2
 424 433 54 2
 55 300 56 2
 55 433 300 2
 56 390 57 2
 300 390 56 2
 57 291 58 2
 57 390 291 2
 58 387 59 2
 291 387 58 2
 59 434 60 2
 387 434 59 2
 60 296 61 2
 60 434 296 2
 61 431 62 2
 296 431 61 2
 62 411 63 2
 62 431 411 2
 411 435 63 2
 64 306 65 2
 64 435 306 2
 65 307 66 2
 306 307 65 2
 66 299 67 2
 66 307 299 2
 67 394 68 2
 299 394 67 2
 68 293 69 2
 68 394 293 2
 69 410 70 2
 293 410 69 2
 70 368 71 2
 70 410 368 2
 71 298 72 2
 71 368 298 2
 72 377 73 2
 298 377 72 2
 73 412 74 2
 377 412 73 2
 412 436 74 2
 76 305 75 2
 305 437 75 2
 77 432 76 2
 76 432 305 2
 78 297 77 2
 297 432 77 2
 79 380 78 2
 78 380 297 2
 80 396 79 2
 79 396 380 2
 81 292 80 2
 292 396 80 2
 82 429 81 2
 81 429 292 2
 83 301 82 2
 301 429 82 2
 84 430 83 2
 83 430 301 2
 85 303 84 2
 303 430 84 2
 85 436 303 2
 87 304 86 2
 304 438 86 2
 88 379 87 2
 87 379 304 2
 89 295 88 2
 295 379 88 2
 90 420 89 2
 89 420 295 2
 91 413 90 2
 413 420 90 2
 92 294 91 2
 294 413 91 2
 93 391 92 2
 92 391 294 2
 94 302 93 2
 302 391 93 2
 95 421 94 2
 94 421 302 2
 96 423 95 2
 95 423 421 2
 96 437 423 2
 291 390 359 2
 359 426 291 2
 291 426 387 2
 292 365 361 2
 361 425 292 2
 292 429 365 2
 292 425 396 2
 293 394 372 2
 372 408 293 2
 408 410 293 2
 391 418 294 2
 294 422 413 2
 418 422 294 2
 295 417 379 2
 414 417 295 2
 295 420 414 2
 382 384 296 2
 296 385 382 2
 384 431 296 2
 296 434 385 2
 374 375 297 2
 297 427 374 2
 375 432 297 2
 380 427 297 2
 298 368 366 2
 366 369 298 2
 369 377 298 2
 307 308 299 2
 308 309 299 2
 309 394 299 2
 300 364 362 2
 362 428 300 2
 300 433 364 2
 300 428 390 2
 301 400 365 2
 365 429 301 2
 371 400 301 2
 301 430 371 2
 302 419 391 2
 415 419 302 2
 302 421 415 2
 370 371 303 2
 303 412 370 2
 371 430 303 2
 303 436 412 2
 379 416 304 2
 416 424 304 2
 424 438 304 2
 375 376 305 2
 305 432 375 2
 376 423 305 2
 423 437 305 2
 306 406 307 2
 306 411 406 2
 306 435 411 2
 307 406 308 2
 308 310 309 2
 308 381 310 2
 308 406 381 2
 310 311 309 2
 311 372 309 2
 372 394 309 2
 310 312 311 2
 310 337 312 2
 310 381 337 2
 312 313 311 2
 313 378 311 2
 311 378 372 2
 312 314 313 2
 312 389 314 2
 337 389 312 2
 314 315 313 2
 315 324 313 2
 324 378 313 2
 314 316 315 2
 314 329 316 2
 314 389 329 2
 316 317 315 2
 317 395 315 2
 315 395 324 2
 316 318 317 2
 316 393 318 2
 329 393 316 2
 318 319 317 2
 319 320 317 2
 320 395 317 2
 318 322 319 2
 318 323 322 2
 318 393 323 2
 319 321 320 2
 319 397 321 2
 322 397 319 2
 321 328 320 2
 328 399 320 2
 320 399 395 2
 321 331 328 2
 321 338 331 2
 321 397 338 2
 323 325 322 2
 325 326 322 2
 326 397 322 2
 323 327 325 2
 323 398 327 2
 393 398 323 2
 324 401 378 2
 395 407 324 2
 324 407 401 2
 325 392 326 2
 327 330 325 2
 330 392 325 2
 392 403 326 2
 326 404 397 2
 403 404 326 2
 327 332 330 2
 327 333 332 2
 327 398 333 2
 331 334 328 2
 334 335 328 2
 335 399 328 2
 389 402 329 2
 329 405 393 2
 402 405 329 2
 332 343 330 2
 343 344 330 2
 344 392 330 2
 331 373 334 2
 338 339 331 2
 339 373 331 2
 333 336 332 2
 336 388 332 2
 332 388 343 2
 333 341 336 2
 333 342 341 2
 333 398 342 2
 334 345 335 2
 334 361 345 2
 334 373 361 2
 345 346 335 2
 346 347 335 2
 347 399 335 2
 341 362 336 2
 362 363 336 2
 363 388 336 2
 381 382 337 2
 382 383 337 2
 383 389 337 2
 338 340 339 2
 338 404 340 2
 397 404 338 2
 340 348 339 2
 348 351 339 2
 351 373 339 2
 340 349 348 2
 340 350 349 2
 340 404 350 2
 342 359 341 2
 359 428 341 2
 341 428 362 2
 342 360 359 2
 342 405 360 2
 398 405 342 2
 343 355 344 2
 343 414 355 2
 388 414 343 2
 355 422 344 2
 344 409 392 2
 344 422 409 2
 345 400 346 2
 361 365 345 2
 365 400 345 2
 346 352 347 2
 346 354 352 2
 346 400 354 2
 352 353 347 2
 353 407 347 2
 347 407 399 2
 349 374 348 2
 348 427 351 2
 374 427 348 2
 350 356 349 2
 356 358 349 2
 358 374 349 2
 350 357 356 2
 350 403 357 2
 350 404 403 2
 351 425 373 2
 380 396 351 2
 351 427 380 2
 396 425 351 2
 352 366 353 2
 354 369 352 2
 352 369 366 2
 366 367 353 2
 367 401 353 2
 401 407 353 2
 354 370 369 2
 354 371 370 2
 354 400 371 2
 355 420 413 2
 413 422 355 2
 414 420 355 2
 357 419 356 2
 356 415 358 2
 356 419 415 2
 403 409 357 2
 409 418 357 2
 418 419 357 2
 358 375 374 2
 358 376 375 2
 358 415 376 2
 360 426 359 2
 390 428 359 2
 360 402 386 2
 386 426 360 2
 360 405 402 2
 373 425 361 2
 362 364 363 2
 364 416 363 2
 363 417 388 2
 416 417 363 2
 364 424 416 2
 364 433 424 2
 366 368 367 2
 368 410 367 2
 367 408 401 2
 367 410 408 2
 370 377 369 2
 370 412 377 2
 378 408 372 2
 415 421 376 2
 421 423 376 2
 401 408 378 2
 379 417 416 2
 381 384 382 2
 381 406 384 2
 382 385 383 2
 385 386 383 2
 386 402 383 2
 383 402 389 2
 406 411 384 2
 411 431 384 2
 385 387 386 2
 385 434 387 2
 387 426 386 2
 388 417 414 2
 391 419 418 2
 392 409 403 2
 393 405 398 2
 399 407 395 2
 409 422 418 2
 1 19 583 3
 108 1 583 3
 9 2 584 3
 2 97 584 3
 63 5 582 3
 5 118 582 3
 6 53 585 3
 107 6 585 3
 10 9 452 3
 452 9 584 3
 11 10 491 3
 10 452 491 3
 12 11 448 3
 448 11 491 3
 13 12 543 3
 12 448 543 3
 14 13 439 3
 439 13 543 3
 15 14 539 3
 14 439 539 3
 16 15 535 3
 535 15 539 3
 17 16 446 3
 446 16 535 3
 18 17 575 3
 17 446 575 3
 19 18 509 3
 509 18 575 3
 19 509 583 3
 53 54 454 3
 53 454 585 3
 54 55 577 3
 454 54 577 3
 55 56 447 3
 55 447 577 3
 56 57 544 3
 447 56 544 3
 57 58 441 3
 57 441 544 3
 58 59 526 3
 441 58 526 3
 59 60 578 3
 526 59 578 3
 60 61 445 3
 60 445 578 3
 61 62 576 3
 445 61 576 3
 62 63 530 3
 62 530 576 3
 530 63 582 3
 97 98 561 3
 97 561 584 3
 98 99 580 3
 561 98 580 3
 99 100 449 3
 99 449 580 3
 100 101 574 3
 449 100 574 3
 101 102 442 3
 101 442 574 3
 102 103 570 3
 442 102 570 3
 103 104 542 3
 103 542 570 3
 104 105 444 3
 104 444 542 3
 105 106 563 3
 444 105 563 3
 106 107 566 3
 563 106 566 3
 566 107 585 3
 109 108 453 3
 453 108 583 3
 110 109 455 3
 109 453 455 3
 111 110 443 3
 443 110 455 3
 112 111 490 3
 111 443 490 3
 113 112 541 3
 112 490 541 3
 114 113 440 3
 440 113 541 3
 115 114 546 3
 114 440 546 3
 116 115 450 3
 450 115 546 3
 117 116 549 3
 116 450 549 3
 118 117 451 3
 451 117 549 3
 118 451 582 3
 539 439 548 3
 439 543 547 3
 439 547 548 3
 531 440 533 3
 440 531 546 3
 533 440 541 3
 441 526 572 3
 544 441 545 3
 545 441 572 3
 503 442 505 3
 442 503 574 3
 505 442 506 3
 506 442 570 3
 443 455 456 3
 443 456 457 3
 443 457 490 3
 542 444 564 3
 444 563 565 3
 564 444 565 3
 525 445 556 3
 445 525 578 3
 445 529 556 3
 529 445 576 3
 446 510 575 3
 510 446 579 3
 446 535 536 3
 446 536 579 3
 447 486 488 3
 486 447 573 3
 447 488 577 3
 447 544 573 3
 448 491 492 3
 448 492 493 3
 448 493 543 3
 502 449 503 3
 449 502 504 3
 503 449 574 3
 449 504 580 3
 527 450 534 3
 450 527 549 3
 534 450 546 3
 451 528 530 3
 528 451 549 3
 451 530 582 3
 491 452 560 3
 560 452 561 3
 561 452 584 3
 455 453 508 3
 508 453 509 3
 509 453 583 3
 454 488 489 3
 488 454 577 3
 454 489 566 3
 454 566 585 3
 456 455 508 3
 457 456 458 3
 458 456 557 3
 456 508 557 3
 457 458 459 3
 457 459 485 3
 457 485 490 3
 459 458 460 3
 460 458 480 3
 480 458 557 3
 459 460 461 3
 459 461 512 3
 485 459 512 3
 461 460 462 3
 462 460 562 3
 460 480 562 3
 461 462 463 3
 461 463 476 3
 461 476 512 3
 463 462 464 3
 464 462 474 3
 474 462 562 3
 463 464 465 3
 463 465 550 3
 476 463 550 3
 465 464 466 3
 466 464 551 3
 464 474 551 3
 465 466 467 3
 465 467 468 3
 465 468 550 3
 467 466 469 3
 469 466 471 3
 471 466 551 3
 468 467 554 3
 467 469 470 3
 467 470 554 3
 468 532 552 3
 532 468 554 3
 550 468 552 3
 470 469 472 3
 469 471 511 3
 472 469 511 3
 470 472 473 3
 470 473 475 3
 470 475 554 3
 511 471 567 3
 471 551 586 3
 567 471 586 3
 473 472 477 3
 477 472 478 3
 478 472 511 3
 475 473 555 3
 473 477 479 3
 473 479 555 3
 551 474 559 3
 559 474 581 3
 474 562 581 3
 475 553 554 3
 553 475 558 3
 475 555 558 3
 512 476 513 3
 513 476 514 3
 514 476 550 3
 477 478 568 3
 479 477 481 3
 481 477 568 3
 478 511 569 3
 568 478 587 3
 478 569 587 3
 479 481 482 3
 479 482 483 3
 479 483 555 3
 480 536 538 3
 536 480 579 3
 480 538 562 3
 480 557 579 3
 482 481 564 3
 564 481 571 3
 481 568 571 3
 483 482 484 3
 484 482 565 3
 482 564 565 3
 483 484 486 3
 483 486 487 3
 483 487 555 3
 486 484 488 3
 488 484 489 3
 489 484 565 3
 490 485 541 3
 485 512 533 3
 485 533 541 3
 487 486 573 3
 487 545 558 3
 545 487 573 3
 555 487 558 3
 563 489 565 3
 489 563 566 3
 492 491 560 3
 493 492 494 3
 494 492 507 3
 507 492 560 3
 493 494 495 3
 493 495 547 3
 543 493 547 3
 495 494 496 3
 496 494 497 3
 497 494 507 3
 495 496 498 3
 495 498 499 3
 495 499 547 3
 496 497 500 3
 498 496 567 3
 496 500 567 3
 500 497 501 3
 501 497 502 3
 502 497 507 3
 499 498 559 3
 559 498 586 3
 498 567 586 3
 499 540 548 3
 540 499 559 3
 547 499 548 3
 500 501 569 3
 500 511 567 3
 511 500 569 3
 501 502 503 3
 501 503 505 3
 501 505 569 3
 504 502 507 3
 504 507 560 3
 504 560 561 3
 504 561 580 3
 505 506 587 3
 569 505 587 3
 568 506 571 3
 506 568 587 3
 506 570 571 3
 508 509 510 3
 508 510 557 3
 510 509 575 3
 557 510 579 3
 512 513 533 3
 513 514 515 3
 513 515 531 3
 513 531 533 3
 515 514 516 3
 516 514 552 3
 514 550 552 3
 515 516 517 3
 515 517 534 3
 531 515 534 3
 517 516 518 3
 518 516 520 3
 520 516 552 3
 517 518 519 3
 517 519 527 3
 517 527 534 3
 519 518 556 3
 518 520 521 3
 518 521 556 3
 527 519 528 3
 528 519 529 3
 529 519 556 3
 521 520 522 3
 522 520 532 3
 532 520 552 3
 521 522 523 3
 521 523 525 3
 521 525 556 3
 523 522 524 3
 524 522 553 3
 522 532 553 3
 523 524 572 3
 525 523 526 3
 526 523 572 3
 545 524 558 3
 524 545 572 3
 524 553 558 3
 525 526 578 3
 527 528 549 3
 528 529 530 3
 530 529 576 3
 531 534 546 3
 553 532 554 3
 536 535 537 3
 537 535 539 3
 536 537 538 3
 538 537 540 3
 537 539 548 3
 540 537 548 3
 538 540 581 3
 562 538 581 3
 540 559 581 3
 542 564 571 3
 570 542 571 3
 544 545 573 3
 551 559 586 3
 3 732 41 4
 130 732 3 4
 31 733 4 4
 4 733 119 4
 85 731 7 4
 7 731 140 4
 8 734 75 4
 129 734 8 4
 32 601 31 4
 601 733 31 4
 33 640 32 4
 32 640 601 4
 34 597 33 4
 597 640 33 4
 35 692 34 4
 34 692 597 4
 36 588 35 4
 588 692 35 4
 37 688 36 4
 36 688 588 4
 38 684 37 4
 684 688 37 4
 39 595 38 4
 595 684 38 4
 40 724 39 4
 39 724 595 4
 41 658 40 4
 658 724 40 4
 41 732 658 4
 75 603 76 4
 75 734 603 4
 76 726 77 4
 603 726 76 4
 77 596 78 4
 77 726 596 4
 78 693 79 4
 596 693 78 4
 79 590 80 4
 79 693 590 4
 80 675 81 4
 590 675 80 4
 81 727 82 4
 675 727 81 4
 82 594 83 4
 82 727 594 4
 83 725 84 4
 594 725 83 4
 84 679 85 4
 84 725 679 4
 679 731 85 4
 119 710 120 4
 119 733 710 4
 120 729 121 4
 710 729 120 4
 121 598 122 4
 121 729 598 4
 122 723 123 4
 598 723 122 4
 123 591 124 4
 123 723 591 4
 124 719 125 4
 591 719 124 4
 125 691 126 4
 125 719 691 4
 126 593 127 4
 126 691 593 4
 127 712 128 4
 593 712 127 4
 128 715 129 4
 712 715 128 4
 715 734 129 4
 131 602 130 4
 602 732 130 4
 132 604 131 4
 131 604 602 4
 133 592 132 4
 592 604 132 4
 134 639 133 4
 133 639 592 4
 135 690 134 4
 134 690 639 4
 136 589 135 4
 589 690 135 4
 137 695 136 4
 136 695 589 4
 138 599 137 4
 599 695 137 4
 139 698 138 4
 138 698 599 4
 140 600 139 4
 600 698 139 4
 140 731 600 4
 688 697 588 4
 588 696 692 4
 588 697 696 4
 680 682 589 4
 589 695 680 4
 682 690 589 4
 590 721 675 4
 693 694 590 4
 694 721 590 4
 652 654 591 4
 591 723 652 4
 654 655 591 4
 655 719 591 4
 592 605 604 4
 592 606 605 4
 592 639 606 4
 691 713 593 4
 593 714 712 4
 713 714 593 4
 674 705 594 4
 594 727 674 4
 594 705 678 4
 678 725 594 4
 595 724 659 4
 659 728 595 4
 595 685 684 4
 595 728 685 4
 596 637 635 4
 635 722 596 4
 596 726 637 4
 596 722 693 4
 597 641 640 4
 597 642 641 4
 597 692 642 4
 651 652 598 4
 598 653 651 4
 652 723 598 4
 598 729 653 4
 676 683 599 4
 599 698 676 4
 683 695 599 4
 600 679 677 4
 677 698 600 4
 600 731 679 4
 640 709 601 4
 709 710 601 4
 710 733 601 4
 604 657 602 4
 657 658 602 4
 658 732 602 4
 603 638 637 4
 637 726 603 4
 603 715 638 4
 603 734 715 4
 605 657 604 4
 606 607 605 4
 607 706 605 4
 605 706 657 4
 606 608 607 4
 606 634 608 4
 606 639 634 4
 608 609 607 4
 609 629 607 4
 629 706 607 4
 608 610 609 4
 608 661 610 4
 634 661 608 4
 610 611 609 4
 611 711 609 4
 609 711 629 4
 610 612 611 4
 610 625 612 4
 610 661 625 4
 612 613 611 4
 613 623 611 4
 623 711 611 4
 612 614 613 4
 612 699 614 4
 625 699 612 4
 614 615 613 4
 615 700 613 4
 613 700 623 4
 614 616 615 4
 614 617 616 4
 614 699 617 4
 616 618 615 4
 618 620 615 4
 620 700 615 4
 617 703 616 4
 616 619 618 4
 616 703 619 4
 617 701 681 4
 681 703 617 4
 699 701 617 4
 619 621 618 4
 618 660 620 4
 621 660 618 4
 619 622 621 4
 619 624 622 4
 619 703 624 4
 660 716 620 4
 620 735 700 4
 716 735 620 4
 622 626 621 4
 626 627 621 4
 627 660 621 4
 624 704 622 4
 622 628 626 4
 622 704 628 4
 700 708 623 4
 708 730 623 4
 623 730 711 4
 624 703 702 4
 702 707 624 4
 624 707 704 4
 661 662 625 4
 662 663 625 4
 663 699 625 4
 626 717 627 4
 628 630 626 4
 630 717 626 4
 627 718 660 4
 717 736 627 4
 627 736 718 4
 628 631 630 4
 628 632 631 4
 628 704 632 4
 629 687 685 4
 685 728 629 4
 629 711 687 4
 629 728 706 4
 631 713 630 4
 713 720 630 4
 630 720 717 4
 632 633 631 4
 633 714 631 4
 631 714 713 4
 632 635 633 4
 632 636 635 4
 632 704 636 4
 635 637 633 4
 637 638 633 4
 638 714 633 4
 639 690 634 4
 634 682 661 4
 634 690 682 4
 636 722 635 4
 636 707 694 4
 694 722 636 4
 704 707 636 4
 712 714 638 4
 638 715 712 4
 641 709 640 4
 642 643 641 4
 643 656 641 4
 656 709 641 4
 642 644 643 4
 642 696 644 4
 692 696 642 4
 644 645 643 4
 645 646 643 4
 646 656 643 4
 644 647 645 4
 644 648 647 4
 644 696 648 4
 645 649 646 4
 647 716 645 4
 645 716 649 4
 649 650 646 4
 650 651 646 4
 651 656 646 4
 648 708 647 4
 708 735 647 4
 647 735 716 4
 648 697 689 4
 689 708 648 4
 696 697 648 4
 649 718 650 4
 649 716 660 4
 660 718 649 4
 650 652 651 4
 650 654 652 4
 650 718 654 4
 653 656 651 4
 653 709 656 4
 653 710 709 4
 653 729 710 4
 654 736 655 4
 718 736 654 4
 717 720 655 4
 655 736 717 4
 655 720 719 4
 657 659 658 4
 657 706 659 4
 659 724 658 4
 706 728 659 4
 661 682 662 4
 662 664 663 4
 662 680 664 4
 662 682 680 4
 664 665 663 4
 665 701 663 4
 663 701 699 4
 664 666 665 4
 664 683 666 4
 680 683 664 4
 666 667 665 4
 667 669 665 4
 669 701 665 4
 666 668 667 4
 666 676 668 4
 666 683 676 4
 668 705 667 4
 667 670 669 4
 667 705 670 4
 676 677 668 4
 677 678 668 4
 678 705 668 4
 670 671 669 4
 671 681 669 4
 681 701 669 4
 670 672 671 4
 670 674 672 4
 670 705 674 4
 672 673 671 4
 673 702 671 4
 671 702 681 4
 672 721 673 4
 674 675 672 4
 675 721 672 4
 694 707 673 4
 673 721 694 4
 673 707 702 4
 674 727 675 4
 676 698 677 4
 677 679 678 4
 679 725 678 4
 680 695 683 4
 702 703 681 4
 685 686 684 4
 686 688 684 4
 685 687 686 4
 687 689 686 4
 686 697 688 4
 689 697 686 4
 687 730 689 4
 711 730 687 4
 689 730 708 4
 691 720 713 4
 719 720 691 4
 693 722 694 4
 700 735 708 4
 2 42 883 5
 97 2 883 5
 52 4 881 5
 4 119 881 5
 86 6 884 5
 6 107 884 5
 8 96 882 5
 129 8 882 5
 42 43 856 5
 42 856 883 5
 43 44 831 5
 43 831 856 5
 44 45 747 5
 44 747 831 5
 45 46 874 5
 747 45 874 5
 46 47 740 5
 46 740 874 5
 47 48 844 5
 740 47 844 5
 48 49 879 5
 844 48 879 5
 49 50 742 5
 49 742 879 5
 50 51 876 5
 742 50 876 5
 51 52 855 5
 51 855 876 5
 855 52 881 5
 87 86 750 5
 750 86 884 5
 88 87 877 5
 87 750 877 5
 89 88 746 5
 746 88 877 5
 90 89 839 5
 89 746 839 5
 91 90 739 5
 739 90 839 5
 92 91 803 5
 91 739 803 5
 93 92 880 5
 92 803 880 5
 94 93 744 5
 744 93 880 5
 95 94 875 5
 94 744 875 5
 96 95 749 5
 749 95 875 5
 96 749 882 5
 98 97 752 5
 752 97 883 5
 99 98 812 5
 98 752 812 5
 100 99 748 5
 748 99 812 5
 101 100 847 5
 100 748 847 5
 102 101 737 5
 737 101 847 5
 103 102 841 5
 102 737 841 5
 104 103 840 5
 840 103 841 5
 105 104 743 5
 743 104 840 5
 106 105 869 5
 105 743 869 5
 107 106 870 5
 106 869 870 5
 107 870 884 5
 119 120 751 5
 119 751 881 5
 120 121 753 5
 751 120 753 5
 121 122 745 5
 121 745 753 5
 122 123 832 5
 745 122 832 5
 123 124 738 5
 123 738 832 5
 124 125 849 5
 738 124 849 5
 125 126 852 5
 849 125 852 5
 126 127 741 5
 126 741 852 5
 127 128 807 5
 741 127 807 5
 128 129 857 5
 807 128 857 5
 857 129 882 5
 841 737 865 5
 737 847 862 5
 737 862 865 5
 738 787 832 5
 787 738 843 5
 843 738 849 5
 803 739 872 5
 827 739 839 5
 739 827 872 5
 740 822 824 5
 822 740 871 5
 740 824 874 5
 740 844 871 5
 804 741 807 5
 741 804 809 5
 741 809 852 5
 834 742 836 5
 742 834 837 5
 836 742 876 5
 742 837 879 5
 743 840 867 5
 864 743 867 5
 743 864 869 5
 744 802 854 5
 802 744 880 5
 806 744 854 5
 744 806 875 5
 753 745 754 5
 754 745 755 5
 755 745 832 5
 783 746 785 5
 746 783 873 5
 785 746 877 5
 839 746 873 5
 747 824 846 5
 824 747 874 5
 831 747 878 5
 747 846 878 5
 748 812 813 5
 748 813 814 5
 748 814 847 5
 805 749 806 5
 749 805 857 5
 806 749 875 5
 749 857 882 5
 785 750 786 5
 750 785 877 5
 786 750 870 5
 870 750 884 5
 751 753 853 5
 751 853 855 5
 751 855 881 5
 812 752 845 5
 845 752 856 5
 856 752 883 5
 753 754 853 5
 754 755 756 5
 754 756 833 5
 754 833 853 5
 756 755 757 5
 757 755 787 5
 787 755 832 5
 756 757 758 5
 756 758 778 5
 756 778 833 5
 758 757 759 5
 759 757 788 5
 757 787 788 5
 758 759 760 5
 758 760 850 5
 778 758 850 5
 760 759 761 5
 761 759 770 5
 770 759 788 5
 760 761 762 5
 760 762 773 5
 760 773 850 5
 762 761 763 5
 763 761 838 5
 761 770 838 5
 762 763 764 5
 762 764 860 5
 773 762 860 5
 764 763 765 5
 765 763 766 5
 766 763 838 5
 764 765 767 5
 764 767 769 5
 764 769 860 5
 765 766 848 5
 767 765 768 5
 768 765 848 5
 810 766 811 5
 766 810 848 5
 811 766 838 5
 767 768 771 5
 769 767 828 5
 767 771 828 5
 771 768 772 5
 772 768 774 5
 774 768 848 5
 769 825 860 5
 825 769 861 5
 769 828 861 5
 770 788 789 5
 770 789 790 5
 770 790 838 5
 771 772 775 5
 771 775 776 5
 771 776 828 5
 772 774 842 5
 775 772 777 5
 777 772 842 5
 850 773 859 5
 859 773 868 5
 773 860 868 5
 774 808 826 5
 808 774 848 5
 774 826 842 5
 776 775 851 5
 775 777 779 5
 775 779 851 5
 828 776 829 5
 829 776 830 5
 830 776 851 5
 779 777 780 5
 780 777 781 5
 781 777 842 5
 833 778 834 5
 834 778 835 5
 835 778 850 5
 779 780 867 5
 851 779 866 5
 866 779 867 5
 780 781 782 5
 780 782 864 5
 780 864 867 5
 782 781 783 5
 783 781 784 5
 784 781 842 5
 782 783 785 5
 782 785 786 5
 782 786 864 5
 783 784 873 5
 784 826 827 5
 826 784 842 5
 784 827 873 5
 864 786 869 5
 869 786 870 5
 788 787 843 5
 789 788 843 5
 790 789 791 5
 791 789 800 5
 800 789 843 5
 790 791 792 5
 790 792 811 5
 790 811 838 5
 792 791 793 5
 793 791 809 5
 791 800 809 5
 792 793 794 5
 792 794 795 5
 792 795 811 5
 794 793 798 5
 798 793 804 5
 804 793 809 5
 795 794 796 5
 796 794 854 5
 794 798 854 5
 795 796 797 5
 795 797 810 5
 795 810 811 5
 797 796 799 5
 799 796 802 5
 802 796 854 5
 797 799 801 5
 797 801 808 5
 797 808 810 5
 798 804 805 5
 798 805 806 5
 798 806 854 5
 801 799 872 5
 799 802 803 5
 799 803 872 5
 809 800 852 5
 800 843 849 5
 800 849 852 5
 808 801 826 5
 826 801 827 5
 827 801 872 5
 803 802 880 5
 805 804 807 5
 805 807 857 5
 810 808 848 5
 813 812 845 5
 814 813 815 5
 815 813 816 5
 816 813 845 5
 814 815 863 5
 847 814 862 5
 862 814 863 5
 815 816 817 5
 815 817 818 5
 815 818 863 5
 817 816 846 5
 816 845 878 5
 846 816 878 5
 818 817 819 5
 819 817 820 5
 820 817 846 5
 818 819 861 5
 829 818 861 5
 818 829 863 5
 819 820 821 5
 819 821 825 5
 819 825 861 5
 821 820 822 5
 822 820 824 5
 824 820 846 5
 821 822 823 5
 821 823 868 5
 825 821 868 5
 823 822 871 5
 823 858 859 5
 858 823 871 5
 823 859 868 5
 860 825 868 5
 827 839 873 5
 828 829 861 5
 829 830 863 5
 830 851 865 5
 830 862 863 5
 862 830 865 5
 831 845 856 5
 845 831 878 5
 833 834 836 5
 833 836 853 5
 834 835 837 5
 837 835 858 5
 835 850 859 5
 858 835 859 5
 853 836 855 5
 855 836 876 5
 844 837 858 5
 837 844 879 5
 840 841 866 5
 840 866 867 5
 841 865 866 5
 844 858 871 5
 865 851 866 5
 1 1031 20 6
 108 1031 1 6
 30 1027 3 6
 3 1027 130 6
 64 1028 5 6
 5 1028 118 6
 7 1029 74 6
 140 1029 7 6
 20 899 21 6
 20 1031 899 6
 21 1022 22 6
 899 1022 21 6
 22 894 23 6
 22 1022 894 6
 23 985 24 6
 894 985 23 6
 24 885 25 6
 24 985 885 6
 25 972 26 6
 885 972 25 6
 26 1024 27 6
 972 1024 26 6
 27 890 28 6
 27 1024 890 6
 28 1026 29 6
 890 1026 28 6
 29 1002 30 6
 29 1026 1002 6
 1002 1027 30 6
 65 900 64 6
 900 1028 64 6
 66 974 65 6
 65 974 900 6
 67 891 66 6
 891 974 66 6
 68 1025 67 6
 67 1025 891 6
 69 1016 68 6
 1016 1025 68 6
 70 886 69 6
 886 1016 69 6
 71 1023 70 6
 70 1023 886 6
 72 895 71 6
 895 1023 71 6
 73 1021 72 6
 72 1021 895 6
 74 996 73 6
 996 1021 73 6
 74 1029 996 6
 109 1013 108 6
 1013 1031 108 6
 110 1012 109 6
 1012 1013 109 6
 111 889 110 6
 889 1012 110 6
 112 1011 111 6
 111 1011 889 6
 113 1008 112 6
 1008 1011 112 6
 114 888 113 6
 888 1008 113 6
 115 987 114 6
 114 987 888 6
 116 896 115 6
 896 987 115 6
 117 983 116 6
 116 983 896 6
 118 1005 117 6
 117 1005 983 6
 118 1028 1005 6
 130 898 131 6
 130 1027 898 6
 131 959 132 6
 898 959 131 6
 132 893 133 6
 132 959 893 6
 133 990 134 6
 893 990 133 6
 134 887 135 6
 134 990 887 6
 135 993 136 6
 887 993 135 6
 136 989 137 6
 136 993 989 6
 137 892 138 6
 137 989 892 6
 138 901 139 6
 892 901 138 6
 139 897 140 6
 139 901 897 6
 897 1029 140 6
 885 1015 972 6
 985 986 885 6
 986 1015 885 6
 941 943 886 6
 886 1023 941 6
 943 944 886 6
 944 1016 886 6
 990 994 887 6
 887 997 993 6
 994 997 887 6
 987 1034 888 6
 888 1010 1008 6
 888 1034 1010 6
 889 1009 1007 6
 1007 1012 889 6
 889 1011 1009 6
 971 979 890 6
 890 1024 971 6
 979 980 890 6
 980 1026 890 6
 891 1006 974 6
 1001 1006 891 6
 891 1025 1001 6
 892 902 901 6
 892 903 902 6
 892 989 903 6
 959 960 893 6
 960 961 893 6
 961 990 893 6
 894 936 934 6
 934 1020 894 6
 894 1022 936 6
 894 1020 985 6
 939 940 895 6
 895 1021 939 6
 940 941 895 6
 941 1023 895 6
 956 987 896 6
 896 1004 956 6
 983 1004 896 6
 901 938 897 6
 938 996 897 6
 996 1029 897 6
 898 981 959 6
 898 1002 981 6
 898 1027 1002 6
 899 937 936 6
 936 1022 899 6
 899 1013 937 6
 899 1031 1013 6
 974 1033 900 6
 900 1018 1005 6
 1005 1028 900 6
 900 1033 1018 6
 902 938 901 6
 903 904 902 6
 904 931 902 6
 931 938 902 6
 903 905 904 6
 903 932 905 6
 903 989 932 6
 905 906 904 6
 906 992 904 6
 904 992 931 6
 905 907 906 6
 905 998 907 6
 932 998 905 6
 907 908 906 6
 908 925 906 6
 925 992 906 6
 907 909 908 6
 907 922 909 6
 907 998 922 6
 909 910 908 6
 910 978 908 6
 908 978 925 6
 909 911 910 6
 909 975 911 6
 922 975 909 6
 911 912 910 6
 912 915 910 6
 915 978 910 6
 911 913 912 6
 911 914 913 6
 911 975 914 6
 913 916 912 6
 912 988 915 6
 916 988 912 6
 914 984 913 6
 913 917 916 6
 913 984 917 6
 973 984 914 6
 914 995 973 6
 975 995 914 6
 915 1019 978 6
 988 1032 915 6
 915 1032 1019 6
 917 918 916 6
 918 919 916 6
 919 988 916 6
 917 920 918 6
 917 921 920 6
 917 984 921 6
 918 1017 919 6
 920 923 918 6
 923 1017 918 6
 958 1003 919 6
 919 1017 958 6
 919 1003 988 6
 921 991 920 6
 920 924 923 6
 920 991 924 6
 921 984 982 6
 982 1000 921 6
 921 1000 991 6
 922 976 975 6
 922 977 976 6
 922 998 977 6
 924 926 923 6
 926 927 923 6
 927 1017 923 6
 924 928 926 6
 924 929 928 6
 924 991 929 6
 942 992 925 6
 925 1014 942 6
 978 1014 925 6
 926 933 927 6
 928 1009 926 6
 926 1009 933 6
 933 1010 927 6
 1010 1030 927 6
 927 1030 1017 6
 929 930 928 6
 930 1007 928 6
 1007 1009 928 6
 929 934 930 6
 929 935 934 6
 929 991 935 6
 934 936 930 6
 936 937 930 6
 937 1007 930 6
 931 939 938 6
 931 940 939 6
 931 992 940 6
 989 993 932 6
 993 997 932 6
 997 998 932 6
 1008 1010 933 6
 933 1011 1008 6
 1009 1011 933 6
 935 1020 934 6
 935 1000 986 6
 986 1020 935 6
 991 1000 935 6
 937 1012 1007 6
 937 1013 1012 6
 939 996 938 6
 939 1021 996 6
 940 942 941 6
 940 992 942 6
 942 943 941 6
 942 1014 943 6
 943 945 944 6
 943 1014 945 6
 945 946 944 6
 946 955 944 6
 955 1016 944 6
 945 947 946 6
 945 1019 947 6
 1014 1019 945 6
 947 948 946 6
 948 1001 946 6
 946 1001 955 6
 947 949 948 6
 947 1032 949 6
 1019 1032 947 6
 949 950 948 6
 950 951 948 6
 951 1001 948 6
 949 1003 950 6
 988 1003 949 6
 949 1032 988 6
 950 952 951 6
 950 953 952 6
 950 1003 953 6
 952 954 951 6
 954 1006 951 6
 951 1006 1001 6
 953 956 952 6
 952 1004 954 6
 956 1004 952 6
 953 957 956 6
 953 958 957 6
 953 1003 958 6
 1004 1018 954 6
 954 1033 1006 6
 1018 1033 954 6
 1001 1025 955 6
 955 1025 1016 6
 957 1034 956 6
 956 1034 987 6
 958 1030 957 6
 957 1030 1010 6
 1010 1034 957 6
 1017 1030 958 6
 959 981 960 6
 960 962 961 6
 960 963 962 6
 960 981 963 6
 962 999 961 6
 961 994 990 6
 961 999 994 6
 963 964 962 6
 964 965 962 6
 965 999 962 6
 963 979 964 6
 963 980 979 6
 963 981 980 6
 964 966 965 6
 964 967 966 6
 964 979 967 6
 966 995 965 6
 965 995 976 6
 976 999 965 6
 967 968 966 6
 968 973 966 6
 973 995 966 6
 967 969 968 6
 967 971 969 6
 967 979 971 6
 969 970 968 6
 970 982 968 6
 968 982 973 6
 969 1015 970 6
 971 972 969 6
 972 1015 969 6
 970 1000 982 6
 986 1000 970 6
 970 1015 986 6
 971 1024 972 6
 982 984 973 6
 1006 1033 974 6
 976 995 975 6
 977 999 976 6
 977 997 994 6
 994 999 977 6
 977 998 997 6
 978 1019 1014 6
 981 1002 980 6
 1002 1026 980 6
 983 1018 1004 6
 1005 1018 983 6
 985 1020 986 6
 Tetrahedra
 8410
 631 713 1262 1514 1
 677 1244 1401 1758 1
 1177 1422 1353 1646 1
 1422 1646 1177 1686 1
 950 1136 1365 1400 1
 649 1191 1154 1441 1
 1293 1421 1213 1454 1
 1333 1465 616 1714 1
 1175 1333 616 1714 1
 1175 1465 1333 1714 1
 1157 1102 1279 1608 1
 1059 1127 1517 1650 1
 1262 1514 713 1600 1
 1313 1517 1127 1650 1
 1111 1183 1349 1582 1
 1059 1517 1313 1650 1
 1407 1722 1290 1740 1
 1126 1407 1290 1740 1
 823 868 1250 1416 1
 274 1528 1363 1564 1
 1053 1349 1183 1582 1
 1168 1250 868 1416 1
 500 1144 1206 1488 1
 187 180 183 1411 1
 410 367 1192 1469 1
 1212 1312 1074 1353 1
 1081 1342 1699 1824 1
 1042 1646 1422 1686 1
 720 1379 1514 1676 1
 995 1364 1227 1578 1
 1169 1218 1090 1256 1
 617 616 1465 1714 1
 934 1499 1020 1575 1
 1212 1353 1074 1780 1
 367 1192 1469 1591 1
 442 1194 737 1482 1
 737 1194 862 1482 1
 1215 1235 1051 1345 1
 1159 1470 1430 1490 1
 410 1192 886 1469 1
 1147 1460 1415 1530 1
 1210 1444 1243 1467 1
 1318 1319 1080 1403 1
 1169 1256 1090 1458 1
 1058 1460 1147 1530 1
 1090 1458 1256 1500 1
 1277 1492 641 1642 1
 906 1406 1137 1614 1
 1108 1415 1147 1460 1
 548 1165 1435 1650 1
 1059 1127 1462 1517 1
 1059 1338 1127 1650 1
 747 152 1173 1716 1
 183 1220 1411 1572 1
 1293 1319 1077 1509 1
 590 1163 292 1512 1
 1081 1390 1342 1824 1
 917 1361 1391 1558 1
 1213 1421 1098 1454 1
 1277 1418 641 1492 1
 917 920 1361 1558 1
 1120 1230 1141 1674 1
 1256 1350 1218 1500 1
 1147 1455 1108 1460 1
 1190 1353 1212 1780 1
 1083 1152 1180 1891 1
 1415 1460 1108 1530 1
 1390 1699 1342 1824 1
 243 1173 152 1716 1
 938 1406 1244 1779 1
 934 1311 1499 1575 1
 1040 1293 1213 1454 1
 1215 1339 1235 1345 1
 1263 1393 1296 1710 1
 1116 1270 1239 1454 1
 1325 1523 1315 1611 1
 649 1441 1154 1536 1
 1319 1509 1293 1598 1
 904 1406 906 1614 1
 1098 1213 1316 1421 1
 1293 1316 1213 1421 1
 1127 1338 1059 1462 1
 387 1162 441 1526 1
 920 1361 1558 1643 1
 1099 1523 1325 1611 1
 862 1482 1194 1606 1
 274 277 1363 1528 1
 548 1165 537 1435 1
 1430 1470 1159 1602 1
 1058 1205 1130 1258 1
 1162 386 1660 1896 1
 1083 1180 1275 1891 1
 1060 1239 1156 1764 1
 141 1166 243 1716 1
 376 1393 1263 1710 1
 1470 1490 1159 1602 1
 1060 1326 1239 1764 1
 932 1448 1380 1631 1
 1090 1256 1218 1500 1
 1380 1448 932 1614 1
 376 1296 1393 1710 1
 925 1137 1431 1882 1
 642 641 1492 1642 1
 1058 1130 1205 1477 1
 965 995 1227 1578 1
 1162 1526 386 1896 1
 1051 1215 1345 1883 1
 1311 1575 1440 1741 1
 500 1488 1206 1567 1
 387 426 1162 1526 1
 223 1425 1392 1655 1
 1200 1319 1318 1403 1
 719 738 849 1189 1
 1053 1146 1210 1349 1
 965 1227 976 1578 1
 1383 1553 1446 1597 1
 1165 1554 1181 1701 1
 1055 1250 1416 1594 1
 1058 1130 1477 1530 1
 1304 1401 1244 1758 1
 1090 1218 1350 1500 1
 1334 1507 1218 1687 1
 1013 453 583 1285 1
 850 1250 1527 1547 1
 965 976 995 1578 1
 1148 1274 1097 1301 1
 1047 1507 1334 1687 1
 386 1162 426 1526 1
 1094 1334 1150 1507 1
 1016 410 293 1192 1
 1037 1329 1150 1881 1
 1221 1279 1102 1608 1
 1071 1212 1318 1546 1
 514 1510 1375 1516 1
 631 1262 1450 1514 1
 1074 1212 1297 1312 1
 1129 1064 1330 1814 1
 1104 1281 1141 1626 1
 1116 1452 1270 1454 1
 841 737 570 1194 1
 1064 1129 1330 1372 1
 1268 1154 1492 1706 1
 1079 1138 1270 1873 1
 1129 1372 1064 1814 1
 1104 1326 1281 1626 1
 1210 1053 1444 1467 1
 1039 1275 1477 1508 1
 1315 1523 1325 1729 1
 1105 1177 1242 1524 1
 1039 1477 1219 1508 1
 1051 1679 1221 1770 1
 333 1272 1139 1548 1
 1257 606 1628 1670 1
 1203 1077 1319 1509 1
 266 1497 1173 1716 1
 1206 1242 1177 1524 1
 649 1154 1191 1706 1
 243 1166 267 1716 1
 494 1427 1265 1552 1
 141 267 243 1166 1
 934 1440 1311 1575 1
 1183 1631 997 1724 1
 583 1031 1013 1285 1
 1141 1230 1120 1540 1
 1194 1482 442 1567 1
 677 1401 1244 1836 1
 1281 1326 1141 1626 1
 857 882 715 1263 1
 1136 1617 950 1726 1
 583 284 1031 1285 1
 1150 1329 1188 1881 1
 292 1163 425 1512 1
 1081 1342 1172 1359 1
 1102 1142 1198 1436 1
 1103 1191 1171 1685 1
 1224 1331 1230 1842 1
 1139 1272 333 1621 1
 1080 1319 1318 1532 1
 849 719 1189 1379 1
 1071 1228 1172 1371 1
 1172 1228 1052 1371 1
 1058 1147 1415 1530 1
 1232 1372 1243 1807 1
 1120 1289 1230 1674 1
 720 1514 630 1676 1
 1239 1326 1060 1690 1
 1064 1446 1383 1553 1
 850 835 1250 1547 1
 1169 1728 1249 1820 1
 172 1392 223 1425 1
 1318 1319 1200 1532 1
 588 273 1363 1887 1
 1203 1509 1319 1598 1
 792 1410 1149 1565 1
 1268 1492 1154 1749 1
 1294 1349 1138 1428 1
 1184 1363 273 1887 1
 992 1137 906 1406 1
 1137 1380 906 1614 1
 1326 1690 1239 1764 1
 938 1244 1406 1836 1
 1285 1751 1440 1760 1
 1185 1251 912 1391 1
 1243 1372 1232 1586 1
 1079 1270 1264 1873 1
 1217 1514 1379 1676 1
 1183 997 1384 1724 1
 643 641 1418 1492 1
 841 1194 570 1388 1
 792 790 1410 1565 1
 1070 1299 1269 1346 1
 1290 1722 1235 1740 1
 1055 1416 1166 1594 1
 1373 1493 1298 1616 1
 1047 1334 1507 1571 1
 259 1271 1147 1381 1
 284 154 1031 1285 1
 1150 1507 1334 1571 1
 1225 1410 790 1565 1
 704 1470 1430 1602 1
 1011 541 490 1248 1
 516 1327 1510 1516 1
 266 1173 243 1716 1
 1224 1769 1331 1842 1
 1148 1097 1274 1664 1
 1011 1248 490 1466 1
 1223 1288 1059 1325 1
 548 1165 1650 1885 1
 976 1286 1227 1724 1
 324 401 407 1245 1
 259 1147 255 1381 1
 531 1375 533 1767 1
 1102 1157 1279 1461 1
 1053 1349 1210 1744 1
 1119 1511 1151 1810 1
 976 1227 999 1724 1
 925 1447 1137 1882 1
 1071 1309 1212 1546 1
 1146 1175 1079 1246 1
 1056 1224 1230 1842 1
 191 1328 1134 1497 1
 1006 1365 1259 1400 1
 294 739 413 1178 1
 1085 1297 1207 1689 1
 169 223 1392 1655 1
 1148 1301 1097 1643 1
 350 1409 1540 1734 1
 1085 1200 1297 1689 1
 1221 1679 1206 1770 1
 293 1016 1192 1360 1
 607 606 1257 1670 1
 1058 1477 1237 1530 1
 1074 1297 1212 1780 1
 734 715 882 1263 1
 1171 1191 1103 1731 1
 1047 1334 1571 1687 1
 261 1241 1002 1812 1
 183 1411 180 1572 1
 823 1416 1250 1594 1
 643 642 641 1492 1
 709 1418 1247 1798 1
 1181 1554 1135 1701 1
 1349 1612 1210 1744 1
 1154 1320 1191 1685 1
 423 437 882 1263 1
 1058 1258 1130 1530 1
 950 952 1136 1400 1
 1102 1347 1142 1436 1
 1274 1301 1148 1718 1
 437 734 882 1263 1
 1268 1492 1276 1706 1
 1055 1250 1168 1416 1
 1119 1151 1511 1620 1
 531 1145 1375 1767 1
 1055 1252 1808 1847 1
 1123 1658 1208 1792 1
 1106 1272 1139 1300 1
 499 1435 1313 1650 1
 605 607 606 1257 1
 1058 1147 1258 1415 1
 1208 1658 1192 1792 1
 1154 1320 1125 1441 1
 1166 1497 267 1716 1
 541 1011 1008 1248 1
 663 1349 1428 1515 1
 241 1338 1255 1563 1
 572 1162 1337 1736 1
 1133 1502 1423 1703 1
 1254 1417 1406 1614 1
 1304 1452 1401 1503 1
 1064 1765 1330 1814 1
 1055 1810 1252 1847 1
 1141 1281 1104 1358 1
 1288 1325 1223 1570 1
 1237 1477 1201 1530 1
 1043 1460 1237 1721 1
 1056 1769 1224 1842 1
 1091 1423 1502 1703 1
 1250 1547 835 1594 1
 426 386 360 1162 1
 1218 1687 1507 1840 1
 1207 1332 1085 1351 1
 1112 1506 1450 1514 1
 1212 1318 1546 1609 1
 905 1380 932 1614 1
 677 1401 678 1758 1
 1104 1490 1470 1602 1
 1094 1150 1453 1507 1
 1119 1151 1252 1810 1
 1112 1379 1217 1514 1
 1091 1502 1133 1703 1
 810 1555 1410 1728 1
 1112 1262 1450 1506 1
 516 1327 1261 1510 1
 607 1257 1330 1670 1
 1151 1511 1252 1810 1
 360 1162 386 1660 1
 913 1185 912 1391 1
 1349 1612 625 1771 1
 1089 1141 1230 1674 1
 1077 1359 1185 1396 1
 1288 1422 1353 1763 1
 1150 1107 1188 1329 1
 1048 1332 1315 1780 1
 1269 1346 1299 1586 1
 1123 1192 1658 1792 1
 680 1183 682 1349 1
 294 413 422 1178 1
 960 1257 1377 1746 1
 515 514 1375 1516 1
 1043 1232 1372 1586 1
 714 631 713 1262 1
 1154 1191 1320 1441 1
 1115 1363 1528 1564 1
 1079 1175 1146 1714 1
 396 425 292 1163 1
 1040 1421 1293 1454 1
 259 1147 1271 1455 1
 1074 1223 1325 1570 1
 1227 1364 995 1654 1
 1111 1417 1254 1614 1
 1140 1256 1169 1458 1
 1340 1644 1410 1728 1
 886 1469 1192 1658 1
 1244 1406 1284 1779 1
 1140 1256 1458 1500 1
 1126 1290 1235 1740 1
 1129 1330 1765 1814 1
 1077 1203 1164 1509 1
 678 1401 1304 1758 1
 986 1020 1499 1575 1
 1241 1446 1553 1597 1
 1208 1431 1137 1882 1
 1119 1620 1511 1810 1
 1093 1253 1211 1568 1
 522 532 520 1261 1
 350 1409 1141 1540 1
 1109 1205 1148 1741 1
 417 1292 1521 1656 1
 1169 1340 774 1624 1
 1260 1427 560 1850 1
 1111 1401 1254 1417 1
 1057 1634 1233 1698 1
 739 413 1178 1414 1
 1298 1493 1373 1773 1
 360 1660 386 1896 1
 532 520 1261 1510 1
 680 1448 1349 1515 1
 868 1250 1168 1616 1
 1139 1605 1272 1621 1
 662 680 682 1349 1
 1043 1237 1201 1721 1
 1048 1207 1332 1780 1
 1139 1542 1605 1621 1
 1168 1298 1493 1616 1
 801 1728 1169 1820 1
 1067 1244 1304 1401 1
 904 992 906 1406 1
 1089 1230 1141 1734 1
 1231 1429 406 1789 1
 401 1245 1438 1792 1
 1267 1442 652 1536 1
 1179 1568 1373 1773 1
 1036 1370 1279 1461 1
 1111 1183 1582 1631 1
 370 1432 1244 1758 1
 1279 1513 1157 1608 1
 470 472 1242 1347 1
 1109 1148 1205 1575 1
 1155 1423 1133 1502 1
 1321 1378 480 1640 1
 1169 1256 1140 1468 1
 1044 1175 1246 1399 1
 1051 1194 1679 1770 1
 417 1292 1405 1521 1
 662 625 1349 1612 1
 1165 1701 1640 1772 1
 1181 1640 1165 1701 1
 965 1227 995 1654 1
 1373 1568 1298 1773 1
 172 169 223 1392 1
 1079 1399 1175 1897 1
 720 713 630 1514 1
 1138 1428 1349 1515 1
 1077 1185 1164 1396 1
 1234 1356 245 1437 1
 1089 1141 1409 1734 1
 1339 1345 1215 1883 1
 1301 1535 1148 1718 1
 1237 1460 1201 1721 1
 986 1499 1344 1575 1
 1241 1746 1002 1812 1
 1141 1540 1409 1734 1
 1227 1286 976 1578 1
 1315 1523 1216 1611 1
 1440 1751 937 1760 1
 396 292 590 1163 1
 191 1497 1134 1830 1
 663 1349 1146 1428 1
 1212 1546 1086 1609 1
 548 1650 1255 1885 1
 1430 1470 1143 1490 1
 627 1217 1191 1676 1
 709 1247 1418 1797 1
 732 602 898 1241 1
 1147 1108 1455 1574 1
 792 1149 1410 1555 1
 1079 1246 1175 1399 1
 1055 1808 1193 1847 1
 1103 1191 1544 1731 1
 1074 1325 1288 1570 1
 1379 1514 1112 1600 1
 1177 1646 1353 1686 1
 1067 1401 1304 1452 1
 270 265 256 1576 1
 560 1427 1260 1875 1
 176 1392 1233 1502 1
 1036 1279 1370 1588 1
 1169 774 1458 1624 1
 467 1456 1347 1596 1
 1172 1081 1359 1833 1
 1055 1166 1395 1594 1
 1253 1568 1093 1768 1
 925 906 992 1137 1
 1077 1319 1293 1359 1
 1078 1290 1235 1345 1
 171 1233 176 1392 1
 960 1377 963 1746 1
 518 1261 516 1327 1
 1077 1164 1447 1509 1
 1054 1208 1192 1792 1
 569 478 587 1679 1
 1399 1561 1175 1897 1
 1233 1634 1564 1698 1
 1044 1175 1399 1561 1
 837 1547 1476 1594 1
 718 736 627 1676 1
 1146 1246 1079 1599 1
 453 1285 1013 1751 1
 1138 1270 1116 1452 1
 559 1313 499 1435 1
 1043 1269 1201 1484 1
 1268 1685 1154 1706 1
 1080 1359 1319 1532 1
 255 259 213 1147 1
 291 387 426 1162 1
 1077 1164 1203 1396 1
 1168 1354 1055 1592 1
 259 213 1147 1455 1
 1027 285 732 1241 1
 548 537 1165 1885 1
 1051 1641 1221 1679 1
 1203 1269 1070 1396 1
 899 1031 154 1285 1
 1067 1452 1304 1550 1
 533 1375 1248 1767 1
 1244 1401 1254 1836 1
 1037 1150 1334 1881 1
 1235 1722 1369 1740 1
 925 1137 992 1431 1
 954 1259 1033 1400 1
 1139 1272 1106 1548 1
 1048 1315 1745 1780 1
 1172 1228 1071 1342 1
 1175 1368 1731 1813 1
 849 738 843 1189 1
 906 1137 925 1447 1
 1018 1400 1231 1590 1
 1082 1167 1228 1457 1
 531 1375 1145 1516 1
 853 1424 1247 1802 1
 1126 1302 1407 1740 1
 1048 1332 1207 1351 1
 1067 1406 1254 1417 1
 1199 1544 1191 1731 1
 1206 1488 1144 1770 1
 1047 1568 1179 1773 1
 1142 1337 553 1474 1
 527 517 1196 1327 1
 1383 1446 1186 1597 1
 417 1405 388 1521 1
 1069 1260 1305 1427 1
 1191 1676 1217 1837 1
 410 408 293 1192 1
 1425 1543 1392 1655 1
 285 1027 261 1241 1
 266 243 1497 1716 1
 222 1419 1247 1797 1
 1046 1312 1212 1353 1
 152 243 266 1173 1
 572 1526 1162 1736 1
 929 1440 934 1575 1
 1048 1745 1207 1780 1
 1172 1342 1081 1390 1
 1302 1722 1407 1740 1
 1244 1067 1284 1406 1
 676 1254 683 1515 1
 1186 1765 1064 1814 1
 470 1242 469 1347 1
 1088 1605 1542 1621 1
 1342 1445 1081 1699 1
 801 808 1169 1728 1
 1175 1368 1199 1731 1
 415 1393 1296 1865 1
 1146 1349 663 1771 1
 261 1002 232 1812 1
 1081 1699 1287 1824 1
 1131 1568 1253 1768 1
 1140 1458 1169 1468 1
 1058 1271 1147 1460 1
 1364 1556 973 1864 1
 1150 1188 1107 1571 1
 467 1347 1176 1596 1
 1150 1334 1094 1453 1
 999 976 965 1227 1
 1040 1417 1452 1599 1
 563 566 869 1712 1
 1378 1435 562 1640 1
 330 392 1224 1331 1
 1064 1330 1243 1372 1
 1413 1546 1309 1573 1
 1105 1242 1177 1763 1
 517 1196 1327 1516 1
 1109 1314 1205 1741 1
 733 287 881 1247 1
 1210 1243 1073 1467 1
 663 1428 665 1515 1
 1058 1415 1258 1530 1
 563 869 1266 1712 1
 1358 1278 1762 1857 1
 1142 1102 1198 1461 1
 1033 1400 1259 1825 1
 1191 1320 1171 1685 1
 605 1330 1257 1446 1
 1027 732 898 1241 1
 738 719 591 1189 1
 1131 1211 1253 1568 1
 627 1191 1217 1633 1
 1059 1288 1223 1707 1
 1035 1207 1297 1689 1
 559 1170 1313 1435 1
 1218 1334 1094 1507 1
 1188 1334 1150 1881 1
 1051 1194 1641 1679 1
 1150 1107 1784 1839 1
 554 1347 467 1456 1
 1249 1519 1169 1820 1
 413 422 1178 1414 1
 950 1365 1136 1481 1
 1053 1203 1269 1694 1
 1053 1269 1467 1694 1
 952 950 1136 1617 1
 984 973 1556 1864 1
 1051 1235 1290 1345 1
 1052 1228 1172 1390 1
 515 1510 514 1516 1
 737 442 570 1194 1
 600 1029 897 1244 1
 1254 1406 1244 1836 1
 291 441 387 1162 1
 841 865 737 1194 1
 417 1521 388 1656 1
 1108 1460 1455 1648 1
 531 513 533 1375 1
 1047 1507 1687 1840 1
 1243 1586 1232 1807 1
 1216 1523 1315 1604 1
 1163 1512 721 1711 1
 1104 1470 1490 1630 1
 554 1456 467 1596 1
 1016 886 410 1192 1
 191 1134 1328 1411 1
 1064 1241 1446 1553 1
 1344 1499 1109 1575 1
 241 1255 1483 1563 1
 1093 1373 1298 1616 1
 1028 435 582 1231 1
 1055 1594 1395 1810 1
 1116 1452 1304 1503 1
 682 1349 1183 1612 1
 1150 1748 1107 1839 1
 1342 1359 1081 1445 1
 1203 1164 1509 1582 1
 1206 1567 1488 1770 1
 1138 1349 1294 1515 1
 1099 1523 1216 1808 1
 1208 1421 1123 1792 1
 1243 1444 1269 1467 1
 607 1257 605 1330 1
 954 1033 1018 1400 1
 837 835 1547 1594 1
 332 336 333 1139 1
 1109 1499 1311 1575 1
 1441 1676 1191 1837 1
 1114 1510 1327 1516 1
 415 356 1393 1865 1
 1450 1506 1159 1514 1
 1153 1250 1093 1307 1
 1171 1199 1191 1731 1
 1009 1273 928 1535 1
 774 1340 1169 1728 1
 1128 1435 1378 1640 1
 960 1377 1257 1589 1
 1093 1250 1153 1527 1
 1039 1219 1477 1903 1
 1119 1250 1153 1307 1
 1043 1372 1243 1586 1
 1476 1547 1119 1594 1
 1083 1180 1152 1534 1
 1201 1269 1096 1484 1
 1056 1230 1224 1541 1
 733 601 287 1247 1
 245 1234 251 1356 1
 1373 1493 1179 1773 1
 954 1006 1033 1259 1
 1079 1270 1138 1599 1
 1175 1199 1044 1731 1
 1121 1301 1274 1718 1
 436 1029 731 1244 1
 1363 1528 277 1642 1
 527 1196 517 1516 1
 1082 1228 1167 1573 1
 1049 1185 1359 1396 1
 271 881 287 1247 1
 1065 1296 1263 1393 1
 1447 1509 1164 1582 1
 1128 1378 1321 1640 1
 169 1392 1195 1655 1
 175 1420 1271 1700 1
 1175 1731 1044 1813 1
 1172 1359 1342 1532 1
 802 1296 854 1464 1
 1052 1172 1371 1613 1
 1096 1269 1201 1721 1
 1067 1304 1432 1550 1
 1122 1354 1168 1592 1
 1067 1432 1452 1550 1
 1269 1299 1070 1484 1
 141 740 1166 1716 1
 1147 1271 1455 1460 1
 1155 1057 1233 1698 1
 1038 1699 1390 1824 1
 764 1373 1179 1644 1
 1144 1206 1422 1846 1
 939 1406 938 1779 1
 1232 1372 1129 1423 1
 587 1567 569 1679 1
 675 590 292 1512 1
 1155 1233 1057 1423 1
 997 1631 977 1724 1
 540 548 537 1435 1
 1113 1279 1221 1608 1
 1180 1700 1058 1891 1
 912 1251 1185 1794 1
 1439 1506 1262 1565 1
 881 751 733 1247 1
 1028 306 435 1231 1
 1081 1222 1445 1719 1
 682 662 1349 1612 1
 1340 1410 1094 1728 1
 1099 1411 1523 1808 1
 1206 1524 1422 1846 1
 1202 1318 1080 1403 1
 1243 1467 1269 1586 1
 293 1192 408 1360 1
 583 262 284 1285 1
 1043 1201 1269 1721 1
 1460 1530 1201 1721 1
 1100 1161 1449 1485 1
 1389 1390 1114 1639 1
 1112 1450 1262 1514 1
 1389 1451 1390 1639 1
 1172 1071 1371 1613 1
 1184 697 1529 1878 1
 1047 1150 1507 1748 1
 764 1179 765 1644 1
 1232 1129 1372 1807 1
 1037 1150 1329 1762 1
 1380 1448 1111 1631 1
 1138 1452 1417 1599 1
 1183 1349 680 1448 1
 1174 1073 1322 1368 1
 1179 1047 1507 1568 1
 651 1267 652 1536 1
 1150 1568 1507 1748 1
 1150 1107 1329 1784 1
 715 857 1263 1755 1
 1150 1784 1329 1839 1
 328 1239 331 1764 1
 1419 1528 1151 1749 1
 436 412 1029 1244 1
 1132 1808 1252 1847 1
 1123 1421 1208 1804 1
 744 1296 802 1865 1
 1358 1506 1278 1857 1
 683 1515 1254 1888 1
 514 1375 1167 1747 1
 667 665 1138 1515 1
 882 749 423 1263 1
 245 1437 1356 1534 1
 1292 1385 417 1405 1
 951 1365 1006 1400 1
 1128 1640 1701 1772 1
 1406 1417 1137 1614 1
 1172 1251 1081 1833 1
 1073 1368 1174 1867 1
 401 1245 324 1438 1
 616 1333 703 1465 1
 1035 1297 1200 1689 1
 216 1328 191 1497 1
 1080 1293 1319 1359 1
 330 325 392 1331 1
 1112 1514 1262 1600 1
 1182 1089 1331 1778 1
 1127 1255 1338 1563 1
 1353 1646 1087 1686 1
 1077 1319 1359 1396 1
 1067 1254 1244 1401 1
 676 1401 1254 1515 1
 1069 1265 1260 1427 1
 1190 1092 1404 1625 1
 1013 1031 899 1285 1
 1067 1254 1401 1417 1
 1051 1235 1559 1770 1
 731 1029 600 1244 1
 1137 1380 1417 1582 1
 617 616 703 1465 1
 1051 1559 1194 1770 1
 1114 1390 1389 1573 1
 1080 1403 1319 1901 1
 1068 1419 1151 1749 1
 1113 1513 1279 1608 1
 588 688 273 1887 1
 387 441 526 1526 1
 1155 1665 1057 1698 1
 1112 1262 1506 1565 1
 663 1428 1146 1714 1
 939 1284 1406 1779 1
 1194 1559 1235 1770 1
 1230 1289 1120 1822 1
 624 1333 1143 1465 1
 1085 1237 1201 1299 1
 1201 1237 1043 1299 1
 1146 1349 1294 1428 1
 1146 1079 1428 1599 1
 1358 1762 1490 1857 1
 1177 1353 1422 1763 1
 1155 1502 1133 1635 1
 1146 1428 1294 1599 1
 332 1139 333 1621 1
 417 1385 1292 1854 1
 652 1267 598 1442 1
 1520 1253 1855 1859 1
 257 1271 175 1420 1
 656 1418 709 1798 1
 1111 1417 1380 1582 1
 197 1252 199 1395 1
 869 566 870 1712 1
 649 1191 1544 1706 1
 1099 1216 1523 1611 1
 1217 1379 1112 1647 1
 1231 1400 1062 1590 1
 1553 1746 1241 1812 1
 1410 1555 1094 1728 1
 1206 478 1679 1695 1
 1179 1507 1373 1568 1
 1520 1777 1253 1859 1
 1369 1722 1302 1740 1
 952 1136 1400 1617 1
 1037 1334 1150 1693 1
 1244 1254 1067 1406 1
 1092 1495 1404 1625 1
 841 865 1194 1388 1
 173 245 251 1356 1
 1186 1446 1064 1765 1
 1212 1309 1086 1546 1
 1325 1332 1315 1729 1
 667 1138 665 1873 1
 336 333 1139 1548 1
 492 1265 494 1427 1
 1103 1685 1268 1706 1
 1135 1554 1181 1786 1
 1218 1256 1056 1692 1
 842 781 1140 1776 1
 744 802 1472 1865 1
 1060 1197 1630 1653 1
 1047 1507 1568 1748 1
 925 1431 1208 1882 1
 1054 1421 1208 1792 1
 1062 1590 1196 1622 1
 243 267 1497 1716 1
 370 1244 1432 1779 1
 1379 1647 1217 1676 1
 1088 1182 1331 1778 1
 375 376 358 1393 1
 1294 1349 1053 1582 1
 176 1392 1502 1662 1
 677 1254 1401 1836 1
 1201 1460 1237 1530 1
 340 1141 350 1409 1
 1043 1299 1269 1484 1
 1391 1580 1185 1833 1
 1057 1233 1323 1423 1
 1267 1536 1418 1577 1
 1218 1504 1256 1692 1
 677 668 678 1401 1
 1267 1418 1068 1577 1
 328 1480 1239 1764 1
 1339 1345 1090 1773 1
 1085 1477 1275 1508 1
 1507 1568 1150 1859 1
 1546 1573 1413 1831 1
 514 1167 1375 1510 1
 1243 1330 1064 1735 1
 1427 1552 1144 1806 1
 527 1327 1196 1622 1
 1089 1674 1230 1842 1
 1164 1185 1096 1396 1
 699 1146 663 1771 1
 1058 1258 1147 1381 1
 928 1273 1440 1535 1
 406 1429 1231 1825 1
 1183 1053 1582 1631 1
 1256 1218 1350 1504 1
 801 1249 1728 1820 1
 869 563 1266 1426 1
 340 349 350 1141 1
 1289 1230 1674 1842 1
 1125 1154 1441 1536 1
 1146 1246 1599 1694 1
 1137 1380 1111 1417 1
 1238 1449 1161 1485 1
 663 1146 699 1714 1
 1121 1535 1301 1718 1
 859 823 868 1250 1
 1164 1185 1077 1603 1
 1115 1276 1268 1492 1
 1096 1185 1164 1578 1
 1111 1137 1417 1614 1
 598 1442 1267 1892 1
 1256 1504 1056 1692 1
 853 1247 1424 1798 1
 1127 1483 1265 1552 1
 1109 1148 1575 1741 1
 1184 1363 697 1878 1
 1242 1352 1176 1757 1
 662 661 625 1612 1
 1043 1201 1299 1484 1
 1009 1466 1273 1535 1
 1132 1523 1411 1808 1
 572 1162 524 1337 1
 548 1435 540 1650 1
 1047 1507 1150 1571 1
 1107 1748 1688 1839 1
 1222 1287 1081 1445 1
 1393 1826 1296 1865 1
 1164 1578 1185 1844 1
 1009 1007 928 1273 1
 1107 1688 1784 1839 1
 165 167 250 1152 1
 1153 1250 1119 1547 1
 1049 1794 1185 1833 1
 1401 1417 1111 1515 1
 1209 1303 1087 1350 1
 1172 1359 1532 1833 1
 1281 1630 1197 1653 1
 1185 1603 1164 1844 1
 1080 1319 1598 1901 1
 842 1140 781 1539 1
 1227 1364 1096 1578 1
 1071 1212 1309 1312 1
 667 1138 1401 1515 1
 938 1406 1254 1836 1
 222 1247 1419 1802 1
 1193 1808 1132 1847 1
 175 250 1420 1700 1
 631 1262 714 1450 1
 869 743 563 1426 1
 1044 1199 1175 1561 1
 680 1349 664 1515 1
 275 1220 1338 1563 1
 1390 1451 1136 1639 1
 1046 1176 1352 1757 1
 1052 1375 1145 1738 1
 1097 1391 1361 1558 1
 472 1347 470 1725 1
 1070 1269 1203 1694 1
 1161 1485 1100 1861 1
 1196 1062 1400 1590 1
 842 1468 1140 1539 1
 605 706 1330 1446 1
 415 1296 376 1710 1
 1630 1697 1163 1874 1
 1058 1237 1477 1891 1
 677 1254 676 1401 1
 1071 1228 1371 1457 1
 754 1424 1267 1798 1
 1119 1295 1419 1620 1
 1149 1565 1410 1858 1
 1039 1477 1275 1903 1
 1146 1053 1294 1349 1
 1106 1300 1139 1601 1
 1050 1320 1211 1839 1
 1215 1821 1458 1883 1
 1243 1330 1129 1372 1
 1157 555 1531 1828 1
 1215 1458 1090 1883 1
 521 522 1261 1736 1
 1191 1199 1171 1537 1
 667 1401 1138 1503 1
 513 1375 531 1516 1
 1177 1242 1206 1569 1
 1068 1267 1247 1418 1
 1100 1638 1316 1699 1
 1055 1252 1328 1808 1
 1119 1547 1250 1594 1
 1459 1543 1193 1691 1
 388 1521 414 1656 1
 190 1338 1220 1572 1
 401 1438 1591 1792 1
 1122 1168 1416 1592 1
 1127 1144 1552 1806 1
 562 480 1378 1640 1
 1111 1349 1294 1582 1
 1103 1544 1191 1706 1
 1288 1105 1422 1763 1
 167 250 1152 1662 1
 619 1633 1333 1790 1
 1115 1492 1268 1749 1
 1195 1392 1543 1655 1
 1071 1309 1228 1457 1
 680 683 1448 1515 1
 290 1173 266 1830 1
 1233 1392 1323 1756 1
 154 899 1285 1760 1
 1315 1048 1523 1729 1
 1219 1532 1297 1672 1
 932 1380 905 1631 1
 1085 1332 1207 1780 1
 199 1252 1328 1395 1
 1064 1446 1330 1765 1
 1170 1223 1059 1772 1
 1109 1344 1258 1381 1
 1245 1366 313 1438 1
 1324 1331 1089 1778 1
 1126 1144 1488 1770 1
 1297 1532 1200 1672 1
 171 1392 176 1662 1
 1039 1205 1275 1314 1
 1192 1208 1054 1657 1
 426 1475 1162 1557 1
 1470 1630 1163 1874 1
 1053 1210 1146 1467 1
 1146 1210 1073 1467 1
 1212 1353 1190 1705 1
 1046 1309 1212 1312 1
 774 848 1340 1728 1
 1280 1548 1405 1601 1
 1244 1067 1304 1432 1
 1142 1347 475 1456 1
 1211 1320 1171 1839 1
 1066 1311 1285 1440 1
 1179 1339 1090 1773 1
 1395 1476 197 1576 1
 1133 1091 1420 1502 1
 902 1254 938 1406 1
 1062 1231 1590 1622 1
 313 324 1245 1438 1
 1161 1124 1366 1538 1
 265 1419 1295 1802 1
 1211 1253 1093 1505 1
 164 1437 1534 1700 1
 274 218 1528 1564 1
 1198 1652 1061 1720 1
 1073 1210 1146 1771 1
 1077 1203 1319 1396 1
 1157 1063 1601 1649 1
 165 167 1152 1534 1
 1111 1448 1380 1614 1
 1248 1466 1011 1761 1
 1145 1114 1560 1639 1
 503 442 1482 1567 1
 1085 1297 1332 1780 1
 1144 1422 1770 1782 1
 1166 1416 1055 1592 1
 1014 1208 925 1431 1
 1269 1070 1396 1484 1
 1222 1357 947 1657 1
 1098 1316 1245 1421 1
 1101 1490 1143 1897 1
 328 334 331 1239 1
 562 1435 1378 1809 1
 197 186 199 1252 1
 1120 1141 1498 1674 1
 1043 1269 1243 1444 1
 1060 1630 1281 1653 1
 1127 1483 1255 1563 1
 199 1328 1252 1785 1
 1334 1453 1150 1693 1
 1166 1328 1055 1395 1
 1085 1219 1477 1508 1
 216 1166 1328 1497 1
 1035 1297 1212 1318 1
 1231 1259 1062 1400 1
 1520 1855 1225 1859 1
 1055 1328 1252 1810 1
 1035 1200 1297 1318 1
 392 1224 1331 1541 1
 1207 1085 1299 1351 1
 624 1143 1333 1430 1
 1062 1231 1306 1429 1
 1238 1485 1161 1861 1
 1053 1269 1203 1684 1
 1222 1287 1124 1365 1
 1101 1561 1490 1897 1
 1058 1700 1271 1853 1
 1193 1810 1055 1847 1
 939 931 938 1406 1
 1259 1429 308 1825 1
 223 1425 1655 1785 1
 1084 1533 1197 1881 1
 1210 1444 1053 1744 1
 1233 1323 1091 1756 1
 1129 1232 1423 1665 1
 673 1163 721 1711 1
 954 1006 1259 1400 1
 907 1164 922 1631 1
 1071 1312 1309 1457 1
 1035 1212 1297 1780 1
 522 1337 1261 1736 1
 444 563 743 1426 1
 1019 947 1357 1657 1
 174 1572 1411 1655 1
 1688 1171 1784 1839 1
 1088 1331 1324 1778 1
 336 1139 332 1521 1
 1085 1351 1332 1443 1
 1050 1520 1225 1859 1
 1141 1230 1540 1734 1
 1153 1527 1250 1547 1
 1027 1002 261 1241 1
 1085 1237 1351 1443 1
 1263 1296 1065 1439 1
 1132 1216 1523 1808 1
 950 1481 1136 1726 1
 1050 1320 1171 1537 1
 1288 1570 1223 1707 1
 641 1418 1277 1797 1
 1223 1076 1352 1570 1
 619 1430 1333 1633 1
 673 1163 1711 1874 1
 255 1147 1344 1381 1
 396 1163 590 1471 1
 1119 1252 1151 1576 1
 1410 1565 1225 1858 1
 1191 1441 718 1676 1
 1115 1528 1363 1642 1
 437 305 734 1263 1
 625 663 1349 1771 1
 1209 1350 1087 1687 1
 369 1432 1284 1779 1
 1453 1507 1150 1859 1
 340 349 1141 1626 1
 984 1556 1391 1864 1
 572 1337 524 1736 1
 1336 1528 218 1564 1
 1082 1413 1309 1573 1
 1206 1679 1567 1770 1
 859 850 835 1250 1
 1060 1239 1270 1739 1
 1063 1280 1405 1601 1
 1152 1700 1058 1853 1
 1168 1055 1416 1592 1
 417 388 414 1656 1
 1223 1312 1076 1570 1
 1064 1372 1243 1735 1
 1198 1142 1461 1652 1
 1044 1246 1175 1813 1
 1247 1418 1267 1798 1
 294 803 739 1178 1
 912 1781 1251 1794 1
 1141 1358 1104 1827 1
 1239 1270 1116 1697 1
 1064 1186 1383 1446 1
 767 1339 1179 1493 1
 1109 1381 1258 1661 1
 1233 1091 1392 1756 1
 1175 616 1333 1790 1
 1131 1507 1453 1859 1
 1104 1159 1490 1602 1
 953 950 1617 1726 1
 155 287 601 1247 1
 1050 1191 1320 1537 1
 606 605 1257 1628 1
 1254 1401 1111 1515 1
 442 737 847 1482 1
 1114 1390 1560 1639 1
 251 1356 1234 1572 1
 1145 1375 1248 1738 1
 1038 1342 1390 1699 1
 1163 1470 721 1471 1
 197 1395 204 1476 1
 1240 1100 1316 1699 1
 1050 1171 1320 1839 1
 745 1442 598 1892 1
 1157 1601 1531 1649 1
 1056 1256 1218 1708 1
 1080 1342 1359 1532 1
 1268 1276 1103 1706 1
 1419 1576 1119 1620 1
 1205 1575 1258 1661 1
 1131 1568 1507 1859 1
 733 751 710 1247 1
 1035 1297 1207 1780 1
 191 1411 1328 1785 1
 197 1252 1395 1576 1
 364 1385 1280 1405 1
 1109 1258 1575 1661 1
 1109 1575 1205 1661 1
 1125 1267 1424 1577 1
 1382 1623 1408 1793 1
 1243 1372 1129 1807 1
 1370 1461 1036 1683 1
 1070 1346 1269 1467 1
 572 1474 1162 1475 1
 1066 1285 1273 1440 1
 1305 1427 1260 1850 1
 1014 1208 1431 1658 1
 1173 1408 1382 1623 1
 1037 1358 1278 1762 1
 1226 1251 1172 1558 1
 1287 1081 1445 1699 1
 1059 1223 1170 1707 1
 1048 1315 1332 1729 1
 1054 1287 1222 1445 1
 1079 1175 1465 1897 1
 1068 1247 1277 1418 1
 290 1382 1173 1830 1
 1222 1481 947 1781 1
 443 889 1273 1751 1
 532 552 520 1510 1
 667 1503 1138 1873 1
 1060 1270 1239 1697 1
 1312 1352 1076 1570 1
 1344 1575 1258 1889 1
 1210 1612 1349 1771 1
 142 1184 273 1887 1
 736 718 1441 1676 1
 1095 1323 1233 1392 1
 1037 1197 1281 1490 1
 275 1220 190 1338 1
 1049 1359 1185 1794 1
 1057 1232 1174 1807 1
 1157 1434 555 1828 1
 1080 1202 1403 1901 1
 1174 1232 1057 1727 1
 1035 1212 1780 1817 1
 1630 1783 1697 1874 1
 1290 1770 1422 1782 1
 718 627 1191 1676 1
 1251 1391 1185 1833 1
 1062 1161 1389 1904 1
 900 306 1028 1231 1
 1198 1061 1652 1870 1
 1232 1665 1129 1807 1
 1177 1353 1087 1686 1
 248 1564 1233 1849 1
 1040 1417 1294 1509 1
 540 1435 499 1650 1
 1054 1445 1222 1719 1
 1220 1411 1134 1830 1
 800 1565 1379 1796 1
 1071 1371 1312 1457 1
 1260 1069 1305 1408 1
 167 1152 1534 1662 1
 1124 1538 1161 1904 1
 1161 1451 1389 1904 1
 1145 1516 1114 1639 1
 651 598 652 1267 1
 158 1494 1311 1760 1
 1272 1486 333 1621 1
 211 273 1184 1363 1
 1239 1690 331 1764 1
 1043 1243 1433 1444 1
 809 804 1262 1565 1
 1082 1228 1309 1457 1
 468 554 467 1596 1
 1218 1256 1169 1708 1
 514 1167 550 1747 1
 1041 1291 1193 1343 1
 741 593 1262 1755 1
 1282 1413 1573 1831 1
 1043 1269 1299 1586 1
 1085 1443 1332 1891 1
 257 175 250 1420 1
 1068 1151 1394 1749 1
 1130 1364 1580 1721 1
 1649 1712 1385 1841 1
 1474 1475 573 1531 1
 248 176 171 1233 1
 1154 1268 1394 1685 1
 1119 1419 1295 1576 1
 641 709 1418 1797 1
 1285 1440 1311 1760 1
 569 1567 1206 1679 1
 676 683 1254 1888 1
 1333 1465 1175 1897 1
 216 191 198 1497 1
 811 1410 810 1555 1
 1244 1432 1304 1758 1
 1087 1646 1353 1705 1
 255 1344 1147 1890 1
 1243 1073 1467 1586 1
 1177 1206 1422 1770 1
 859 1250 835 1594 1
 439 543 240 1255 1
 767 1339 1493 1800 1
 717 630 1217 1676 1
 732 285 153 1241 1
 928 1273 1007 1440 1
 1154 1394 1268 1749 1
 1091 1323 1233 1423 1
 1210 1349 1146 1771 1
 1102 1279 1370 1461 1
 1311 1109 1575 1741 1
 1245 1421 1316 1792 1
 164 1180 1437 1700 1
 1063 1157 1412 1649 1
 1133 1455 1460 1648 1
 1055 1193 1808 1852 1
 1141 1120 1498 1826 1
 1092 1190 1310 1625 1
 573 1280 1531 1838 1
 776 1339 1559 1869 1
 930 1440 937 1760 1
 1102 1347 1242 1725 1
 1169 1090 1218 1840 1
 1083 1443 1152 1891 1
 666 1401 676 1515 1
 1050 1777 1520 1859 1
 1082 1261 1456 1720 1
 1337 1456 1261 1720 1
 1385 1649 1266 1712 1
 1223 1772 1170 1799 1
 1262 1263 1065 1439 1
 1038 1390 1389 1451 1
 1144 1770 1126 1782 1
 882 857 749 1263 1
 1055 1354 1216 1592 1
 555 483 479 1157 1
 632 704 628 1159 1
 1244 1284 1067 1432 1
 676 1254 677 1836 1
 1260 1265 1069 1793 1
 559 499 540 1435 1
 441 1162 291 1475 1
 1302 1369 817 1584 1
 190 1220 183 1572 1
 349 350 1141 1540 1
 1223 1352 1076 1799 1
 1085 1237 1443 1891 1
 1068 1277 1247 1419 1
 774 1340 848 1624 1
 624 1143 1430 1874 1
 159 1499 1348 1709 1
 216 267 1166 1497 1
 1043 1237 1460 1703 1
 1197 1533 1329 1881 1
 294 1178 418 1472 1
 1306 1429 1231 1789 1
 1228 1342 1172 1390 1
 1173 1408 1302 1619 1
 1043 1433 1460 1721 1
 879 1476 263 1787 1
 704 636 1470 1602 1
 1203 1070 1319 1396 1
 1296 1439 1263 1710 1
 1116 1304 1452 1550 1
 1074 1315 1325 1332 1
 1051 1177 1686 1770 1
 1119 1307 1153 1620 1
 809 1565 1262 1600 1
 981 1257 960 1746 1
 912 1185 1603 1794 1
 1278 1358 1037 1506 1
 284 262 154 1285 1
 1247 1424 1295 1802 1
 1065 1450 1262 1506 1
 624 1465 1143 1874 1
 1247 1068 1295 1424 1
 520 521 522 1261 1
 1050 1453 1225 1858 1
 1538 1638 1100 1699 1
 475 1347 1142 1434 1
 418 294 422 1178 1
 902 938 1254 1836 1
 1273 1440 1285 1751 1
 543 240 1255 1483 1
 1311 1348 158 1499 1
 1173 1497 266 1830 1
 1455 1574 1108 1648 1
 530 582 435 1231 1
 1062 1259 1231 1429 1
 1155 1133 1423 1814 1
 483 1157 555 1531 1
 801 1169 826 1820 1
 333 342 1272 1548 1
 384 406 1429 1789 1
 392 1331 1230 1541 1
 1087 1353 1177 1705 1
 1098 1739 1454 1893 1
 1302 1584 1173 1619 1
 1054 1208 1421 1804 1
 1062 1389 1451 1904 1
 1130 1556 1364 1864 1
 1167 1510 1082 1573 1
 1203 1070 1376 1598 1
 423 1263 749 1710 1
 1190 1087 1625 1817 1
 1125 1505 1253 1777 1
 1234 251 1572 1675 1
 1366 1538 1124 1638 1
 776 1339 1235 1559 1
 1135 1314 1180 1862 1
 1038 1573 1546 1831 1
 1130 1391 1556 1864 1
 1040 1452 1270 1599 1
 1263 1450 638 1755 1
 490 1248 485 1466 1
 1209 1625 1087 1817 1
 416 417 1385 1405 1
 1269 1467 1346 1586 1
 619 622 1430 1633 1
 1314 1348 1180 1862 1
 1055 1250 1594 1810 1
 410 368 367 1469 1
 1040 1294 1203 1509 1
 553 1142 475 1456 1
 1190 1625 1209 1817 1
 1290 1686 1177 1770 1
 1077 1804 1447 1882 1
 1180 1381 1058 1700 1
 1160 1454 1739 1893 1
 986 1575 1344 1889 1
 1265 1427 492 1875 1
 758 1153 778 1527 1
 496 500 1144 1846 1
 370 371 1432 1758 1
 460 1378 1321 1843 1
 1235 1606 1194 1770 1
 628 1159 704 1430 1
 632 1450 1159 1514 1
 1247 1267 1068 1424 1
 1168 1093 1298 1616 1
 1071 1297 1212 1312 1
 1037 1278 1150 1762 1
 630 1514 1217 1676 1
 1302 1408 1173 1584 1
 479 555 1157 1434 1
 206 1553 1383 1597 1
 1118 1243 1210 1444 1
 159 158 1348 1499 1
 507 560 1427 1850 1
 1050 1278 1453 1858 1
 1168 1722 1122 1795 1
 553 1337 1142 1456 1
 1164 1053 1286 1631 1
 1074 1325 1315 1611 1
 1237 1299 1085 1351 1
 334 331 1239 1690 1
 661 625 1612 1771 1
 469 470 472 1242 1
 1074 1288 1325 1611 1
 1127 1335 1144 1806 1
 1078 1235 1339 1345 1
 1053 1183 1349 1744 1
 191 1134 1411 1830 1
 518 520 516 1261 1
 996 1029 412 1244 1
 907 1380 1164 1631 1
 1146 1294 1053 1467 1
 1138 1270 1452 1599 1
 248 184 1564 1849 1
 1051 1235 1215 1559 1
 609 1374 1330 1765 1
 1383 1597 1186 1868 1
 336 1405 1139 1521 1
 1172 1251 1226 1815 1
 356 1826 1393 1865 1
 1172 1081 1251 1815 1
 1177 1422 1290 1770 1
 164 163 162 1180 1
 1084 1188 1229 1811 1
 1135 1348 1314 1862 1
 1149 1439 794 1565 1
 1124 1451 1538 1904 1
 333 1272 398 1486 1
 1085 1332 1275 1891 1
 514 550 1167 1510 1
 1345 1496 1090 1773 1
 1145 1473 1052 1738 1
 1230 1331 1224 1541 1
 1157 483 1412 1531 1
 907 909 1164 1447 1
 855 881 271 1247 1
 1077 1185 1359 1794 1
 1082 1456 1261 1596 1
 801 808 826 1169 1
 164 1180 162 1437 1
 1141 1281 1089 1409 1
 1060 1156 1239 1739 1
 1143 1333 1101 1897 1
 1172 1052 1390 1560 1
 581 1435 562 1809 1
 560 492 1427 1875 1
 532 552 1510 1596 1
 804 1439 1262 1565 1
 222 221 1419 1797 1
 517 1327 516 1516 1
 842 777 781 1776 1
 1169 1340 1090 1840 1
 714 1450 1262 1755 1
 1114 1228 1390 1573 1
 1237 1085 1477 1891 1
 1102 1142 1434 1461 1
 1140 1500 1458 1821 1
 1075 1207 1299 1351 1
 335 1550 1872 1893 1
 1122 1173 1592 1716 1
 981 1257 1746 1845 1
 1224 1519 1056 1541 1
 1170 1352 1223 1799 1
 410 367 408 1192 1
 1081 1357 1222 1719 1
 745 598 1267 1892 1
 973 1415 1364 1864 1
 853 1424 754 1798 1
 1111 1417 1294 1515 1
 1138 665 1428 1515 1
 569 1206 478 1679 1
 1238 1161 1449 1863 1
 1259 1400 1231 1825 1
 286 584 883 1260 1
 1046 1353 1212 1705 1
 1188 1501 1229 1811 1
 1283 722 1602 1750 1
 1074 1325 1223 1805 1
 1137 1406 992 1431 1
 1014 1431 942 1658 1
 1085 1332 1297 1508 1
 994 1384 997 1724 1
 1140 1468 1256 1823 1
 1140 1458 842 1776 1
 1531 1601 1280 1649 1
 1294 1417 1138 1515 1
 1322 1368 1073 1813 1
 731 303 436 1244 1
 1183 1111 1448 1631 1
 1083 1275 1180 1636 1
 191 198 1497 1830 1
 559 1313 1170 1518 1
 787 1189 738 1442 1
 1097 1148 1361 1664 1
 944 1657 1360 1732 1
 1148 1440 929 1575 1
 267 264 216 1166 1
 1138 1079 1428 1873 1
 1042 1288 1462 1517 1
 1205 1314 1109 1661 1
 1338 1572 190 1675 1
 1039 1314 1275 1636 1
 1122 1592 1173 1619 1
 1063 1280 1601 1649 1
 1226 1558 1172 1743 1
 360 426 1162 1557 1
 960 963 1377 1589 1
 1215 1559 1339 1869 1
 251 190 1572 1675 1
 1230 1331 392 1734 1
 1078 1168 1493 1795 1
 933 1248 1011 1761 1
 787 843 738 1189 1
 1057 1174 1665 1807 1
 997 1183 1384 1894 1
 1170 1223 1352 1570 1
 792 794 1149 1555 1
 1073 1463 1368 1867 1
 1058 1381 1271 1700 1
 1014 925 942 1431 1
 1190 1646 1087 1705 1
 1124 1365 1259 1732 1
 1126 1488 1144 1782 1
 1168 1354 1122 1722 1
 929 1148 991 1643 1
 1124 1365 1287 1451 1
 872 799 1178 1472 1
 1152 1058 1700 1891 1
 1198 1461 1300 1652 1
 1089 1281 1141 1674 1
 1043 1460 1433 1703 1
 1309 1546 1228 1573 1
 1277 1418 1247 1797 1
 1132 1655 1425 1785 1
 1043 1372 1232 1423 1
 836 1424 853 1802 1
 1133 1420 1091 1703 1
 764 763 1373 1644 1
 1223 1325 1059 1386 1
 1061 1238 1158 1449 1
 1372 1423 1133 1814 1
 1260 1427 1265 1875 1
 1043 1243 1269 1586 1
 1333 1561 1101 1897 1
 1040 1293 1421 1804 1
 1052 1274 1214 1738 1
 1038 1389 1390 1573 1
 1171 1320 1191 1537 1
 697 688 588 1887 1
 1258 1344 1147 1381 1
 1052 1214 1274 1856 1
 509 262 583 1285 1
 400 1550 1304 1715 1
 1075 1299 1207 1689 1
 1164 1582 1053 1631 1
 1039 1275 1205 1903 1
 739 1178 872 1820 1
 1560 1617 1145 1639 1
 1042 1462 1335 1517 1
 1160 1098 1454 1893 1
 340 1409 1326 1626 1
 1263 1439 1262 1755 1
 1037 1762 1329 1881 1
 270 197 1476 1576 1
 1056 1169 1256 1708 1
 241 275 1338 1563 1
 593 741 1262 1600 1
 1099 1411 1220 1572 1
 714 1262 713 1600 1
 683 1448 1515 1888 1
 1382 1408 1069 1793 1
 1049 1359 1794 1833 1
 1287 1365 1222 1824 1
 1097 1361 1205 1664 1
 737 862 847 1482 1
 1095 1543 1459 1691 1
 1501 1713 1229 1811 1
 313 1366 1245 1659 1
 1115 1528 1336 1564 1
 1055 1168 1250 1583 1
 704 707 1430 1470 1
 1144 1422 1206 1770 1
 1142 1082 1436 1456 1
 1169 1458 774 1468 1
 1061 1605 1158 1660 1
 606 1384 1628 1670 1
 1201 1237 1085 1477 1
 524 1337 1162 1474 1
 1275 1477 1205 1903 1
 1095 1323 1392 1756 1
 1118 1444 1210 1744 1
 906 1380 1137 1447 1
 1173 1382 290 1623 1
 929 991 1148 1575 1
 1172 1052 1560 1743 1
 425 1163 396 1899 1
 1190 1310 1087 1646 1
 1422 1524 1105 1846 1
 1078 1354 1168 1722 1
 1329 1533 1188 1881 1
 158 1348 1311 1494 1
 485 490 541 1248 1
 290 1623 1382 1793 1
 1546 1609 1318 1866 1
 1160 1098 1367 1421 1
 802 744 854 1296 1
 1040 1421 1341 1804 1
 1198 1652 1300 1870 1
 505 1194 442 1567 1
 1064 1257 1241 1746 1
 1263 1283 1065 1393 1
 369 370 1432 1779 1
 497 1144 500 1488 1
 704 1430 1159 1602 1
 1490 1561 1197 1897 1
 1110 1256 1468 1823 1
 909 1164 1447 1844 1
 406 308 1429 1825 1
 1142 1198 1436 1720 1
 1158 1605 1272 1660 1
 1144 1782 1427 1806 1
 1160 1098 1421 1454 1
 452 286 156 1260 1
 805 1262 1439 1755 1
 1272 1548 342 1557 1
 794 792 1149 1565 1
 1079 1465 1175 1714 1
 1082 1142 1436 1720 1
 1255 1127 1338 1650 1
 1277 1528 1419 1749 1
 1090 1340 1169 1624 1
 1460 1648 1433 1703 1
 407 1245 1367 1668 1
 1068 1247 1295 1419 1
 1051 1686 1290 1770 1
 1123 1341 1160 1421 1
 1162 360 1557 1660 1
 911 1185 913 1556 1
 164 163 1180 1700 1
 1077 1208 1804 1882 1
 270 197 204 1476 1
 1118 1257 1628 1670 1
 1146 1599 1294 1694 1
 302 880 391 1472 1
 603 734 305 1263 1
 265 222 1419 1802 1
 1137 1509 1447 1582 1
 1158 1238 1061 1660 1
 1160 1872 1550 1893 1
 514 476 1375 1747 1
 1038 1287 1699 1824 1
 1354 1479 1216 1592 1
 1321 1640 1489 1701 1
 1060 1630 1197 1783 1
 817 1302 818 1369 1
 416 1385 417 1854 1
 1138 1428 665 1873 1
 1157 1412 483 1608 1
 803 1178 294 1472 1
 1007 1440 1273 1751 1
 1239 1872 1160 1893 1
 1057 1665 1232 1807 1
 634 1384 606 1670 1
 1017 1301 1226 1473 1
 763 764 765 1644 1
 1152 1420 250 1700 1
 1142 1652 1198 1720 1
 1203 1319 1070 1598 1
 1185 1391 913 1556 1
 516 1510 515 1516 1
 1320 1441 1191 1837 1
 1146 1073 1463 1813 1
 1042 1310 1290 1722 1
 1427 1782 1069 1806 1
 722 1471 1470 1602 1
 1261 1337 1282 1717 1
 837 858 835 1594 1
 500 501 1488 1567 1
 1138 1294 1428 1599 1
 1084 1197 1653 1881 1
 1163 1326 1060 1630 1
 1183 1612 1349 1744 1
 632 704 1159 1602 1
 1145 1516 1375 1766 1
 1273 1489 456 1751 1
 805 1262 804 1439 1
 836 1295 1424 1802 1
 358 415 356 1393 1
 1145 1114 1516 1766 1
 968 1415 973 1864 1
 947 1357 1222 1781 1
 1083 1234 1325 1386 1
 1078 1493 1369 1795 1
 819 817 1369 1584 1
 1144 1335 1782 1806 1
 922 1164 1578 1631 1
 1070 1299 1346 1689 1
 1316 1421 1054 1792 1
 1046 1312 1352 1457 1
 1011 933 1008 1248 1
 1224 1519 1742 1769 1
 1511 1620 1307 1810 1
 1132 1808 1193 1852 1
 1199 1544 618 1633 1
 1141 1393 349 1540 1
 479 1434 1157 1608 1
 1226 1301 1017 1558 1
 1412 1531 483 1649 1
 1180 1534 1437 1700 1
 1050 1225 1647 1858 1
 1480 1739 1098 1893 1
 1111 1380 1137 1614 1
 1099 1774 1411 1808 1
 1152 1700 1180 1891 1
 1350 1500 1256 1504 1
 894 149 1311 1760 1
 646 1418 1154 1492 1
 632 1159 628 1514 1
 1125 1424 1267 1892 1
 350 404 1409 1734 1
 1073 1146 1467 1813 1
 738 1189 591 1442 1
 1188 1072 1229 1501 1
 717 720 630 1676 1
 1163 1471 396 1899 1
 1099 1216 1774 1808 1
 752 883 584 1260 1
 1274 1791 1581 1856 1
 1062 1389 1161 1753 1
 162 1437 1180 1862 1
 1304 1432 371 1758 1
 909 922 907 1164 1
 416 363 417 1405 1
 1172 1558 1251 1833 1
 1055 1354 1168 1583 1
 680 664 683 1515 1
 1123 1160 1367 1421 1
 666 676 683 1515 1
 739 1414 1178 1820 1
 1194 1567 1679 1770 1
 1053 1164 1286 1684 1
 673 1470 1163 1874 1
 244 1655 1411 1785 1
 1137 1417 1509 1582 1
 805 804 1262 1755 1
 1240 1538 1100 1699 1
 1178 1414 422 1704 1
 1104 1358 1281 1630 1
 1049 1185 1580 1833 1
 1263 1450 1283 1801 1
 1160 1739 1239 1893 1
 995 1556 1364 1578 1
 741 712 593 1755 1
 859 1250 868 1616 1
 1543 1604 1193 1691 1
 350 1540 403 1734 1
 384 1429 1306 1789 1
 1281 1326 1104 1630 1
 1078 1298 1168 1354 1
 721 1163 673 1470 1
 1375 1610 1248 1738 1
 1080 1213 1293 1316 1
 1080 1293 1359 1445 1
 944 1192 1016 1360 1
 1178 418 1472 1618 1
 273 142 211 1184 1
 199 1252 186 1785 1
 1239 1454 1270 1739 1
 426 291 1162 1475 1
 524 1162 572 1474 1
 1061 1272 1605 1660 1
 1172 1560 1226 1743 1
 527 534 1196 1516 1
 196 1635 1502 1698 1
 497 496 500 1144 1
 1058 1147 1271 1381 1
 1236 1324 1072 1778 1
 1322 1731 1368 1813 1
 1209 1087 1625 1687 1
 981 960 1257 1845 1
 872 739 803 1178 1
 286 452 584 1260 1
 1062 1196 1327 1622 1
 1130 1580 1530 1721 1
 1116 1138 1452 1503 1
 1082 1261 1510 1596 1
 1058 1661 1180 1891 1
 1291 1688 1317 1752 1
 1303 1350 1209 1687 1
 290 266 247 1830 1
 521 1261 1579 1736 1
 1129 1665 1423 1814 1
 1093 1505 1253 1527 1
 1038 1282 1573 1831 1
 1070 1346 1204 1689 1
 1275 1314 1205 1661 1
 1128 1581 1791 1799 1
 443 455 889 1751 1
 1102 1157 1434 1608 1
 1281 1490 1197 1630 1
 1041 1193 1291 1459 1
 1107 1188 1329 1784 1
 1235 1339 776 1800 1
 408 1360 1192 1438 1
 1097 1558 1361 1643 1
 475 1142 558 1434 1
 1115 1492 1277 1642 1
 744 1472 302 1865 1
 467 1176 1347 1775 1
 537 1435 1165 1640 1
 1040 1454 1213 1733 1
 932 1183 1448 1631 1
 1179 1340 765 1644 1
 1073 1368 1463 1813 1
 1299 1586 1346 1637 1
 646 649 1154 1536 1
 1157 1279 1461 1513 1
 1151 1576 1419 1620 1
 1130 1530 1364 1721 1
 1036 1588 1370 1683 1
 603 715 734 1263 1
 646 1154 649 1706 1
 1139 1405 336 1548 1
 1185 1794 1251 1833 1
 191 244 1411 1785 1
 1172 1743 1558 1833 1
 586 1313 559 1518 1
 1233 1423 1155 1502 1
 737 865 862 1194 1
 1516 1145 1617 1639 1
 305 437 423 1263 1
 699 1714 1146 1771 1
 929 1148 924 1535 1
 1173 1069 1382 1408 1
 1065 1263 1262 1450 1
 1050 1647 1278 1858 1
 422 418 1178 1618 1
 1271 1381 259 1700 1
 1128 1581 1387 1791 1
 1516 1617 1196 1639 1
 1124 1259 1671 1732 1
 550 1596 1487 1747 1
 1411 1572 1356 1655 1
 261 208 1241 1553 1
 558 1142 553 1474 1
 1228 1071 1342 1546 1
 1136 1560 1390 1639 1
 1282 1337 1261 1720 1
 592 1628 893 1845 1
 487 1531 555 1828 1
 1057 1233 1634 1663 1
 527 1196 1590 1622 1
 456 557 1489 1818 1
 1012 889 455 1751 1
 1346 1595 1322 1645 1
 842 1458 1140 1468 1
 1109 1258 1344 1575 1
 1258 1381 1058 1661 1
 1163 1060 1326 1690 1
 302 744 880 1472 1
 809 1262 804 1600 1
 1233 1564 248 1698 1
 1291 1107 1688 1752 1
 1214 1610 1375 1738 1
 1114 1390 1228 1766 1
 1298 1373 1093 1568 1
 1091 1423 1233 1502 1
 1267 1424 1247 1798 1
 1093 1250 1168 1583 1
 1049 1200 1319 1532 1
 1132 1543 1425 1655 1
 1049 1319 1359 1532 1
 186 1252 185 1696 1
 1169 1468 826 1820 1
 1317 1688 1107 1752 1
 859 1527 1250 1616 1
 1062 1306 1231 1622 1
 174 1356 1572 1655 1
 1236 1303 1072 1350 1
 1212 1297 1071 1318 1
 1247 1419 1277 1797 1
 1502 1635 1155 1698 1
 1073 1243 1210 1374 1
 1100 1449 1161 1538 1
 1085 1207 1297 1780 1
 1160 1452 1432 1550 1
 1435 1799 1378 1809 1
 1564 1634 1233 1663 1
 1151 1749 1528 1829 1
 1038 1390 1451 1824 1
 1224 1519 1541 1704 1
 590 1163 721 1471 1
 1070 1203 1376 1694 1
 223 249 1425 1785 1
 1177 1051 1569 1770 1
 1045 1308 1182 1549 1
 251 173 1356 1572 1
 1083 1325 1234 1803 1
 489 1266 1649 1712 1
 1077 1509 1447 1804 1
 1285 1311 1066 1494 1
 509 583 453 1285 1
 191 1411 187 1830 1
 512 1375 1214 1610 1
 223 1655 244 1785 1
 478 1206 569 1695 1
 441 572 1162 1475 1
 778 1153 758 1566 1
 1358 1490 1159 1857 1
 1424 1566 1125 1577 1
 1190 1087 1310 1625 1
 1238 1660 1158 1834 1
 153 658 732 1241 1
 1036 1500 1350 1504 1
 1325 1386 1234 1803 1
 1061 1413 1198 1720 1
 1117 1261 1282 1717 1
 655 1189 719 1379 1
 1322 1346 1232 1595 1
 1130 1361 1205 1525 1
 932 997 1183 1631 1
 1131 1253 1211 1859 1
 1525 1580 1391 1833 1
 924 1148 929 1643 1
 1168 1250 1093 1616 1
 1356 1411 1099 1572 1
 196 209 1635 1698 1
 1207 1299 1085 1689 1
 1471 1602 722 1750 1
 1075 1595 1346 1645 1
 1128 1791 1378 1799 1
 1072 1478 1334 1881 1
 1140 1513 1398 1823 1
 1087 1646 1310 1686 1
 1069 1302 1408 1619 1
 489 1712 1649 1841 1
 1294 1509 1417 1582 1
 793 794 1439 1565 1
 1261 1327 1114 1510 1
 1297 1508 1332 1780 1
 1144 1427 497 1552 1
 1152 1091 1443 1662 1
 548 1255 1650 1754 1
 274 218 277 1528 1
 650 1441 649 1536 1
 1111 1582 1380 1631 1
 1129 1423 1372 1814 1
 921 917 1361 1391 1
 1142 1082 1456 1720 1
 506 570 1194 1388 1
 1321 1489 557 1818 1
 1411 1655 1132 1785 1
 188 185 1151 1696 1
 1235 1559 1194 1606 1
 496 1144 497 1552 1
 1349 1448 1111 1515 1
 747 1173 152 1623 1
 1234 1675 1059 1772 1
 324 1245 407 1668 1
 313 1245 324 1659 1
 1284 1432 1244 1779 1
 1138 1428 1079 1599 1
 948 947 1222 1481 1
 1248 1375 1145 1767 1
 1083 1356 1234 1437 1
 1135 1386 1234 1437 1
 602 898 1241 1845 1
 1107 1150 1571 1748 1
 741 807 712 1755 1
 1076 1352 1457 1487 1
 1394 1577 1154 1685 1
 944 1192 1360 1657 1
 1176 1457 1352 1487 1
 822 1166 1416 1594 1
 1205 1361 1097 1525 1
 1398 1513 1063 1823 1
 605 1446 1257 1845 1
 1201 1484 1096 1580 1
 1041 1317 1291 1688 1
 245 1356 166 1534 1
 456 1489 1273 1818 1
 1070 1319 1396 1484 1
 631 1450 632 1514 1
 1231 1429 1259 1825 1
 1065 1262 1439 1506 1
 1199 1333 1175 1561 1
 1177 1569 1206 1770 1
 403 1540 1230 1734 1
 553 558 475 1142 1
 1290 1310 1078 1722 1
 745 832 723 1442 1
 175 1271 259 1700 1
 1190 1404 1209 1625 1
 408 1192 367 1591 1
 628 1159 1430 1876 1
 1127 1144 1335 1517 1
 1173 1592 1497 1619 1
 847 574 442 1482 1
 261 232 208 1553 1
 1180 1348 1314 1709 1
 356 1540 1826 1865 1
 781 1539 1140 1776 1
 1187 1574 1455 1648 1
 537 1640 1165 1651 1
 356 1540 1393 1826 1
 460 480 1321 1378 1
 610 1374 1210 1670 1
 1076 1352 1312 1457 1
 1096 1286 1227 1578 1
 868 825 860 1168 1
 896 450 1196 1590 1
 1316 1669 1308 1681 1
 1045 1669 1316 1681 1
 185 188 1151 1576 1
 1161 1389 1451 1538 1
 1060 1270 1522 1739 1
 806 805 1439 1710 1
 232 1002 1026 1812 1
 962 1377 1589 1654 1
 496 1144 1552 1846 1
 968 973 982 1864 1
 340 1141 1409 1626 1
 263 1476 204 1787 1
 1041 1291 1317 1459 1
 1078 1310 1290 1686 1
 1048 1332 1351 1443 1
 1132 1193 1604 1852 1
 1096 1227 1286 1444 1
 1239 1739 1480 1893 1
 411 530 435 1231 1
 1283 1450 637 1801 1
 1233 1392 171 1849 1
 1188 1229 1072 1881 1
 825 860 1168 1493 1
 503 505 442 1567 1
 1075 1232 1346 1595 1
 1177 1046 1370 1705 1
 1270 1733 1522 1739 1
 1155 1635 209 1698 1
 1361 1391 1097 1525 1
 1229 1478 1072 1881 1
 1064 1377 1257 1746 1
 203 1383 206 1553 1
 1236 1072 1491 1778 1
 646 649 645 1706 1
 1447 1509 1137 1804 1
 1070 1467 1269 1694 1
 1197 1037 1281 1653 1
 512 1214 1375 1747 1
 911 912 913 1185 1
 682 1183 680 1894 1
 1055 1592 1216 1808 1
 1084 1229 1188 1881 1
 794 1464 1149 1555 1
 1194 1388 865 1559 1
 932 1183 997 1894 1
 1487 1352 1775 1809 1
 1111 1515 1448 1888 1
 479 1157 483 1608 1
 711 1667 1374 1765 1
 1118 1330 1257 1670 1
 868 1168 860 1616 1
 1049 1359 1319 1396 1
 1141 1326 1281 1409 1
 1092 1310 1190 1646 1
 1146 1463 1175 1813 1
 581 1170 1435 1809 1
 1159 1506 1358 1857 1
 1150 1047 1571 1748 1
 1294 1349 1111 1515 1
 1182 1549 1308 1587 1
 1124 1451 1287 1538 1
 150 1265 448 1875 1
 548 1650 499 1754 1
 1564 1634 1184 1698 1
 1040 1203 1294 1694 1
 515 514 513 1375 1
 1518 1775 1352 1809 1
 1407 1422 1335 1782 1
 573 487 1474 1531 1
 1096 1580 1364 1721 1
 1164 1380 907 1447 1
 1055 1395 1328 1810 1
 624 1430 707 1874 1
 859 773 1527 1616 1
 1245 1316 1054 1792 1
 949 947 1481 1781 1
 1141 1104 1626 1827 1
 1289 1822 1230 1842 1
 208 1241 1553 1597 1
 1111 1254 1515 1888 1
 1337 1282 1717 1720 1
 1175 1246 1146 1813 1
 421 875 302 1710 1
 190 275 183 1220 1
 1283 1393 1263 1801 1
 656 1418 1267 1536 1
 1224 1056 1519 1769 1
 1063 1397 1139 1405 1
 856 286 883 1260 1
 1193 1291 1092 1343 1
 1172 1226 1560 1815 1
 537 1651 1165 1885 1
 1114 1327 1261 1389 1
 714 638 1450 1755 1
 1187 1607 890 1812 1
 1120 1498 1289 1674 1
 289 274 277 1363 1
 1287 1124 1538 1638 1
 1295 1419 1247 1802 1
 1315 1332 1074 1780 1
 1004 1400 1196 1617 1
 791 1225 790 1565 1
 705 1304 1401 1503 1
 186 178 1252 1696 1
 1308 1587 1549 1669 1
 1372 1433 1648 1703 1
 1130 1258 1205 1361 1
 822 871 1166 1594 1
 1036 1256 1500 1504 1
 1183 1448 680 1894 1
 799 1178 1472 1871 1
 932 1448 1183 1894 1
 333 341 342 1548 1
 1137 1447 1380 1582 1
 1068 1424 1267 1577 1
 1164 1396 1096 1684 1
 1101 1197 1490 1561 1
 1205 1361 1148 1664 1
 469 1347 1242 1775 1
 1316 1638 1445 1699 1
 1145 1248 1473 1738 1
 447 1280 573 1838 1
 1141 1540 1120 1826 1
 1147 1344 1258 1889 1
 1050 1320 1191 1837 1
 1313 1518 586 1846 1
 1101 1333 1143 1430 1
 1082 1309 1228 1573 1
 1291 1343 1107 1495 1
 1510 1573 1167 1766 1
 1214 1791 1274 1856 1
 764 1373 860 1493 1
 1132 1604 1808 1852 1
 322 1331 1593 1734 1
 1070 1246 1346 1467 1
 592 1257 1628 1845 1
 1068 1277 1419 1749 1
 921 1391 1361 1864 1
 400 1304 301 1715 1
 1236 1303 1086 1491 1
 1045 1308 1549 1669 1
 1159 1358 1104 1490 1
 1269 1396 1096 1484 1
 573 1280 486 1531 1
 1027 898 1002 1241 1
 1099 1411 1356 1655 1
 1063 1397 1405 1823 1
 335 1872 1239 1893 1
 1489 1640 1181 1701 1
 248 1233 171 1849 1
 1148 924 1535 1643 1
 1246 1467 1146 1813 1
 1067 1341 1160 1819 1
 581 1170 559 1435 1
 733 710 601 1247 1
 865 1559 1388 1677 1
 1413 1436 1198 1720 1
 1314 1348 1109 1709 1
 1139 1405 1397 1823 1
 183 180 179 1572 1
 731 679 303 1244 1
 1057 1423 1323 1595 1
 573 1531 1475 1838 1
 1256 1742 1519 1769 1
 1179 1090 1496 1773 1
 513 515 1375 1516 1
 999 1227 965 1589 1
 952 953 950 1617 1
 1058 1152 1853 1891 1
 349 1393 1141 1626 1
 1045 1308 1669 1681 1
 1173 1497 1592 1716 1
 1098 1480 1587 1669 1
 513 531 515 1516 1
 1222 1657 1054 1719 1
 1181 1554 1165 1651 1
 1088 1324 1236 1778 1
 451 1005 1231 1590 1
 1287 1451 1365 1824 1
 1461 1652 1142 1828 1
 1136 1451 1390 1824 1
 1530 1580 1201 1721 1
 1261 1327 518 1579 1
 1028 1005 900 1231 1
 1135 1314 1701 1816 1
 1174 1322 1232 1727 1
 1131 1855 1253 1859 1
 596 722 1283 1750 1
 1076 1312 1223 1581 1
 922 1578 1286 1631 1
 1137 1417 1406 1819 1
 337 1161 1429 1680 1
 155 271 287 1247 1
 1067 1160 1432 1819 1
 1093 1153 1307 1505 1
 1178 422 1541 1704 1
 1143 1490 1470 1630 1
 929 1440 1148 1535 1
 656 709 653 1798 1
 527 517 534 1516 1
 893 1628 1257 1845 1
 524 553 1337 1474 1
 1082 1436 1176 1457 1
 1069 1782 1335 1806 1
 1168 1416 868 1795 1
 744 1296 302 1710 1
 1117 1282 1261 1753 1
 659 1446 1241 1597 1
 1046 1309 1312 1457 1
 1057 1423 1232 1665 1
 703 1333 624 1465 1
 221 1277 1419 1797 1
 1115 1277 1492 1749 1
 1040 1341 1421 1454 1
 991 1148 1575 1643 1
 899 1013 1285 1751 1
 1039 1613 1274 1702 1
 1039 1274 1581 1702 1
 1142 1347 1102 1434 1
 1065 1283 1263 1450 1
 922 1164 909 1844 1
 375 1393 1283 1801 1
 1063 1405 1139 1601 1
 1300 1652 1061 1870 1
 1135 1636 1314 1816 1
 222 221 220 1419 1
 1169 1519 1468 1820 1
 1253 1527 758 1768 1
 1146 1294 1467 1694 1
 658 602 732 1241 1
 1107 1343 1291 1688 1
 1125 1536 1267 1577 1
 1083 1152 1443 1534 1
 934 1020 935 1575 1
 516 1261 520 1510 1
 1148 1664 1274 1718 1
 1084 1229 1713 1811 1
 1180 1661 1275 1891 1
 1084 1188 1533 1881 1
 1056 1256 1169 1519 1
 449 1305 748 1850 1
 1312 1223 1581 1702 1
 1086 1236 1491 1886 1
 213 255 1147 1890 1
 1041 1193 1307 1343 1
 1405 1521 1292 1823 1
 1094 1410 1340 1644 1
 1228 1309 1071 1546 1
 1180 1314 1135 1636 1
 804 793 1439 1565 1
 178 1425 1252 1696 1
 1144 1335 1422 1782 1
 858 859 835 1594 1
 551 464 1775 1809 1
 1099 1325 1523 1729 1
 1061 1198 1413 1870 1
 764 1179 1373 1493 1
 1391 1558 1097 1833 1
 1094 1453 1334 1693 1
 168 1356 1195 1534 1
 141 1166 740 1787 1
 1177 1353 1046 1705 1
 1153 1253 1505 1527 1
 261 153 285 1241 1
 330 1224 392 1541 1
 936 930 937 1760 1
 188 1419 1151 1576 1
 1051 1221 1279 1569 1
 1406 1417 1067 1819 1
 1135 1181 1701 1786 1
 1007 937 1440 1751 1
 1189 1379 655 1676 1
 1214 1581 1791 1856 1
 778 1424 1153 1566 1
 1125 1320 1154 1577 1
 241 1255 1338 1675 1
 947 1032 1357 1781 1
 899 1751 1285 1760 1
 1046 1352 1176 1457 1
 1073 1374 1210 1771 1
 999 1227 1589 1724 1
 1206 1679 1221 1695 1
 1200 1297 1318 1532 1
 1070 1200 1299 1689 1
 862 1194 865 1606 1
 759 1253 758 1768 1
 1114 1145 1560 1766 1
 1110 1292 1521 1823 1
 325 1331 1621 1900 1
 1139 1548 1106 1601 1
 1102 1608 1434 1725 1
 443 1273 889 1466 1
 1057 1232 1423 1595 1
 860 1493 1373 1616 1
 212 1455 1187 1607 1
 758 1153 1527 1566 1
 250 165 1152 1700 1
 467 1347 469 1775 1
 962 964 1377 1654 1
 591 719 655 1189 1
 551 1775 1518 1809 1
 688 142 273 1887 1
 1133 1455 1271 1460 1
 204 1476 1395 1787 1
 1160 1341 1123 1819 1
 1151 1528 188 1696 1
 619 618 1633 1790 1
 1075 1317 1291 1459 1
 1251 1558 1391 1833 1
 1078 1290 1345 1686 1
 467 1176 465 1596 1
 1091 1152 1443 1853 1
 308 1259 1671 1680 1
 1164 1077 1447 1603 1
 1108 1147 1415 1574 1
 995 1364 966 1654 1
 1345 1310 1625 1773 1
 1091 1443 1237 1853 1
 1219 1613 1532 1833 1
 843 1189 787 1848 1
 822 1416 823 1594 1
 1039 1581 1223 1702 1
 332 1521 1139 1621 1
 1378 1435 1128 1799 1
 1082 1282 1261 1720 1
 1423 1665 1155 1814 1
 1229 1324 1072 1478 1
 1076 1378 1214 1791 1
 1331 1769 1324 1842 1
 1482 1567 1194 1606 1
 272 248 1564 1698 1
 442 506 570 1194 1
 1156 1587 1480 1669 1
 896 1196 450 1666 1
 1323 1423 1232 1595 1
 607 605 706 1330 1
 1401 1417 1138 1452 1
 1130 1391 1361 1525 1
 806 1439 1296 1710 1
 1038 1342 1228 1390 1
 251 252 190 1675 1
 940 1406 1284 1431 1
 921 917 920 1361 1
 1167 1487 1596 1747 1
 1088 1236 1324 1504 1
 1050 1211 1320 1777 1
 752 584 561 1260 1
 164 1534 165 1700 1
 661 610 1210 1670 1
 526 1526 572 1736 1
 1083 1356 1325 1803 1
 1043 1299 1237 1637 1
 159 1348 160 1709 1
 1040 1203 1376 1598 1
 957 1034 1145 1617 1
 1067 1417 1401 1452 1
 1126 1567 1482 1606 1
 1039 1223 1508 1702 1
 1532 1613 1172 1833 1
 1071 1172 1532 1613 1
 1086 1609 1546 1866 1
 764 767 1179 1493 1
 661 1210 1612 1670 1
 1102 1221 1608 1725 1
 627 660 1191 1633 1
 1073 1463 1374 1771 1
 375 374 1283 1393 1
 1019 1657 1357 1882 1
 957 1473 1145 1767 1
 1040 1294 1417 1599 1
 1282 1389 1261 1753 1
 1200 1070 1299 1484 1
 775 1559 1215 1869 1
 1098 1308 1245 1316 1
 944 886 1016 1192 1
 215 1381 1344 1709 1
 1000 1258 1575 1889 1
 1108 1377 1227 1433 1
 1172 1560 1390 1815 1
 1305 1408 813 1850 1
 508 456 1489 1751 1
 1188 1072 1334 1881 1
 147 890 1607 1812 1
 1246 1346 1044 1737 1
 1040 1376 1203 1694 1
 1246 1044 1346 1813 1
 1046 1176 1436 1457 1
 818 1369 1302 1740 1
 1096 1484 1396 1580 1
 1160 1123 1678 1819 1
 245 173 166 1356 1
 1072 1501 1188 1571 1
 485 1466 1248 1610 1
 677 676 668 1401 1
 328 321 1480 1764 1
 1078 1168 1298 1493 1
 1252 1576 185 1696 1
 371 1304 354 1432 1
 150 448 1265 1483 1
 462 1487 1378 1747 1
 299 891 1259 1825 1
 1063 1139 1397 1601 1
 801 1249 1820 1871 1
 867 1426 1398 1677 1
 968 1364 973 1415 1
 1060 1197 1522 1783 1
 1037 1281 1358 1490 1
 1236 1072 1324 1504 1
 247 1382 290 1830 1
 1083 1234 1356 1803 1
 1161 1680 337 1861 1
 1058 1381 1180 1661 1
 342 1548 341 1557 1
 1336 1564 184 1849 1
 235 1234 245 1437 1
 1076 1214 1581 1791 1
 1051 1279 1221 1641 1
 1052 1228 1390 1766 1
 1080 1359 1342 1445 1
 1234 1386 1083 1437 1
 1430 1633 622 1876 1
 859 850 1250 1527 1
 322 1593 1331 1900 1
 850 758 778 1527 1
 1145 1052 1473 1560 1
 1234 1572 1338 1675 1
 1041 1291 1343 1688 1
 745 723 598 1442 1
 1286 977 1631 1724 1
 1145 1617 1034 1666 1
 1229 1478 1653 1880 1
 572 524 523 1736 1
 844 1594 1476 1787 1
 1073 1146 1463 1771 1
 1072 1209 1501 1571 1
 472 469 1242 1695 1
 1037 1197 1490 1762 1
 1058 1205 1275 1477 1
 1243 1374 1330 1670 1
 866 865 1388 1677 1
 925 1208 1014 1882 1
 1036 1279 1500 1513 1
 551 1518 1170 1809 1
 1114 1560 1390 1766 1
 1288 1042 1422 1517 1
 1320 1154 1577 1685 1
 425 1512 1163 1690 1
 860 1168 1493 1616 1
 255 1344 215 1381 1
 439 240 144 1255 1
 1094 1453 1149 1555 1
 1219 1297 1085 1672 1
 1102 1279 1221 1569 1
 660 1544 1191 1633 1
 1050 1278 1217 1537 1
 1439 1498 1464 1826 1
 957 1145 1034 1767 1
 822 823 871 1594 1
 1378 1791 1581 1799 1
 337 1429 1161 1545 1
 1053 1269 1444 1467 1
 1080 1319 1293 1598 1
 1281 1653 1478 1880 1
 548 540 499 1650 1
 235 1234 1437 1554 1
 994 997 977 1724 1
 346 1550 335 1893 1
 1077 1359 1293 1719 1
 633 638 637 1450 1
 1322 1368 1103 1727 1
 547 543 1255 1483 1
 780 867 1398 1677 1
 600 1244 897 1836 1
 1175 1561 1333 1897 1
 1117 1337 1261 1717 1
 1261 1389 1327 1753 1
 1360 1732 1657 1788 1
 1059 1675 1650 1772 1
 965 995 966 1654 1
 1217 1278 1050 1647 1
 1241 1257 1064 1446 1
 1225 1855 1131 1859 1
 516 514 515 1510 1
 1243 1210 1374 1670 1
 333 1486 398 1621 1
 681 1428 617 1465 1
 1260 1623 227 1793 1
 819 1584 1369 1795 1
 636 722 1470 1602 1
 1050 1225 1453 1859 1
 721 1512 675 1711 1
 1153 1566 1424 1577 1
 1154 1418 1536 1577 1
 506 1388 1194 1679 1
 1053 1467 1294 1694 1
 775 776 1559 1869 1
 1076 1581 1378 1791 1
 1398 1412 1063 1513 1
 246 1629 1181 1786 1
 362 1405 1280 1548 1
 1126 1194 1567 1606 1
 1198 1461 1370 1683 1
 1019 1014 1657 1882 1
 302 1472 391 1865 1
 1221 1279 1113 1641 1
 1236 1350 1072 1504 1
 1554 1651 1181 1786 1
 1047 1298 1568 1773 1
 1201 1530 1130 1580 1
 1223 1325 1386 1805 1
 962 965 964 1654 1
 1071 1297 1219 1532 1
 141 267 1166 1787 1
 1063 1398 1266 1412 1
 1189 1442 787 1848 1
 1082 1167 1457 1596 1
 439 547 543 1255 1
 1374 1463 611 1771 1
 1112 1565 1379 1600 1
 1233 1392 1091 1502 1
 765 1340 1179 1624 1
 1229 1501 1491 1713 1
 823 1250 859 1594 1
 369 1284 1432 1678 1
 1554 1675 1234 1772 1
 923 1017 1301 1558 1
 1368 1632 1103 1727 1
 1036 1500 1397 1513 1
 191 1328 217 1785 1
 856 226 1260 1623 1
 189 183 1220 1830 1
 199 1328 216 1395 1
 744 302 1296 1865 1
 346 1432 1160 1678 1
 530 451 582 1231 1
 1138 1417 1294 1599 1
 921 984 1391 1864 1
 1134 1411 1220 1774 1
 1060 1522 1355 1739 1
 1279 1036 1461 1513 1
 819 817 818 1369 1
 1061 1158 1362 1449 1
 1100 1245 1308 1316 1
 697 1529 686 1887 1
 1168 1298 1093 1583 1
 948 1222 1365 1481 1
 656 1267 651 1536 1
 1224 1110 1519 1704 1
 173 174 1356 1572 1
 1098 1669 1213 1733 1
 1288 1074 1353 1646 1
 855 751 881 1247 1
 298 1284 895 1779 1
 313 378 324 1438 1
 1091 1351 1237 1443 1
 1167 1596 550 1747 1
 1098 1669 1733 1739 1
 246 1181 1651 1786 1
 745 1267 598 1798 1
 534 450 527 1196 1
 465 1487 550 1596 1
 1060 1522 1197 1653 1
 1141 1826 1358 1827 1
 558 555 1434 1828 1
 1174 1368 1322 1727 1
 319 1182 318 1585 1
 319 1182 1585 1587 1
 411 435 306 1231 1
 148 1295 742 1802 1
 1405 1548 1139 1601 1
 1145 1375 1052 1560 1
 436 303 412 1244 1
 940 1431 1284 1469 1
 890 1187 971 1607 1
 1275 1477 1085 1891 1
 1042 1354 1310 1722 1
 403 1230 392 1734 1
 1167 1573 1228 1766 1
 1102 1242 1695 1725 1
 1038 1240 1538 1831 1
 1106 1548 1280 1601 1
 661 608 610 1670 1
 1090 1169 1458 1624 1
 891 299 1259 1671 1
 159 158 160 1348 1
 1110 1224 1519 1742 1
 600 679 731 1244 1
 168 1195 167 1534 1
 697 1184 1529 1887 1
 1290 1422 1407 1782 1
 1040 1417 1341 1452 1
 1313 1435 1170 1650 1
 996 897 1029 1244 1
 1059 1650 1170 1772 1
 1496 1625 1087 1687 1
 624 702 1465 1874 1
 1522 1733 1355 1739 1
 1272 1300 1106 1652 1
 464 1487 1775 1809 1
 781 1398 1539 1776 1
 1494 1629 281 1786 1
 1161 1429 1062 1753 1
 1200 1085 1299 1689 1
 1193 1583 1055 1810 1
 1145 1473 957 1617 1
 1163 1264 1711 1874 1
 1076 1371 1312 1581 1
 1038 1228 1342 1546 1
 1098 1587 1308 1669 1
 1239 1480 1156 1764 1
 1139 1521 1405 1823 1
 1155 1423 1057 1665 1
 826 1169 774 1468 1
 426 359 1475 1557 1
 498 1313 586 1846 1
 168 1195 1356 1655 1
 1397 1461 1036 1513 1
 1087 1345 1310 1625 1
 559 551 1170 1809 1
 1100 1585 1485 1681 1
 1035 1200 1318 1403 1
 628 1514 1159 1876 1
 1019 947 1032 1357 1
 794 1439 1149 1464 1
 1136 1617 1560 1639 1
 1273 1285 1066 1489 1
 1125 1566 1424 1892 1
 1232 1322 1174 1807 1
 1308 1182 1585 1681 1
 1193 1307 1583 1810 1
 1149 1453 1410 1555 1
 1152 1534 1180 1700 1
 1035 1318 1202 1403 1
 718 1191 649 1441 1
 1199 1171 1537 1895 1
 1143 1101 1430 1490 1
 1083 1437 1180 1534 1
 1043 1586 1299 1637 1
 408 1438 1192 1591 1
 1042 1290 1310 1686 1
 554 475 1347 1456 1
 1141 1498 1358 1826 1
 365 1550 400 1715 1
 1075 1204 1346 1689 1
 856 1260 845 1623 1
 1220 1411 1099 1774 1
 1223 1312 1074 1508 1
 1229 1089 1478 1880 1
 480 1489 1321 1640 1
 1132 1523 1216 1604 1
 1088 1224 1621 1742 1
 610 1374 611 1771 1
 487 1474 1531 1828 1
 694 721 1470 1471 1
 1210 1374 610 1771 1
 872 1178 803 1472 1
 829 1235 776 1800 1
 1551 1585 1182 1681 1
 1085 1297 1219 1508 1
 902 938 931 1406 1
 250 1420 1152 1662 1
 1235 1339 1215 1559 1
 539 1651 537 1885 1
 231 163 1700 1709 1
 1054 1316 1293 1421 1
 1308 1659 317 1668 1
 231 1700 1381 1709 1
 875 744 302 1710 1
 1088 1621 1542 1742 1
 1165 1675 1554 1772 1
 1129 1330 1243 1374 1
 1434 1461 1142 1828 1
 654 1189 1441 1442 1
 1223 1570 1170 1707 1
 617 1465 1428 1714 1
 1294 1203 1509 1582 1
 189 187 183 1830 1
 1078 1345 1339 1773 1
 1420 1502 192 1635 1
 1110 1521 1292 1656 1
 1318 1342 1071 1546 1
 1134 1619 1220 1830 1
 1350 1496 1087 1687 1
 1174 1632 1368 1727 1
 1269 1396 1203 1684 1
 1159 1450 1065 1506 1
 1058 1205 1258 1661 1
 792 791 790 1565 1
 1194 1559 1051 1641 1
 1476 1594 1395 1787 1
 957 1617 1473 1726 1
 545 1474 572 1475 1
 1170 1352 1076 1809 1
 1386 1554 1234 1772 1
 1200 1085 1297 1672 1
 1234 1386 1135 1554 1
 1059 1313 1517 1707 1
 308 1429 1259 1680 1
 500 1206 569 1567 1
 197 186 1252 1576 1
 1114 1573 1510 1766 1
 1529 1634 1184 1878 1
 1333 1633 1199 1790 1
 1214 1738 1274 1791 1
 1087 1303 1209 1817 1
 389 329 1238 1485 1
 592 893 604 1845 1
 1418 1492 1277 1749 1
 836 833 853 1424 1
 1086 1491 1303 1609 1
 1037 1278 1506 1693 1
 1078 1235 1290 1722 1
 704 636 707 1470 1
 1385 1712 1266 1723 1
 843 1520 1189 1848 1
 1079 1146 1428 1714 1
 1066 1348 1314 1701 1
 335 1239 328 1480 1
 551 559 1170 1518 1
 1052 1390 1560 1766 1
 1169 1218 1340 1840 1
 162 1180 163 1709 1
 1017 927 1301 1473 1
 450 527 1196 1590 1
 1097 1558 1743 1833 1
 402 1834 1660 1896 1
 483 1412 482 1608 1
 1205 1361 1258 1575 1
 1210 1243 1118 1670 1
 1067 1160 1341 1452 1
 1251 1673 1226 1815 1
 1082 1457 1176 1596 1
 147 214 212 1607 1
 1379 1565 1112 1796 1
 1392 1091 1502 1662 1
 1488 1567 1126 1770 1
 1070 1319 1200 1403 1
 609 1330 629 1765 1
 1394 1749 1151 1829 1
 1275 1636 1314 1661 1
 1347 1434 470 1725 1
 1262 1450 1263 1755 1
 1356 1437 1083 1534 1
 246 281 1629 1786 1
 657 1446 605 1845 1
 1107 1317 1752 1784 1
 1377 1433 1108 1648 1
 774 1458 842 1468 1
 147 1024 214 1607 1
 749 1710 1263 1755 1
 215 1344 1499 1709 1
 253 1494 158 1760 1
 797 795 1555 1871 1
 1485 1585 393 1834 1
 150 1265 229 1483 1
 912 915 1781 1794 1
 749 1263 857 1755 1
 1149 1506 1439 1565 1
 780 1677 1398 1776 1
 1645 1752 1317 1784 1
 1159 1104 1358 1827 1
 1358 1826 1498 1827 1
 146 1181 246 1629 1
 1076 1581 1214 1856 1
 1299 1346 1075 1637 1
 1067 1432 1160 1452 1
 512 533 513 1375 1
 1056 1504 1256 1769 1
 1090 1350 1218 1496 1
 1346 1586 1232 1637 1
 1128 1640 1321 1701 1
 266 290 152 1173 1
 1168 825 1493 1795 1
 334 328 335 1239 1
 1151 185 1576 1696 1
 1443 1662 1091 1756 1
 1216 1592 1479 1808 1
 1133 1420 1703 1853 1
 1161 1545 1429 1753 1
 1176 1352 1242 1775 1
 1082 1309 1436 1457 1
 402 389 329 1238 1
 586 498 559 1313 1
 1042 1462 1288 1611 1
 959 604 893 1845 1
 264 199 216 1395 1
 988 1251 912 1781 1
 1071 1318 1297 1532 1
 780 779 867 1677 1
 794 793 792 1565 1
 708 1174 1529 1632 1
 1312 1508 1223 1702 1
 758 1527 1253 1566 1
 1187 1574 971 1607 1
 799 872 1178 1820 1
 1052 1560 1375 1766 1
 634 1612 1384 1670 1
 1216 1808 1604 1852 1
 167 1534 1195 1662 1
 1364 1415 968 1654 1
 1036 1397 1300 1461 1
 1048 1315 1523 1604 1
 1161 1538 1451 1904 1
 1281 1478 1089 1880 1
 1242 1352 1105 1518 1
 1170 1799 1435 1809 1
 468 467 465 1596 1
 1183 1724 1384 1744 1
 1286 1578 1164 1631 1
 774 1169 808 1728 1
 1278 1150 1762 1839 1
 1401 1452 1138 1503 1
 372 1360 408 1438 1
 1051 1345 1290 1686 1
 786 1266 1712 1723 1
 186 185 178 1696 1
 924 929 991 1643 1
 1094 1149 1453 1693 1
 403 392 1230 1541 1
 1160 1454 1239 1739 1
 450 1196 534 1666 1
 778 1153 1424 1547 1
 966 1364 968 1654 1
 339 340 1326 1626 1
 275 190 241 1338 1
 1142 1436 1347 1456 1
 1445 1638 1287 1699 1
 1165 1650 1675 1772 1
 1135 1314 1348 1701 1
 308 1671 309 1680 1
 1099 1356 1325 1729 1
 615 614 1463 1790 1
 1068 1419 1295 1620 1
 1075 1346 1299 1689 1
 654 591 1189 1442 1
 659 1241 658 1597 1
 1007 1273 1009 1466 1
 1411 1774 1134 1808 1
 1179 1339 767 1624 1
 1071 1532 1219 1613 1
 1063 1412 1157 1513 1
 708 1529 1276 1632 1
 182 188 1528 1696 1
 1134 1220 1619 1774 1
 1098 1421 1245 1792 1
 324 1659 1245 1668 1
 1112 1647 1278 1857 1
 1080 1213 1316 1730 1
 1123 1367 1160 1678 1
 1233 1564 1336 1849 1
 531 1516 1145 1666 1
 1300 1397 1139 1601 1
 1148 1361 1205 1575 1
 322 326 1331 1734 1
 846 747 1173 1716 1
 1295 1476 1119 1576 1
 1154 1418 646 1536 1
 1293 1040 1509 1804 1
 969 1415 1147 1574 1
 1041 1307 1394 1505 1
 1343 1495 1298 1568 1
 246 1181 146 1651 1
 461 462 1378 1747 1
 497 1427 1144 1488 1
 614 1175 616 1714 1
 1098 1308 1587 1668 1
 751 710 1247 1798 1
 1081 1719 1359 1794 1
 1348 1701 1494 1786 1
 1038 1538 1240 1699 1
 1404 1495 1209 1625 1
 1256 1519 1056 1769 1
 1098 1213 1454 1733 1
 297 1283 374 1750 1
 220 265 222 1419 1
 229 1483 1265 1563 1
 1345 1625 1496 1773 1
 1278 1762 1101 1839 1
 461 1747 1378 1843 1
 147 890 1024 1607 1
 1091 1703 1420 1853 1
 717 630 626 1217 1
 1139 1742 1521 1823 1
 1255 1127 1650 1754 1
 381 384 406 1429 1
 657 1241 659 1446 1
 1378 1487 462 1809 1
 1085 1299 1201 1672 1
 342 1272 1660 1834 1
 568 1221 477 1608 1
 191 180 187 1411 1
 1072 1303 1209 1687 1
 1160 1432 346 1550 1
 1158 1660 1272 1834 1
 226 286 856 1260 1
 268 263 204 1787 1
 185 1252 186 1576 1
 315 1659 324 1668 1
 1138 1417 1401 1515 1
 615 1463 1368 1790 1
 1153 1505 1093 1527 1
 941 1469 886 1658 1
 1068 1295 1424 1620 1
 335 1550 345 1872 1
 1135 1386 1701 1772 1
 1439 1464 1296 1826 1
 1094 1334 1289 1693 1
 944 946 1657 1732 1
 402 1660 360 1896 1
 193 1502 196 1635 1
 1158 1485 1585 1681 1
 700 1632 1368 1867 1
 288 1382 1563 1793 1
 1049 1319 1200 1484 1
 661 1612 608 1670 1
 149 894 1311 1499 1
 1102 1370 1279 1898 1
 1151 1419 188 1528 1
 227 1623 290 1793 1
 1103 1276 1268 1727 1
 155 1247 601 1797 1
 1227 1589 1377 1654 1
 1100 1659 1585 1681 1
 371 400 354 1304 1
 801 1249 797 1728 1
 460 562 480 1378 1
 272 248 184 1564 1
 548 539 537 1885 1
 780 779 1677 1776 1
 790 1410 1225 1855 1
 1308 1585 1659 1681 1
 1303 1350 1236 1683 1
 1112 1217 1647 1857 1
 1074 1312 1297 1508 1
 1278 1647 1217 1857 1
 395 315 324 1668 1
 346 1678 1160 1893 1
 471 1242 1524 1775 1
 1258 1415 1130 1530 1
 1308 1659 1100 1681 1
 1264 1163 1697 1874 1
 981 960 963 1746 1
 1208 1054 1657 1719 1
 1473 1617 1560 1726 1
 1326 1630 1163 1899 1
 1274 1581 1371 1856 1
 1378 1747 1214 1843 1
 1087 1177 1370 1705 1
 1119 1476 1395 1576 1
 1278 1101 1537 1839 1
 625 699 663 1771 1
 1264 1697 1783 1874 1
 228 229 150 1265 1
 1167 1082 1510 1596 1
 374 1283 1393 1750 1
 145 597 1277 1797 1
 1360 1657 1192 1788 1
 802 1472 1464 1871 1
 797 796 795 1871 1
 1148 1097 1361 1643 1
 1295 1547 1424 1620 1
 1269 1096 1444 1721 1
 694 1470 722 1471 1
 1038 1228 1546 1573 1
 1139 1397 1300 1542 1
 1046 1353 1177 1763 1
 1062 1327 1196 1639 1
 825 1168 868 1795 1
 298 1284 369 1469 1
 1094 1410 1453 1555 1
 944 1360 955 1732 1
 648 1529 697 1878 1
 948 949 947 1481 1
 1169 1340 1218 1708 1
 1046 1436 1309 1457 1
 1143 1783 1630 1874 1
 1061 1238 1449 1863 1
 748 1305 449 1482 1
 1232 1322 1073 1346 1
 1712 1723 1385 1854 1
 512 1375 476 1747 1
 1240 1449 1100 1538 1
 1701 1772 1386 1816 1
 1061 1717 1238 1863 1
 1358 1490 1281 1630 1
 1179 1496 1090 1840 1
 660 618 1544 1633 1
 1167 1510 550 1596 1
 1072 1188 1334 1571 1
 855 1247 271 1802 1
 502 1482 1305 1488 1
 264 1166 267 1787 1
 502 504 507 1305 1
 1058 1275 1205 1661 1
 393 1486 1585 1900 1
 1300 1461 1397 1601 1
 208 153 1241 1597 1
 264 1395 1166 1787 1
 514 550 476 1747 1
 1122 1584 1302 1619 1
 568 477 481 1608 1
 319 318 1182 1900 1
 1335 1422 1042 1517 1
 1041 1320 1505 1577 1
 1176 1347 1242 1757 1
 1075 1207 1691 1752 1
 370 371 354 1432 1
 1253 1777 1211 1859 1
 573 447 486 1280 1
 1074 1353 1312 1570 1
 1094 1218 1340 1708 1
 1280 1385 364 1841 1
 545 573 1474 1475 1
 1214 1378 1076 1747 1
 764 767 765 1179 1
 1224 1742 1088 1769 1
 219 1528 1277 1642 1
 1083 1534 1443 1729 1
 681 671 1264 1465 1
 1092 1298 1354 1852 1
 493 1552 1483 1754 1
 1125 1577 1505 1777 1
 1160 1678 1432 1819 1
 1375 1560 1145 1766 1
 969 1574 1147 1607 1
 1352 1487 1076 1809 1
 1064 1553 1383 1648 1
 912 1603 915 1794 1
 1163 1264 1697 1711 1
 1080 1316 1293 1445 1
 461 1214 1747 1843 1
 746 295 1292 1854 1
 792 795 794 1555 1
 1135 1554 1386 1772 1
 322 1593 397 1734 1
 393 1486 1158 1585 1
 1491 1609 1086 1886 1
 915 1357 1781 1794 1
 1106 1557 1272 1652 1
 1065 1358 1159 1506 1
 915 1603 1357 1794 1
 1181 1629 1494 1786 1
 1160 1421 1341 1454 1
 1118 1257 1330 1735 1
 1088 1551 1486 1900 1
 1094 1340 1218 1840 1
 1178 799 1820 1871 1
 1053 1582 1164 1684 1
 681 1264 671 1873 1
 635 633 1283 1450 1
 845 1260 1408 1623 1
 722 635 1283 1602 1
 1049 1532 1359 1833 1
 559 474 551 1809 1
 761 1768 1644 1855 1
 1145 1560 1473 1617 1
 996 1244 412 1779 1
 1151 1419 1068 1620 1
 1307 1343 1093 1505 1
 708 730 1529 1667 1
 1299 1351 1237 1637 1
 191 217 244 1785 1
 730 708 623 1667 1
 1511 1696 1252 1847 1
 1061 1449 1282 1863 1
 1066 1494 1348 1701 1
 1178 1541 1519 1704 1
 1376 1522 1399 1599 1
 1313 1650 1127 1754 1
 1098 1733 1454 1739 1
 1102 1370 1198 1461 1
 1359 1445 1293 1719 1
 340 339 1326 1409 1
 1371 1312 1581 1702 1
 1090 1500 1350 1588 1
 1220 1619 1382 1830 1
 1092 1310 1298 1625 1
 1338 1650 1059 1675 1
 1234 1338 1059 1675 1
 664 1349 663 1515 1
 912 1185 911 1603 1
 1061 1282 1717 1863 1
 775 1215 1559 1677 1
 1271 1455 1133 1832 1
 681 1465 1264 1873 1
 797 1249 801 1871 1
 1308 1585 317 1659 1
 1040 1294 1599 1694 1
 322 397 326 1734 1
 1449 1538 1240 1831 1
 1124 1259 1365 1904 1
 299 1259 308 1825 1
 1252 1511 1151 1696 1
 1358 1037 1506 1693 1
 1267 1442 1536 1892 1
 1329 1762 1197 1881 1
 760 758 1527 1768 1
 1174 1529 1057 1665 1
 1088 1551 1182 1778 1
 1065 1498 1826 1827 1
 249 223 244 1785 1
 1280 1385 1063 1405 1
 317 1587 1308 1668 1
 1126 1770 1290 1782 1
 568 1679 1221 1759 1
 1094 1218 1507 1840 1
 640 597 280 1797 1
 753 754 745 1267 1
 1161 1366 1124 1680 1
 1111 1349 1183 1448 1
 519 1327 527 1622 1
 306 1231 900 1825 1
 1340 1624 1090 1840 1
 1010 1473 1248 1761 1
 1227 1364 1108 1721 1
 1357 1657 1222 1719 1
 1395 1476 1119 1594 1
 614 616 1175 1790 1
 1070 1200 1319 1484 1
 1179 1339 1078 1493 1
 398 1486 1272 1834 1
 681 701 617 1428 1
 1092 1291 1193 1604 1
 210 1627 1184 1887 1
 297 375 1283 1801 1
 1394 1505 1307 1620 1
 1122 1584 1173 1716 1
 1198 1102 1436 1757 1
 1232 1075 1346 1637 1
 1108 1460 1433 1721 1
 1064 1553 1187 1746 1
 1155 1402 1627 1814 1
 1175 1463 614 1790 1
 1164 1096 1578 1684 1
 1205 1097 1664 1903 1
 745 753 1267 1798 1
 1042 1335 1407 1422 1
 484 1412 483 1649 1
 1208 1657 1014 1882 1
 1163 1060 1690 1697 1
 171 176 170 1662 1
 786 1723 1712 1854 1
 879 844 1476 1787 1
 1046 1312 1353 1570 1
 1033 1259 1006 1825 1
 1291 1691 1207 1752 1
 872 803 799 1472 1
 290 152 1173 1623 1
 1260 1069 1408 1793 1
 1081 1357 1719 1794 1
 1135 1386 1437 1636 1
 319 322 318 1900 1
 1147 1607 213 1890 1
 1155 1665 1402 1814 1
 1078 1310 1345 1773 1
 776 1235 830 1559 1
 1118 1628 1384 1670 1
 458 1321 557 1818 1
 1281 1409 1326 1880 1
 1092 1343 1291 1495 1
 1098 1587 1480 1668 1
 1335 1220 1619 1806 1
 1050 1453 1278 1859 1
 255 215 231 1381 1
 337 1545 1161 1861 1
 1035 1404 1190 1780 1
 1298 1092 1354 1902 1
 1227 1118 1286 1444 1
 1171 1199 1731 1895 1
 1095 1151 1696 1829 1
 1039 1205 1314 1664 1
 746 1292 295 1656 1
 1161 1100 1366 1861 1
 1227 1286 1118 1724 1
 1170 1650 1435 1772 1
 760 759 758 1768 1
 1078 1310 1298 1354 1
 1135 1437 1234 1554 1
 901 698 1836 1888 1
 228 229 1265 1563 1
 173 179 174 1572 1
 1162 1660 1717 1896 1
 1042 1422 1290 1686 1
 1040 1213 1293 1598 1
 1034 1145 1666 1767 1
 1243 1330 1118 1670 1
 765 1179 767 1624 1
 1081 1172 1390 1815 1
 1021 377 298 1779 1
 520 521 1261 1579 1
 1158 393 1585 1834 1
 1079 1246 1399 1599 1
 661 1612 1210 1771 1
 1083 1437 1386 1636 1
 221 1277 219 1419 1
 1545 1861 389 1896 1
 1378 1487 1076 1747 1
 1229 1072 1324 1778 1
 1433 1460 1108 1648 1
 215 231 1381 1709 1
 1161 1753 1389 1863 1
 1485 1585 1100 1659 1
 1110 1468 1256 1519 1
 1256 1468 1169 1519 1
 686 1529 1402 1887 1
 408 401 1438 1591 1
 1190 1353 1646 1705 1
 1209 1571 1072 1687 1
 700 623 708 1867 1
 1331 1088 1621 1900 1
 895 1284 298 1469 1
 148 265 1295 1802 1
 633 714 638 1450 1
 903 932 1448 1614 1
 1187 1553 1064 1648 1
 1095 1691 1323 1756 1
 299 308 307 1825 1
 1153 1547 1119 1620 1
 1227 1377 1108 1654 1
 901 892 698 1888 1
 1323 1232 1423 1637 1
 227 1260 226 1623 1
 1075 1317 1459 1595 1
 1073 1174 1322 1807 1
 1115 1268 1276 1634 1
 449 1305 502 1482 1
 1092 1190 1315 1646 1
 465 1176 1487 1596 1
 1335 1619 1220 1774 1
 1399 1522 1079 1599 1
 599 698 892 1888 1
 365 400 301 1715 1
 1074 1223 1508 1805 1
 1215 1090 1458 1869 1
 1329 1762 1150 1839 1
 1187 1377 979 1574 1
 708 1529 1174 1667 1
 342 1272 1557 1660 1
 1125 1189 1777 1848 1
 905 906 1380 1614 1
 1368 1632 1174 1867 1
 1183 1053 1631 1744 1
 1150 1568 1748 1859 1
 1130 1477 1201 1525 1
 465 1176 467 1775 1
 1688 1748 1211 1839 1
 1038 1390 1228 1573 1
 1211 1093 1343 1505 1
 753 754 1267 1798 1
 759 1253 1520 1848 1
 1083 1325 1356 1729 1
 1089 1182 1549 1778 1
 1132 1604 1216 1808 1
 1127 1144 1517 1552 1
 148 1295 265 1476 1
 1273 1466 1121 1535 1
 1311 1494 1285 1760 1
 1061 1300 1272 1652 1
 1099 1220 1462 1572 1
 1065 1358 1498 1827 1
 742 1295 148 1476 1
 837 1476 844 1594 1
 1224 1331 1088 1621 1
 1511 1663 1459 1829 1
 1050 1777 1320 1837 1
 1133 1648 1460 1703 1
 1189 1520 1050 1777 1
 1055 1328 1166 1592 1
 492 1265 448 1483 1
 393 1585 318 1900 1
 1440 1575 1148 1741 1
 1095 1543 1691 1756 1
 775 1559 851 1677 1
 1103 1317 1322 1727 1
 1092 1852 1354 1902 1
 1224 1521 330 1621 1
 1081 1287 1222 1824 1
 1061 1362 1158 1605 1
 1035 1207 1404 1780 1
 661 1210 610 1771 1
 1170 1570 1352 1707 1
 1219 1297 1071 1702 1
 1192 1657 1054 1788 1
 1325 1356 1099 1803 1
 1155 1635 1133 1814 1
 403 1230 409 1541 1
 1064 1187 1377 1746 1
 1268 1041 1459 1511 1
 883 752 856 1260 1
 1334 1478 1072 1692 1
 1178 1820 1249 1871 1
 1413 1436 1309 1562 1
 1147 1889 1607 1890 1
 1159 1514 1506 1857 1
 1000 1575 986 1889 1
 646 643 1418 1492 1
 1170 1076 1352 1799 1
 1080 1318 1342 1532 1
 189 1382 1220 1563 1
 830 776 829 1235 1
 800 791 1565 1796 1
 1065 1159 1358 1827 1
 1291 1193 1604 1691 1
 227 226 1260 1793 1
 1104 1163 1630 1899 1
 1097 1205 1525 1903 1
 867 1388 1426 1677 1
 798 806 805 1439 1
 1073 1467 1346 1813 1
 969 1147 1415 1889 1
 894 157 149 1760 1
 797 1555 1249 1871 1
 1054 1445 1316 1638 1
 1268 1511 1459 1829 1
 1336 1564 1233 1663 1
 1237 1460 1058 1530 1
 241 1255 240 1483 1
 1182 1331 1089 1593 1
 1072 1491 1229 1501 1
 846 1173 1408 1584 1
 1159 1450 632 1602 1
 340 350 404 1409 1
 1068 1394 1151 1620 1
 1002 1746 1026 1812 1
 1162 1717 1526 1896 1
 1372 1648 1133 1703 1
 1160 1367 1098 1893 1
 1119 1594 1250 1810 1
 1118 1330 1243 1735 1
 1376 1399 1246 1599 1
 531 1666 1145 1767 1
 1135 1701 1348 1786 1
 759 1566 1253 1848 1
 1091 1237 1351 1637 1
 1191 1544 1199 1633 1
 854 1296 1439 1464 1
 952 1400 1004 1617 1
 1051 1686 1177 1898 1
 1151 1119 1576 1620 1
 1105 1352 1242 1763 1
 1202 1080 1318 1866 1
 1321 1378 1128 1791 1
 1133 1423 1372 1703 1
 1155 1627 1402 1665 1
 1080 1293 1213 1598 1
 693 1471 722 1750 1
 667 1401 666 1515 1
 1154 1536 1125 1577 1
 1100 1161 1366 1538 1
 955 1360 1671 1732 1
 1095 1511 1151 1829 1
 1088 1742 1542 1769 1
 781 780 1398 1776 1
 196 209 193 1635 1
 745 729 753 1798 1
 1350 1496 1090 1588 1
 1075 1291 1317 1752 1
 1086 1309 1212 1562 1
 1212 1309 1046 1562 1
 1230 1540 403 1618 1
 1081 1445 1359 1719 1
 1052 1214 1375 1738 1
 889 1273 1007 1466 1
 971 1187 979 1574 1
 1447 1603 908 1844 1
 1275 1332 1085 1508 1
 1297 1312 1071 1702 1
 1046 1436 1176 1757 1
 507 504 560 1850 1
 1097 1525 1391 1833 1
 469 1524 1242 1695 1
 527 519 517 1327 1
 930 1007 937 1440 1
 1246 1346 1467 1813 1
 1216 1354 1055 1852 1
 461 512 1214 1610 1
 560 492 507 1427 1
 911 1603 1185 1844 1
 443 456 1273 1818 1
 1104 1490 1358 1630 1
 1058 1477 1275 1891 1
 1103 1268 1317 1727 1
 1056 1218 1692 1708 1
 1050 1189 1777 1837 1
 1096 1556 1185 1578 1
 1242 1569 1102 1695 1
 1256 1397 1140 1823 1
 1311 1348 1066 1494 1
 409 1230 403 1618 1
 512 461 1214 1747 1
 1041 1505 1394 1577 1
 662 625 663 1349 1
 1038 1389 1282 1538 1
 763 1373 1644 1768 1
 1322 1595 1232 1727 1
 162 1180 1709 1862 1
 1047 1298 1495 1568 1
 1051 1569 1279 1898 1
 1187 1383 1553 1648 1
 290 1382 260 1793 1
 314 1366 313 1659 1
 1227 1444 1096 1721 1
 208 1553 206 1597 1
 763 1644 761 1768 1
 1202 1713 1501 1811 1
 1189 1125 1777 1837 1
 443 1273 1466 1818 1
 1268 1459 1663 1829 1
 1302 1305 1069 1408 1
 520 1261 518 1579 1
 1096 1364 1227 1721 1
 631 632 628 1514 1
 979 1187 890 1812 1
 1154 1418 1577 1749 1
 770 790 789 1225 1
 813 1408 1305 1835 1
 1264 1465 671 1874 1
 1164 1603 1447 1844 1
 1106 1548 1272 1557 1
 1086 1303 1236 1683 1
 901 1836 902 1888 1
 1072 1350 1303 1687 1
 747 846 1173 1623 1
 676 1836 698 1888 1
 221 219 220 1419 1
 409 1541 1230 1618 1
 758 1253 759 1566 1
 1091 1152 1420 1662 1
 1190 1780 1212 1817 1
 1341 1509 1040 1804 1
 1363 1184 1634 1878 1
 1055 1583 1250 1810 1
 314 1366 1659 1861 1
 1268 1394 1041 1511 1
 168 166 1356 1534 1
 1036 1198 1300 1870 1
 1324 1072 1478 1692 1
 1089 1331 1324 1842 1
 1167 1076 1487 1747 1
 330 1521 1224 1704 1
 594 1304 301 1758 1
 1660 1834 1238 1896 1
 633 637 1283 1450 1
 1087 1496 1345 1625 1
 1338 1462 1220 1572 1
 445 296 1306 1789 1
 927 1473 1010 1761 1
 935 929 934 1575 1
 1250 1583 1307 1810 1
 1238 1861 1545 1896 1
 1018 1231 1005 1590 1
 1088 1182 1551 1900 1
 1088 1324 1331 1769 1
 1109 1348 1311 1499 1
 1124 1287 1222 1788 1
 1222 1287 1054 1788 1
 494 497 1427 1552 1
 1104 1630 1326 1899 1
 1254 1836 676 1888 1
 1094 1149 1693 1860 1
 1181 1629 146 1651 1
 1161 1545 1238 1861 1
 930 1311 934 1440 1
 777 842 1458 1776 1
 902 1836 1254 1888 1
 1167 1076 1457 1487 1
 1135 1701 1386 1816 1
 1229 1089 1324 1478 1
 1383 1648 1187 1877 1
 1089 1229 1324 1778 1
 1065 1450 1159 1827 1
 1045 1316 1669 1730 1
 1071 1172 1342 1532 1
 1065 1498 1439 1826 1
 235 1437 181 1554 1
 1329 1101 1762 1839 1
 1059 1325 1288 1462 1
 262 1285 509 1629 1
 1078 1339 1179 1773 1
 1221 1679 1641 1759 1
 1064 1330 1257 1735 1
 1491 1501 1202 1713 1
 1317 1595 1322 1727 1
 1312 1371 1076 1457 1
 922 1578 1164 1844 1
 389 1485 1238 1861 1
 1068 1577 1418 1749 1
 1041 1307 1193 1511 1
 1098 1245 1367 1792 1
 1158 1585 1485 1834 1
 1365 1481 1222 1824 1
 1187 1553 1383 1877 1
 1257 1330 1064 1446 1
 1075 1207 1351 1691 1
 856 845 831 1623 1
 838 1410 790 1855 1
 1130 1525 1201 1580 1
 1133 1502 1420 1635 1
 1397 1500 1140 1513 1
 1085 1200 1299 1672 1
 1218 1094 1334 1708 1
 1205 1477 1130 1525 1
 281 146 246 1629 1
 1038 1451 1287 1824 1
 1070 1403 1200 1689 1
 1088 1236 1551 1778 1
 1093 1568 1373 1768 1
 1036 1300 1198 1461 1
 1238 389 1861 1896 1
 1136 1451 1400 1639 1
 402 1238 329 1834 1
 658 659 657 1241 1
 182 1528 1336 1696 1
 1041 1505 1320 1688 1
 148 876 269 1802 1
 1059 1517 1462 1707 1
 295 417 1292 1854 1
 1181 1489 579 1640 1
 910 908 1603 1844 1
 1320 1505 1211 1688 1
 335 1239 1480 1893 1
 1158 1486 393 1834 1
 467 470 469 1347 1
 749 805 1710 1755 1
 1520 1777 1189 1848 1
 153 658 1241 1597 1
 1070 1204 1403 1689 1
 522 1337 553 1456 1
 1383 1648 1133 1814 1
 1035 1318 1212 1609 1
 584 452 561 1260 1
 1021 298 895 1779 1
 762 860 764 1373 1
 940 1284 895 1469 1
 1057 1529 1174 1727 1
 317 1585 1308 1587 1
 774 826 808 1169 1
 770 1225 789 1855 1
 1147 1455 213 1607 1
 330 1224 1541 1704 1
 519 1579 1327 1622 1
 1364 1556 1096 1578 1
 1152 165 1534 1700 1
 843 1189 1520 1796 1
 1092 1298 1495 1625 1
 1059 1170 1650 1707 1
 916 1391 1251 1558 1
 1410 1453 1131 1507 1
 901 902 892 1888 1
 1053 1582 1203 1694 1
 1190 1092 1315 1745 1
 1188 1533 1329 1784 1
 346 1160 1550 1893 1
 1209 1303 1072 1501 1
 599 676 698 1888 1
 1040 1341 1417 1509 1
 360 1660 402 1834 1
 1272 1652 1557 1660 1
 1155 209 1635 1868 1
 910 909 908 1844 1
 792 1410 811 1555 1
 1065 1296 1393 1826 1
 1108 1574 1377 1648 1
 499 1650 1313 1754 1
 932 905 998 1631 1
 1148 1535 1301 1643 1
 1167 1076 1747 1856 1
 580 449 748 1850 1
 845 813 1408 1850 1
 1051 1559 1215 1641 1
 948 1365 1222 1732 1
 1127 1335 1220 1462 1
 211 1363 1184 1564 1
 824 874 747 1716 1
 1302 1407 1122 1619 1
 346 345 335 1550 1
 1225 1520 789 1855 1
 1041 1394 1307 1511 1
 838 761 1644 1855 1
 1168 1354 1298 1583 1
 234 1554 181 1862 1
 167 168 169 1195 1
 297 375 374 1283 1
 299 307 974 1825 1
 251 1234 235 1675 1
 820 1416 1584 1795 1
 234 1786 1554 1862 1
 1372 1133 1648 1814 1
 979 1377 1187 1746 1
 1106 1280 1531 1601 1
 1053 1294 1582 1694 1
 969 1607 1147 1889 1
 1227 1433 1377 1735 1
 770 790 1225 1855 1
 1273 1321 1066 1718 1
 596 693 722 1750 1
 1042 1335 1462 1611 1
 1087 1683 1303 1705 1
 1064 1648 1383 1814 1
 1075 1691 1291 1752 1
 1287 1638 1538 1699 1
 1127 1220 1338 1462 1
 1082 1510 1261 1573 1
 615 613 1368 1463 1
 886 1192 943 1658 1
 1094 1555 1149 1860 1
 609 1374 610 1670 1
 1060 1326 1281 1630 1
 971 890 979 1187 1
 1232 1595 1057 1727 1
 828 776 1339 1800 1
 1382 1619 1220 1806 1
 1054 1293 1719 1804 1
 231 259 255 1381 1
 209 1627 1155 1698 1
 1198 1436 1413 1562 1
 1073 1243 1374 1807 1
 821 868 1416 1795 1
 1175 1333 1199 1790 1
 1096 1444 1286 1684 1
 1326 1409 1141 1626 1
 1149 1439 1065 1498 1
 1040 1270 1452 1454 1
 1039 1274 1613 1903 1
 1293 1316 1054 1445 1
 461 1610 1214 1843 1
 1607 1889 969 1890 1
 1065 1439 1149 1506 1
 1273 1066 1321 1489 1
 470 1434 473 1725 1
 1259 1400 1365 1904 1
 1041 1343 1307 1505 1
 596 1283 297 1750 1
 1054 1421 1293 1804 1
 511 1206 500 1524 1
 1093 1307 1250 1583 1
 1174 1667 1665 1807 1
 277 1528 219 1642 1
 1389 1538 1161 1863 1
 1117 1282 1753 1863 1
 1120 1472 1464 1865 1
 1052 1172 1613 1743 1
 1158 1182 1551 1585 1
 149 1311 158 1499 1
 905 904 906 1614 1
 1035 1404 1689 1752 1
 1302 1369 1122 1722 1
 1189 1050 1520 1647 1
 1090 1339 1179 1624 1
 288 1563 228 1793 1
 1175 1463 1146 1714 1
 976 1286 922 1578 1
 1157 1531 1412 1649 1
 158 200 1348 1494 1
 1159 1602 1104 1827 1
 1065 1149 1498 1506 1
 1064 1372 1648 1814 1
 1087 1370 1683 1705 1
 1543 1604 1132 1847 1
 1140 1397 1256 1500 1
 1201 1477 1130 1530 1
 210 1184 142 1887 1
 1261 1282 1082 1573 1
 1095 1151 1511 1696 1
 977 1286 976 1724 1
 1045 1681 1316 1730 1
 624 1333 619 1430 1
 1018 1004 954 1400 1
 651 656 653 1267 1
 697 689 686 1529 1
 1199 1368 1175 1790 1
 975 1556 995 1578 1
 150 228 1265 1875 1
 968 1415 967 1654 1
 1041 1317 1268 1459 1
 1302 1408 816 1835 1
 1189 1441 1125 1837 1
 1078 1345 1310 1686 1
 1098 1316 1213 1669 1
 1080 1316 1699 1730 1
 1266 1398 864 1426 1
 1261 1337 1117 1736 1
 1346 1645 1044 1737 1
 1035 1689 1615 1752 1
 1178 1519 1249 1820 1
 237 1651 1554 1786 1
 342 1660 360 1834 1
 1035 1404 1207 1689 1
 1152 1091 1420 1853 1
 1188 1150 1334 1571 1
 1235 1290 1126 1770 1
 1051 1290 1235 1770 1
 1238 1485 329 1834 1
 977 976 999 1724 1
 189 1220 1382 1830 1
 1046 1177 1370 1757 1
 1493 1795 861 1800 1
 225 1260 226 1793 1
 192 1502 1420 1662 1
 909 1447 908 1844 1
 1060 1281 1326 1880 1
 1193 1307 1343 1583 1
 823 821 868 1416 1
 145 1277 597 1642 1
 1217 1537 1278 1857 1
 825 861 1493 1795 1
 1035 1202 1318 1609 1
 1054 1719 1208 1804 1
 1064 1241 1553 1746 1
 1072 1303 1236 1491 1
 299 974 891 1825 1
 161 163 231 1709 1
 655 654 1189 1676 1
 1153 1577 1424 1620 1
 1329 1537 1101 1839 1
 1352 1170 1518 1809 1
 656 641 709 1418 1
 596 297 693 1750 1
 150 448 224 1875 1
 1069 1305 1302 1782 1
 922 1286 977 1631 1
 1462 1517 1288 1707 1
 1050 1537 1171 1839 1
 1155 1627 209 1868 1
 422 1178 1541 1618 1
 1258 1361 1130 1864 1
 655 654 591 1189 1
 757 1566 759 1848 1
 725 594 430 1758 1
 148 269 265 1802 1
 985 242 143 1344 1
 1136 1365 1400 1451 1
 1059 1462 1288 1707 1
 1400 1617 1136 1639 1
 1433 1648 1377 1735 1
 1075 1459 1323 1595 1
 1119 1395 1594 1810 1
 1093 1343 1298 1568 1
 1167 1457 1176 1487 1
 1069 1173 1382 1619 1
 1424 1577 1068 1620 1
 1375 1510 1167 1766 1
 694 636 722 1470 1
 1262 1565 1112 1600 1
 693 297 380 1750 1
 1092 1193 1343 1852 1
 922 976 977 1286 1
 241 1483 229 1563 1
 1409 1764 1326 1880 1
 783 1292 1656 1879 1
 1092 1291 1404 1495 1
 393 323 1486 1900 1
 596 722 635 1283 1
 145 280 597 1797 1
 1122 1369 1584 1795 1
 1225 1112 1565 1796 1
 1078 1369 1235 1722 1
 1051 1177 1569 1898 1
 425 1690 1163 1899 1
 445 1306 296 1682 1
 894 1022 157 1760 1
 1101 1333 1199 1561 1
 649 1191 660 1544 1
 215 1499 159 1709 1
 1506 1514 1112 1857 1
 297 1283 596 1801 1
 1282 1538 1389 1863 1
 1130 1415 1258 1864 1
 1095 1696 1336 1829 1
 1076 1799 1170 1809 1
 1242 1347 1176 1775 1
 505 506 442 1194 1
 791 809 800 1565 1
 465 1487 1176 1775 1
 867 1388 840 1426 1
 1453 1839 1278 1859 1
 1083 1443 1332 1729 1
 923 1558 1301 1643 1
 1160 1116 1452 1550 1
 1360 1438 372 1884 1
 1018 1004 1400 1590 1
 1350 1504 1236 1683 1
 1081 1222 1481 1824 1
 1106 1475 1474 1531 1
 1116 1270 1264 1697 1
 393 318 323 1900 1
 1130 1364 1556 1580 1
 1056 1519 1249 1822 1
 315 317 1659 1668 1
 518 516 517 1327 1
 1044 1199 1561 1895 1
 1377 1574 1187 1648 1
 1308 1316 1098 1669 1
 1152 1443 1195 1662 1
 795 1464 794 1555 1
 1061 1282 1449 1831 1
 1046 1352 1312 1570 1
 1264 1270 1079 1783 1
 708 648 1276 1529 1
 778 756 1424 1566 1
 1306 1579 556 1622 1
 1079 1428 1465 1714 1
 1122 1722 1369 1795 1
 1240 1699 1316 1730 1
 1459 1595 1268 1663 1
 315 395 317 1668 1
 480 557 1321 1489 1
 935 1020 986 1575 1
 1129 1665 1667 1807 1
 456 458 557 1818 1
 921 984 917 1391 1
 1162 1474 1337 1652 1
 1209 1571 1107 1615 1
 1209 1495 1107 1571 1
 303 1244 679 1758 1
 1061 1652 1272 1660 1
 545 573 487 1474 1
 988 1673 1251 1781 1
 1075 1459 1291 1691 1
 1302 1122 1407 1722 1
 903 905 932 1614 1
 366 298 369 1469 1
 218 1336 182 1528 1
 1094 1453 1410 1507 1
 1236 1504 1088 1542 1
 1087 1310 1345 1686 1
 1287 1451 1038 1538 1
 148 742 876 1802 1
 1088 1331 1182 1900 1
 1063 1513 1157 1601 1
 1278 1453 1150 1839 1
 1042 1407 1290 1422 1
 611 1463 1374 1867 1
 1233 1323 1095 1663 1
 1057 1323 1233 1663 1
 1061 1413 1282 1831 1
 446 1629 1181 1651 1
 1113 1412 1398 1513 1
 1352 1518 1242 1775 1
 1199 1333 1101 1633 1
 167 1195 169 1662 1
 1276 1529 1174 1632 1
 1102 1434 1157 1461 1
 1064 1257 1377 1735 1
 1357 1657 1208 1882 1
 809 793 804 1565 1
 219 1419 1277 1528 1
 330 1541 344 1704 1
 1321 1128 1387 1791 1
 1060 1156 1739 1880 1
 1330 1374 1129 1765 1
 1103 1317 1268 1685 1
 1196 1617 1400 1639 1
 448 1265 492 1875 1
 728 1186 1446 1597 1
 1050 1191 1537 1837 1
 1325 1462 1059 1803 1
 1333 1430 1101 1633 1
 749 857 805 1755 1
 789 790 791 1225 1
 727 429 301 1715 1
 356 349 1393 1540 1
 768 774 848 1624 1
 1225 1565 791 1796 1
 866 1388 867 1677 1
 378 313 1366 1438 1
 226 156 286 1260 1
 635 633 637 1283 1
 548 1255 439 1885 1
 1121 1273 1535 1718 1
 1150 1839 1453 1859 1
 335 334 1239 1872 1
 762 860 1373 1616 1
 411 530 1231 1789 1
 1242 1347 1102 1757 1
 1180 1700 163 1709 1
 1372 1433 1243 1735 1
 835 850 778 1547 1
 1198 1370 1102 1757 1
 1036 1542 1236 1870 1
 1041 1268 1317 1685 1
 1089 1409 1281 1880 1
 1185 1556 911 1844 1
 325 1621 327 1900 1
 1149 1410 1453 1858 1
 316 393 1485 1585 1
 1063 1385 1292 1405 1
 506 1194 505 1679 1
 975 914 995 1556 1
 1075 1346 1204 1645 1
 1086 1683 1236 1870 1
 1348 1499 1109 1709 1
 946 1222 947 1657 1
 1341 1417 1137 1819 1
 1443 1534 1195 1729 1
 1297 1508 1312 1702 1
 1122 1369 1302 1584 1
 834 1295 1476 1547 1
 826 774 842 1468 1
 1195 1443 1152 1534 1
 1082 1436 1413 1720 1
 1389 1753 1282 1863 1
 1549 1587 1156 1669 1
 1098 1367 1421 1792 1
 1097 1301 1274 1743 1
 383 1545 389 1896 1
 1170 1772 1435 1799 1
 1094 1340 1507 1644 1
 1545 1753 1161 1863 1
 1192 1208 1657 1658 1
 1056 1230 1541 1822 1
 1057 1634 1529 1727 1
 1298 1310 1092 1902 1
 1054 1657 1222 1788 1
 1059 1386 1234 1772 1
 245 166 1437 1534 1
 1291 1107 1404 1495 1
 1171 1320 1211 1688 1
 1193 1604 1543 1847 1
 1400 1451 1365 1904 1
 664 663 665 1515 1
 1091 1351 1323 1637 1
 1040 1509 1203 1598 1
 1072 1350 1218 1504 1
 1081 1673 1251 1815 1
 1161 1538 1449 1863 1
 1641 1679 1388 1759 1
 1167 1487 1176 1596 1
 1279 1641 1051 1883 1
 321 320 1480 1587 1
 1178 1519 1414 1704 1
 1134 1497 1592 1619 1
 321 1593 1587 1764 1
 1064 1377 1187 1648 1
 479 483 482 1608 1
 1429 1545 1306 1753 1
 748 1305 1482 1835 1
 1211 1253 1505 1777 1
 1321 1718 1273 1818 1
 1091 1237 1637 1703 1
 1069 1407 1302 1619 1
 1657 1732 1222 1788 1
 393 329 1485 1834 1
 1373 1568 1131 1768 1
 618 1544 1199 1790 1
 1070 1246 1467 1694 1
 1104 1163 1470 1630 1
 1268 1595 1317 1727 1
 745 598 729 1798 1
 917 1391 916 1558 1
 1086 1198 1683 1870 1
 1055 1583 1193 1852 1
 462 463 1487 1747 1
 1061 1272 1300 1605 1
 301 1304 594 1715 1
 1529 1634 1276 1727 1
 1286 1631 1053 1744 1
 1351 1443 1091 1756 1
 425 361 1512 1690 1
 1162 1652 1337 1717 1
 728 685 1186 1851 1
 1056 1692 1504 1769 1
 681 1428 1465 1873 1
 767 1493 769 1800 1
 1314 1387 1701 1816 1
 565 1412 1266 1426 1
 1062 1429 1161 1904 1
 378 1366 313 1884 1
 1088 1331 1224 1769 1
 991 1575 1361 1643 1
 773 859 868 1616 1
 1176 1436 1347 1757 1
 1249 1519 1178 1822 1
 446 146 1629 1651 1
 1038 1451 1389 1538 1
 1397 1513 1140 1823 1
 378 1438 1366 1884 1
 1037 1653 1197 1881 1
 1100 1308 1245 1659 1
 1290 1422 1177 1686 1
 1129 1402 1665 1814 1
 1245 1308 1098 1668 1
 288 260 1382 1793 1
 1260 1408 1305 1850 1
 654 1441 1189 1676 1
 1063 1385 1280 1649 1
 1265 228 1563 1793 1
 1037 1289 1334 1693 1
 1613 1702 1039 1903 1
 510 1285 1489 1629 1
 402 389 1238 1896 1
 402 1238 1834 1896 1
 1121 1274 1301 1738 1
 485 1248 533 1610 1
 728 1186 595 1851 1
 1060 1163 1630 1697 1
 664 680 662 1349 1
 927 1301 1473 1761 1
 355 422 1414 1704 1
 940 941 1431 1469 1
 1347 1436 1102 1757 1
 142 210 211 1184 1
 1099 1523 1411 1655 1
 1040 1452 1341 1454 1
 1156 1409 1593 1880 1
 956 1196 896 1666 1
 1186 1627 1402 1814 1
 1227 1433 1444 1721 1
 1242 1518 1105 1524 1
 834 1295 742 1476 1
 1086 1413 1309 1562 1
 1232 1346 1073 1586 1
 1291 1459 1193 1691 1
 667 666 665 1515 1
 902 1254 1406 1614 1
 1099 1356 1523 1655 1
 1044 1645 1346 1813 1
 1089 1230 1331 1842 1
 342 398 333 1272 1
 1229 1491 1072 1778 1
 1069 1408 1173 1619 1
 1461 1513 1397 1601 1
 979 1574 1377 1654 1
 256 1419 188 1576 1
 1108 1364 1227 1654 1
 1095 1696 1511 1847 1
 1096 1556 1364 1580 1
 1131 1644 1768 1855 1
 1261 1114 1389 1573 1
 703 624 702 1465 1
 867 864 1398 1426 1
 407 1668 1367 1893 1
 1050 1278 1839 1859 1
 164 1437 166 1534 1
 1209 1404 1107 1495 1
 1095 1459 1511 1663 1
 816 1408 1302 1584 1
 1079 1264 1465 1873 1
 1323 1595 1232 1637 1
 1207 1048 1351 1691 1
 1587 1593 1156 1764 1
 1194 1559 865 1606 1
 1135 1386 1636 1816 1
 549 450 983 1590 1
 1336 1634 1564 1663 1
 211 1564 1184 1698 1
 227 225 226 1793 1
 245 166 164 1437 1
 295 379 417 1854 1
 235 245 181 1437 1
 1330 1374 609 1670 1
 1222 1357 1081 1781 1
 1615 1689 1204 1752 1
 168 166 173 1356 1
 492 448 493 1483 1
 233 1348 200 1786 1
 1169 1519 1249 1708 1
 406 308 381 1429 1
 414 1656 1521 1704 1
 927 923 1017 1301 1
 1131 1453 1225 1859 1
 1042 1335 1611 1774 1
 394 1016 293 1360 1
 401 324 378 1438 1
 1107 1404 1209 1615 1
 1197 1084 1399 1533 1
 960 1589 1257 1628 1
 1052 1738 1473 1743 1
 1208 1657 1357 1719 1
 1101 1537 1329 1895 1
 832 1442 745 1892 1
 1195 1534 1152 1662 1
 1400 1451 1062 1639 1
 1087 1190 1705 1817 1
 752 1260 561 1850 1
 573 1475 544 1838 1
 1415 1574 967 1654 1
 1056 1249 1519 1708 1
 1119 1395 1252 1576 1
 1161 1680 1124 1904 1
 1194 1567 505 1679 1
 1193 1511 1810 1847 1
 1135 1437 1180 1636 1
 1525 1613 1219 1833 1
 1328 1785 1411 1808 1
 141 264 267 1787 1
 805 804 798 1439 1
 451 1231 528 1590 1
 1059 1234 1386 1803 1
 431 296 576 1789 1
 1119 1547 1295 1620 1
 789 1225 791 1796 1
 1273 1489 1321 1818 1
 918 920 917 1558 1
 1335 1462 1611 1774 1
 1115 1528 1749 1829 1
 1371 1457 1228 1856 1
 1203 1396 1164 1684 1
 1075 1323 1459 1691 1
 1317 1268 1459 1595 1
 1126 1606 1235 1770 1
 1133 1455 1648 1877 1
 342 1557 360 1660 1
 1203 1582 1294 1694 1
 1127 1338 1220 1563 1
 1121 1273 1718 1818 1
 830 1235 829 1606 1
 151 1597 205 1851 1
 1522 1599 1376 1733 1
 319 1585 317 1587 1
 319 318 317 1585 1
 378 313 311 1884 1
 332 330 1521 1621 1
 1234 1059 1338 1803 1
 899 937 1751 1760 1
 715 1263 638 1755 1
 491 224 448 1875 1
 838 1644 1410 1855 1
 1195 1662 1443 1756 1
 1036 1300 1397 1542 1
 1241 1746 1257 1845 1
 1261 1389 1282 1573 1
 1063 1292 1385 1723 1
 342 360 405 1834 1
 1070 1204 1346 1737 1
 1195 1392 169 1662 1
 1078 1493 1298 1773 1
 595 1186 728 1597 1
 1223 1074 1312 1570 1
 859 773 850 1527 1
 928 1440 929 1535 1
 1218 1334 1692 1708 1
 973 1364 995 1556 1
 1279 1821 1641 1883 1
 313 1366 311 1884 1
 1469 1591 1192 1658 1
 519 556 1579 1622 1
 898 981 1241 1845 1
 975 914 1556 1844 1
 1064 1383 1186 1814 1
 944 955 946 1732 1
 1104 1470 1163 1471 1
 580 748 812 1850 1
 1102 1279 1569 1898 1
 642 1642 1492 1878 1
 407 399 1668 1893 1
 1080 1316 1445 1699 1
 1039 1508 1223 1805 1
 681 671 1465 1874 1
 326 392 1331 1734 1
 812 748 1305 1850 1
 169 1195 168 1655 1
 194 1832 1635 1877 1
 1035 1780 1190 1817 1
 480 579 1489 1640 1
 652 1442 1441 1536 1
 1130 1364 1415 1864 1
 1162 1474 1106 1475 1
 1156 1764 1409 1880 1
 1123 1591 1192 1792 1
 253 1285 1494 1760 1
 1086 1198 1413 1562 1
 470 1347 475 1434 1
 1290 1407 1126 1782 1
 822 1416 1166 1716 1
 1196 1400 1004 1590 1
 257 259 175 1271 1
 999 965 962 1589 1
 1004 1196 956 1617 1
 1253 1093 1527 1768 1
 911 1556 914 1844 1
 705 1304 1503 1715 1
 1042 1310 1646 1686 1
 452 1260 156 1875 1
 1092 1343 1298 1583 1
 1042 1310 1354 1902 1
 1079 1465 1428 1873 1
 1129 1374 1243 1807 1
 1133 1635 1420 1832 1
 944 943 886 1192 1
 471 1242 469 1524 1
 1095 1392 1543 1756 1
 1190 1404 1092 1745 1
 943 1192 1657 1658 1
 718 627 660 1191 1
 313 1366 314 1861 1
 201 194 1635 1877 1
 1542 1621 1139 1742 1
 602 1241 657 1845 1
 483 484 482 1412 1
 1121 1718 1321 1818 1
 1087 1370 1177 1898 1
 1105 1288 1422 1517 1
 941 1431 1469 1658 1
 745 1267 754 1892 1
 848 1340 765 1624 1
 1486 1621 1088 1900 1
 1140 1539 1398 1776 1
 1173 1584 846 1716 1
 899 937 1013 1751 1
 769 825 861 1493 1
 592 1257 605 1628 1
 1054 1316 1245 1638 1
 1100 1245 1316 1638 1
 1080 1445 1342 1699 1
 975 911 914 1844 1
 211 1184 210 1698 1
 1339 1078 1493 1800 1
 1207 1689 1404 1752 1
 310 1429 308 1680 1
 781 1398 782 1539 1
 237 236 1554 1651 1
 1107 1688 1317 1784 1
 1059 1386 1325 1803 1
 447 573 544 1838 1
 1036 1504 1350 1683 1
 813 816 1408 1835 1
 447 544 300 1838 1
 1267 1424 754 1892 1
 867 866 840 1388 1
 1106 1474 1162 1652 1
 1035 1204 1615 1689 1
 579 1181 446 1629 1
 1052 1274 1371 1856 1
 1344 1381 1109 1709 1
 1250 1307 1119 1810 1
 1167 1228 1457 1856 1
 1298 1343 1092 1495 1
 469 1242 471 1775 1
 933 1010 1248 1761 1
 829 1740 1235 1800 1
 1097 1613 1525 1833 1
 1440 1535 1273 1718 1
 1018 900 1005 1231 1
 1193 1511 1307 1810 1
 1402 1529 687 1667 1
 1036 1236 1504 1683 1
 954 951 1006 1400 1
 907 1380 906 1447 1
 1035 1615 1404 1752 1
 544 390 300 1838 1
 672 673 721 1711 1
 589 680 1448 1894 1
 932 993 1448 1894 1
 1091 1323 1423 1637 1
 1222 1081 1481 1781 1
 403 409 392 1541 1
 1111 1294 1417 1582 1
 1279 1370 1588 1898 1
 1063 1385 1266 1723 1
 308 1259 299 1671 1
 1193 1132 1604 1847 1
 1052 1375 1214 1856 1
 1110 1519 1256 1742 1
 1037 1334 1289 1478 1
 1017 1226 958 1473 1
 579 1489 1181 1629 1
 1087 1350 1303 1683 1
 302 415 1296 1865 1
 1286 1578 1096 1684 1
 1010 1473 957 1767 1
 727 301 594 1715 1
 201 1832 194 1877 1
 245 235 251 1234 1
 1298 1354 1310 1902 1
 1072 1504 1218 1692 1
 618 1199 1633 1790 1
 668 1401 667 1503 1
 1221 1679 478 1695 1
 1197 1329 1533 1561 1
 1328 1411 1134 1808 1
 1387 1581 1128 1816 1
 615 614 613 1463 1
 1084 1737 1811 1901 1
 1346 1467 1073 1586 1
 1232 1043 1423 1637 1
 934 1311 894 1499 1
 1373 1507 1179 1644 1
 1332 1508 1074 1780 1
 336 388 1405 1521 1
 354 369 370 1432 1
 1117 1306 1579 1682 1
 918 1558 923 1643 1
 992 1406 940 1431 1
 219 1277 145 1642 1
 316 393 329 1485 1
 1086 1198 1562 1683 1
 189 1220 275 1563 1
 926 923 1301 1535 1
 1158 1551 1486 1605 1
 1191 1537 1217 1633 1
 1008 541 1248 1767 1
 741 804 1262 1600 1
 1403 1811 1737 1901 1
 357 403 1540 1618 1
 1101 1561 1199 1895 1
 1398 1426 1113 1677 1
 215 161 231 1709 1
 1130 1415 1364 1530 1
 1100 1316 1308 1681 1
 1088 1486 1551 1605 1
 1128 1772 1701 1816 1
 1082 1282 1413 1573 1
 764 769 767 1493 1
 936 934 930 1311 1
 1298 1583 1354 1852 1
 1310 1646 1092 1902 1
 893 960 1257 1628 1
 193 192 1502 1635 1
 366 1591 1469 1678 1
 1168 1122 1416 1795 1
 1196 1516 534 1666 1
 330 343 1521 1704 1
 1089 1331 1230 1734 1
 1380 1447 1164 1582 1
 759 1520 788 1848 1
 554 553 475 1456 1
 1115 1528 1277 1749 1
 430 594 301 1758 1
 328 321 320 1480 1
 1301 1535 923 1643 1
 199 217 1328 1785 1
 581 562 474 1809 1
 1099 1523 1356 1729 1
 1149 1464 1439 1498 1
 1089 1593 1409 1880 1
 1106 1162 1475 1557 1
 1146 1467 1246 1694 1
 556 1579 1306 1682 1
 1306 1117 1545 1682 1
 1075 1595 1323 1637 1
 1323 1595 1459 1663 1
 1189 1050 1647 1837 1
 728 1446 1186 1765 1
 1063 1266 1385 1649 1
 1162 1557 1106 1652 1
 1107 1343 1688 1748 1
 1166 1594 871 1787 1
 853 833 754 1424 1
 829 776 828 1800 1
 523 526 572 1736 1
 1163 1104 1471 1899 1
 1374 1667 1129 1765 1
 1188 1501 1209 1571 1
 1113 1221 1641 1759 1
 1219 1532 1049 1833 1
 1004 896 1196 1590 1
 907 908 909 1447 1
 1345 1090 1496 1588 1
 1037 1478 1281 1881 1
 1330 1446 706 1765 1
 1313 1518 1105 1707 1
 1170 1518 1313 1707 1
 347 1678 346 1893 1
 627 1217 626 1633 1
 1313 1650 1170 1707 1
 1126 1194 1606 1770 1
 1100 1240 1316 1681 1
 1258 1864 1415 1889 1
 770 789 1520 1855 1
 1225 1520 1050 1647 1
 369 1432 352 1678 1
 412 1244 370 1779 1
 670 671 1711 1873 1
 780 782 781 1398 1
 148 265 270 1476 1
 1156 1593 1409 1764 1
 765 1340 766 1644 1
 943 1192 944 1657 1
 551 464 466 1775 1
 1144 1422 1335 1517 1
 1080 1730 1202 1901 1
 1219 1613 1525 1903 1
 181 1554 1437 1862 1
 1066 1181 1489 1494 1
 234 233 1786 1862 1
 896 983 450 1590 1
 1512 1697 1690 1872 1
 873 783 1656 1879 1
 417 295 1292 1656 1
 319 1182 1587 1593 1
 1310 1354 1078 1722 1
 979 1746 1187 1812 1
 1070 1346 1246 1737 1
 1529 1665 1174 1667 1
 934 894 1020 1499 1
 1171 1103 1685 1731 1
 1276 1634 1268 1727 1
 727 1512 429 1715 1
 276 1255 241 1675 1
 1140 1513 1500 1821 1
 783 1539 1292 1879 1
 714 593 1262 1600 1
 820 1584 819 1795 1
 1073 1174 1807 1867 1
 565 564 1412 1426 1
 916 1558 1251 1673 1
 1107 1495 1343 1748 1
 500 569 501 1567 1
 677 1244 600 1836 1
 747 878 846 1623 1
 1461 1300 1652 1828 1
 1080 1699 1240 1730 1
 1237 1853 1443 1891 1
 846 824 747 1716 1
 1236 1551 1491 1886 1
 957 1473 958 1726 1
 406 1231 306 1825 1
 1062 1451 1400 1904 1
 759 1520 1253 1855 1
 1078 1339 1235 1800 1
 183 275 189 1220 1
 574 503 442 1482 1
 1135 1180 1437 1862 1
 897 1244 938 1836 1
 1078 1298 1310 1773 1
 1239 1690 1060 1697 1
 1525 1613 1097 1903 1
 612 611 1463 1771 1
 1412 1513 1113 1608 1
 423 376 1263 1710 1
 536 446 1181 1651 1
 188 182 185 1696 1
 234 181 233 1862 1
 601 1247 709 1797 1
 508 1285 453 1751 1
 478 477 568 1221 1
 774 808 848 1728 1
 1177 1422 1105 1763 1
 1581 1799 1128 1816 1
 568 478 1221 1679 1
 503 1482 1488 1567 1
 1073 1322 1232 1807 1
 538 562 1435 1640 1
 1127 1220 1335 1806 1
 1048 1604 1543 1691 1
 601 710 709 1247 1
 1023 886 941 1469 1
 511 569 500 1206 1
 818 817 815 1302 1
 1137 1431 1208 1804 1
 1326 1409 339 1764 1
 1167 1457 1076 1856 1
 1036 1300 1542 1870 1
 647 708 1276 1632 1
 389 1545 337 1861 1
 522 553 532 1456 1
 695 989 589 1448 1
 1131 1410 1225 1453 1
 993 589 989 1448 1
 1211 1343 1093 1568 1
 578 1526 525 1682 1
 1238 1545 1161 1863 1
 1035 1204 1403 1811 1
 830 1559 1235 1606 1
 1132 1411 1785 1808 1
 510 1285 508 1489 1
 274 1363 289 1564 1
 665 663 701 1428 1
 1521 1656 1110 1704 1
 606 1384 639 1628 1
 1462 1572 1338 1803 1
 1201 1580 1525 1672 1
 208 206 153 1597 1
 1361 1391 1130 1864 1
 547 1483 1255 1754 1
 1065 1439 1296 1826 1
 740 1166 871 1787 1
 1126 1407 1302 1782 1
 606 634 639 1384 1
 889 1007 1009 1466 1
 1533 1615 1204 1784 1
 1090 1339 1215 1883 1
 933 927 1010 1761 1
 617 1428 701 1714 1
 189 288 1382 1563 1
 1370 1436 1198 1562 1
 1208 1431 1123 1804 1
 1002 898 981 1241 1
 626 1633 1217 1876 1
 1099 1572 1462 1803 1
 829 1369 1740 1800 1
 948 1222 947 1732 1
 1270 1079 1522 1599 1
 960 961 1589 1628 1
 818 1302 815 1740 1
 792 790 811 1410 1
 1306 1545 382 1682 1
 542 840 1388 1426 1
 1142 1337 1474 1652 1
 251 235 252 1675 1
 1216 1134 1774 1808 1
 1035 1200 1403 1689 1
 565 1266 1412 1649 1
 1492 1642 1115 1878 1
 1143 1630 1470 1874 1
 1037 1490 1358 1762 1
 1094 1507 1410 1644 1
 1218 1334 1072 1692 1
 1307 1511 1394 1620 1
 1354 1042 1479 1722 1
 864 1398 1266 1723 1
 1125 1536 1442 1892 1
 1185 1578 1556 1844 1
 1348 1494 200 1786 1
 339 1626 1326 1899 1
 1072 1334 1218 1687 1
 955 1671 1001 1732 1
 514 476 513 1375 1
 1384 961 1628 1724 1
 946 1222 1657 1732 1
 756 754 1424 1892 1
 1348 1786 233 1862 1
 1346 1645 1322 1813 1
 1101 1278 1537 1857 1
 1080 1598 1213 1901 1
 1199 1537 1191 1633 1
 1207 1048 1691 1745 1
 1062 1429 1306 1753 1
 990 1384 961 1628 1
 1084 1653 1229 1881 1
 1188 1107 1571 1615 1
 690 887 639 1384 1
 271 1247 222 1802 1
 313 324 315 1659 1
 1491 1551 1236 1778 1
 1225 1647 1112 1796 1
 961 1384 994 1724 1
 1035 1403 1204 1689 1
 327 1621 1486 1900 1
 327 333 398 1621 1
 1056 1519 1169 1708 1
 293 408 372 1360 1
 445 576 296 1789 1
 672 721 675 1711 1
 822 871 740 1166 1
 1214 1747 1076 1856 1
 1102 1695 1569 1725 1
 1107 1204 1615 1784 1
 990 639 887 1384 1
 994 961 990 1384 1
 1218 1350 1072 1687 1
 1328 1395 1252 1810 1
 484 483 1531 1649 1
 426 359 291 1475 1
 1483 1552 1127 1754 1
 817 816 1302 1584 1
 1049 1185 1396 1580 1
 597 1277 641 1642 1
 1537 1839 1329 1895 1
 703 619 624 1333 1
 1064 1433 1372 1735 1
 1197 1533 1399 1561 1
 1017 919 1226 1558 1
 992 931 940 1406 1
 1215 1339 1090 1869 1
 398 393 1486 1834 1
 1288 1570 1105 1763 1
 717 1217 627 1676 1
 1377 1574 1108 1654 1
 1039 1314 1636 1816 1
 195 201 1635 1877 1
 1289 1708 1249 1822 1
 1039 1805 1223 1816 1
 1475 1531 1106 1838 1
 1158 1449 1238 1485 1
 324 407 395 1668 1
 751 1247 853 1798 1
 1368 1544 620 1790 1
 253 1494 1285 1629 1
 208 153 261 1241 1
 660 649 718 1191 1
 1066 1321 1489 1701 1
 1124 1222 1365 1732 1
 237 1554 234 1786 1
 1158 1585 1551 1681 1
 1057 1268 1634 1727 1
 975 1556 1578 1844 1
 1052 1371 1228 1856 1
 696 697 1363 1878 1
 647 1492 1276 1878 1
 717 626 627 1217 1
 801 1820 799 1871 1
 635 1450 1283 1602 1
 1165 1640 1181 1651 1
 1114 1327 1389 1639 1
 1394 1511 1268 1829 1
 461 459 1610 1843 1
 485 533 512 1610 1
 657 602 658 1241 1
 461 459 512 1610 1
 539 548 439 1885 1
 1044 1731 1322 1813 1
 509 1285 510 1629 1
 1366 1485 1100 1659 1
 845 1408 1260 1850 1
 1227 1108 1433 1721 1
 1178 1822 1472 1871 1
 1187 1455 212 1877 1
 956 1004 896 1196 1
 1478 1653 1281 1881 1
 1120 1472 1822 1871 1
 1002 1241 981 1746 1
 1176 1457 1167 1596 1
 1264 1711 671 1873 1
 1083 1332 1275 1805 1
 150 543 448 1483 1
 1093 1343 1307 1583 1
 1077 1603 1185 1794 1
 926 1301 927 1761 1
 434 1526 578 1682 1
 920 1558 918 1643 1
 1047 1179 1507 1840 1
 227 290 260 1793 1
 1095 1663 1511 1829 1
 705 1401 668 1503 1
 1128 1435 1772 1799 1
 1171 1688 1211 1839 1
 1042 1290 1407 1722 1
 1302 1782 1305 1835 1
 955 1360 1025 1671 1
 536 446 579 1181 1
 1134 1497 1328 1592 1
 1328 1497 1166 1592 1
 300 447 1280 1841 1
 447 300 1280 1838 1
 1074 1332 1325 1805 1
 195 201 194 1635 1
 1059 1223 1386 1772 1
 346 352 1432 1678 1
 193 194 192 1635 1
 1368 1463 1175 1790 1
 1103 1368 1322 1731 1
 1006 891 1259 1671 1
 920 918 923 1643 1
 1408 1623 1260 1793 1
 647 1276 1492 1706 1
 912 988 916 1251 1
 1354 1583 1055 1852 1
 646 645 643 1492 1
 1266 1063 1412 1649 1
 1116 1503 1304 1715 1
 788 1520 843 1848 1
 1084 1213 1713 1733 1
 511 1206 1524 1695 1
 465 466 1487 1775 1
 1458 1776 1215 1869 1
 1049 1396 1319 1484 1
 1084 1713 1355 1733 1
 1255 1650 1338 1675 1
 1342 1546 1318 1866 1
 769 1493 861 1800 1
 822 1166 740 1716 1
 914 973 995 1556 1
 685 1402 1186 1851 1
 1249 1555 797 1728 1
 1331 1593 1182 1900 1
 1180 1437 1083 1636 1
 927 926 923 1301 1
 983 1005 549 1590 1
 1384 1612 682 1894 1
 1137 1417 1341 1509 1
 1063 1266 1398 1723 1
 427 1750 348 1899 1
 518 1327 519 1579 1
 1072 1571 1334 1687 1
 1126 1567 1194 1770 1
 766 765 848 1340 1
 1337 1717 1652 1720 1
 800 852 1379 1600 1
 1100 1485 1366 1861 1
 685 1186 1402 1765 1
 614 1463 1175 1714 1
 1080 1213 1730 1901 1
 685 728 1186 1765 1
 1080 1342 1318 1866 1
 1044 1322 1645 1813 1
 464 1487 466 1775 1
 1088 1504 1324 1769 1
 1284 1431 1123 1469 1
 511 569 1206 1695 1
 1163 1690 1512 1697 1
 549 1005 451 1590 1
 1049 1580 1525 1833 1
 682 1384 634 1612 1
 647 708 648 1276 1
 1219 1071 1613 1702 1
 271 155 222 1247 1
 829 1606 1235 1740 1
 385 1682 1545 1896 1
 1355 1713 1213 1733 1
 964 979 1377 1654 1
 919 1226 1673 1726 1
 1464 1472 1120 1871 1
 394 1025 1016 1360 1
 1179 1773 1496 1840 1
 1450 1602 1159 1827 1
 1035 1615 1204 1811 1
 1228 1573 1114 1766 1
 412 303 370 1244 1
 1119 1307 1620 1810 1
 1035 1403 1202 1811 1
 1066 1387 1314 1718 1
 1090 1345 1339 1883 1
 986 1020 985 1499 1
 1103 1322 1317 1731 1
 1407 1479 1042 1722 1
 1641 1821 1215 1883 1
 1106 1300 1601 1828 1
 1132 1543 1523 1604 1
 1398 1513 1140 1821 1
 1089 1478 1281 1674 1
 1124 1671 1259 1680 1
 1350 1087 1588 1683 1
 646 650 649 1536 1
 775 776 851 1559 1
 982 973 984 1864 1
 524 558 553 1474 1
 1125 1441 1189 1442 1
 1058 1275 1661 1891 1
 783 1292 746 1656 1
 1299 1484 1201 1672 1
 1366 1638 1245 1659 1
 1314 1718 1664 1741 1
 1198 1436 1370 1757 1
 1236 1542 1088 1605 1
 638 715 603 1263 1
 312 337 1680 1861 1
 160 200 233 1348 1
 508 1489 1285 1751 1
 210 1184 1627 1698 1
 614 616 617 1714 1
 1521 1742 1110 1823 1
 1061 1362 1413 1831 1
 1196 1400 1062 1639 1
 1100 1638 1366 1659 1
 762 1373 763 1768 1
 1470 1471 1104 1602 1
 1093 1298 1343 1583 1
 1117 1753 1545 1863 1
 1305 1408 1302 1835 1
 353 1367 407 1591 1
 1036 1683 1198 1870 1
 947 1222 946 1732 1
 1131 1644 1373 1768 1
 1066 1348 1311 1741 1
 1084 1197 1399 1522 1
 1098 1367 1245 1668 1
 1182 1549 1587 1593 1
 517 516 515 1516 1
 679 600 677 1244 1
 1562 1683 1370 1705 1
 451 530 528 1231 1
 1105 1518 1352 1707 1
 1352 1518 1170 1707 1
 469 511 1524 1695 1
 1133 1271 1420 1853 1
 1193 1459 1511 1847 1
 1303 1683 1562 1705 1
 350 403 404 1734 1
 1122 1592 1416 1716 1
 800 809 852 1600 1
 973 968 966 1364 1
 986 985 1344 1499 1
 938 897 996 1244 1
 1201 1525 1477 1672 1
 1215 1677 775 1776 1
 647 644 1492 1878 1
 880 744 802 1472 1
 634 1384 682 1894 1
 1139 1397 1742 1823 1
 411 306 406 1231 1
 1122 1173 1584 1619 1
 1066 1489 1285 1494 1
 1095 1511 1459 1847 1
 1123 1591 1469 1658 1
 1061 1449 1362 1831 1
 150 224 228 1875 1
 1104 1602 1471 1750 1
 689 1402 686 1529 1
 1073 1586 1243 1807 1
 997 1384 994 1894 1
 1100 1245 1638 1659 1
 692 588 230 1363 1
 1046 1177 1757 1763 1
 1052 1371 1274 1613 1
 985 242 1344 1499 1
 1123 1284 1469 1678 1
 154 1285 253 1760 1
 1041 1193 1459 1511 1
 447 433 577 1841 1
 1236 1088 1551 1605 1
 1266 1412 1398 1426 1
 998 907 922 1631 1
 1461 1601 1300 1828 1
 1073 1346 1322 1813 1
 1176 1487 1352 1775 1
 619 621 622 1633 1
 136 695 989 589 1
 241 144 240 1255 1
 989 993 136 589 1
 762 763 761 1768 1
 289 277 230 1363 1
 1384 1612 1118 1670 1
 1466 1535 1009 1761 1
 512 513 476 1375 1
 1181 1494 1066 1701 1
 1434 1608 479 1725 1
 168 167 166 1534 1
 1119 1252 1395 1810 1
 330 392 344 1541 1
 690 134 639 887 1
 413 355 422 1414 1
 318 1585 1182 1900 1
 1054 1287 1445 1638 1
 1067 1417 1341 1819 1
 885 985 143 1344 1
 848 765 768 1624 1
 821 1416 820 1795 1
 771 767 1339 1624 1
 1050 1278 1537 1839 1
 1096 1396 1185 1580 1
 990 639 134 887 1
 1327 1579 1306 1622 1
 1256 1110 1742 1823 1
 970 1415 1864 1889 1
 1402 1529 1184 1887 1
 1113 1398 1412 1426 1
 1037 1281 1653 1881 1
 337 1429 310 1680 1
 296 1306 382 1682 1
 266 243 267 1497 1
 689 687 1402 1529 1
 855 853 751 1247 1
 789 1520 1225 1796 1
 1075 1351 1299 1637 1
 173 1356 174 1655 1
 1312 1371 1071 1702 1
 923 918 1017 1558 1
 487 483 555 1531 1
 1081 1251 1673 1781 1
 1342 1699 1546 1866 1
 1075 1232 1595 1637 1
 366 369 352 1678 1
 578 434 526 1526 1
 1092 1583 1298 1852 1
 1096 1396 1269 1684 1
 1255 1675 276 1885 1
 1235 1740 1369 1800 1
 798 1439 794 1464 1
 497 500 501 1488 1
 864 780 867 1398 1
 1066 1718 1314 1741 1
 709 1247 710 1798 1
 1198 1036 1461 1683 1
 376 305 423 1263 1
 1090 1588 1345 1883 1
 743 840 542 1426 1
 1156 1587 1549 1593 1
 444 743 542 1426 1
 1275 1180 1636 1661 1
 477 1221 478 1725 1
 1204 1107 1752 1784 1
 1084 1522 1376 1733 1
 164 165 163 1700 1
 916 1251 988 1673 1
 671 1711 1264 1874 1
 1125 1442 1189 1848 1
 727 674 1512 1715 1
 634 690 1384 1894 1
 682 680 589 1894 1
 634 682 690 1894 1
 1298 1047 1495 1625 1
 956 1617 1196 1666 1
 1358 1498 1141 1674 1
 348 1750 1626 1899 1
 308 309 310 1680 1
 993 932 997 1894 1
 1060 1739 1355 1880 1
 1080 1699 1342 1866 1
 259 1271 257 1832 1
 1302 1126 1782 1835 1
 994 1384 887 1894 1
 1109 1499 1344 1709 1
 1134 1479 1216 1774 1
 1086 1413 1198 1870 1
 997 994 887 1894 1
 1485 1659 1366 1861 1
 1120 1464 1296 1865 1
 762 760 1616 1768 1
 1043 1243 1372 1433 1
 341 428 1557 1838 1
 705 668 667 1503 1
 556 1306 445 1682 1
 1049 1580 1484 1672 1
 1221 1695 478 1725 1
 1314 1348 1066 1741 1
 262 253 154 1285 1
 1039 1387 1314 1816 1
 448 492 491 1875 1
 966 968 967 1654 1
 1303 1491 1072 1501 1
 1014 1657 1208 1658 1
 1213 1669 1316 1730 1
 657 1241 1446 1845 1
 900 1231 1018 1825 1
 389 383 337 1545 1
 1087 1177 1686 1898 1
 1340 1179 1507 1644 1
 594 1304 705 1715 1
 366 353 1591 1678 1
 1554 1675 1165 1885 1
 945 946 947 1657 1
 537 538 1435 1640 1
 353 407 401 1591 1
 1067 1284 1406 1819 1
 958 1473 1226 1726 1
 1101 1490 1197 1762 1
 1078 1179 1493 1773 1
 1035 1190 1404 1817 1
 1123 1431 1208 1658 1
 1036 1504 1236 1542 1
 1123 1192 1591 1658 1
 1151 1576 1252 1696 1
 1484 1580 1201 1672 1
 856 831 226 1623 1
 1092 1291 1604 1745 1
 504 1305 449 1850 1
 449 504 502 1305 1
 911 913 914 1556 1
 385 1526 1682 1896 1
 924 923 1535 1643 1
 1251 1558 1226 1673 1
 1115 1268 1634 1829 1
 1043 1433 1372 1703 1
 1100 1449 1240 1681 1
 339 1690 1326 1764 1
 1473 1738 1301 1743 1
 138 892 599 698 1
 892 138 901 698 1
 509 453 508 1285 1
 673 1711 671 1874 1
 1010 957 1034 1767 1
 1194 1388 1559 1641 1
 1017 958 1030 1473 1
 1479 1592 1134 1808 1
 305 603 1263 1801 1
 1081 1251 1781 1794 1
 236 1675 1554 1885 1
 1414 1519 1110 1704 1
 1066 1489 1181 1701 1
 1553 1812 254 1877 1
 1557 1652 1162 1660 1
 1268 1663 1634 1829 1
 1436 1562 1370 1757 1
 375 358 374 1393 1
 327 398 1486 1621 1
 1355 1733 1669 1739 1
 1066 1387 1321 1701 1
 1157 1513 1412 1608 1
 1095 1459 1323 1691 1
 1186 1597 595 1851 1
 1361 1575 1148 1643 1
 1285 1489 1273 1751 1
 1062 1306 1622 1753 1
 1394 1577 1505 1620 1
 1042 1216 1479 1611 1
 1115 1277 1528 1642 1
 536 1181 579 1640 1
 1206 1569 1242 1695 1
 681 701 1428 1873 1
 767 828 1339 1800 1
 1182 1045 1549 1778 1
 1102 1434 1347 1725 1
 1331 1089 1593 1734 1
 1288 1353 1570 1763 1
 1132 1523 1543 1655 1
 1040 1293 1509 1598 1
 1772 1799 1223 1816 1
 1218 1090 1496 1840 1
 554 475 470 1347 1
 1187 1812 1553 1877 1
 12 448 150 543 1
 1305 1782 1126 1835 1
 1076 1378 1581 1799 1
 1252 1810 1511 1847 1
 1309 1413 1082 1436 1
 893 604 132 592 1
 1089 1549 1182 1593 1
 246 1651 237 1786 1
 1199 1544 1368 1790 1
 689 687 1529 1667 1
 362 1548 1280 1838 1
 1056 1708 1289 1822 1
 738 591 832 1442 1
 748 813 1305 1835 1
 1634 1663 1336 1829 1
 1323 1351 1091 1756 1
 781 777 780 1776 1
 331 1690 339 1764 1
 1188 1571 1209 1615 1
 536 1640 537 1651 1
 132 959 604 893 1
 507 1427 497 1488 1
 1306 1579 1327 1753 1
 1410 1644 1131 1855 1
 541 533 485 1248 1
 1140 1398 1539 1823 1
 153 278 724 1597 1
 693 380 1471 1750 1
 1221 1569 1206 1695 1
 1077 1208 1719 1804 1
 1077 1359 1719 1794 1
 820 1584 1416 1716 1
 1122 1479 1354 1592 1
 1064 1372 1433 1648 1
 1182 1551 1045 1778 1
 1123 1431 1284 1819 1
 1084 1399 1376 1522 1
 1084 1197 1522 1653 1
 832 745 755 1892 1
 372 408 378 1438 1
 1084 1376 1737 1901 1
 336 1405 362 1548 1
 801 797 808 1728 1
 1192 1788 1054 1792 1
 1077 1719 1293 1804 1
 355 1414 1656 1704 1
 960 962 963 1589 1
 1292 1539 1110 1879 1
 158 200 160 1348 1
 465 467 466 1775 1
 548 547 1255 1754 1
 608 634 606 1670 1
 1049 1525 1219 1833 1
 1527 1616 760 1768 1
 1376 1403 1070 1737 1
 1077 1293 1509 1804 1
 1092 1404 1291 1745 1
 1026 1746 980 1812 1
 1075 1323 1351 1637 1
 1061 1413 1362 1870 1
 1133 1420 1271 1832 1
 1049 1200 1532 1672 1
 827 1820 1468 1879 1
 555 475 558 1434 1
 1253 1527 1153 1566 1
 1086 1562 1303 1683 1
 338 339 1409 1764 1
 414 355 1656 1704 1
 508 510 509 1285 1
 1495 1568 1343 1748 1
 1165 1640 1435 1772 1
 1049 1484 1200 1672 1
 1094 1708 1340 1728 1
 1142 1337 1652 1720 1
 1144 1422 1517 1846 1
 1094 1507 1340 1840 1
 534 1516 531 1666 1
 1362 1449 1158 1681 1
 162 163 161 1709 1
 1394 1511 1151 1620 1
 195 1635 1383 1877 1
 1288 1462 1325 1611 1
 1122 1584 1416 1795 1
 1115 1564 1336 1634 1
 1209 1501 1188 1615 1
 945 947 1019 1657 1
 1115 1634 1336 1829 1
 1403 1737 1376 1901 1
 1054 1438 1638 1792 1
 1505 1577 1320 1777 1
 541 533 1248 1767 1
 557 508 456 1489 1
 222 1247 155 1797 1
 463 550 1487 1747 1
 1114 1261 1510 1573 1
 1100 1538 1366 1638 1
 1270 1599 1522 1733 1
 905 1380 998 1631 1
 1282 1449 1538 1863 1
 536 1181 1640 1651 1
 1177 1242 1569 1757 1
 1039 1508 1219 1702 1
 1035 1404 1209 1817 1
 1000 1575 1258 1864 1
 1321 1387 1128 1701 1
 528 1622 1231 1789 1
 770 838 790 1855 1
 913 1391 984 1556 1
 1078 1235 1369 1800 1
 1035 1202 1501 1811 1
 1086 1236 1362 1870 1
 218 184 182 1336 1
 1113 1641 1279 1821 1
 650 718 649 1441 1
 919 958 1226 1726 1
 1259 1062 1400 1904 1
 330 327 325 1621 1
 1035 1501 1202 1609 1
 635 632 1450 1602 1
 182 1696 1336 1849 1
 182 1336 184 1849 1
 665 1428 701 1873 1
 1036 1236 1683 1870 1
 1050 1839 1211 1859 1
 1217 1537 1191 1837 1
 619 1333 616 1790 1
 1124 1438 1366 1788 1
 1171 1685 1320 1688 1
 1141 1281 1358 1674 1
 926 924 923 1535 1
 1209 1404 1190 1817 1
 1173 1619 1497 1830 1
 233 160 1348 1862 1
 752 845 1260 1850 1
 1086 1362 1236 1886 1
 1370 1588 1087 1683 1
 1264 1503 1116 1711 1
 652 598 723 1442 1
 806 1296 744 1710 1
 1048 1195 1443 1756 1
 486 1531 1280 1649 1
 681 702 671 1874 1
 957 1030 958 1473 1
 1131 1373 1507 1568 1
 340 338 339 1409 1
 502 503 1482 1488 1
 962 1377 963 1589 1
 1092 1646 1315 1902 1
 216 217 191 1328 1
 854 1439 798 1464 1
 265 220 256 1419 1
 815 1302 816 1835 1
 1047 1773 1179 1840 1
 1039 1275 1508 1805 1
 657 706 605 1446 1
 980 1026 1002 1746 1
 1048 1443 1195 1729 1
 613 1368 1463 1867 1
 670 1711 1503 1873 1
 771 1339 776 1869 1
 1036 1397 1256 1542 1
 752 845 856 1260 1
 679 1244 677 1758 1
 1257 1589 1377 1735 1
 1177 1757 1569 1898 1
 1071 1342 1318 1532 1
 374 1393 1626 1750 1
 1037 1281 1478 1674 1
 1175 1463 1368 1813 1
 376 305 1263 1801 1
 603 638 1263 1801 1
 1183 682 1612 1894 1
 1036 1256 1397 1500 1
 467 554 470 1347 1
 1288 1353 1074 1570 1
 691 720 1379 1600 1
 1278 1647 1112 1858 1
 1242 1524 1206 1695 1
 1117 1682 1579 1736 1
 370 1244 303 1758 1
 846 1408 816 1584 1
 1036 1256 1504 1542 1
 1242 1757 1177 1763 1
 1245 1638 1438 1792 1
 1204 1689 1075 1752 1
 1226 1473 1301 1743 1
 1099 1462 1220 1774 1
 1089 1229 1549 1880 1
 439 548 547 1255 1
 542 1426 1388 1759 1
 703 616 619 1333 1
 448 224 11 150 1
 1215 1051 1641 1883 1
 378 408 401 1438 1
 1424 1547 1153 1620 1
 1162 1660 1652 1717 1
 541 490 112 1011 1
 473 1434 479 1725 1
 368 1023 298 1469 1
 1432 1678 1284 1819 1
 674 1711 1512 1715 1
 277 219 145 1642 1
 812 748 813 1305 1
 1559 1641 1388 1677 1
 1292 1723 1063 1823 1
 1044 1533 1204 1784 1
 938 1244 996 1779 1
 552 550 1510 1596 1
 1177 1370 1757 1898 1
 1106 1652 1300 1828 1
 528 1231 530 1789 1
 1120 1464 1498 1826 1
 1096 1185 1556 1580 1
 411 1231 406 1789 1
 1123 1284 1678 1819 1
 1109 1311 1348 1741 1
 998 1380 907 1631 1
 1316 1681 1240 1730 1
 1207 1691 1291 1745 1
 1038 1546 1240 1831 1
 1298 1625 1310 1773 1
 1204 1645 1346 1737 1
 906 925 908 1447 1
 1212 1562 1303 1609 1
 902 1406 904 1614 1
 1204 1070 1403 1737 1
 681 1465 702 1874 1
 1227 1118 1589 1724 1
 1441 1442 1125 1536 1
 1387 1664 1314 1718 1
 1268 1115 1749 1829 1
 1443 1853 1152 1891 1
 591 723 832 1442 1
 624 704 707 1430 1
 439 1255 144 1885 1
 620 1544 618 1790 1
 1038 1240 1546 1699 1
 499 559 498 1313 1
 719 849 852 1379 1
 1291 1691 1604 1745 1
 1179 1090 1624 1840 1
 678 1304 594 1758 1
 888 440 541 1767 1
 1086 1362 1413 1870 1
 257 1420 192 1832 1
 1106 1280 1548 1838 1
 168 1356 173 1655 1
 861 1369 829 1800 1
 1124 1366 1638 1788 1
 648 1276 1529 1878 1
 539 238 1651 1885 1
 242 215 1344 1499 1
 1164 1582 1203 1684 1
 1431 1804 1137 1819 1
 741 712 127 593 1
 1036 1350 1500 1588 1
 336 332 388 1521 1
 1044 1204 1645 1784 1
 460 1321 458 1843 1
 259 257 202 1832 1
 1110 1539 1292 1823 1
 172 223 249 1425 1
 807 712 127 741 1
 1037 1358 1674 1693 1
 461 463 462 1747 1
 1087 1705 1303 1817 1
 888 113 541 440 1
 728 595 685 1851 1
 778 1424 833 1547 1
 691 719 852 1379 1
 301 429 365 1715 1
 742 1295 836 1802 1
 1105 1570 1288 1707 1
 539 535 537 1651 1
 1193 1092 1604 1852 1
 782 1539 1398 1723 1
 1057 1529 1634 1665 1
 629 1330 706 1765 1
 773 762 760 1616 1
 1049 1396 1484 1580 1
 815 817 816 1302 1
 1234 1554 235 1675 1
 1430 1490 1101 1857 1
 829 1369 818 1740 1
 831 279 226 1623 1
 1207 1075 1689 1752 1
 341 1557 1548 1838 1
 1090 1500 1588 1883 1
 926 1535 1301 1761 1
 1041 1320 1685 1688 1
 1122 1416 1584 1716 1
 542 840 570 1388 1
 384 1306 296 1789 1
 1369 1493 1078 1800 1
 549 450 116 983 1
 171 169 1392 1662 1
 847 748 574 1482 1
 613 700 1368 1867 1
 598 1267 653 1798 1
 1268 1595 1057 1663 1
 720 655 1379 1676 1
 1045 1491 1551 1886 1
 1109 1381 1661 1709 1
 1008 1248 1010 1767 1
 1116 1715 1550 1872 1
 1325 1611 1462 1803 1
 1066 1314 1387 1701 1
 1035 1209 1404 1615 1
 458 480 557 1321 1
 581 538 562 1435 1
 464 465 466 1487 1
 336 363 362 1405 1
 1240 1449 1362 1681 1
 432 596 726 1801 1
 841 570 840 1388 1
 485 457 1466 1610 1
 529 1306 556 1622 1
 560 561 452 1260 1
 1200 1484 1299 1672 1
 1270 1522 1079 1783 1
 1057 1634 1268 1663 1
 853 1247 855 1802 1
 147 212 254 1812 1
 1325 1099 1611 1803 1
 455 1012 110 889 1
 949 1032 947 1781 1
 443 455 110 889 1
 1044 1533 1329 1561 1
 1109 1348 1314 1741 1
 987 546 440 1767 1
 1088 1542 1504 1769 1
 1098 1367 1668 1893 1
 1053 1203 1582 1684 1
 1265 1793 1260 1875 1
 1070 1376 1246 1694 1
 1040 1599 1376 1694 1
 1124 1680 1259 1904 1
 420 413 839 1414 1
 1044 1731 1199 1895 1
 1498 1674 1358 1693 1
 1123 1804 1431 1819 1
 463 550 465 1487 1
 1000 1361 1575 1864 1
 873 783 746 1656 1
 864 782 1398 1723 1
 326 392 325 1331 1
 1184 1665 1627 1698 1
 1089 1549 1229 1778 1
 1225 1410 1131 1855 1
 1105 1517 1422 1846 1
 486 484 1531 1649 1
 933 1010 1008 1248 1
 861 818 829 1369 1
 622 624 619 1430 1
 1045 1551 1491 1778 1
 1340 1708 1169 1728 1
 1094 1289 1708 1860 1
 1236 1542 1605 1870 1
 486 484 483 1531 1
 1412 1426 564 1759 1
 348 1626 339 1899 1
 1327 1622 1306 1753 1
 112 541 1011 1008 1
 224 11 491 448 1
 895 1284 939 1779 1
 1221 1113 1608 1759 1
 1392 1425 172 1849 1
 1035 1609 1212 1817 1
 1257 1446 1241 1845 1
 1049 1532 1219 1672 1
 1491 1501 1303 1609 1
 612 610 611 1771 1
 314 1659 1485 1861 1
 150 240 543 1483 1
 888 987 440 1767 1
 68 293 394 1016 1
 691 713 720 1600 1
 1274 1052 1613 1743 1
 1084 1733 1376 1901 1
 1120 1296 1464 1826 1
 1261 1117 1579 1736 1
 445 1306 529 1789 1
 1076 1371 1581 1856 1
 1526 525 1682 1736 1
 337 381 1429 1545 1
 828 776 771 1339 1
 1089 1478 1674 1842 1
 1068 1418 1277 1749 1
 1171 1685 1317 1731 1
 1473 1560 1226 1726 1
 1086 1309 1413 1546 1
 1303 1562 1086 1609 1
 486 1280 488 1649 1
 211 289 1363 1564 1
 1155 1627 1665 1698 1
 1092 1343 1583 1852 1
 1037 1197 1762 1881 1
 908 907 906 1447 1
 888 541 1008 1767 1
 470 475 473 1434 1
 768 1458 774 1624 1
 650 652 1441 1536 1
 1393 1826 1141 1827 1
 512 476 461 1747 1
 1116 1512 1715 1872 1
 967 1574 979 1654 1
 608 1612 634 1670 1
 1250 1527 1093 1616 1
 489 454 1712 1841 1
 1211 1839 1748 1859 1
 354 346 1432 1550 1
 188 1419 219 1528 1
 1265 1069 1793 1806 1
 1075 1317 1645 1752 1
 1236 1551 1362 1605 1
 1246 1376 1070 1737 1
 841 866 865 1388 1
 588 696 697 1363 1
 967 1415 969 1574 1
 301 1304 371 1758 1
 929 924 928 1535 1
 1008 113 541 888 1
 619 618 621 1633 1
 1462 1611 1099 1803 1
 1271 1420 257 1832 1
 565 1412 484 1649 1
 1017 919 958 1226 1
 1069 1427 1305 1782 1
 666 668 676 1401 1
 1274 1738 1121 1791 1
 1479 1611 1216 1774 1
 443 457 456 1818 1
 1454 1733 1270 1739 1
 567 1524 500 1846 1
 955 1025 1001 1671 1
 1061 1652 1660 1717 1
 258 213 1607 1890 1
 1042 1407 1335 1479 1
 246 146 237 1651 1
 565 489 1266 1649 1
 1118 1243 1444 1735 1
 1089 1549 1593 1880 1
 1314 1636 1180 1661 1
 1276 1634 1529 1878 1
 1000 1361 991 1575 1
 810 797 1555 1728 1
 1149 1506 1565 1858 1
 1112 1565 1506 1858 1
 1219 1508 1297 1702 1
 1240 1362 1449 1831 1
 1063 1405 1292 1823 1
 797 801 799 1871 1
 1091 1662 1392 1756 1
 1327 1516 1196 1639 1
 1213 1733 1084 1901 1
 1059 1650 1313 1707 1
 1163 1690 1326 1899 1
 1256 1742 1397 1823 1
 772 777 842 1458 1
 1188 1084 1533 1811 1
 1087 1345 1496 1588 1
 1066 1321 1387 1718 1
 1254 1614 902 1888 1
 1126 1488 1482 1567 1
 332 330 343 1521 1
 1154 1577 1394 1749 1
 1148 1664 1718 1741 1
 1211 1568 1131 1859 1
 1043 1372 1423 1703 1
 1087 1496 1350 1588 1
 347 352 346 1678 1
 1193 1583 1343 1852 1
 1037 1358 1281 1674 1
 249 178 1425 1785 1
 1046 1352 1570 1763 1
 1116 1239 1697 1872 1
 249 186 178 1785 1
 756 1424 1566 1892 1
 1046 1570 1353 1763 1
 948 1365 950 1481 1
 651 653 598 1267 1
 1690 1697 1239 1872 1
 687 1667 711 1765 1
 1159 1490 1430 1857 1
 452 560 1260 1875 1
 1497 1619 1134 1830 1
 968 969 967 1415 1
 104 444 743 542 1
 1048 1543 1195 1756 1
 429 1512 365 1715 1
 914 984 973 1556 1
 1035 1209 1501 1817 1
 919 1226 1558 1673 1
 1463 1714 612 1771 1
 507 497 502 1488 1
 571 1388 506 1679 1
 916 919 1558 1673 1
 1369 861 1795 1800 1
 1105 1518 1313 1846 1
 239 262 509 1629 1
 199 186 217 1785 1
 1366 1438 1124 1884 1
 422 1541 409 1618 1
 482 565 564 1412 1
 1748 1839 1150 1859 1
 1219 1039 1702 1903 1
 845 1408 878 1623 1
 854 798 794 1464 1
 1035 1501 1209 1615 1
 177 1425 1696 1849 1
 1248 1473 1010 1767 1
 1238 1717 1660 1896 1
 1097 1274 1664 1903 1
 1254 1111 1614 1888 1
 1052 1228 1766 1856 1
 1228 1167 1766 1856 1
 1225 1565 1112 1858 1
 177 1425 178 1696 1
 542 743 104 840 1
 310 381 308 1429 1
 403 392 326 1734 1
 635 632 633 1450 1
 273 230 588 1363 1
 991 1361 920 1643 1
 1204 1752 1645 1784 1
 495 1552 493 1754 1
 1062 1622 1327 1753 1
 1438 1638 1366 1788 1
 678 705 594 1304 1
 908 1603 1447 1882 1
 662 663 664 1349 1
 480 579 557 1489 1
 1108 1530 1460 1721 1
 1212 1086 1562 1609 1
 443 1466 457 1818 1
 773 760 1527 1616 1
 220 219 188 1419 1
 316 317 1585 1659 1
 788 843 787 1848 1
 631 714 633 1450 1
 1006 1001 891 1671 1
 325 322 326 1331 1
 327 1486 323 1900 1
 1133 1832 1455 1877 1
 1267 1536 1125 1892 1
 317 320 1587 1668 1
 1437 1554 1135 1862 1
 1289 1822 1249 1860 1
 1120 1472 1618 1822 1
 1178 1618 1472 1822 1
 1233 1095 1392 1849 1
 838 761 763 1644 1
 932 998 997 1631 1
 1242 1102 1569 1757 1
 156 1260 225 1875 1
 620 1544 1368 1632 1
 382 296 384 1306 1
 1116 1697 1512 1872 1
 1322 1595 1317 1645 1
 869 743 105 563 1
 1045 1202 1491 1730 1
 218 182 188 1528 1
 1076 1487 1378 1809 1
 1048 1195 1523 1729 1
 236 1651 237 1885 1
 1358 1506 1498 1693 1
 804 793 798 1439 1
 1173 1382 1619 1830 1
 312 337 310 1680 1
 1355 1213 1669 1733 1
 1269 1444 1096 1684 1
 1134 1592 1479 1619 1
 838 811 1410 1644 1
 1098 1668 1480 1893 1
 631 630 713 1514 1
 675 1512 674 1711 1
 838 766 811 1644 1
 561 1260 560 1850 1
 612 1463 614 1714 1
 450 546 115 1666 1
 322 1331 325 1900 1
 743 444 105 563 1
 800 1379 849 1796 1
 253 281 1494 1629 1
 783 1292 1539 1723 1
 930 934 929 1440 1
 1389 1639 1327 1753 1
 1336 1528 1151 1696 1
 1216 1479 1134 1808 1
 902 931 904 1406 1
 1204 1044 1645 1737 1
 528 1590 1231 1622 1
 199 217 216 1328 1
 1017 1030 927 1473 1
 1204 1107 1615 1752 1
 1214 1121 1610 1738 1
 1369 1795 1493 1800 1
 742 834 836 1295 1
 1115 1363 1564 1634 1
 117 549 983 1005 1
 1229 1653 1478 1881 1
 225 156 226 1260 1
 1023 895 298 1469 1
 1042 1611 1288 1646 1
 1414 1110 1656 1704 1
 1157 1461 1434 1828 1
 1381 1700 1180 1709 1
 24 985 242 143 1
 1202 1491 1730 1886 1
 987 1666 546 1767 1
 1064 1377 1648 1735 1
 1195 1048 1523 1543 1
 1158 1486 1272 1605 1
 556 529 445 1306 1
 736 1441 654 1676 1
 1124 1638 1287 1788 1
 1214 1121 1738 1791 1
 301 400 371 1304 1
 300 433 447 1841 1
 1041 1394 1268 1685 1
 571 1679 568 1759 1
 362 1280 300 1838 1
 540 581 559 1435 1
 496 497 494 1552 1
 1047 1495 1209 1571 1
 1249 1822 1178 1871 1
 177 172 1425 1849 1
 1039 1636 1805 1816 1
 820 1416 822 1716 1
 1096 1201 1580 1721 1
 964 967 979 1654 1
 914 913 984 1556 1
 669 667 665 1873 1
 1117 1306 1545 1753 1
 1479 1592 1122 1619 1
 1046 1309 1436 1562 1
 1049 1219 1525 1672 1
 941 942 1431 1658 1
 1336 1696 1151 1829 1
 449 574 748 1482 1
 1382 1793 1069 1806 1
 244 174 1411 1655 1
 1379 1112 1647 1796 1
 661 610 625 1771 1
 875 806 744 1710 1
 879 844 837 1476 1
 525 578 526 1526 1
 1066 1440 1273 1718 1
 1097 1301 1558 1643 1
 907 998 905 1380 1
 1326 1690 339 1899 1
 981 1746 1241 1845 1
 1274 1121 1718 1791 1
 1184 1634 1529 1665 1
 514 552 550 1510 1
 549 117 451 1005 1
 398 405 393 1834 1
 443 889 111 1466 1
 1325 1083 1386 1805 1
 1190 1404 1745 1780 1
 1272 1486 1158 1834 1
 895 940 939 1284 1
 1045 1730 1491 1886 1
 575 239 509 1629 1
 1131 1507 1373 1644 1
 1133 1460 1271 1853 1
 894 1311 936 1760 1
 1065 1393 1283 1827 1
 1038 1282 1389 1573 1
 1049 1525 1580 1672 1
 896 116 450 983 1
 930 928 1007 1440 1
 1094 1555 1249 1728 1
 1217 1112 1514 1857 1
 1048 1604 1691 1745 1
 1278 1506 1112 1857 1
 260 189 288 1382 1
 940 895 941 1469 1
 1091 1237 1703 1853 1
 1187 1648 1455 1877 1
 1274 1387 1039 1581 1
 1128 1435 1640 1772 1
 443 111 490 1466 1
 1195 1534 1356 1729 1
 359 1557 428 1838 1
 283 146 446 1651 1
 1053 1286 1444 1684 1
 1094 1708 1249 1860 1
 1335 1479 1619 1774 1
 1118 1210 1670 1744 1
 1546 1699 1240 1866 1
 837 834 1476 1547 1
 1094 1249 1708 1728 1
 518 519 556 1579 1
 194 257 192 1832 1
 1352 1570 1105 1707 1
 1114 1516 1327 1639 1
 812 1305 813 1850 1
 910 1603 908 1882 1
 759 788 1520 1855 1
 571 1388 1679 1759 1
 358 356 349 1393 1
 417 363 388 1405 1
 1274 1039 1387 1664 1
 843 800 849 1796 1
 1075 1351 1323 1691 1
 1044 1399 1246 1737 1
 991 921 920 1361 1
 1368 1544 1103 1632 1
 288 228 260 1793 1
 1348 1709 1180 1862 1
 1099 1216 1611 1774 1
 1236 1362 1551 1886 1
 1125 1777 1253 1848 1
 1043 1232 1586 1637 1
 1233 1502 1155 1698 1
 1134 1619 1479 1774 1
 1063 1513 1397 1823 1
 1282 1082 1413 1720 1
 826 1468 827 1820 1
 1044 1204 1533 1737 1
 1195 1543 1523 1655 1
 212 213 1455 1607 1
 1011 111 889 1466 1
 1085 1201 1477 1672 1
 727 675 429 1512 1
 1042 1611 1479 1774 1
 759 788 757 1848 1
 1147 1574 1455 1607 1
 1062 1259 1429 1904 1
 1054 1638 1438 1788 1
 439 144 539 1885 1
 1077 1719 1357 1794 1
 546 1666 531 1767 1
 397 1593 1409 1734 1
 171 1392 172 1849 1
 240 12 150 543 1
 1087 1686 1345 1898 1
 993 589 1448 1894 1
 1292 1110 1656 1879 1
 945 1019 1014 1657 1
 366 367 1469 1591 1
 673 672 671 1711 1
 1335 1462 1127 1517 1
 1060 1653 1281 1880 1
 1011 490 111 1466 1
 404 397 1409 1734 1
 414 1521 343 1704 1
 171 170 169 1662 1
 1211 1777 1050 1859 1
 1113 1641 1388 1759 1
 1494 1701 1181 1786 1
 1156 1593 1549 1880 1
 1216 1042 1479 1902 1
 1087 1345 1588 1898 1
 499 1313 498 1754 1
 669 665 701 1873 1
 1238 1117 1717 1896 1
 1185 1391 1556 1580 1
 153 724 658 1597 1
 1612 1670 1210 1744 1
 1045 1229 1491 1713 1
 864 782 780 1398 1
 525 1526 526 1736 1
 1376 1733 1598 1901 1
 837 844 858 1594 1
 520 518 521 1579 1
 764 763 762 1373 1
 741 809 804 1600 1
 230 1363 277 1642 1
 458 460 480 1321 1
 854 744 806 1296 1
 1164 1380 1582 1631 1
 1045 1491 1202 1713 1
 1047 1209 1495 1625 1
 1132 1411 1523 1655 1
 1108 1364 1415 1530 1
 1047 1625 1298 1773 1
 1305 1482 1126 1488 1
 1579 1682 525 1736 1
 687 1402 1667 1765 1
 544 1475 390 1838 1
 1248 1610 1466 1761 1
 1124 1671 1360 1732 1
 1045 1491 1229 1778 1
 810 797 795 1555 1
 767 828 771 1339 1
 347 1367 353 1678 1
 1069 1335 1407 1619 1
 229 241 240 1483 1
 1079 1465 1264 1783 1
 1117 1337 1717 1736 1
 1046 1562 1436 1757 1
 362 364 300 1280 1
 903 1614 1448 1888 1
 177 172 178 1425 1
 1231 1622 1306 1789 1
 786 1712 750 1854 1
 694 721 673 1470 1
 852 719 125 849 1
 496 567 500 1846 1
 612 1714 699 1771 1
 896 450 115 1666 1
 503 449 502 1482 1
 424 1385 416 1712 1
 1015 969 1889 1890 1
 1046 1212 1562 1705 1
 440 987 114 546 1
 952 1004 956 1617 1
 1091 1637 1423 1703 1
 1101 1199 1633 1895 1
 1545 1863 1238 1896 1
 1402 1665 1529 1667 1
 1391 1525 1130 1580 1
 283 446 535 1651 1
 489 1649 488 1841 1
 1118 1444 1227 1735 1
 1341 1452 1160 1454 1
 486 447 488 1280 1
 213 258 255 1890 1
 253 200 158 1494 1
 1113 1398 1677 1776 1
 1101 1537 1217 1857 1
 656 646 1418 1536 1
 259 202 213 1455 1
 413 839 90 420 1
 1044 1399 1533 1561 1
 647 1492 645 1706 1
 1072 1324 1504 1692 1
 143 215 255 1344 1
 1301 1738 1274 1743 1
 312 311 1366 1680 1
 719 125 691 852 1
 1069 1407 1335 1782 1
 1332 1508 1275 1805 1
 344 1541 422 1704 1
 490 485 457 1466 1
 1074 1508 1332 1805 1
 674 675 727 1512 1
 1286 1444 1118 1744 1
 821 820 819 1795 1
 1110 1224 1521 1704 1
 1121 1535 1466 1761 1
 987 440 114 888 1
 865 1559 830 1606 1
 1303 1501 1209 1817 1
 503 1488 501 1567 1
 783 785 1292 1723 1
 1297 1074 1508 1780 1
 397 338 1409 1593 1
 596 78 693 297 1
 447 544 56 300 1
 380 693 78 297 1
 1252 1696 1425 1847 1
 833 756 754 1424 1
 545 524 572 1474 1
 1207 1745 1404 1780 1
 390 56 544 300 1
 1522 1783 1197 1897 1
 1118 1257 1589 1628 1
 1039 1636 1275 1805 1
 1386 1772 1223 1816 1
 1113 1513 1398 1821 1
 477 1608 1221 1725 1
 471 1524 1518 1775 1
 1053 1444 1269 1684 1
 793 794 798 1439 1
 1230 1120 1540 1618 1
 1058 1460 1237 1853 1
 143 1344 255 1890 1
 1101 1197 1561 1762 1
 1061 1282 1413 1720 1
 1093 1373 1616 1768 1
 339 348 340 1626 1
 369 354 352 1432 1
 1094 1693 1289 1860 1
 768 772 774 1458 1
 1057 1595 1268 1727 1
 1033 900 1018 1825 1
 427 348 351 1899 1
 1084 1229 1653 1713 1
 1477 1525 1205 1903 1
 1095 1336 1663 1829 1
 1054 1638 1245 1792 1
 354 346 352 1432 1
 918 917 916 1558 1
 1526 1717 1117 1896 1
 197 185 186 1576 1
 1371 1613 1071 1702 1
 1391 1130 1556 1580 1
 397 322 319 1593 1
 543 240 13 439 1
 1047 1209 1625 1687 1
 553 522 524 1337 1
 450 549 527 1590 1
 1119 1476 1295 1547 1
 1523 1543 1048 1604 1
 1482 1606 814 1835 1
 1113 1426 1388 1677 1
 394 1025 68 1016 1
 325 327 323 1900 1
 211 289 273 1363 1
 1043 1637 1237 1703 1
 1118 1670 1612 1744 1
 979 963 1377 1746 1
 832 755 1442 1892 1
 145 1277 221 1797 1
 498 1552 1313 1846 1
 539 238 535 1651 1
 1056 1249 1708 1822 1
 313 312 1366 1861 1
 1128 1799 1772 1816 1
 1352 1105 1570 1763 1
 361 1512 1690 1872 1
 385 382 1545 1682 1
 784 827 1468 1879 1
 355 1414 420 1656 1
 879 148 263 1476 1
 349 374 1393 1626 1
 1076 1581 1223 1799 1
 757 758 759 1566 1
 829 863 1606 1740 1
 1053 1444 1286 1744 1
 242 215 143 1344 1
 1052 1274 1738 1743 1
 428 390 1475 1838 1
 1268 1749 1394 1829 1
 1060 1355 1522 1653 1
 103 542 840 570 1
 185 256 188 1576 1
 300 1280 364 1841 1
 1076 1457 1371 1856 1
 372 1438 378 1884 1
 1084 1713 1213 1901 1
 1211 1505 1320 1777 1
 1117 1579 1306 1753 1
 1039 1223 1581 1816 1
 1036 1500 1279 1588 1
 1042 1479 1335 1774 1
 1373 762 1616 1768 1
 1554 1786 1135 1862 1
 647 1632 1276 1706 1
 995 973 966 1364 1
 1192 1438 1788 1792 1
 841 103 840 570 1
 647 1276 648 1878 1
 195 1383 201 1877 1
 944 1016 955 1360 1
 182 184 177 1849 1
 1255 1483 1127 1754 1
 1125 1320 1577 1777 1
 628 1430 622 1876 1
 250 175 165 1700 1
 1280 1106 1531 1838 1
 768 772 1458 1624 1
 1073 1374 1463 1867 1
 607 1330 609 1670 1
 337 381 310 1429 1
 1518 1524 1242 1775 1
 542 564 1426 1759 1
 696 1363 1642 1878 1
 1086 1413 1362 1831 1
 359 341 428 1557 1
 1283 1602 1450 1827 1
 316 315 317 1659 1
 1047 1571 1209 1687 1
 1024 890 971 1607 1
 925 908 1447 1882 1
 1120 1822 1249 1871 1
 359 428 1475 1838 1
 1202 1045 1713 1730 1
 212 214 213 1607 1
 778 756 833 1424 1
 1069 1265 1427 1806 1
 317 395 320 1668 1
 775 1215 1776 1869 1
 1067 1432 1284 1819 1
 1064 1648 1433 1735 1
 1084 1653 1355 1713 1
 1180 1661 1381 1709 1
 1085 1477 1219 1672 1
 1240 1086 1546 1866 1
 637 596 1283 1801 1
 350 357 403 1540 1
 1046 1562 1370 1705 1
 748 1482 814 1835 1
 1289 1478 1334 1692 1
 1354 1479 1042 1902 1
 1110 1521 1224 1742 1
 1253 1777 1520 1848 1
 622 628 704 1430 1
 447 488 1280 1841 1
 304 424 416 1712 1
 1123 1469 1431 1658 1
 1083 1325 1729 1805 1
 1069 1302 1407 1782 1
 910 912 911 1603 1
 615 613 700 1368 1
 1093 1616 1527 1768 1
 1521 1621 1224 1742 1
 479 473 555 1434 1
 1125 1253 1566 1848 1
 563 106 869 566 1
 241 276 144 1255 1
 991 1000 921 1361 1
 1317 1685 1103 1731 1
 864 1266 786 1723 1
 1060 1697 1630 1783 1
 387 526 434 1526 1
 1174 1529 1276 1727 1
 1190 1212 1705 1817 1
 242 23 149 1499 1
 699 612 614 1714 1
 1104 1326 1626 1899 1
 334 1690 1239 1872 1
 962 964 963 1377 1
 1258 1575 1361 1864 1
 525 1579 556 1682 1
 783 785 746 1292 1
 795 796 794 1464 1
 106 870 869 566 1
 1153 1307 1505 1620 1
 1301 1738 1473 1761 1
 768 765 767 1624 1
 1219 1702 1613 1903 1
 565 482 484 1412 1
 1075 1645 1204 1752 1
 1589 1628 961 1724 1
 987 115 546 1666 1
 359 1475 1557 1838 1
 215 159 161 1709 1
 221 145 219 1277 1
 1314 1387 1039 1664 1
 606 592 605 1628 1
 1126 1305 1488 1782 1
 1101 1633 1430 1876 1
 618 660 621 1633 1
 1332 1729 1325 1805 1
 1077 1719 1208 1882 1
 689 730 687 1667 1
 402 360 386 1896 1
 302 391 419 1865 1
 1202 1730 1080 1866 1
 1108 1415 1364 1654 1
 682 661 662 1612 1
 1139 1621 1521 1742 1
 144 1255 276 1885 1
 746 1292 785 1854 1
 792 811 795 1555 1
 397 338 404 1409 1
 372 394 1360 1671 1
 1047 1568 1495 1748 1
 893 961 960 1628 1
 1129 1665 1402 1667 1
 1303 1562 1212 1705 1
 1211 1343 1568 1748 1
 468 465 550 1596 1
 1526 1717 1162 1736 1
 1113 1398 1776 1821 1
 160 162 1709 1862 1
 756 778 758 1566 1
 706 629 607 1330 1
 910 1603 911 1844 1
 197 199 204 1395 1
 1433 1444 1243 1735 1
 1240 1546 1086 1831 1
 368 410 70 1023 1
 489 563 565 1266 1
 1057 1595 1323 1663 1
 309 1680 1671 1884 1
 845 813 816 1408 1
 1202 1609 1491 1886 1
 379 295 88 877 1
 1322 1645 1317 1731 1
 1504 1692 1324 1769 1
 869 786 864 1266 1
 1186 1627 1814 1868 1
 1157 1513 1461 1601 1
 714 713 593 1600 1
 471 469 511 1524 1
 247 260 290 1382 1
 1283 1393 1750 1827 1
 1284 1431 1406 1819 1
 1042 1216 1611 1902 1
 349 356 350 1540 1
 1039 1205 1664 1903 1
 45 152 747 874 1
 637 596 635 1283 1
 1466 1610 1121 1761 1
 1117 1526 1682 1736 1
 1190 1745 1315 1780 1
 331 321 328 1764 1
 1366 1438 1245 1638 1
 607 629 609 1330 1
 1392 1662 1195 1756 1
 586 1518 471 1524 1
 941 886 943 1658 1
 1065 1283 1450 1827 1
 632 636 704 1602 1
 696 1363 692 1642 1
 609 611 610 1374 1
 654 1441 652 1442 1
 1058 1271 1460 1853 1
 1225 1453 1410 1858 1
 1671 1680 1124 1884 1
 372 1671 1360 1884 1
 620 1368 700 1632 1
 1126 1235 1606 1740 1
 941 942 940 1431 1
 216 198 267 1497 1
 321 338 1593 1764 1
 297 596 432 1801 1
 1207 1745 1291 1752 1
 1274 1718 1387 1791 1
 1335 1479 1407 1619 1
 1051 1279 1883 1898 1
 1025 1360 394 1671 1
 26 258 214 1607 1
 1261 1579 1117 1753 1
 1258 1415 1147 1889 1
 1102 1569 1221 1725 1
 1317 1171 1731 1784 1
 728 706 1446 1765 1
 152 45 243 874 1
 1059 1462 1338 1803 1
 307 974 66 299 1
 1217 1537 1101 1633 1
 1626 1750 1393 1827 1
 767 769 828 1800 1
 482 1412 564 1759 1
 1127 1563 1220 1806 1
 1355 1549 1229 1880 1
 160 1709 1348 1862 1
 203 1383 195 1868 1
 1046 1370 1562 1757 1
 903 902 1614 1888 1
 863 814 1606 1835 1
 670 1503 1711 1715 1
 1292 1539 1723 1823 1
 1246 1376 1599 1694 1
 1472 1618 418 1865 1
 407 353 347 1367 1
 896 115 987 1666 1
 942 925 992 1431 1
 951 1365 948 1732 1
 1343 1211 1688 1748 1
 1120 1822 1289 1860 1
 256 220 188 1419 1
 719 738 124 849 1
 331 373 339 1690 1
 1066 1311 1440 1741 1
 642 696 1642 1878 1
 1364 1530 1108 1721 1
 1223 1805 1386 1816 1
 1034 1617 956 1666 1
 1095 1425 1696 1847 1
 228 1793 1265 1875 1
 1403 1204 1737 1811 1
 1101 1217 1633 1876 1
 1116 1304 1550 1715 1
 1448 1614 1111 1888 1
 528 527 1590 1622 1
 171 169 172 1392 1
 823 859 858 1594 1
 1106 1601 1531 1828 1
 742 148 879 1476 1
 1036 1350 1588 1683 1
 1469 1591 1123 1678 1
 1062 1327 1639 1753 1
 1249 1708 1289 1860 1
 552 516 520 1510 1
 1386 1805 1636 1816 1
 921 1361 1000 1864 1
 1315 1604 1092 1902 1
 803 294 391 1472 1
 1265 1483 1127 1563 1
 1069 1335 1619 1806 1
 149 158 159 1499 1
 1207 1404 1745 1752 1
 814 1482 862 1606 1
 1124 1365 1451 1904 1
 542 1388 571 1759 1
 1402 1851 685 1887 1
 427 1471 380 1750 1
 1084 1737 1533 1811 1
 728 1446 659 1597 1
 689 1529 730 1667 1
 397 321 338 1593 1
 922 975 1578 1844 1
 649 1544 716 1706 1
 1341 1417 1067 1452 1
 1142 1456 1337 1720 1
 1468 1820 1519 1879 1
 1121 1214 1610 1791 1
 825 769 860 1493 1
 1410 1507 1131 1644 1
 1040 1213 1598 1733 1
 816 846 878 1408 1
 1164 1578 1286 1684 1
 223 169 168 1655 1
 1118 1612 1384 1744 1
 1140 1539 1468 1823 1
 1039 1664 1274 1903 1
 1427 1488 1305 1782 1
 1118 1589 1257 1735 1
 1107 1291 1404 1752 1
 312 311 313 1366 1
 640 33 280 597 1
 1101 1633 1537 1895 1
 1339 771 1624 1869 1
 1101 1857 1217 1876 1
 460 461 462 1378 1
 988 912 915 1781 1
 1127 1517 1313 1552 1
 1124 1222 1732 1788 1
 692 35 230 588 1
 1133 1703 1460 1853 1
 1253 1768 759 1855 1
 492 494 507 1427 1
 460 461 1378 1843 1
 841 737 102 570 1
 1317 1731 1645 1784 1
 1050 1537 1217 1837 1
 1060 1355 1653 1880 1
 1363 1115 1642 1878 1
 168 173 174 1655 1
 725 678 594 1758 1
 775 1677 779 1776 1
 955 1016 1025 1360 1
 1202 1866 1609 1886 1
 1455 1574 1187 1607 1
 337 382 381 1545 1
 1079 1522 1399 1897 1
 1035 1501 1609 1817 1
 1409 1593 338 1764 1
 1080 1240 1699 1866 1
 1040 1599 1270 1733 1
 493 495 494 1552 1
 845 878 831 1623 1
 1094 1249 1555 1860 1
 532 468 552 1596 1
 424 1385 1712 1841 1
 1117 1238 1717 1863 1
 691 1379 852 1600 1
 203 201 195 1383 1
 1192 1438 1360 1788 1
 645 647 644 1492 1
 1355 1653 1229 1713 1
 1158 1485 1238 1834 1
 1376 1399 1084 1737 1
 1061 1660 1238 1717 1
 1040 1376 1599 1733 1
 1414 1110 1519 1879 1
 149 23 894 1499 1
 1355 1229 1653 1880 1
 457 1466 1610 1818 1
 1101 1561 1329 1762 1
 830 829 863 1606 1
 1234 1572 1356 1803 1
 535 238 283 1651 1
 495 499 498 1754 1
 648 689 697 1529 1
 1329 1784 1171 1839 1
 1118 1628 1589 1724 1
 1153 1505 1577 1620 1
 957 1010 1030 1473 1
 945 944 946 1657 1
 1341 1137 1804 1819 1
 590 721 694 1471 1
 1038 1287 1538 1699 1
 214 1024 26 1607 1
 1101 1490 1762 1857 1
 1480 1668 399 1893 1
 313 314 312 1861 1
 1317 1688 1171 1784 1
 1120 1249 1822 1860 1
 1229 1549 1355 1713 1
 546 531 440 1767 1
 419 1472 418 1865 1
 1095 1233 1663 1849 1
 894 934 936 1311 1
 230 692 1363 1642 1
 203 1383 1553 1877 1
 441 545 572 1475 1
 208 203 206 1553 1
 1337 1162 1717 1736 1
 948 947 946 1732 1
 631 633 632 1450 1
 1156 1480 1239 1739 1
 778 833 834 1547 1
 1323 1459 1095 1663 1
 1531 1601 1157 1828 1
 1061 1605 1300 1870 1
 915 1019 1357 1882 1
 610 608 609 1670 1
 1249 1169 1708 1728 1
 1458 1624 772 1869 1
 1055 1328 1592 1808 1
 668 666 667 1401 1
 764 860 769 1493 1
 1055 1808 1216 1852 1
 894 936 1022 1760 1
 689 687 686 1402 1
 1291 1745 1404 1752 1
 1054 1293 1445 1719 1
 1308 1585 1182 1587 1
 1303 1609 1501 1817 1
 1163 1697 1512 1711 1
 1598 1733 1213 1901 1
 1107 1571 1495 1748 1
 190 183 179 1572 1
 1058 1853 1237 1891 1
 171 172 177 1849 1
 319 1587 321 1593 1
 1110 1468 1539 1823 1
 1367 1591 353 1678 1
 1040 1598 1376 1733 1
 430 301 371 1758 1
 551 586 559 1518 1
 1317 1685 1171 1688 1
 802 1464 796 1871 1
 905 906 907 1380 1
 1106 1531 1474 1828 1
 1274 1664 1387 1718 1
 720 655 719 1379 1
 1075 1317 1595 1645 1
 312 1680 1366 1861 1
 820 821 822 1416 1
 978 910 908 1882 1
 316 1485 314 1659 1
 416 1385 424 1841 1
 1279 1500 1513 1821 1
 121 745 729 753 1
 1626 1750 1104 1899 1
 788 770 789 1520 1
 726 77 596 432 1
 1216 1604 1315 1902 1
 1248 1121 1610 1761 1
 1261 1327 1579 1753 1
 399 1480 320 1668 1
 1117 1863 1545 1896 1
 985 24 885 143 1
 414 355 420 1656 1
 788 843 1520 1796 1
 1104 1283 1602 1750 1
 203 1553 254 1877 1
 742 836 876 1802 1
 771 768 767 1624 1
 1218 1496 1350 1687 1
 880 803 391 1472 1
 396 693 380 1471 1
 165 164 166 1534 1
 562 1378 462 1809 1
 1045 1549 1229 1713 1
 1051 1345 1686 1898 1
 739 839 413 1414 1
 211 272 1564 1698 1
 915 1357 1603 1882 1
 1303 1705 1212 1817 1
 1121 1321 1718 1791 1
 895 939 1021 1779 1
 1000 935 986 1575 1
 100 574 847 748 1
 182 177 1696 1849 1
 1097 1558 1301 1743 1
 723 122 832 745 1
 482 1608 1412 1759 1
 1065 1498 1358 1506 1
 238 237 1651 1885 1
 1051 1883 1345 1898 1
 1438 1788 1124 1884 1
 1356 1534 1083 1729 1
 642 1492 644 1878 1
 1273 1121 1466 1818 1
 917 913 916 1391 1
 316 1585 1485 1659 1
 1300 1605 1542 1870 1
 354 400 346 1550 1
 1504 1542 1256 1769 1
 1399 1522 1197 1897 1
 1062 1639 1389 1753 1
 681 669 701 1873 1
 203 201 1383 1877 1
 1217 1647 1050 1837 1
 822 821 823 1416 1
 1021 72 298 377 1
 1270 1697 1060 1783 1
 1264 1697 1270 1783 1
 1133 1648 1383 1877 1
 1355 1522 1084 1733 1
 405 360 402 1834 1
 1537 1633 1199 1895 1
 1120 1618 1230 1822 1
 1079 1465 1783 1897 1
 1480 1587 320 1668 1
 1115 1276 1492 1878 1
 1134 1592 1328 1808 1
 174 180 244 1411 1
 1126 1482 1305 1835 1
 928 930 929 1440 1
 1635 1832 1133 1877 1
 1301 1558 1226 1743 1
 548 499 547 1754 1
 1118 1227 1589 1735 1
 1045 1229 1549 1778 1
 1420 1502 1091 1662 1
 237 236 234 1554 1
 1519 1820 1414 1879 1
 1287 1638 1054 1788 1
 17 575 446 1629 1
 931 992 904 1406 1
 1367 1678 347 1893 1
 55 447 433 577 1
 1392 1425 1095 1543 1
 1288 1517 1105 1707 1
 1641 1677 1215 1821 1
 1043 1423 1637 1703 1
 1216 1479 1354 1902 1
 620 700 735 1632 1
 915 978 1019 1882 1
 922 977 998 1631 1
 366 353 367 1591 1
 506 571 570 1388 1
 1113 1677 1641 1821 1
 1280 488 1649 1841 1
 1145 1473 1248 1767 1
 242 985 23 1499 1
 1017 918 919 1558 1
 1375 1747 1214 1856 1
 1167 1747 1375 1856 1
 462 1487 464 1809 1
 1023 71 368 298 1
 1315 1611 1216 1902 1
 419 418 1618 1865 1
 372 309 1671 1884 1
 1061 1717 1282 1720 1
 537 538 540 1435 1
 464 462 463 1487 1
 380 427 351 1471 1
 339 1690 373 1899 1
 315 314 313 1659 1
 395 407 399 1668 1
 1054 1788 1438 1792 1
 759 770 788 1855 1
 445 529 576 1789 1
 1040 1270 1454 1733 1
 624 707 702 1874 1
 1365 1451 1136 1824 1
 241 229 275 1563 1
 1213 1713 1669 1730 1
 1105 1517 1313 1707 1
 695 680 683 1448 1
 1383 1635 1133 1877 1
 1122 1354 1479 1722 1
 903 932 989 1448 1
 787 738 832 1442 1
 360 359 426 1557 1
 431 384 296 1789 1
 1286 1118 1724 1744 1
 1118 1384 1628 1724 1
 1045 1669 1713 1730 1
 639 1384 990 1628 1
 693 396 590 1471 1
 1365 1136 1481 1824 1
 518 517 519 1327 1
 1019 1032 915 1357 1
 1101 1329 1561 1895 1
 670 705 1503 1715 1
 1329 1561 1197 1762 1
 1056 1230 1822 1842 1
 359 428 390 1475 1
 834 742 837 1476 1
 775 851 779 1677 1
 1179 1340 1507 1840 1
 273 289 230 1363 1
 180 191 244 1411 1
 1285 1494 1489 1629 1
 253 239 281 1629 1
 388 363 336 1405 1
 146 446 16 283 1
 145 280 33 597 1
 49 263 879 148 1
 372 394 293 1360 1
 295 746 88 877 1
 1166 1592 1497 1716 1
 827 826 784 1468 1
 351 396 1471 1899 1
 819 818 861 1369 1
 1249 1860 1120 1871 1
 1073 1232 1586 1807 1
 198 266 1497 1830 1
 390 544 291 1475 1
 429 675 292 1512 1
 236 235 1554 1675 1
 336 341 333 1548 1
 1240 1086 1866 1886 1
 979 963 964 1377 1
 1037 1334 1478 1881 1
 1157 1601 1461 1828 1
 1192 1591 1438 1792 1
 1084 1522 1355 1653 1
 1225 1112 1647 1858 1
 278 595 724 1597 1
 1117 1238 1863 1896 1
 1481 1673 949 1781 1
 972 1607 969 1890 1
 687 711 629 1765 1
 283 446 16 535 1
 579 510 1489 1629 1
 1489 1494 1181 1629 1
 683 695 1448 1888 1
 768 772 1624 1869 1
 989 903 1448 1888 1
 922 909 975 1844 1
 654 652 591 1442 1
 686 1402 685 1887 1
 708 730 689 1529 1
 252 276 241 1675 1
 1260 1793 225 1875 1
 820 846 1584 1716 1
 567 498 586 1846 1
 431 296 61 576 1
 441 387 58 291 1
 1127 1265 1563 1806 1
 240 144 13 439 1
 1103 1276 1632 1706 1
 565 444 564 1426 1
 205 203 195 1868 1
 498 496 1552 1846 1
 160 162 161 1709 1
 656 643 641 1418 1
 251 179 173 1572 1
 449 99 580 748 1
 121 745 598 729 1
 1652 1717 1061 1720 1
 1056 1692 1289 1708 1
 1060 1522 1270 1783 1
 242 159 215 1499 1
 1131 1768 1253 1855 1
 1097 1274 1613 1743 1
 151 206 205 1597 1
 656 651 646 1536 1
 1355 1739 1156 1880 1
 1083 1729 1332 1805 1
 1220 1563 1382 1806 1
 675 674 672 1711 1
 335 345 334 1872 1
 401 408 367 1591 1
 422 409 418 1618 1
 1453 1693 1149 1858 1
 615 1368 620 1790 1
 979 980 1746 1812 1
 419 391 418 1472 1
 1202 1501 1491 1609 1
 1503 1711 1264 1873 1
 1560 1617 1136 1726 1
 575 17 239 1629 1
 1037 1478 1289 1674 1
 1220 1462 1335 1774 1
 1146 1714 1463 1771 1
 1019 978 1014 1882 1
 929 935 991 1575 1
 1141 1393 1540 1826 1
 1097 1613 1274 1903 1
 1195 1543 1392 1756 1
 620 735 1544 1632 1
 567 586 471 1524 1
 591 738 124 719 1
 1122 1479 1407 1722 1
 777 775 1776 1869 1
 1079 1783 1522 1897 1
 1189 1647 1379 1676 1
 407 1367 347 1893 1
 574 100 449 748 1
 587 505 1567 1679 1
 745 723 122 598 1
 385 1545 383 1896 1
 1512 1697 1116 1711 1
 372 309 394 1671 1
 886 70 410 1023 1
 526 387 58 441 1
 1056 1822 1289 1842 1
 94 421 875 302 1
 1155 1814 1627 1868 1
 1227 1444 1433 1735 1
 365 345 1550 1872 1
 1044 1561 1329 1895 1
 1065 1826 1393 1827 1
 943 1657 1014 1658 1
 1117 1717 1282 1863 1
 825 868 821 1795 1
 1144 1517 1552 1846 1
 1276 1115 1634 1878 1
 1477 1525 1219 1672 1
 504 449 580 1850 1
 1388 1641 1194 1679 1
 957 956 1034 1617 1
 80 292 590 396 1
 1158 1551 1362 1681 1
 238 236 237 1885 1
 376 375 305 1801 1
 603 637 638 1801 1
 441 291 544 1475 1
 588 36 273 688 1
 1149 1464 1498 1860 1
 164 162 181 1437 1
 969 1415 970 1889 1
 1117 1717 1526 1736 1
 1095 1336 1696 1849 1
 819 1369 861 1795 1
 1133 1635 1383 1814 1
 1356 1523 1195 1729 1
 1473 1738 1248 1761 1
 1108 1574 1415 1654 1
 1045 1240 1681 1730 1
 737 442 102 570 1
 1081 1815 1390 1824 1
 1124 1732 1360 1788 1
 1086 1546 1413 1831 1
 1120 1498 1464 1860 1
 1166 1416 1592 1716 1
 891 66 974 299 1
 1248 1610 1121 1738 1
 1123 1421 1367 1792 1
 430 725 83 594 1
 671 670 669 1873 1
 565 484 489 1649 1
 621 622 1633 1876 1
 711 611 1374 1867 1
 985 894 23 1499 1
 409 403 357 1618 1
 1110 1539 1468 1879 1
 351 425 396 1899 1
 1087 1588 1370 1898 1
 1212 1609 1303 1817 1
 1045 1681 1240 1886 1
 1414 1519 1178 1820 1
 1278 1112 1506 1858 1
 1095 1663 1336 1849 1
 895 72 298 1021 1
 1279 1513 1113 1821 1
 1276 1632 1174 1727 1
 1240 1831 1086 1886 1
 187 198 191 1830 1
 997 998 977 1631 1
 165 166 167 1534 1
 298 1023 71 895 1
 1121 1818 1791 1843 1
 507 494 497 1427 1
 162 181 1437 1862 1
 1121 1610 1818 1843 1
 299 67 394 1671 1
 598 653 729 1798 1
 1073 1807 1374 1867 1
 796 802 854 1464 1
 27 147 1024 214 1
 1123 1341 1804 1819 1
 1137 1509 1341 1804 1
 1240 1080 1730 1866 1
 1062 1451 1389 1639 1
 742 49 879 148 1
 1048 1315 1604 1745 1
 189 1382 247 1830 1
 1289 1498 1120 1860 1
 953 1617 957 1726 1
 1356 1572 1099 1803 1
 1236 1605 1362 1870 1
 1399 1533 1084 1737 1
 357 419 1618 1865 1
 1123 1341 1421 1804 1
 983 1018 1005 1590 1
 735 716 1544 1632 1
 839 413 90 739 1
 876 50 148 269 1
 1045 1240 1730 1886 1
 1533 1737 1204 1811 1
 263 268 48 879 1
 198 247 266 1830 1
 273 230 35 588 1
 167 170 250 1662 1
 646 643 656 1418 1
 790 838 811 1410 1
 531 534 515 1516 1
 1202 1730 1866 1886 1
 692 696 588 1363 1
 1113 1776 1677 1821 1
 1256 1542 1397 1742 1
 425 373 1690 1899 1
 642 696 692 1642 1
 915 1357 1032 1781 1
 1129 1667 1402 1765 1
 863 1606 1740 1835 1
 777 772 775 1869 1
 1121 1791 1610 1843 1
 627 621 660 1633 1
 862 865 830 1606 1
 1329 1533 1044 1784 1
 1283 1104 1602 1827 1
 726 76 432 1801 1
 1056 1324 1692 1769 1
 735 647 716 1632 1
 189 260 247 1382 1
 1355 1549 1156 1669 1
 696 648 697 1878 1
 1542 1742 1256 1769 1
 481 1608 482 1759 1
 1362 1551 1158 1605 1
 204 1395 264 1787 1
 493 1483 547 1754 1
 1360 1671 1124 1884 1
 711 1374 1667 1867 1
 1095 1425 1392 1849 1
 1402 1627 1184 1665 1
 541 440 533 1767 1
 1315 1646 1611 1902 1
 1120 1296 1826 1865 1
 1246 1399 1376 1737 1
 1604 1852 1092 1902 1
 1069 1619 1382 1806 1
 144 238 539 1885 1
 785 1723 786 1854 1
 684 685 1851 1887 1
 617 703 681 1465 1
 243 46 141 874 1
 80 292 675 590 1
 613 612 611 1463 1
 311 1366 1680 1884 1
 867 743 864 1426 1
 391 294 418 1472 1
 681 671 669 1873 1
 736 718 654 1441 1
 611 613 1463 1867 1
 396 693 79 380 1
 1090 1339 1624 1869 1
 770 1520 788 1855 1
 1362 1605 1061 1870 1
 1044 1645 1322 1731 1
 753 853 754 1798 1
 670 1711 674 1715 1
 152 279 44 1623 1
 717 627 736 1676 1
 278 724 40 153 1
 948 950 949 1481 1
 549 451 528 1590 1
 887 1384 690 1894 1
 1037 1674 1289 1693 1
 1211 1748 1568 1859 1
 413 294 91 739 1
 926 1009 1535 1761 1
 212 1455 202 1877 1
 1301 1535 1121 1761 1
 568 587 478 1679 1
 1083 1275 1636 1805 1
 1407 1479 1122 1619 1
 1047 1687 1496 1840 1
 571 568 481 1759 1
 399 335 328 1480 1
 643 644 642 1492 1
 452 156 10 1875 1
 1089 1324 1478 1842 1
 708 689 648 1529 1
 402 383 389 1896 1
 257 250 192 1420 1
 787 1442 755 1848 1
 364 1385 416 1841 1
 880 93 302 391 1
 1216 1852 1604 1902 1
 391 1472 419 1865 1
 203 254 201 1877 1
 1713 1811 1202 1901 1
 445 61 296 576 1
 1471 1104 1750 1899 1
 788 1520 789 1796 1
 529 1306 1622 1789 1
 647 716 1632 1706 1
 803 92 391 294 1
 1549 1669 1355 1713 1
 1151 1528 1336 1829 1
 374 358 349 1393 1
 1068 1394 1577 1749 1
 1569 1695 1221 1725 1
 916 919 918 1558 1
 620 660 618 1544 1
 1126 1606 1482 1835 1
 389 314 329 1485 1
 1077 1357 1719 1882 1
 1468 1519 1110 1879 1
 1406 1431 1137 1819 1
 301 727 82 429 1
 1103 1632 1276 1727 1
 357 419 418 1618 1
 1126 1302 1740 1835 1
 1132 1252 1785 1847 1
 927 1030 1010 1473 1
 211 274 289 1564 1
 546 534 531 1666 1
 1336 1528 1115 1829 1
 420 1414 839 1656 1
 377 370 369 1779 1
 1143 1465 1333 1897 1
 361 1690 334 1872 1
 472 470 473 1725 1
 355 344 422 1704 1
 1121 1248 1738 1761 1
 280 145 221 1797 1
 335 1480 399 1893 1
 695 589 680 1448 1
 1159 1857 1430 1876 1
 932 993 989 1448 1
 1548 1557 1106 1838 1
 1387 1718 1321 1791 1
 1332 1443 1048 1729 1
 161 159 160 1709 1
 157 253 158 1760 1
 669 1503 667 1873 1
 1313 1517 1105 1846 1
 976 975 995 1578 1
 740 874 824 1716 1
 39 595 724 278 1
 817 846 816 1584 1
 1084 1811 1713 1901 1
 1077 1357 1603 1794 1
 1336 1663 1233 1849 1
 1143 1783 1465 1897 1
 302 875 94 744 1
 391 880 92 803 1
 709 641 640 1797 1
 650 651 652 1536 1
 1264 1116 1697 1711 1
 676 599 683 1888 1
 1056 1289 1692 1842 1
 211 210 272 1698 1
 1038 1546 1342 1699 1
 642 597 641 1642 1
 634 608 661 1612 1
 716 1544 1632 1706 1
 314 1485 389 1861 1
 79 590 693 396 1
 1045 1551 1681 1886 1
 748 814 813 1835 1
 1321 1378 1791 1843 1
 667 669 670 1503 1
 688 36 273 142 1
 951 948 1001 1732 1
 903 892 902 1888 1
 1034 1666 987 1767 1
 999 1589 961 1724 1
 390 544 57 291 1
 1183 1612 1384 1894 1
 17 446 146 1629 1
 395 399 320 1668 1
 1004 983 896 1590 1
 1388 1426 1113 1759 1
 279 227 226 1623 1
 148 742 50 876 1
 647 648 644 1878 1
 1259 1680 1429 1904 1
 297 596 77 432 1
 615 700 620 1368 1
 315 316 314 1659 1
 849 800 852 1379 1
 519 529 556 1622 1
 151 595 1597 1851 1
 1052 1766 1375 1856 1
 972 258 26 1607 1
 811 810 795 1555 1
 670 1503 669 1873 1
 837 835 834 1547 1
 980 1002 981 1746 1
 948 951 950 1365 1
 755 787 832 1442 1
 968 970 969 1415 1
 455 456 508 1751 1
 885 1889 1344 1890 1
 819 820 817 1584 1
 785 1292 1723 1854 1
 788 789 843 1796 1
 1127 1552 1313 1754 1
 630 1514 628 1876 1
 1016 69 293 410 1
 757 756 1566 1892 1
 885 1344 143 1890 1
 434 526 59 578 1
 319 321 397 1593 1
 542 571 564 1759 1
 1140 1776 1398 1821 1
 1047 1496 1773 1840 1
 82 594 727 301 1
 1033 1006 974 1825 1
 235 181 234 1554 1
 419 1540 356 1865 1
 814 862 863 1606 1
 969 971 1574 1607 1
 1135 1786 1348 1862 1
 357 1540 419 1865 1
 1280 1649 1385 1841 1
 1076 1378 1799 1809 1
 639 990 133 1628 1
 55 447 300 433 1
 1283 1750 1104 1827 1
 67 299 891 1671 1
 805 807 804 1755 1
 444 542 564 1426 1
 1042 1611 1646 1902 1
 279 43 831 226 1
 420 355 413 1414 1
 757 755 756 1892 1
 193 176 196 1502 1
 367 368 366 1469 1
 1195 1523 1356 1655 1
 1362 1681 1551 1886 1
 1384 1724 1118 1744 1
 755 745 754 1892 1
 1360 1124 1788 1884 1
 1345 1883 1588 1898 1
 204 263 270 1476 1
 812 580 99 748 1
 15 283 535 238 1
 356 419 357 1540 1
 1121 1321 1791 1818 1
 27 147 890 1024 1
 919 1673 1003 1726 1
 357 1618 1540 1865 1
 210 1627 209 1698 1
 943 945 1014 1657 1
 238 535 15 539 1
 1025 394 67 1671 1
 841 840 866 1388 1
 1041 1685 1317 1688 1
 196 248 272 1698 1
 1302 815 1740 1835 1
 1355 1669 1156 1739 1
 1219 1525 1477 1903 1
 1402 1627 1186 1851 1
 425 373 361 1690 1
 1120 1860 1464 1871 1
 1245 1659 1308 1668 1
 1113 1412 1608 1759 1
 471 1518 551 1775 1
 83 430 594 301 1
 1141 1626 1393 1827 1
 1081 1673 1481 1781 1
 1048 1443 1351 1756 1
 278 151 595 1597 1
 214 258 213 1607 1
 755 1848 1442 1892 1
 239 509 18 575 1
 885 986 985 1344 1
 1148 1535 1440 1718 1
 684 686 685 1887 1
 1123 1367 1591 1792 1
 1081 1481 1673 1815 1
 279 831 44 1623 1
 288 189 275 1563 1
 1360 1788 1438 1884 1
 783 1539 782 1723 1
 1183 1384 1612 1744 1
 544 441 57 291 1
 246 237 234 1786 1
 466 471 551 1775 1
 1063 1397 1513 1601 1
 1184 1529 1402 1665 1
 984 913 917 1391 1
 330 344 343 1704 1
 1234 1338 1572 1803 1
 695 137 989 1888 1
 170 167 169 1662 1
 1370 1562 1198 1683 1
 388 343 414 1521 1
 17 146 239 1629 1
 999 962 961 1589 1
 1092 1604 1315 1745 1
 1044 1533 1399 1737 1
 439 144 14 539 1
 820 824 846 1716 1
 1121 1738 1301 1761 1
 327 332 333 1621 1
 477 479 1608 1725 1
 634 690 639 1384 1
 199 264 204 1395 1
 1024 972 26 1607 1
 1047 1625 1496 1687 1
 708 735 700 1632 1
 1101 1762 1278 1857 1
 547 493 543 1483 1
 630 628 626 1876 1
 990 887 994 1384 1
 340 348 349 1626 1
 1095 1696 1425 1849 1
 685 1402 687 1765 1
 986 1344 885 1889 1
 93 302 744 880 1
 1588 1883 1279 1898 1
 1035 1501 1615 1811 1
 1144 1488 1427 1782 1
 400 365 345 1550 1
 799 801 872 1820 1
 970 1000 986 1889 1
 489 488 454 1841 1
 432 76 305 1801 1
 726 603 76 1801 1
 1126 1740 1606 1835 1
 1506 1693 1278 1858 1
 1159 1514 1857 1876 1
 1003 1481 950 1726 1
 695 989 1448 1888 1
 302 419 415 1865 1
 406 307 308 1825 1
 639 133 592 1628 1
 1045 1669 1549 1713 1
 691 852 126 1600 1
 1409 1593 1089 1734 1
 768 1624 771 1869 1
 521 1579 525 1736 1
 1044 1329 1784 1895 1
 308 299 309 1671 1
 552 468 550 1596 1
 812 813 845 1850 1
 1015 1889 885 1890 1
 152 44 747 1623 1
 531 533 440 1767 1
 334 373 331 1690 1
 945 943 944 1657 1
 452 10 491 1875 1
 1154 1492 1418 1749 1
 1313 1552 1517 1846 1
 201 212 202 1877 1
 670 674 705 1715 1
 614 615 616 1790 1
 1363 1634 1115 1878 1
 741 593 126 1600 1
 525 526 523 1736 1
 126 852 741 1600 1
 311 1680 309 1884 1
 743 867 840 1426 1
 1015 972 969 1890 1
 207 1851 205 1868 1
 133 990 893 1628 1
 207 1851 1627 1887 1
 1468 1539 784 1879 1
 546 450 534 1666 1
 897 139 600 1836 1
 1110 1414 1656 1879 1
 647 735 708 1632 1
 1366 1680 1161 1861 1
 1240 1681 1362 1886 1
 1179 1624 1340 1840 1
 597 692 34 1642 1
 877 746 785 1854 1
 385 382 383 1545 1
 511 478 569 1695 1
 480 562 538 1640 1
 1056 1324 1769 1842 1
 374 1626 348 1750 1
 338 340 404 1409 1
 1132 1425 1543 1847 1
 1357 1077 1603 1882 1
 597 34 145 1642 1
 784 1539 783 1879 1
 981 959 960 1845 1
 595 728 659 1597 1
 683 664 666 1515 1
 657 605 604 1845 1
 1453 1278 1693 1858 1
 949 1481 1003 1673 1
 133 893 592 1628 1
 228 288 229 1563 1
 750 1712 304 1854 1
 1113 1426 1412 1759 1
 410 1016 69 886 1
 1081 1781 1357 1794 1
 474 562 462 1809 1
 207 282 1851 1887 1
 1047 1495 1571 1748 1
 270 256 197 1576 1
 691 126 593 1600 1
 1149 1555 1464 1860 1
 1385 1723 1292 1854 1
 327 330 332 1621 1
 10 156 224 1875 1
 294 803 91 739 1
 928 926 1009 1535 1
 427 374 348 1750 1
 1289 1674 1498 1693 1
 1015 986 885 1889 1
 839 1656 1414 1879 1
 960 961 962 1589 1
 1387 1581 1274 1791 1
 1354 1852 1216 1902 1
 1188 1533 1615 1811 1
 1090 1624 1458 1869 1
 888 1034 987 1767 1
 1156 1549 1355 1880 1
 1044 1645 1731 1784 1
 1123 1591 1367 1678 1
 902 901 938 1836 1
 414 343 355 1704 1
 1475 1106 1557 1838 1
 676 677 698 1836 1
 1101 1430 1857 1876 1
 109 453 1013 1751 1
 536 537 535 1651 1
 1496 1687 1218 1840 1
 309 311 310 1680 1
 131 898 602 1845 1
 1184 1564 1363 1634 1
 659 658 724 1597 1
 724 658 40 153 1
 89 295 420 1656 1
 842 774 772 1458 1
 528 529 1622 1789 1
 715 128 857 1755 1
 1227 1377 1589 1735 1
 1095 1543 1425 1847 1
 621 627 626 1633 1
 919 1003 958 1726 1
 282 37 684 1887 1
 1355 1669 1213 1713 1
 176 193 192 1502 1
 398 393 323 1486 1
 1204 1615 1533 1811 1
 688 684 37 1887 1
 1068 1577 1394 1620 1
 735 716 620 1544 1
 498 567 496 1846 1
 67 891 1025 1671 1
 813 815 816 1835 1
 364 416 424 1841 1
 1289 1674 1478 1842 1
 366 352 353 1678 1
 654 650 652 1441 1
 150 229 240 1483 1
 502 501 503 1488 1
 691 720 719 1379 1
 952 954 1004 1400 1
 1042 1646 1310 1902 1
 542 570 571 1388 1
 421 415 376 1710 1
 521 523 522 1736 1
 300 364 433 1841 1
 244 223 174 1655 1
 407 347 399 1893 1
 417 414 295 1656 1
 1189 1647 1520 1796 1
 254 1553 232 1812 1
 595 39 151 278 1
 202 1455 1832 1877 1
 1023 941 895 1469 1
 779 866 867 1677 1
 575 509 510 1629 1
 1375 1766 1167 1856 1
 802 799 1472 1871 1
 434 385 1526 1682 1
 184 248 177 1849 1
 89 746 295 1656 1
 771 776 775 1869 1
 46 740 141 874 1
 1202 1730 1713 1901 1
 380 351 396 1471 1
 649 716 645 1706 1
 1791 1818 1321 1843 1
 1318 1609 1202 1866 1
 292 425 361 1512 1
 549 528 527 1590 1
 534 517 515 1516 1
 831 747 44 1623 1
 1321 1818 458 1843 1
 976 922 975 1578 1
 415 419 356 1865 1
 447 577 488 1841 1
 814 847 862 1482 1
 327 398 323 1486 1
 230 34 692 1642 1
 1151 1511 1394 1829 1
 1566 1848 757 1892 1
 503 501 505 1567 1
 387 386 426 1526 1
 925 978 908 1882 1
 491 492 560 1875 1
 1383 1635 195 1868 1
 672 670 671 1711 1
 1048 1691 1543 1756 1
 312 310 311 1680 1
 37 142 688 1887 1
 844 871 1594 1787 1
 1713 1730 1213 1901 1
 1008 1010 888 1767 1
 236 252 235 1675 1
 574 449 503 1482 1
 1520 1647 1225 1796 1
 1189 1379 1647 1796 1
 537 536 538 1640 1
 37 282 142 1887 1
 510 508 557 1489 1
 1323 1691 1351 1756 1
 1208 1719 1357 1882 1
 514 516 552 1510 1
 619 616 618 1790 1
 1498 1506 1149 1693 1
 856 831 43 226 1
 422 344 409 1541 1
 897 901 139 1836 1
 1128 1701 1387 1816 1
 954 952 951 1400 1
 600 139 698 1836 1
 486 488 484 1649 1
 128 807 857 1755 1
 412 377 73 1779 1
 262 509 18 239 1
 109 1013 1012 1751 1
 758 850 760 1527 1
 128 715 712 1755 1
 1104 1750 1626 1827 1
 925 1014 978 1882 1
 477 473 479 1725 1
 536 535 446 1651 1
 599 137 695 1888 1
 989 137 892 1888 1
 761 759 1768 1855 1
 782 864 786 1723 1
 248 171 177 1849 1
 839 89 420 1656 1
 238 14 144 539 1
 352 347 353 1678 1
 349 348 374 1626 1
 225 1793 228 1875 1
 1113 1388 1641 1677 1
 839 1414 827 1879 1
 34 230 145 1642 1
 822 740 824 1716 1
 207 1627 1851 1868 1
 773 868 860 1616 1
 455 453 109 1751 1
 1435 1650 1165 1772 1
 753 120 751 1798 1
 421 423 95 1710 1
 603 305 76 1801 1
 562 460 462 1378 1
 424 1712 454 1841 1
 154 21 899 1760 1
 153 206 278 1597 1
 912 910 915 1603 1
 1160 1678 1367 1893 1
 1022 899 21 1760 1
 601 640 32 1797 1
 498 496 495 1552 1
 210 209 196 1698 1
 1397 1542 1139 1742 1
 1440 1718 1066 1741 1
 606 607 608 1670 1
 379 416 417 1854 1
 443 490 457 1466 1
 207 142 282 1887 1
 1161 1429 1680 1904 1
 755 757 1848 1892 1
 1560 1726 1136 1815 1
 245 164 181 1437 1
 728 629 706 1765 1
 291 359 390 1475 1
 786 870 750 1712 1
 131 959 898 1845 1
 591 652 723 1442 1
 271 269 51 1802 1
 1677 1776 1215 1821 1
 269 222 265 1802 1
 1404 1615 1107 1752 1
 98 752 561 1850 1
 1197 1561 1399 1897 1
 1390 1560 1136 1815 1
 711 1667 623 1867 1
 1189 1676 1441 1837 1
 783 782 785 1723 1
 155 601 32 1797 1
 988 949 1673 1781 1
 800 789 791 1796 1
 190 179 251 1572 1
 844 48 268 879 1
 361 373 334 1690 1
 1171 1329 1839 1895 1
 1121 1610 1466 1818 1
 307 306 65 1825 1
 770 761 838 1855 1
 1048 1351 1691 1756 1
 268 204 264 1787 1
 351 348 339 1899 1
 366 368 298 1469 1
 128 712 807 1755 1
 316 329 314 1485 1
 528 519 527 1622 1
 972 258 1607 1890 1
 65 306 900 1825 1
 785 786 750 1854 1
 1086 1831 1362 1886 1
 1378 1214 1791 1843 1
 609 711 611 1374 1
 481 479 482 1608 1
 638 714 712 1755 1
 1374 1807 1667 1867 1
 982 984 921 1864 1
 399 328 320 1480 1
 953 957 958 1726 1
 1217 1676 1647 1837 1
 839 873 1656 1879 1
 604 131 602 1845 1
 1148 1718 1440 1741 1
 1129 1667 1374 1807 1
 1039 1581 1387 1816 1
 10 224 491 1875 1
 254 212 201 1877 1
 681 703 702 1465 1
 763 765 766 1644 1
 587 505 569 1567 1
 711 623 611 1867 1
 457 1610 459 1818 1
 630 631 628 1514 1
 455 109 1012 1751 1
 585 454 438 1712 1
 613 623 700 1867 1
 1226 1726 1560 1815 1
 427 380 297 1750 1
 304 379 87 1854 1
 884 438 304 1712 1
 525 556 445 1682 1
 1105 1524 1518 1846 1
 1610 1791 1214 1843 1
 1056 1692 1324 1842 1
 791 792 793 1565 1
 526 59 387 434 1
 655 736 654 1676 1
 777 779 780 1776 1
 554 532 553 1456 1
 510 579 446 1629 1
 698 139 901 1836 1
 727 594 674 1715 1
 232 254 208 1553 1
 1447 1603 1077 1882 1
 1021 73 377 1779 1
 1047 1496 1625 1773 1
 231 163 175 1700 1
 979 980 963 1746 1
 612 613 614 1463 1
 89 839 746 1656 1
 710 751 120 1798 1
 475 555 473 1434 1
 318 393 316 1585 1
 847 814 748 1482 1
 587 506 505 1679 1
 1425 1785 1252 1847 1
 750 304 87 1854 1
 1132 1785 1425 1847 1
 321 319 320 1587 1
 756 755 754 1892 1
 1366 1124 1680 1884 1
 477 479 481 1608 1
 875 421 95 1710 1
 1020 894 985 1499 1
 557 579 510 1489 1
 202 1832 201 1877 1
 466 467 469 1775 1
 704 624 622 1430 1
 219 277 218 1528 1
 21 157 1022 1760 1
 699 617 701 1714 1
 942 992 940 1431 1
 577 433 54 1841 1
 347 346 335 1893 1
 1609 1866 1086 1886 1
 858 844 871 1594 1
 412 73 996 1779 1
 891 1001 1025 1671 1
 781 782 783 1539 1
 454 566 489 1712 1
 768 771 772 1869 1
 1223 1799 1581 1816 1
 202 212 213 1455 1
 1541 1618 1178 1822 1
 582 63 530 435 1
 666 664 665 1515 1
 1149 1693 1506 1858 1
 707 636 694 1470 1
 799 803 802 1472 1
 448 543 493 1483 1
 485 459 457 1610 1
 268 141 47 1787 1
 32 640 280 1797 1
 21 154 157 1760 1
 359 342 341 1557 1
 472 478 1695 1725 1
 621 1633 626 1876 1
 716 649 660 1544 1
 1667 1807 1174 1867 1
 224 225 228 1875 1
 753 729 120 1798 1
 545 487 558 1474 1
 249 178 172 1425 1
 706 657 659 1446 1
 385 296 382 1682 1
 1003 1673 1481 1726 1
 384 411 406 1789 1
 472 477 478 1725 1
 839 827 873 1879 1
 1329 1171 1784 1895 1
 604 959 131 1845 1
 195 1635 209 1868 1
 556 525 521 1579 1
 678 679 677 1758 1
 263 148 270 1476 1
 865 851 830 1559 1
 1186 1851 1627 1868 1
 580 98 561 1850 1
 1240 1362 1831 1886 1
 474 464 551 1809 1
 576 62 431 1789 1
 728 706 659 1446 1
 1230 1618 1541 1822 1
 141 740 47 1787 1
 393 405 329 1834 1
 280 155 32 1797 1
 221 222 155 1797 1
 762 773 860 1616 1
 1395 1594 1166 1787 1
 1472 1120 1618 1865 1
 528 530 529 1789 1
 271 51 855 1802 1
 423 749 95 1710 1
 725 430 84 1758 1
 1478 1692 1289 1842 1
 750 884 304 1712 1
 892 137 599 1888 1
 979 890 980 1812 1
 98 812 752 1850 1
 429 727 81 675 1
 970 982 1000 1864 1
 54 454 577 1841 1
 424 438 454 1712 1
 266 267 198 1497 1
 481 482 564 1759 1
 876 51 269 1802 1
 1044 1784 1731 1895 1
 342 359 360 1557 1
 1215 1641 1559 1677 1
 773 760 850 1527 1
 1116 1711 1503 1715 1
 140 897 600 1029 1
 272 184 274 1564 1
 379 877 87 1854 1
 965 966 964 1654 1
 405 402 329 1834 1
 433 424 54 1841 1
 809 791 793 1565 1
 687 685 686 1402 1
 827 1414 739 1820 1
 661 682 634 1612 1
 297 432 375 1801 1
 637 726 596 1801 1
 974 307 65 1825 1
 276 1675 236 1885 1
 1103 1632 1544 1706 1
 967 971 979 1574 1
 971 967 969 1574 1
 1188 1615 1501 1811 1
 845 816 878 1408 1
 750 87 877 1854 1
 644 643 645 1492 1
 371 370 303 1758 1
 777 775 779 1776 1
 776 830 851 1559 1
 647 645 716 1706 1
 409 344 392 1541 1
 1083 1636 1386 1805 1
 943 1014 942 1658 1
 909 910 911 1844 1
 452 286 9 156 1
 1184 1627 1402 1887 1
 879 837 742 1476 1
 195 193 209 1635 1
 924 991 920 1643 1
 720 717 655 1676 1
 1011 889 1009 1466 1
 1279 1588 1500 1883 1
 1540 1618 1120 1865 1
 73 1021 996 1779 1
 784 781 783 1539 1
 463 465 464 1487 1
 898 732 130 602 1
 710 120 729 1798 1
 761 770 759 1855 1
 904 903 902 1614 1
 387 434 385 1526 1
 246 233 200 1786 1
 1474 1652 1106 1828 1
 386 1526 385 1896 1
 459 1818 1610 1843 1
 281 200 253 1494 1
 571 506 568 1679 1
 1000 991 935 1575 1
 731 140 600 1029 1
 576 530 62 1789 1
 345 346 400 1550 1
 317 318 316 1585 1
 495 493 547 1754 1
 320 319 317 1587 1
 230 277 145 1642 1
 827 1414 1820 1879 1
 573 545 544 1475 1
 159 242 149 1499 1
 949 950 1003 1481 1
 863 1740 815 1835 1
 54 424 454 1841 1
 1189 1647 1676 1837 1
 694 722 693 1471 1
 98 580 812 1850 1
 236 235 234 1554 1
 903 904 905 1614 1
 63 411 530 435 1
 404 326 397 1734 1
 825 819 861 1795 1
 578 60 434 1682 1
 900 974 65 1825 1
 205 207 151 1851 1
 511 500 567 1524 1
 916 988 919 1673 1
 1731 1784 1171 1895 1
 983 1004 1018 1590 1
 826 842 784 1468 1
 873 784 783 1879 1
 95 749 875 1710 1
 1460 1703 1237 1853 1
 411 431 62 1789 1
 297 374 427 1750 1
 928 924 926 1535 1
 501 502 497 1488 1
 1344 1889 1147 1890 1
 84 430 303 1758 1
 185 182 178 1696 1
 999 994 977 1724 1
 725 84 679 1758 1
 436 731 85 303 1
 594 705 674 1715 1
 584 286 9 452 1
 705 667 670 1503 1
 1202 1811 1403 1901 1
 1149 1498 1693 1860 1
 285 153 41 732 1
 697 686 688 1887 1
 182 177 178 1696 1
 794 796 854 1464 1
 1012 937 1007 1751 1
 428 300 390 1838 1
 673 707 694 1470 1
 684 1851 282 1887 1
 1027 732 130 898 1
 1136 1726 1481 1815 1
 752 812 845 1850 1
 81 292 429 675 1
 566 585 870 1712 1
 585 454 53 438 1
 207 209 1627 1868 1
 545 558 524 1474 1
 853 855 836 1802 1
 1512 1711 1116 1715 1
 388 332 343 1521 1
 1462 1099 1611 1774 1
 361 365 1512 1872 1
 1481 1726 1673 1815 1
 154 253 157 1760 1
 437 305 75 734 1
 670 672 674 1711 1
 722 636 635 1602 1
 451 118 582 1005 1
 835 778 834 1547 1
 51 876 855 1802 1
 673 707 1470 1874 1
 1324 1692 1478 1842 1
 987 956 896 1666 1
 820 822 824 1716 1
 488 489 484 1649 1
 612 699 625 1771 1
 258 143 255 1890 1
 938 996 939 1779 1
 538 581 540 1435 1
 654 718 650 1441 1
 476 550 463 1747 1
 458 1818 459 1843 1
 290 227 152 1623 1
 1155 1635 1814 1868 1
 650 646 651 1536 1
 653 709 710 1798 1
 239 146 281 1629 1
 487 573 486 1531 1
 683 599 695 1888 1
 989 892 903 1888 1
 362 300 428 1838 1
 1627 1851 1402 1887 1
 592 606 639 1628 1
 233 162 160 1862 1
 411 62 530 1789 1
 472 511 469 1695 1
 218 188 219 1528 1
 60 296 434 1682 1
 988 949 1003 1673 1
 608 607 609 1670 1
 485 512 459 1610 1
 578 445 60 1682 1
 287 733 31 601 1
 635 636 632 1602 1
 839 873 746 1656 1
 741 852 809 1600 1
 353 401 367 1591 1
 1171 1839 1537 1895 1
 341 336 362 1548 1
 303 679 84 1758 1
 870 585 884 1712 1
 751 853 753 1798 1
 828 861 829 1800 1
 1390 1815 1136 1824 1
 1187 1746 1553 1812 1
 1142 1652 1474 1828 1
 483 487 486 1531 1
 893 990 961 1628 1
 383 382 337 1545 1
 1383 1186 1814 1868 1
 1028 582 118 1005 1
 296 60 445 1682 1
 119 751 733 881 1
 566 107 870 585 1
 882 129 857 715 1
 153 658 41 732 1
 108 1013 453 583 1
 871 823 858 1594 1
 953 952 956 1617 1
 920 923 924 1643 1
 759 760 761 1768 1
 303 731 85 679 1
 1289 1693 1498 1860 1
 412 370 377 1779 1
 1673 1726 1226 1815 1
 866 779 851 1677 1
 693 590 694 1471 1
 827 739 872 1820 1
 454 424 53 438 1
 249 244 217 1785 1
 545 441 544 1475 1
 225 227 260 1793 1
 452 491 560 1875 1
 495 496 494 1552 1
 357 350 356 1540 1
 806 749 805 1710 1
 797 810 808 1728 1
 751 710 119 733 1
 839 739 827 1414 1
 953 1003 950 1726 1
 757 756 758 1566 1
 642 644 696 1878 1
 1081 1481 1815 1824 1
 1240 1866 1730 1886 1
 193 195 194 1635 1
 208 254 203 1553 1
 762 761 760 1768 1
 863 815 814 1835 1
 155 287 31 601 1
 64 435 1028 306 1
 305 603 75 734 1
 966 967 964 1654 1
 899 936 937 1760 1
 425 351 373 1899 1
 730 623 711 1667 1
 1136 1815 1481 1824 1
 283 237 146 1651 1
 1442 1848 1125 1892 1
 307 406 306 1825 1
 283 238 237 1651 1
 429 292 365 1512 1
 337 312 389 1861 1
 685 687 629 1765 1
 28 147 232 1812 1
 640 601 709 1797 1
 884 870 107 585 1
 1031 20 154 284 1
 86 304 884 438 1
 129 882 734 715 1
 268 47 844 1787 1
 999 961 994 1724 1
 987 1034 956 1666 1
 569 505 501 1567 1
 256 185 197 1576 1
 331 339 338 1764 1
 1027 261 30 285 1
 957 953 956 1617 1
 1013 108 1031 583 1
 1383 1814 1635 1868 1
 691 593 713 1600 1
 311 372 378 1884 1
 878 747 831 1623 1
 787 755 757 1848 1
 202 194 201 1832 1
 933 926 927 1761 1
 561 560 504 1850 1
 351 339 373 1899 1
 829 818 863 1740 1
 900 64 1028 306 1
 189 247 187 1830 1
 848 808 810 1728 1
 252 236 276 1675 1
 28 232 1026 1812 1
 156 225 224 1875 1
 163 165 175 1700 1
 38 595 151 1851 1
 699 614 617 1714 1
 969 972 971 1607 1
 147 28 890 1812 1
 556 521 518 1579 1
 828 769 861 1800 1
 802 803 880 1472 1
 135 589 993 1894 1
 690 135 887 1894 1
 763 766 838 1644 1
 466 469 471 1775 1
 536 579 480 1640 1
 740 844 47 1787 1
 926 933 1009 1761 1
 1002 261 30 1027 1
 963 980 981 1746 1
 698 677 600 1836 1
 901 897 938 1836 1
 1034 888 1010 1767 1
 621 626 622 1876 1
 1500 1821 1279 1883 1
 403 326 404 1734 1
 1514 1217 1857 1876 1
 1029 436 74 412 1
 883 584 97 752 1
 323 318 322 1900 1
 898 959 981 1845 1
 561 97 584 752 1
 20 154 899 1031 1
 615 620 618 1790 1
 941 943 942 1658 1
 921 1000 982 1864 1
 86 304 750 884 1
 797 799 796 1871 1
 455 508 453 1751 1
 857 807 805 1755 1
 292 361 365 1512 1
 278 206 151 1597 1
 1125 1848 1566 1892 1
 25 143 258 1890 1
 996 1029 74 412 1
 863 818 815 1740 1
 586 551 471 1518 1
 604 602 657 1845 1
 387 385 386 1526 1
 862 830 863 1606 1
 274 211 272 1564 1
 234 233 246 1786 1
 988 915 1032 1781 1
 911 975 909 1844 1
 461 476 463 1747 1
 567 471 511 1524 1
 801 826 827 1820 1
 386 385 383 1896 1
 424 304 438 1712 1
 209 210 207 1627 1
 521 525 523 1736 1
 174 223 168 1655 1
 1120 1826 1540 1865 1
 228 225 260 1793 1
 882 423 96 437 1
 458 457 459 1818 1
 612 625 610 1771 1
 207 205 209 1868 1
 595 659 724 1597 1
 264 141 268 1787 1
 969 970 1015 1889 1
 684 595 38 1851 1
 423 421 376 1710 1
 416 379 304 1854 1
 321 331 338 1764 1
 162 233 181 1862 1
 684 685 595 1851 1
 271 222 269 1802 1
 782 786 785 1723 1
 361 345 365 1872 1
 258 972 25 1890 1
 217 186 249 1785 1
 458 456 457 1818 1
 1026 890 28 1812 1
 881 287 52 271 1
 844 740 871 1787 1
 409 357 418 1618 1
 135 690 589 1894 1
 711 687 730 1667 1
 749 423 96 882 1
 993 887 135 1894 1
 855 881 52 271 1
 309 299 394 1671 1
 311 309 372 1884 1
 611 623 613 1867 1
 279 152 227 1623 1
 147 254 232 1812 1
 194 202 257 1832 1
 474 462 464 1809 1
 295 414 420 1656 1
 589 690 682 1894 1
 642 692 597 1642 1
 997 887 993 1894 1
 25 885 143 1890 1
 361 334 345 1872 1
 843 789 800 1796 1
 42 286 856 226 1
 19 583 509 262 1
 671 702 673 1874 1
 305 375 432 1801 1
 637 603 726 1801 1
 127 126 741 593 1
 137 892 599 138 1
 135 136 993 589 1
 989 695 136 137 1
 690 134 887 135 1
 510 446 575 1629 1
 639 134 133 990 1
 846 817 820 1584 1
 461 460 459 1843 1
 585 438 884 1712 1
 685 629 728 1765 1
 787 757 788 1848 1
 959 604 131 132 1
 660 620 716 1544 1
 132 133 893 592 1
 825 821 819 1795 1
 42 286 883 856 1
 583 19 284 262 1
 138 901 698 139 1
 712 715 638 1755 1
 547 499 495 1754 1
 1012 1013 937 1751 1
 205 195 209 1868 1
 323 322 325 1900 1
 77 78 596 297 1
 447 56 55 300 1
 628 622 626 1876 1
 491 10 11 224 1
 452 9 10 156 1
 11 12 448 150 1
 347 335 399 1893 1
 16 17 446 146 1
 105 104 444 743 1
 151 282 38 1851 1
 386 383 402 1896 1
 272 210 196 1698 1
 152 44 45 747 1
 450 115 116 896 1
 946 1001 948 1732 1
 343 344 355 1704 1
 127 128 712 807 1
 282 684 38 1851 1
 125 126 691 852 1
 312 314 389 1861 1
 549 116 117 983 1
 480 538 536 1640 1
 528 529 519 1622 1
 1001 946 955 1732 1
 130 131 898 602 1
 481 564 571 1759 1
 784 873 827 1879 1
 387 58 59 526 1
 139 897 600 140 1
 449 100 99 748 1
 745 122 121 598 1
 292 81 80 675 1
 149 23 22 894 1
 577 454 488 1841 1
 71 72 298 895 1
 443 110 111 889 1
 490 111 112 1011 1
 104 103 542 840 1
 62 63 411 530 1
 424 433 364 1841 1
 1033 974 900 1825 1
 891 67 66 299 1
 69 70 410 886 1
 124 123 738 591 1
 155 31 32 601 1
 288 275 229 1563 1
 970 986 1015 1889 1
 147 28 27 890 1
 541 112 113 1008 1
 33 34 145 597 1
 771 775 772 1869 1
 1012 110 109 455 1
 247 198 187 1830 1
 594 82 83 301 1
 974 66 65 307 1
 802 796 799 1871 1
 900 65 64 306 1
 972 25 26 258 1
 60 61 296 445 1
 37 36 688 142 1
 803 91 92 294 1
 15 14 238 539 1
 445 578 525 1682 1
 679 678 725 1758 1
 442 102 101 737 1
 658 41 40 153 1
 88 89 746 295 1
 114 113 888 440 1
 303 85 84 679 1
 434 296 385 1682 1
 460 458 459 1843 1
 576 529 530 1789 1
 430 371 303 1758 1
 1003 919 988 1673 1
 302 94 93 744 1
 710 119 120 751 1
 877 785 750 1854 1
 109 108 1013 453 1
 644 648 696 1878 1
 473 477 472 1725 1
 221 155 280 1797 1
 431 411 384 1789 1
 478 511 472 1695 1
 38 39 151 595 1
 117 118 451 1005 1
 673 702 707 1874 1
 972 885 25 1890 1
 603 75 76 305 1
 869 105 106 563 1
 742 50 49 148 1
 144 276 238 1885 1
 154 21 20 899 1
 686 684 688 1887 1
 240 13 12 543 1
 87 86 304 750 1
 655 717 736 1676 1
 996 74 73 412 1
 424 53 54 454 1
 561 98 97 752 1
 261 30 29 1002 1
 506 587 568 1679 1
 987 115 114 546 1
 806 875 749 1710 1
 238 276 236 1885 1
 899 1022 936 1760 1
 1021 939 996 1779 1
 988 1032 949 1781 1
 971 972 1024 1607 1
 855 52 51 271 1
 813 814 815 1835 1
 856 43 42 226 1
 2 286 584 883 1
 435 582 5 1028 1
 3 1027 285 732 1
 436 7 731 1029 1
 18 19 509 262 1
 284 1031 1 583 1
 287 4 733 881 1
 6 884 585 438 1
 437 8 882 734 1
 1025 68 67 394 1
 876 836 855 1802 1
 857 129 128 715 1
 96 95 423 749 1
 1026 980 890 1812 1
 985 23 24 242 1
 618 616 615 1790 1
 719 124 125 849 1
 106 107 870 566 1
 740 47 46 141 1
 870 884 750 1712 1
 729 653 710 1798 1
 566 454 585 1712 1
 420 90 89 839 1
 268 47 48 844 1
 841 102 103 570 1
 561 504 580 1850 1
 151 207 282 1851 1
 78 79 693 380 1
 57 56 544 390 1
 1024 26 27 214 1
 872 801 827 1820 1
 73 72 1021 377 1
 1015 885 972 1890 1
 18 17 239 575 1
 831 44 43 279 1
 885 24 25 143 1
 32 33 280 640 1
 144 14 13 439 1
 880 92 93 391 1
 232 29 28 1026 1
 953 958 1003 1726 1
 293 68 69 1016 1
 34 35 230 692 1
 832 123 122 723 1
 70 71 368 1023 1
 35 36 273 588 1
 574 101 100 847 1
 379 88 87 877 1
 9 2 286 584 1
 3 1027 732 130 1
 582 118 5 1028 1
 7 140 731 1029 1
 884 107 6 585 1
 8 129 882 734 1
 1031 108 1 583 1
 729 120 121 753 1
 413 91 90 739 1
 421 95 94 875 1
 1031 1 20 284 1
 733 31 4 287 1
 884 6 86 438 1
 437 75 8 734 1
 53 6 585 438 1
 876 51 50 269 1
 283 16 15 535 1
 590 79 80 396 1
 96 8 882 437 1
 584 97 2 883 1
 4 119 733 881 1
 1022 21 22 157 1
 441 58 57 291 1
 30 3 1027 285 1
 2 42 286 883 1
 284 1 19 583 1
 285 41 3 732 1
 582 5 63 435 1
 731 85 7 436 1
 436 74 7 1029 1
 435 5 64 1028 1
 287 52 4 881 1
 48 49 263 879 1
 243 45 46 874 1
 580 99 98 812 1
 37 38 282 684 1
 59 60 434 578 1
 433 54 55 577 1
 76 77 726 432 1
 40 39 724 278 1
 725 83 84 430 1
 61 62 431 576 1
 727 81 82 429 1
 1454 1116 1160 1239 1
 1454 1160 1116 1452 1
 1812 261 1553 232 1
 1812 1553 261 1241 1
 1646 1422 1288 1042 1
 1646 1288 1422 1353 1
 1701 1554 1772 1165 1
 1701 1772 1554 1135 1
 1456 522 1261 532 1
 1456 1261 522 1337 1
 1725 1242 472 1347 1
 1725 472 1242 1695 1
 1363 1887 697 588 1
 697 1887 1363 1184 1
 1764 1060 1880 1156 1
 1764 1880 1060 1326 1
 1393 415 376 358 1
 1393 376 415 1296 1
 1865 802 1464 1296 1
 1865 1464 802 1472 1
 1610 533 1375 1248 1
 1610 1375 533 512 1
 1576 265 1419 1295 1
 1576 1419 265 256 1
 1512 721 590 1163 1
 1512 590 721 675 1
 1712 563 489 1266 1
 1712 489 563 566 1
 1526 572 441 526 1
 1526 441 572 1162 1
 1331 330 1621 1224 1
 1331 1621 330 325 1
 1315 1780 1646 1190 1
 1315 1646 1780 1074 1
 1353 1646 1780 1190 1
 1353 1780 1646 1074 1
 912 1391 916 913 1
 916 1391 912 1251 1
 1270 1873 1503 1264 1
 1503 1873 1270 1138 1
 1503 1116 1270 1264 1
 1270 1116 1503 1138 1
 1883 1458 1500 1821 1
 1883 1500 1458 1090 1
 1846 1206 500 1144 1
 1846 500 1206 1524 1
 1005 582 1231 1028 1
 1005 1231 582 451 1
 1150 1693 1278 1037 1
 1278 1693 1150 1453 1
 1712 869 786 870 1
 1712 786 869 1266 1
 778 1527 1547 850 1
 1547 1527 778 1153 1
 1706 646 1492 645 1
 1706 1492 646 1154 1
 1605 1139 1300 1542 1
 1605 1300 1139 1272 1
 1795 1078 1722 1369 1
 1795 1722 1078 1168 1
 1400 950 951 1365 1
 1400 951 950 952 1
 1605 1621 1486 1272 1
 1486 1621 1605 1088 1
 1018 1825 1400 1033 1
 1400 1825 1018 1231 1
 216 1395 1166 264 1
 1166 1395 216 1328 1
 1444 1043 1721 1433 1
 1444 1721 1043 1269 1
 1564 218 184 274 1
 1564 184 218 1336 1
 1596 1261 532 1456 1
 1596 532 1261 1510 1
 1426 869 864 1266 1
 1426 864 869 743 1
 1376 1901 1070 1403 1
 1376 1070 1901 1598 1
 1319 1070 1901 1403 1
 1319 1901 1070 1598 1
 1405 364 362 1280 1
 1405 362 364 363 1
 1539 842 784 781 1
 1539 784 842 1468 1
 1798 656 1267 653 1
 1798 1267 656 1418 1
 1760 930 1311 936 1
 1760 1311 930 1440 1
 1804 1882 1137 1447 1
 1137 1882 1804 1208 1
 1476 265 1576 1295 1
 1476 1576 265 270 1
 1812 212 1607 147 1
 1812 1607 212 1187 1
 1552 1806 1265 1127 1
 1265 1806 1552 1427 1
 1611 1074 1646 1315 1
 1611 1646 1074 1288 1
 1422 1524 1177 1105 1
 1177 1524 1422 1206 1
 369 1469 1678 366 1
 1678 1469 369 1284 1
 1600 720 1514 713 1
 1600 1514 720 1379 1
 1430 1874 1470 707 1
 1470 1874 1430 1143 1
 1516 1766 1510 1375 1
 1510 1766 1516 1114 1
 1405 416 364 1385 1
 1405 364 416 363 1
 1426 563 565 444 1
 1426 565 563 1266 1
 1401 678 705 668 1
 1401 705 678 1304 1
 1516 1617 1666 1196 1
 1666 1617 1516 1145 1
 1589 965 1654 1227 1
 1589 1654 965 962 1
 1352 1757 1763 1046 1
 1763 1757 1352 1242 1
 1828 558 487 1474 1
 1828 487 558 555 1
 1458 1821 1776 1140 1
 1776 1821 1458 1215 1
 1681 1182 1045 1308 1
 1681 1045 1182 1551 1
 1702 1274 1371 1613 1
 1702 1371 1274 1581 1
 259 1700 231 175 1
 231 1700 259 1381 1
 1828 558 1142 1434 1
 1828 1142 558 1474 1
 1830 183 1411 187 1
 1830 1411 183 1220 1
 1406 939 940 1284 1
 1406 940 939 931 1
 1794 1833 1081 1251 1
 1081 1833 1794 1359 1
 1850 507 1305 1427 1
 1850 1305 507 504 1
 1596 554 532 468 1
 1596 532 554 1456 1
 1714 663 701 699 1
 1714 701 663 1428 1
 1867 1632 708 700 1
 1867 708 1632 1174 1
 1751 889 1007 1012 1
 1751 1007 889 1273 1
 1751 443 456 1273 1
 1751 456 443 455 1
 1572 180 174 1411 1
 1572 174 180 179 1
 1765 609 711 629 1
 1765 711 609 1374 1
 1760 149 158 157 1
 1760 158 149 1311 1
 302 1710 415 421 1
 415 1710 302 1296 1
 1706 1685 1191 1103 1
 1706 1191 1685 1154 1
 1900 1585 1158 1486 1
 1158 1585 1900 1182 1
 1158 1551 1900 1486 1
 1900 1551 1158 1182 1
 1755 741 804 1262 1
 1755 804 741 807 1
 1755 593 714 712 1
 1755 714 593 1262 1
 1661 1709 1314 1109 1
 1314 1709 1661 1180 1
 1552 1483 494 493 1
 1552 494 1483 1265 1
 492 494 1483 493 1
 492 1483 494 1265 1
 1608 568 1759 481 1
 1608 1759 568 1221 1
 1872 1160 1116 1239 1
 1872 1116 1160 1550 1
 1698 1233 196 248 1
 1698 196 1233 1502 1
 176 196 1233 248 1
 176 1233 196 1502 1
 1871 795 1464 796 1
 1871 1464 795 1555 1
 1822 1519 1541 1056 1
 1822 1541 1519 1178 1
 1439 806 854 798 1
 1439 854 806 1296 1
 1864 968 970 982 1
 1864 970 968 1415 1
 1779 298 369 377 1
 1779 369 298 1284 1
 1577 1685 1041 1320 1
 1041 1685 1577 1394 1
 1623 846 1408 878 1
 1623 1408 846 1173 1
 1801 376 1393 1263 1
 1801 1393 376 375 1
 1801 638 1450 637 1
 1801 1450 638 1263 1
 1900 319 1593 1182 1
 1900 1593 319 322 1
 1615 1784 1188 1107 1
 1188 1784 1615 1533 1
 1809 559 581 1170 1
 1809 581 559 474 1
 1845 592 605 604 1
 1845 605 592 1257 1
 1868 1597 1851 205 1
 1868 1851 1597 1186 1
 893 1845 960 959 1
 960 1845 893 1257 1
 1891 1332 1083 1443 1
 1891 1083 1332 1275 1
 1677 865 851 866 1
 1677 851 865 1559 1
 1708 1334 1289 1094 1
 1708 1289 1334 1692 1
 1544 1731 1368 1103 1
 1368 1731 1544 1199 1
 1669 1480 1739 1098 1
 1669 1739 1480 1156 1
 1797 597 641 640 1
 1797 641 597 1277 1
 1741 1664 1205 1148 1
 1741 1205 1664 1314 1
 1082 1596 1436 1456 1
 1082 1436 1596 1176 1
 1347 1436 1596 1456 1
 1347 1596 1436 1176 1
 1853 1700 1420 1152 1
 1853 1420 1700 1271 1
 1538 1831 1282 1038 1
 1282 1831 1538 1449 1
 1867 708 1667 623 1
 1867 1667 708 1174 1
 1577 1566 1505 1153 1
 1577 1505 1566 1125 1
 1253 1505 1566 1153 1
 1253 1566 1505 1125 1
 1675 190 241 252 1
 1675 241 190 1338 1
 1600 800 1565 1379 1
 1600 1565 800 809 1
 1295 1547 836 1424 1
 1295 836 1547 834 1
 833 836 1547 1424 1
 833 1547 836 834 1
 1490 1897 1783 1143 1
 1783 1897 1490 1197 1
 1783 1630 1490 1143 1
 1490 1630 1783 1197 1
 1723 1823 1398 1063 1
 1398 1823 1723 1539 1
 1587 1764 1480 321 1
 1480 1764 1587 1156 1
 1681 1485 1449 1158 1
 1681 1449 1485 1100 1
 1554 1885 1651 236 1
 1651 1885 1554 1165 1
 1688 1505 1343 1041 1
 1688 1343 1505 1211 1
 1550 354 1304 1432 1
 1550 1304 354 400 1
 1629 262 253 239 1
 1629 253 262 1285 1
 1834 342 398 405 1
 1834 398 342 1272 1
 1710 1755 1439 1263 1
 1439 1755 1710 805 1
 1736 524 522 1337 1
 1736 522 524 523 1
 1837 1125 1320 1441 1
 1837 1320 1125 1777 1
 1662 176 192 1502 1
 1662 192 176 170 1
 1591 407 1792 1367 1
 1591 1792 407 401 1
 1245 1792 407 1367 1
 1245 407 1792 401 1
 192 1832 1635 194 1
 1635 1832 192 1420 1
 1634 1665 1698 1057 1
 1698 1665 1634 1184 1
 1631 1744 1724 1183 1
 1724 1744 1631 1286 1
 1682 1896 1117 1545 1
 1117 1896 1682 1526 1
 1832 259 1455 202 1
 1832 1455 259 1271 1
 1825 891 1006 974 1
 1825 1006 891 1259 1
 1743 1833 1613 1097 1
 1613 1833 1743 1172 1
 1847 1459 1543 1193 1
 1847 1543 1459 1095 1
 1877 1812 212 1187 1
 1877 212 1812 254 1
 1765 1814 1402 1129 1
 1402 1814 1765 1186 1
 295 877 1854 746 1
 1854 877 295 379 1
 849 1796 1189 843 1
 1189 1796 849 1379 1
 1569 1770 1221 1206 1
 1221 1770 1569 1051 1
 1306 1545 384 382 1
 1306 384 1545 1429 1
 381 384 1545 382 1
 381 1545 384 1429 1
 1488 507 1305 502 1
 1488 1305 507 1427 1
 1715 1872 365 1550 1
 365 1872 1715 1512 1
 1785 178 1252 186 1
 1785 1252 178 1425 1
 1887 210 207 142 1
 1887 207 210 1627 1
 1650 1885 1675 1255 1
 1675 1885 1650 1165 1
 498 1754 1552 495 1
 1552 1754 498 1313 1
 1757 1898 1102 1569 1
 1102 1898 1757 1370 1
 192 1662 250 170 1
 250 1662 192 1420 1
 847 442 101 737 1
 847 101 442 574 1
 894 157 22 149 1
 22 157 894 1022 1
 1876 630 1217 626 1
 1876 1217 630 1514 1
 416 1712 1854 304 1
 1854 1712 416 1385 1
 1864 1889 1000 970 1
 1000 1889 1864 1258 1
 1524 586 1846 567 1
 1524 1846 586 1518 1
 874 152 1716 243 1
 874 1716 152 747 1
 1728 810 1644 1410 1
 811 810 1644 766 1
 811 1644 810 1410 1
 1871 1860 1555 1249 1
 1871 1555 1860 1464 1
 1786 281 200 246 1
 1786 200 281 1494 1
 1011 1761 1009 933 1
 1009 1761 1011 1466 1
 1259 1006 1732 1365 1
 951 1006 1732 1001 1
 951 1732 1006 1365 1
 1002 232 29 261 1
 1002 29 232 1026 1
 832 591 123 723 1
 123 591 832 738 1
 1793 1806 1563 1265 1
 1563 1806 1793 1382 1
 1560 1743 1473 1226 1
 1473 1743 1560 1052 1
 1023 410 1469 368 1
 1023 1469 410 886 1
 1899 427 1471 351 1
 1899 1471 427 1750 1
 879 268 1787 263 1
 879 1787 268 844 1
 1869 777 1458 1776 1
 1869 1458 777 772 1
 1597 1868 206 205 1
 1597 206 1868 1383 1
 203 206 1868 205 1
 203 1868 206 1383 1
 1785 1808 1252 1132 1
 1252 1808 1785 1328 1
 141 874 1716 243 1
 1716 874 141 740 1
 1882 910 915 978 1
 1882 915 910 1603 1
 1874 1783 1465 1143 1
 1874 1465 1783 1264 1
 1838 341 362 1548 1
 1838 362 341 428 1
 848 810 1340 1728 1
 848 1340 810 766 1
 1644 1340 810 1728 1
 1644 810 1340 766 1
 1006 1732 1671 1259 1
 1006 1671 1732 1001 1
 End
