$MeshFormat
2.2 0 8
$EndMeshFormat
$PhysicalNames
3
2 1 "outer_boundary"
2 2 "inner_boundary"
3 1 "domain"
$EndPhysicalNames
$Nodes
2271
1 1.570796326794897 1.570796326794897 2.617993877991494
2 1.570796326794897 1.570796326794897 0.5235987755982989
3 1.570796326794897 1.570796326794897 2.094395102393195
4 1.570796326794897 1.570796326794897 1.047197551196598
5 1.697022043187638 1.570796326794897 0.531234024788283
6 1.821407104399814 1.570796326794897 0.5540284332319607
7 1.942137696148186 1.570796326794897 0.5916496071256865
8 2.057453294543445 1.570796326794896 0.6435489450385832
9 2.165672338492878 1.570796326794896 0.7089696377567503
10 2.265216750647636 1.570796326794896 0.7869577042657864
11 2.354634949324006 1.570796326794896 0.8763759029421572
12 2.432623015833043 1.570796326794896 0.9759203150969147
13 2.49804370855121 1.570796326794896 1.084139359046347
14 2.549943046464107 1.570796326794896 1.199454957441607
15 2.587564220357832 1.570796326794896 1.320185549189979
16 2.61035862880151 1.570796326794896 1.444570610402154
17 2.617993877991494 1.570796326794896 1.570796326794896
18 2.61035862880151 1.570796326794896 1.697022043187637
19 2.587564220357832 1.570796326794896 1.821407104399814
20 2.549943046464107 1.570796326794896 1.942137696148186
21 2.49804370855121 1.570796326794896 2.057453294543445
22 2.432623015833043 1.570796326794896 2.165672338492878
23 2.354634949324007 1.570796326794896 2.265216750647636
24 2.265216750647636 1.570796326794896 2.354634949324006
25 2.165672338492878 1.570796326794896 2.432623015833042
26 2.057453294543446 1.570796326794896 2.49804370855121
27 1.942137696148186 1.570796326794897 2.549943046464107
28 1.821407104399815 1.570796326794897 2.587564220357832
29 1.697022043187639 1.570796326794897 2.61035862880151
30 1.696101715597355 1.570796326794897 1.062412380013429
31 1.814124810669171 1.570796326794897 1.10717263591674
32 1.918006538721266 1.570796326794897 1.178877015530341
33 2.00170967131397 1.570796326794897 1.273358320945906
34 2.060369686629501 1.570796326794896 1.385125642118252
35 2.090577477798203 1.570796326794896 1.507683468598525
36 2.090577477798203 1.570796326794896 1.633909184991267
37 2.060369686629501 1.570796326794896 1.756467011471541
38 2.00170967131397 1.570796326794897 1.868234332643887
39 1.918006538721266 1.570796326794897 1.962715638059451
40 1.814124810669171 1.570796326794897 2.034420017673053
41 1.696101715597356 1.570796326794897 2.079180273576364
42 2.520374250400747 1.679342898431121 1.99874739878628
43 1.985373105560142 1.684109020015746 0.6158570411354253
44 2.519948408804384 1.46048640417203 1.142351747624915
45 1.865505651708284 1.469769744813411 2.570577680278939
46 2.570551403710498 1.687009677727904 1.281647654865467
47 2.562571019395223 1.46235304249307 1.888987659862772
48 1.998225829532605 1.461348650727954 0.6210869303871895
49 2.392660034088667 1.681838679034707 0.9313963315849025
50 2.314061905640969 1.458384977406432 2.29986606218612
51 2.610358628801514 1.680244002870976 1.633678261246679
52 2.611056760328779 1.462108288020282 1.519145074308842
53 2.307221447720609 1.461348650715881 0.8343712058880904
54 1.633678261246639 1.461348650718764 0.5312340247882823
55 2.109418632657103 1.454102339549054 2.461240730562194
56 2.213674991888103 1.68289769793511 0.7517950961556431
57 2.464130666282969 1.474480444532187 2.108662220812648
58 1.880634569387754 1.461348650718762 0.5764904478719899
59 1.934010494368892 1.352905913406815 0.6130792770044844
60 2.390618318769308 1.680244002871028 2.213085840105516
61 1.758525169945659 1.680244002866913 2.595199469548696
62 2.109584205085544 1.680244002869769 2.462060339106077
63 2.049334115272332 1.354324029032055 0.6648360403956791
64 1.649781947552218 1.423528842577924 2.604573996817874
65 1.813368442081058 1.354324029013614 0.5753460646466365
66 1.980559379134331 1.455396207354513 2.527561587766868
67 1.905871432304634 1.354876452892249 2.53915885857401
68 1.792765771983543 1.356469265840858 2.57150417006265
69 2.029024956013883 1.339424681560644 2.483548426972066
70 2.146434623199407 1.334225130788603 2.412994244249467
71 2.101483989023861 1.686486890372271 0.6754701237329866
72 2.565102205717884 1.461348650718513 1.260958084202388
73 2.528229000324121 1.35248140089308 1.207087679634402
74 2.47640368995999 1.352710780159663 1.092323015771044
75 2.56679207365058 1.350841471374859 1.333657032171062
76 2.565102205717817 1.680244002870884 1.880634569387764
77 2.218424264044839 1.445447423616391 2.384115709692834
78 2.264035424135429 1.343333328116831 2.321997264882048
79 2.353839713354144 1.367576801350092 2.235753160338221
80 2.305938726701435 1.250776769750927 2.244425190636989
81 2.522740618071674 1.246423372091225 1.278894007868661
82 1.981915997233612 1.247357734106366 0.6636079204700718
83 1.942702131271426 1.243012608921298 2.493220642457584
84 2.094023130300285 1.25076508399653 0.7220110612779831
85 2.023178575261031 1.146146141116543 0.7272056486172533
86 2.13171844668496 1.152279071390146 0.7918018508333128
87 2.058224381768764 1.049882662367907 0.8041898066884021
88 1.945191025397137 1.048068437204026 0.7442330356099065
89 1.976028841785479 0.9564824567932322 0.8257944548844048
90 1.861201459822254 0.9579664633176258 0.7728444934277795
91 2.084741362130281 0.9633093114330935 0.8900300394002655
92 2.000824750258476 0.8729716775447417 0.9190762755884931
93 2.10550195134063 0.885118323700206 0.9872226104715982
94 2.017474058520955 0.8003865741753042 1.019823978776565
95 2.119144023314615 0.8173151211180507 1.09308973520814
96 2.027475430251743 0.7381591388177263 1.12945493864342
97 2.125468100771501 0.760891137062975 1.206083401288962
98 2.030099074261497 0.6877450558717124 1.245397878238773
99 1.928754916179365 0.6712905930586441 1.17157484128386
100 1.92844720766656 0.6273102674025451 1.290541773975203
101 2.026743501949586 0.6505359707447054 1.366209519343914
102 1.922056049268307 0.5970085671893653 1.412756085582433
103 2.017457779236367 0.6270759628386894 1.490123327660177
104 1.909850811405801 0.5805645330306115 1.537543322182509
105 2.002377683991152 0.6177080695322885 1.615327408310103
106 1.892052300086233 0.578294903949278 1.662219718255774
107 1.797008522212492 0.5484181017563581 1.584707431839071
108 1.777105984487419 0.5535328276252971 1.709483058792472
109 1.680588309588579 0.5311000232760574 1.630796561758141
110 1.659521820892131 0.5437476362920102 1.754974189920893
111 1.869673467055638 0.5899748214432524 1.783597503721732
112 2.106845119482331 0.6712040503425993 1.567943391838101
113 1.824425994099024 0.6176872503797158 1.218833556675172
114 2.213100854011982 0.8457673965130208 1.172800528069702
115 2.186165202507215 0.9796417401990017 0.9637706990135444
116 1.91128781959639 0.7946616499532415 0.9557327382401348
117 2.088150959142839 0.6685707804482803 1.693090885708307
118 2.188657205527473 0.7285622718694941 1.645042151511665
119 2.165916441224116 0.7324089400669659 1.769696679759426
120 2.262017675613416 0.7986024773293636 1.720970948543247
121 2.234537026304586 0.8082890928207743 1.844024643745524
122 2.325680587741786 0.8800979504978887 1.793749722793917
123 2.349566393069182 0.8783522839377377 1.674049136049315
124 2.406445541096352 0.9633493897657908 1.742031021186741
125 2.133829743933543 0.7479530716194257 1.891022902565186
126 2.198004195863827 0.829371389664922 1.962615242637376
127 2.092899580408728 0.7750203879677727 2.007570363319289
128 2.152826458698824 0.8623246888677454 2.076693129552995
129 2.043724440473922 0.8132151048770612 2.117634879497273
130 2.099791330237455 0.905883549089165 2.18290579054187
131 1.987023373808449 0.861978730822287 2.219607063609677
132 1.927703152709175 0.7746756957487864 2.149961389338114
133 1.868173265197257 0.8289457427392064 2.247440530697376
134 1.80645908411543 0.7472699931719453 2.173199973757441
135 1.744978856751231 0.8072676004353561 2.265999204747756
136 1.681765092048603 0.7313987293380619 2.187010833078149
137 1.619241524122244 0.7972612864527642 2.275011716750953
138 1.555444479403786 0.7272939773388535 2.191192021876645
139 1.492799826158657 0.7990731153328553 2.274346283806739
140 1.429344333869747 0.7350157577800229 2.185682401923313
141 1.366974677542177 0.81148386353456 2.262550639875467
142 1.562243737228618 0.5288529984877275 1.675216942767226
143 1.431987326597594 0.8823314966159829 2.347565887413164
144 1.307941841704677 0.9012278861102033 2.331853705800695
145 1.373710920824306 0.9739726178516399 2.40840095573911
146 1.582940699966174 0.5238555675758574 1.551041020715528
147 1.464635224694715 0.5292786839733721 1.595158825117543
148 1.245162726611833 0.8367967542918409 2.24297940991236
149 1.485789736811262 0.5318281148695723 1.471088526196352
150 1.368043866503231 0.5449273436387261 1.51505603189119
151 1.390129725748924 0.5550990480834568 1.390959376985293
152 1.34812892116335 0.5498708641022032 1.639739327361866
153 1.499170006030402 0.9616511784426782 2.419580498210014
154 2.554590024961005 1.246337320662475 1.417502412954967
155 2.501930235949129 1.1457283423658 1.349596048610865
156 1.442061385750572 1.059577026843774 2.475619433011769
157 2.377920505136177 0.9714171936856134 1.863913925656221
158 1.540704124430206 0.5487256221409142 1.796824301340317
159 1.805099465365983 0.891316508390917 2.332394598109626
160 2.452402931425732 1.057525914879802 1.80732537396659
161 1.568068299524051 1.049475809800541 2.479003454965611
162 2.464544795028891 1.145037635426572 1.229378806029089
163 1.827931206397775 1.053707340023698 0.6972270137557427
164 1.742534808843426 0.9661482990028402 0.7332228270332373
165 1.707100969349952 1.067579007384631 0.6626024680314515
166 2.199364656176423 0.734705242835199 1.521034234256846
167 2.413860063619714 1.063552656758355 1.929363065479603
168 2.038460747705841 0.9545902897716048 2.27663116624548
169 1.506729811351311 0.5491359440820578 1.350051552845153
170 1.414076253475128 0.5802411735125244 1.269363053653836
171 1.296714310706781 0.5930960264484001 1.31466377831346
172 1.619983091672921 0.9856590428109316 0.7037220899011611
173 1.322237100933753 0.62543980511745 1.195107533518627
174 1.441081920821809 0.6196682627146942 1.152284331943798
175 1.350626834317727 0.6718059450086509 1.080934714428387
176 1.233459401808108 0.6840168026319368 1.127571117902258
177 1.263926503565676 0.737224737408411 1.016168498254797
178 1.470751844999235 0.6728038041465548 1.041435162595958
179 1.584467120712466 1.089480605134049 0.6408656859899432
180 1.497119253406786 1.011462687284782 0.6885603720744583
181 1.253091820566763 0.5730171607897638 1.559692550833953
182 1.235181604845318 0.5853461521282387 1.684257434194353
183 1.142537145750979 0.6157402755383753 1.603731475831212
184 1.127406905287664 0.6351740911573435 1.727766273944722
185 1.037951722748067 0.6724860205827277 1.646545471498501
186 2.527834707671563 1.78813698748715 1.936122600105446
187 2.032510322964272 1.793422718826827 0.6576258133943037
188 1.149153667417305 0.7560380289859361 1.065812074390341
189 1.633678261246649 1.680244002871034 0.5312340247882832
190 1.461822839522352 1.119091883322708 0.632334507618809
191 1.026393426631787 0.6986300151083241 1.769728773331873
192 0.9440368006705366 0.7400616572491424 1.687736980372792
193 0.9371181898542132 0.7718702974999766 1.809106900858634
194 1.375143272667454 1.044773254442779 0.6866909478971132
195 1.340961457338492 1.155979859333281 0.6371336776882855
196 1.255838708988171 1.085103669846781 0.6981411525110657
197 1.223650235822513 1.199605149137458 0.6551930216544942
198 1.140950059858592 1.131864213369725 0.7227435584855267
199 1.105026608192091 1.24328839966945 0.6919221389074569
200 1.030814910695707 1.183116416044124 0.7616319007973512
201 1.197255012412768 1.319605156182198 0.6252845111690711
202 0.957232834371036 0.7222021515346786 1.563691559999547
203 0.8557716544853953 0.8072770529664378 1.619793752373231
204 0.8832594039173781 0.7857729124801924 1.483309585571163
205 0.797392671373262 0.8665340619045258 1.520954985881058
206 0.8230345373255246 0.8580907500487228 1.398965659227617
207 0.741517295788072 0.9450434261702018 1.439068169879553
208 0.7207460965779319 0.9593060362553639 1.559982358230391
209 1.187755167284076 0.9304835637014706 2.305576393734943
210 0.7731726716664085 0.9413223859928488 1.317455106574496
211 1.317979040866198 1.077824892364352 2.45943871606253
212 1.127569023479361 0.8710809056339742 2.211554157974026
213 1.18643736047191 0.7847905042098225 2.146196833487094
214 1.387540294291668 1.165224455521948 2.518715835516753
215 1.065046379486005 1.069925402491356 0.8027025700070151
216 0.9593634586438949 1.124892942519246 0.8469574421884447
217 1.215910863437077 0.6135982932193569 1.804143586578628
218 1.645842186316173 0.8868012207429412 0.7814031895699534
219 1.121368517701244 0.7086958963619391 1.181668836770433
220 1.0228002306619 0.791716548274056 1.135643837941776
221 1.411425139020792 0.941115271923993 0.7493796816772755
222 1.91677066152259 1.789879860533797 0.6069878000706531
223 0.6716728315748876 1.041420155034367 1.481574578618391
224 1.073184699241061 0.9696707464551673 2.269118183832608
225 0.6577637728711858 1.059155117017318 1.605689580656246
226 1.265053498814132 1.186760002673984 2.495815319100553
227 1.011193381038466 0.9137220416711592 2.163856726890878
228 0.964395159509116 1.017145721314654 2.220697352027166
229 0.9134035724310835 0.9679946504037973 2.119510839708662
230 0.866872478997364 1.075109033448676 2.166957408172375
231 0.9218003369678318 1.120129928106916 2.258056622108212
232 0.8187997515192086 1.033057628736802 2.062691594729619
233 0.7783610077947183 1.140475407751773 2.103236824002911
234 1.336403951002268 1.277048664608535 2.548239540676136
235 1.215893457144776 1.301064156745546 2.518378102045312
236 1.289400082711028 1.393414535999155 2.563758846400615
237 0.737486774121241 1.09777017334586 1.993246511796858
238 0.70283538735097 1.212285952808764 2.034193381787794
239 1.171217744769314 1.419065974171474 2.526797146936463
240 1.247215990285382 1.51262054240792 2.565046825998945
241 0.743386249982588 1.257992379306962 2.131304102349853
242 1.131679619746185 1.539040006501906 2.520949348652058
243 1.210468498780592 1.632923627469836 2.552084646353165
244 1.058750077853676 1.446156797961809 2.47572524004148
245 1.022692164594269 1.566703067332859 2.463089879297365
246 0.6777791394674387 1.332232077624544 2.062965112261522
247 0.6148367538312595 1.145733222501554 1.525130546829604
248 1.003084153703921 1.298887479639709 0.7339025589872912
249 0.6354109239868566 1.131225818000072 1.402111332667822
250 0.6316479896694723 1.290392108544645 1.939573476973927
251 0.7260085560057146 1.380880161011772 2.159768468352909
252 0.7182875243581203 0.9754671861424397 1.695032663226601
253 2.439035292834922 1.049137348099765 1.304984891697288
254 1.740680186986544 0.6677640483560683 2.073085973688115
255 2.474391756498656 1.054121453509655 1.685622656381397
256 2.513769447133792 1.15204456556003 1.749881133557432
257 2.206297324084754 0.9565530602796116 2.132460286130351
258 0.6079514603847074 1.166650539643158 1.649654789797906
259 0.5718959670374222 1.256448842919914 1.568258238930694
260 0.6671081983080496 1.456034975801629 2.087323489664664
261 0.7283843228629417 1.50444937990019 2.189312947025307
262 0.7965638328000353 1.416689395440599 2.258864499422587
263 0.7991672830763042 1.553671004639151 2.278551972101342
264 0.9970490749628543 1.014694399388824 0.8939008780123082
265 0.895328020444667 1.073594322123273 0.9437752387133059
266 0.8641393301462875 1.188541644710652 0.899126796188966
267 0.8049536904561483 1.139945669797396 1.001168835391358
268 0.7786424946002549 1.257594561985479 0.9616824853073137
269 0.7240529382125586 1.212238660604525 1.069712755780675
270 0.7048345355398241 1.331827905321321 1.032626297104572
271 0.7638133200843598 1.379478406407604 0.9314227337749361
272 0.6961265016187037 1.45528612516691 1.006675061925134
273 1.961141863888058 1.89777546492362 0.6557347353529878
274 0.7612582885679209 1.504059280192255 0.9098749680036049
275 0.6435165170699421 1.408932626524152 1.1119118007502
276 2.07629922057493 1.900495121090006 0.7149994813622232
277 0.6997338211325635 1.580533823720023 0.9896096066996746
278 0.7710147602785216 1.629515534495163 0.8973542641497
279 1.842648120083717 1.89220979513785 0.611936224337006
280 0.8384275699699141 1.553070327466271 0.8225019300454741
281 0.8537900291018584 1.67837659165213 0.8151832201629903
282 0.9265059596626415 1.601602616711801 0.7458335357829077
283 0.9468492694816107 1.726402538097069 0.7442979977545859
284 1.024205556122922 1.648946498142064 0.6809908472844722
285 1.048831748797292 1.772891127900111 0.6857350961932072
286 1.130097774429784 1.694409699138869 0.6289220085585433
287 1.158246256874691 1.81716259470501 0.640350835066861
288 1.999180485551158 2.001252472548914 0.7176742778819425
289 2.109906851012616 2.001011333958813 0.7828257680042788
290 2.0314486976611 2.099697416397386 0.7931809065100387
291 2.135917453024597 2.094037001295744 0.8612330664234736
292 1.917744998920463 2.096566840562909 0.7342470473172454
293 0.7904825074887757 1.756477978308099 0.8975538898352416
294 2.053981814808626 2.189012002394939 0.87728073659705
295 2.155783877881031 2.180065903998426 0.9517625162476607
296 1.080399528480373 1.89400314849609 0.7038066833499311
297 1.19311783039687 1.936190603350957 0.6649990607078601
298 2.233511383501003 2.080947155570711 0.9405760504259735
299 2.248812587047174 2.162880209968289 1.035676398786246
300 2.321634488685281 2.059728492840268 1.028753798124497
301 2.331707654339073 2.137706215826772 1.127795378076978
302 2.398998213196505 2.03069127638595 1.124476954670393
303 2.403414202331663 2.105431353939157 1.227961713140954
304 1.273855927440896 1.857111677862225 0.608261844188258
305 1.311195865192709 1.973755145037702 0.6397461120543362
306 1.232789509216469 2.050022742075785 0.7032041729578052
307 2.070808349362104 2.271321719499736 0.9742438457036421
308 0.6725954250737116 1.58097195861085 2.109084639780184
309 2.330136419516094 2.207898416452053 1.232970540075175
310 2.395861492544858 2.170818851273889 1.334442453088548
311 1.353054130306423 2.084359454705308 0.6845322799378664
312 1.276160488524983 2.159220072291666 0.7561983095037362
313 1.968326733890987 2.276581437237668 0.9071249739827891
314 1.398374752037597 2.189383266933403 0.7436060770455153
315 1.324151124783095 2.255541809316505 0.8178604200120163
316 1.977903262452099 2.352312708521522 1.005005906882296
317 2.316943759157278 2.269278728964494 1.342741389837669
318 1.203992256949765 2.220578757277511 0.8360444784724133
319 1.253706726973821 2.31424312774516 0.9049406734628241
320 1.136050158857448 2.274182386890698 0.9282494170997676
321 1.188350475626825 2.363070277802192 1.002764753102228
322 1.073848375320305 2.317021617204031 1.029674103345183
323 2.37609562443024 2.22846265466782 1.445933387368028
324 2.292322579235941 2.320949636974385 1.455502833928693
325 1.12953075011316 2.399764843839884 1.107418942996204
326 1.018296434460914 2.348470043599569 1.138835483205696
327 1.077546288240226 2.425505573734834 1.220369139074919
328 0.9702066289427907 2.368067820289932 1.254137375040389
329 1.033527094936845 2.438888690880145 1.337600848391701
330 1.144705683100359 2.489852658181321 1.305457045257746
331 1.105065962209919 2.497504206786781 1.426122749744206
332 1.218587769336972 2.541080450096479 1.394386113500885
333 1.181055203248104 2.541188895229255 1.515453477428397
334 1.07694754642532 2.493899781337607 1.545974852806693
335 1.155522682801584 2.529786729861704 1.63793736240224
336 1.264125100905324 2.571481800984069 1.605495781982682
337 1.235613729617993 2.550544124402828 1.72690395269544
338 1.123968099238761 2.498831075678698 1.759790377376845
339 1.212729778620778 2.515539281914223 1.846244701382993
340 1.326777520873953 2.559683790824637 1.814063910072852
341 1.306096541006585 2.517603984693857 1.931506728058371
342 1.422005634583506 2.554665975417635 1.897116040668233
343 1.194327439558902 2.466538478015142 1.961359876941052
344 1.402837575733086 2.505522010793727 2.012045082993513
345 1.519905624388019 2.535564049782282 1.974845938009189
346 1.501538314183985 2.479470025488832 2.086682116697294
347 1.620067297322808 2.503461597063089 2.04443181567949
348 1.556890651610202 2.581661640619055 1.843890927138796
349 1.600755532515112 2.439828966617989 2.154326470101026
350 1.717977034994968 2.456426974778694 2.10988714077495
351 1.483391661998738 2.410137212886931 2.190868913463796
352 1.308731017737715 2.39699652060105 0.9831419004731089
353 2.343856604927926 2.2770757905988 1.557764189061357
354 1.699038454803156 2.387178474435071 2.21398903263855
355 1.816620123457333 2.399721870941075 2.161622709489997
356 2.256109162353009 2.362608940206965 1.569449518345249
357 2.303938299970313 2.311648356814002 1.672106879143498
358 1.795340161006318 2.323613909539692 2.263232941121484
359 1.910543017830204 2.328271693648072 2.209095602819362
360 1.886859964729666 2.246302672708852 2.305927379490649
361 1.770611032652059 2.236291226322392 2.354258727461486
362 1.999842786000763 2.246196161788389 2.24635306753976
363 0.9151072054470721 2.285440569947871 1.175855707072665
364 0.871150387597355 2.298689316215237 1.292785415229791
365 1.831693973407099 2.46161747466834 2.055556898341105
366 2.197096853868167 2.403493382576894 1.465982328150217
367 0.8214719186010025 2.211598053671764 1.217938296776242
368 0.7829362219840842 2.220302319786166 1.338328841868354
369 0.7383396997185387 2.129275474827208 1.267910677610408
370 0.7062961370527733 2.132885446087003 1.388264260731402
371 1.978611464661393 2.164618813377534 2.330851837259688
372 0.6680029136421386 2.037929342276116 1.319055368173604
373 0.6422948606539874 2.037070844350962 1.440045369306274
374 0.6872491715922722 2.129780247792973 1.511600787848821
375 0.6298046241592361 2.030271796756523 1.564501939887986
376 0.6813118456768471 2.119423426924 1.637492459263247
377 0.5917328649499378 1.933834675893807 1.491672335516315
378 1.47661753367666 2.110537418559439 0.6783655899756393
379 2.156520608750017 2.438814205926218 1.580529685345363
380 2.087689290648631 2.476211214667728 1.47246903674335
381 0.5861644387657035 1.924275121171834 1.617438563384107
382 2.086015055359809 2.156763522281803 2.269233739009702
383 2.047352301872406 2.50305602114179 1.591019485457933
384 1.971383456396794 2.534377734425133 1.483254715553177
385 1.024791989329464 2.223347080516274 0.9603215209930952
386 0.5552986189572944 1.825223001472895 1.545219309356912
387 1.870222356925143 2.350838471947635 0.939526958380663
388 1.879023751458544 2.420465512792199 1.041947728154371
389 2.42603775655478 2.17499764537695 1.559590315991325
390 2.105756252764788 2.23639361762528 2.176948811964835
391 2.18715026214924 2.141548238835573 2.196074498896944
392 0.5570136663994683 1.813360797614409 1.670945746212925
393 0.5681843633646937 1.832603632924493 1.419637812393797
394 1.449413958551726 2.283436346102076 0.8131465166624759
395 2.107783616519741 2.461322370666281 1.694209158756969
396 0.594926159028933 1.912270198163306 1.737216644272215
397 0.618855377879838 1.532645725927111 2.005509649185958
398 0.5391341822941302 1.722103109109742 1.473831444173617
399 2.463304737421637 2.06152559327316 1.327411374066947
400 1.931128726815463 2.553532475811318 1.602622953131082
401 1.860645512039072 2.574761842747134 1.502507207425874
402 1.76872303729311 2.414420830330296 0.9827951146038344
403 1.778786977571052 2.47723843381351 1.089417778201881
404 0.7813450200587386 2.119590150077283 1.155808754629386
405 2.20239581179792 2.216644440139805 2.100499088978453
406 2.27854609403361 2.116964944012866 2.116152008686916
407 0.7452925599194541 2.21497904422928 1.584755863515697
408 0.7456217352661675 2.200244784972066 1.710453919592173
409 2.159186854539017 2.05471743225156 2.289294525669986
410 0.5594631357085185 1.727972196717747 1.349157806331532
411 0.5378239031877896 1.616379376338555 1.404926290640953
412 0.5241452185917082 1.58809808945345 1.541730574816058
413 2.128924889870028 2.432257605260221 1.363432675166342
414 0.6287655352728412 1.658079753175683 2.019775505082388
415 0.68788425008705 1.706460341528905 2.117316455556719
416 1.261998455011824 2.527152573839116 1.276433770830502
417 1.338255231758677 2.571378478967708 1.367368926711401
418 1.383690330039862 2.550243030306232 1.250955409788906
419 1.461526260783682 2.587176877319922 1.343522614235564
420 2.117986114020858 2.307398064972938 2.075399068861214
421 2.291460579312865 2.188890081434808 2.012640028628481
422 1.664723704277254 2.46403930208521 1.032356593782979
423 1.811613791581553 2.588919838761847 1.616119326099446
424 0.6517680252597479 1.782580845380887 2.025941369497628
425 0.7188988653203172 1.828930597674212 2.122394119178915
426 0.68832428701452 1.903239381060922 2.02615050313271
427 0.7619670052172476 1.947744996820599 2.118817804434455
428 0.7984342346394803 1.871194312828022 2.210984236568817
429 0.8466774118056986 1.988140817785207 2.201746470647052
430 0.8901980557487323 1.907983472409158 2.291707925753902
431 0.9435723764202529 2.021775052854456 2.277783608116331
432 0.9057822965828368 2.098067411787778 2.184281659776619
433 1.006616412615086 2.128812730211873 2.254127453837851
434 1.048765722086821 2.048828557276487 2.342542363779258
435 1.1157840958039 2.152075434518295 2.313562225180813
436 1.161508308975427 2.068215345518813 2.396435684815876
437 1.231689072348675 2.167515372343892 2.361716905546766
438 1.280151590259705 2.079651939712853 2.438675531268901
439 1.352636554268085 2.174906777532285 2.397887366640614
440 1.402504990330527 2.087091609258712 2.466195633589801
441 1.186387997266032 2.245290851187265 2.273583694343354
442 0.9733238325996237 2.201134128900746 2.15588058153826
443 0.8771894633291962 2.166730360631439 2.081085320896015
444 1.330934682985862 1.986119784761588 2.501707454843094
445 1.45644972118055 1.983913798351444 2.52624466119679
446 1.095949212963779 1.96317321212562 2.41766308702142
447 0.9493747934454091 2.26473525399367 2.049238334189668
448 1.880061417941752 2.560395642454746 1.718007090924544
449 1.757804582189786 2.338515865133856 0.8835865086906107
450 2.360892904524872 2.084631811065351 2.027242604242835
451 0.81566024070642 2.291198528671113 1.656894353781737
452 0.5821012576180351 1.609414687836205 1.913744418505574
453 2.354626409406139 2.00884610203562 2.109633507432382
454 1.39397029054305 1.8921542331142 0.5899373358172508
455 1.358363817611591 1.773287349219701 0.5655637536499589
456 1.885456731185193 2.478893058281904 1.154897459997089
457 1.763992846813396 2.534838320718535 1.210350977488477
458 2.367913150660593 2.152726510776652 1.920917364885119
459 1.386933845956255 1.88189975444677 2.553665573783155
460 1.312436363904496 1.603595865873044 2.585092649889722
461 1.105970339898844 0.9628083012458017 0.8560165887446528
462 1.739849047585326 2.602967115964161 1.519149925069309
463 1.492562716955572 0.6693809509227268 2.098008365413984
464 1.428880690645009 1.233469003080018 0.5896271568126346
465 1.528289627656658 2.07951893261981 2.485136089729459
466 1.582352521795716 1.977088697267568 2.535895117222566
467 2.301161232830442 1.974139891938161 0.9379426440835119
468 2.393430958371472 1.049845719404908 1.185432292636253
469 2.079317542416365 2.341536278889499 1.076844091512755
470 0.572161452305134 1.280080299791685 1.692596533397491
471 1.023455138717795 0.7370998223424896 1.89015580063329
472 1.146960242629152 1.213167569469987 2.45910221832407
473 0.8424204476383816 1.035806324171057 1.041762313722326
474 2.389587809957344 1.274539168251053 2.152547918407948
475 0.9807701197949794 0.7146072566939 1.446570473909788
476 0.7838791414452072 0.9902722418390508 1.945463968071337
477 0.8194746829577479 2.270675137021845 1.77648577652265
478 0.7590098387107879 2.180641825446435 1.827143506944544
479 1.264183339172019 1.879316283020621 2.523385757590558
480 0.5653501427339505 1.621308849252753 1.282440353622192
481 0.5944701678435916 1.732373313356452 1.228301334140655
482 0.5499384250840975 1.516575578992107 1.343789793288741
483 2.431154324042317 2.050893912440692 1.925638736973889
484 2.433294762445125 2.109893537404589 1.819981714099026
485 2.490305817967501 1.999653352037688 1.830038797805248
486 1.46041888095209 1.258071858892634 2.564095344138927
487 1.688023959014025 2.609760008202802 1.629404024171436
488 1.579685253440401 0.6248886374885014 1.121572171693818
489 1.592115584536313 0.6873047579441971 1.009003795471067
490 1.501107880702164 0.7391949649502993 0.9381784273551618
491 1.508001902905454 2.558786393866072 1.22939451231636
492 0.8968850717050928 2.357162070373005 1.726022770490182
493 1.803475773329736 0.6687748153222803 1.092423899461288
494 2.469196549962119 1.050519906447559 1.433638765297923
495 2.403844369640207 0.9647516953238734 1.382744274934513
496 1.109083976345532 1.569726836406812 0.630879695989279
497 2.29456311249479 2.260012392723823 1.883471182859865
498 1.654305673124264 2.069345881676791 2.487909864823235
499 1.708020731791825 1.963604918658867 2.531782062413919
500 1.779166240020748 2.052600711222986 2.476925029375425
501 1.836100737848103 1.948972063469631 2.510593854403043
502 1.62934648719013 0.5768578695772925 1.895266561506391
503 2.567122218680387 1.780739336884725 1.815503010204148
504 1.581362780381423 2.587939092029596 1.321935609883884
505 2.33637598011117 1.163663513030742 2.157953356572082
506 2.241320144508687 1.132927860595456 2.245549413055956
507 0.5437993920798467 1.370847057425005 1.614617520257527
508 0.551054780144034 1.381850006255527 1.715879672568599
509 2.179310067267816 1.895245910965155 0.7827187885922439
510 1.163497545988523 0.6102876183408276 1.480499951620206
511 1.218278027445451 1.614741661384596 0.5856961453799683
512 1.416537872488566 2.600508506952529 1.458904117315471
513 2.336191601094767 0.9847874232785508 1.979925096635331
514 1.049061288213897 2.295949071323608 2.117210782909951
515 0.8212210010643861 2.301061478084263 1.53242509928692
516 1.367266379448091 0.6834589605729854 2.088319920722284
517 2.245710255252368 2.301471521765036 1.243339978770305
518 2.476281205585821 1.786515771102932 2.050572281653587
519 2.528560250611558 1.151031193431601 1.626547652159929
520 2.560839477302924 1.251753084847409 1.691828062847583
521 2.414094104604434 1.151413182154504 1.112987035533588
522 2.024797232820802 0.6992619621352005 1.932644001620959
523 0.8472739016205447 1.789101874316196 2.295696802324745
524 0.9433805503494329 1.824152250456735 2.370035296468513
525 2.214844635854246 0.7949704738827512 1.288097312323522
526 0.8571390751522857 0.8627803088189996 1.277488712335912
527 1.431515707694511 0.6243690241779336 1.996823299223103
528 0.9359491295301436 0.8178717915428425 1.926740692634162
529 0.7369675617720114 2.01967086807205 2.017857785708306
530 1.637779407923362 1.880804836137192 2.568809704565984
531 2.200038538040166 1.258222920656461 0.7942817959621949
532 2.23194233076934 1.163784678875456 0.8680515714827869
533 1.671036253007593 1.175002879332255 0.6064715809905276
534 1.431319123271013 2.51629792286906 1.142782830803803
535 1.886059691643608 2.524325381737409 1.274124684407461
536 2.486750960973281 2.056121749841469 1.719487460034099
537 2.536017811585122 1.261468067984296 1.834019093349587
538 1.600092754329383 2.16809060720033 2.430449729720066
539 0.6125042631704917 1.196836749896703 1.766891372302818
540 0.5778856760253451 1.803213189233895 1.808984388784888
541 0.5430050842210539 1.698338800990322 1.725718210971331
542 0.5469283439232697 1.367957826162922 1.48609917487165
543 0.9053446453194219 2.333495411770682 1.83928632033416
544 2.289031680398351 1.266445444745427 0.8721324386040284
545 1.023734125858311 2.346649047132983 2.012835030849826
546 0.9536416088511667 1.474290879411382 2.411289910338075
547 0.9938311574564338 1.35455375777135 2.417538941728435
548 1.032480771358266 0.7833538345760562 2.002969203610742
549 1.125173546173404 0.7094381498098319 1.96589775625863
550 0.9045974819705697 1.695442035781137 2.369085283012005
551 1.003499041643558 1.742700454335123 2.434072338523883
552 1.015720422948243 0.7450238784232014 1.244279381275698
553 1.98455231522689 2.46724792348126 1.221793134736022
554 1.041773072772511 0.911836588859873 0.9523068994670539
555 1.614786701888604 2.616317578147749 1.531136887807031
556 1.570190854236157 2.615620504991856 1.641257530944274
557 0.6667983483275434 1.964842502491527 1.92312852455427
558 1.625448975054864 0.9556862241526275 2.416535861697777
559 1.694157281464112 1.047668943445095 2.469541300013017
560 1.636335221909266 1.145280061298947 2.525397433151745
561 1.136593065032081 1.033615705397185 2.357896840516907
562 1.76173303786641 1.146944188810051 2.509154067064044
563 1.705824299410206 1.240739524789542 2.555404200668322
564 1.810605987286101 1.051409599277025 2.447923150718051
565 1.317168251778435 0.6382831886284318 1.974175500702681
566 1.479902439470244 1.806413192731946 0.5545061590941722
567 1.515169138025484 1.930658595698679 0.5889473187894982
568 1.422490440211672 1.709139126948559 0.5434262158404468
569 2.533432584162629 1.949362894779892 1.734018570491205
570 2.525166493414842 1.999700332595547 1.613710777812293
571 2.570964082469589 1.875289512033182 1.630554772928007
572 2.550707961406704 1.935652712869598 1.513562445875675
573 2.58752650006303 1.814131565890452 1.510212274333772
574 2.560851927535404 1.874494236794443 1.415296493558938
575 2.336972636220827 1.057818251564162 1.074358950644407
576 0.6078369290488221 1.626039796094803 1.163021795191489
577 0.6419205284620947 1.737336692967459 1.116839534865467
578 0.6376586305344198 1.841225767434093 1.179970702397759
579 0.6929088917711088 1.843053474506953 1.0689871915859
580 2.421291784510955 0.9634072921827289 1.504775509855068
581 2.345029235746745 0.8739877146767833 1.462889552187651
582 1.382509650326173 0.5914751628100859 1.890328635752768
583 1.101106200285258 0.6748760423041608 1.299981371281821
584 1.781844056360289 2.566764233930441 1.325583164355588
585 1.901045589758996 2.029528272812455 2.45234220605857
586 1.95338073160336 1.91909160951889 2.481259000638102
587 1.890292082587045 1.838770960223819 2.53138717054763
588 0.707330767244613 1.062690102158281 1.875555253141922
589 1.152622031614578 0.8651905349247928 0.9197406943317724
590 1.221752560783601 0.9203663625647089 0.8280096667959979
591 2.01725927234367 1.995735188500163 2.417389802612361
592 2.065420259173851 1.885641289296424 2.438461311877009
593 0.9161805609500882 1.476248493028679 0.7589086390759108
594 1.802317591251316 1.786689486462191 0.5725925605499861
595 1.720073099376973 1.882703532268588 0.5823363875089272
596 1.765165366880358 1.99027767502736 0.6311800295897653
597 1.624786856576311 0.7525263107026051 0.9195345401910809
598 0.6940946199533948 1.946538326558115 1.138552439542241
599 0.7551950560738652 1.940108677105502 1.027633674969086
600 0.8433762036329484 0.8701760687622444 1.847588540712605
601 0.5797726808982424 1.487100068012192 1.898652668462451
602 2.416587829824539 1.198127215032987 2.063114494013615
603 0.8562959766719855 2.216610450755678 1.981936300768672
604 2.357962450659826 1.162514187460772 1.013752433217054
605 2.2964659789419 0.883521045382985 1.258260001313881
606 1.603152316477361 1.847256401476268 0.561268898603374
607 1.200243419276048 1.489901920153012 0.5946972801118586
608 1.312083116849398 1.535051938153612 0.5566895647069454
609 1.269369108750386 1.390959369037486 0.5841743059182809
610 1.410141404055881 1.456505770052403 0.5423264071222975
611 1.094094544949593 1.445186993018022 0.6468913437550857
612 0.5313821537225947 1.489763947906372 1.669156082895856
613 2.4585554171352 1.302355980418162 2.057053757779191
614 2.568093655401374 1.251508391919724 1.562080580717683
615 1.544998108208377 0.816361651342381 0.8449964345210202
616 1.410911579874953 0.8024259425319163 0.8774951429490471
617 0.8220182969709254 0.9391597726025621 1.200675486131854
618 0.7360557175782471 1.040991412441869 1.225633206974501
619 2.594623430586392 1.359633766121692 1.632530804552513
620 1.713388574745773 0.7142804061700024 0.9854155620164862
621 1.743512080432678 0.7759999835715468 0.9111822331944983
622 0.5467707432909099 1.572562661418828 1.789865255727018
623 2.418387583104011 2.170897990751322 1.705294528928665
624 1.316332996060474 1.786827672804449 2.563369539250782
625 1.439991349356692 1.788715590691257 2.586682129202042
626 2.588378584222752 1.751326524529004 1.401805474065335
627 1.130706535609415 2.373526874380113 2.079291513497789
628 2.185698412395459 1.233555711886563 2.348476790746819
629 2.147335700091758 1.106272080607767 2.311365220939723
630 2.060830072025638 1.234012199474599 2.432809140709161
631 1.994176173949055 1.119156169596871 2.415422507221489
632 2.480106536779863 1.885281531776986 1.98416868810685
633 1.006022939652039 2.427729137502864 1.778930635210104
634 0.909065670156755 0.8706026575612922 1.160352573203023
635 0.9649995612843348 2.419241125788862 1.669661958786912
636 1.716376799742243 0.6215435920479471 1.153245991261544
637 1.718403952688815 0.5781938244169719 1.271505544639492
638 2.48228354510492 1.23276596985694 1.960089583707991
639 1.554239623908042 0.6169995316641984 2.00279199855571
640 2.4971615490173 2.056420012329708 1.519417125394183
641 1.635302887064857 2.601645876179148 1.743454432450479
642 1.633115462532392 2.55265774158327 1.212066346582962
643 0.7576488913010784 1.098788510391621 1.109686165731198
644 0.6842354985716045 1.173592021504591 1.1798214568211
645 2.00688103844981 2.497825533050689 1.35384083310608
646 1.20420593398174 1.773198082168856 2.530623251063426
647 1.091281792840256 1.662187548031643 2.497260663744393
648 2.421735682426042 1.894005510343042 2.088542160134328
649 2.299241694519942 0.9487234081345252 1.147694280780651
650 1.273738168198293 0.8145983983704809 0.9100816722805833
651 2.525124840142634 1.147035217735259 1.491383970752565
652 1.640739283636829 1.973895868302599 0.6068246188819316
653 1.681694035527688 2.074027397891898 0.6591588448359043
654 2.521596590358479 1.350311130475944 1.950253634332603
655 1.854389672173807 2.142942796173993 2.400763761858456
656 0.7062714799552996 1.720452277447906 0.9991123259139324
657 0.759761722811904 0.9591753619502907 1.825286754388656
658 0.7982585803927907 0.8812716713147712 1.726885695751021
659 2.152785493357116 1.010473194934175 2.237091538497755
660 0.8880013536917903 1.380336316362304 2.3416002709748
661 0.9378556500123544 1.266187357644418 2.34747012371307
662 0.8468421010052471 1.294077176409343 2.275026049260057
663 1.531574597423417 0.9127178782965151 0.7571519801671921
664 2.269851976947532 1.081410441701006 0.9637993212893533
665 2.595116067047867 1.679843544582072 1.759212051332726
666 0.9450466332208286 0.8750684715177235 2.040926929516667
667 1.312110454449466 1.278320296250912 0.599116285712304
668 2.151561945810962 1.791439704079574 0.7277954329273701
669 2.24457180534811 1.784185540095595 0.7980645755516546
670 2.300928840784727 1.685711021010296 0.8289581798245333
671 2.337548096752202 1.786013713000445 0.8907993332909978
672 2.416371416140207 1.781882474937161 0.9902206490634889
673 1.757952609156171 1.464124483717681 0.5459956851580132
674 2.46100829996357 1.461174749174434 1.030307229976756
675 2.413701897087893 1.357444895157692 0.9871748078123077
676 2.212567925829338 1.46174910900008 0.7505155028107341
677 1.881122310741648 1.66332337762068 2.566667422763202
678 2.008096981598073 1.690264843806229 2.514786857459255
679 2.21767147111159 1.674495179968096 2.387755203818686
680 2.159270005095753 1.784264588021323 2.410291855447776
681 2.259075513843546 1.77450712704317 2.333289855796953
682 2.196156957685685 1.881404224232837 2.351225392510166
683 2.287653452060568 1.883586397883427 2.267144619401707
684 2.463050850735242 1.679365110880562 2.108120618877712
685 2.522964417157672 1.681056856839467 1.149084038094002
686 2.523575253299732 1.795311663387505 1.198737336747416
687 2.464124589446092 1.679235421478066 1.03523280196797
688 2.520245193087266 1.470316274363757 2.000997815160198
689 2.5951208043967 1.462868933347673 1.759830063364936
690 1.632991379860673 1.679843544578619 2.61044203130193
691 1.695687637714143 1.786728107649964 2.587850080391914
692 1.834899528161211 1.767217667140202 2.564924521404207
693 1.774257883497887 1.863984294462875 2.555309872557913
694 1.575010928141461 1.785241777715421 2.595792959446503
695 1.500434770677979 1.689964667639002 2.608809269485603
696 2.39276211637302 1.465264355974134 0.9305948310687089
697 2.361818449983585 1.083347916812239 2.053808499999247
698 2.588382070948133 1.341640410340507 1.477901060595789
699 2.110696174034746 1.461528335789135 0.6801834073264539
700 1.866746783094803 1.249499031440144 0.6190589225463566
701 1.833391148576128 1.248389679380002 2.531900184090518
702 2.596583139037755 1.45873378825262 1.392397575352385
703 1.721920423388167 2.157557893548653 2.424901169564035
704 1.990600253639482 1.806534780935453 2.500750495277106
705 1.88380886775846 1.9955138945323 0.6662186086927381
706 2.157074628431995 1.356473405644936 0.7299835356627579
707 1.907909886989083 1.145476702531599 0.6752069253491899
708 2.163111027090454 1.061276382673843 0.8735335115029775
709 1.948561547218378 2.188367092399105 0.8141441617008019
710 1.833737550887839 2.183487631230936 0.7632729591001155
711 1.860515278335526 2.270172481598793 0.8472228098375216
712 2.209143685809144 1.991181094470915 0.8549667328427699
713 1.893625793764238 0.8734412605172795 0.859389440389246
714 1.773306378367457 0.86114549337308 0.8278238610413193
715 2.168174157264451 2.255957689646286 1.050876769794714
716 2.254009614784032 2.235875359383001 1.137769543836964
717 2.203093871109587 0.9055491373815423 1.066545691035857
718 0.9339185574446022 1.237200891777044 0.8094005664476291
719 0.8438874195042144 1.307499362514263 0.8644671823202967
720 0.8337111822545686 1.431379749067749 0.8401177252299098
721 2.38352265932858 1.957181076418009 1.035254129673901
722 2.462110527655885 1.906788704087905 1.13572066788408
723 2.464720376180048 1.99480904325857 1.227669933988833
724 1.022715771103156 1.070977699151522 2.309993022651606
725 1.923854624095299 0.727696371657746 1.059763044525311
726 1.550660051465022 1.199468016753833 0.5918517278466016
727 1.51651079404943 1.305142948054006 0.5593102544586332
728 0.6698815705194848 1.170208557936929 1.923648636690641
729 1.681097418664415 0.8755701107938233 2.346113609556845
730 1.554298938495396 0.8733681625914388 2.351785765383691
731 1.057311903804731 0.6592617750043323 1.52539567183726
732 0.8249095178225084 1.197490327340209 2.203977351624507
733 1.617351957855373 0.6682980355899084 2.099901343611774
734 1.192010028679378 2.470528267280498 1.191816001629979
735 1.246512214557733 2.438745421988526 1.082813853815318
736 2.123907556232393 0.7166269116107246 1.323641943329378
737 1.925789353969678 0.91599151492842 2.306889609094052
738 1.973227500988915 1.022908071192085 2.367345333850635
739 1.385085380903867 2.443168019405218 2.119523750695518
740 1.368446567168802 2.367190106795853 2.219975988512052
741 1.468844343797038 2.328599487334737 2.286312136732583
742 1.254274208360695 2.396278324171441 2.13205912779039
743 1.359811000076376 2.285432047788086 2.306597719442515
744 1.297648914367798 2.578203895041001 1.486278909909374
745 0.6980761028548856 1.032357139467944 1.358510285075383
746 1.510016421179746 1.150551310386077 2.528043755879517
747 1.241580309808914 1.736134639532116 0.5905398462076753
748 1.980736803929211 2.416763048457758 1.109372636161188
749 0.653285479855412 1.089822278509333 1.723964606331935
750 1.377205406700116 2.344625009799 0.8923168236047554
751 1.435113717000848 2.422743531690643 0.9771643695166924
752 1.303281156441918 0.7543977906114924 2.169588256417167
753 1.410544016552119 1.372115089891158 2.586408297183393
754 1.535549154178455 1.355009467381849 2.594913692802988
755 1.486389603170152 1.470569196405658 2.609763476695713
756 1.601896980056035 0.5334660103029645 1.43079177299171
757 1.118022195102324 0.6685691121243026 1.849371900041959
758 1.008219563328909 1.523747915774493 0.6888005538680984
759 1.164874518871903 2.118004024869518 0.7755517529356635
760 1.089634068769221 2.173909467919077 0.8627284404399876
761 0.9806342471912074 2.120914969269854 0.90318797586487
762 0.9212224579167266 2.164281643562632 1.002948038179093
763 0.885692575483109 2.062141052345935 0.9496394047181629
764 0.9469581398955383 2.009242522515477 0.8530125423190822
765 0.8448997343527502 1.945515850624028 0.9156000762147364
766 0.9091649763215647 1.90338797534544 0.8303576307386885
767 1.050735404681957 2.068609657217911 0.8103088275049106
768 1.119022448351915 2.010599734846688 0.7346766964460054
769 1.813225514324241 0.5579493565608287 1.461289180207645
770 2.251191077935685 0.9166020303054236 2.024355050989305
771 1.099075283912678 1.326718173665036 2.473308279125157
772 1.654721385486985 2.394117609059584 0.9291411531028956
773 1.645837194577603 2.316985503780281 0.8399110474627407
774 1.523557327616745 2.365362481441113 0.89031428141859
775 0.8685374007141731 2.194470836888801 1.10767083901515
776 1.431994290173432 2.003735610260375 0.6274404646228939
777 1.582819067618222 2.364245383205004 2.254109402783609
778 1.561790986774311 2.267262345190225 2.352766083437583
779 1.208512663632564 0.6436618939694213 1.245534890243902
780 0.6264837200636493 1.851896698301505 1.92559062373248
781 0.5988506398840775 1.736258418454987 1.923736249658653
782 0.5850504658756962 1.24047804359785 1.445028124539435
783 0.5777695834969132 1.327790939031845 1.343928568298277
784 1.531777828053777 0.5809515487509413 1.231226623542011
785 0.892517013414501 2.367933767218341 1.604438344384955
786 0.9060625167561229 2.375477116343189 1.485705199434737
787 0.8153596132310345 2.062833335141824 2.103560501124391
788 2.211487783672645 2.39145699616652 1.683282921829765
789 2.159099408287191 2.407295680342449 1.796164973800972
790 2.051328145571491 2.470812231838655 1.806769318986108
791 2.098382005386332 2.412499865854416 1.90217407998911
792 1.985971066438073 2.468123620861312 1.915841793534886
793 2.035776185286289 2.394762898764526 2.019678862327404
794 2.202658640191563 2.340253947508605 1.895307802811945
795 1.996195211202953 2.518225711797374 1.705094728908845
796 1.981718867600758 0.6222879077984123 1.738418389133347
797 2.062876987274338 0.6794175795123446 1.81558861365716
798 2.062933339597022 2.075358371429626 2.345290364845786
799 2.293197098010948 0.894342349979559 1.913097150967611
800 2.0197985606369 2.319704477174555 2.148858855879736
801 1.933474534696478 2.399677680704812 2.098094088866683
802 2.227751501427785 2.356684214108828 1.353051434022488
803 2.271140338019893 2.019664210535233 2.206924144234053
804 1.759051879490003 2.58856719172632 1.729934708740775
805 1.82463174019231 2.552712726847125 1.831622854291598
806 0.6309526798813104 2.017373808923727 1.688631733374564
807 0.5954747512265257 1.836369659572411 1.297224872910495
808 2.372467748685722 2.197651021902677 1.81777574653878
809 0.5884737096486475 1.497699611869613 1.215378463791043
810 0.5333715024186965 1.710267710640584 1.601130764128228
811 0.5314069366871828 1.505662851560574 1.46102366458993
812 1.74478273266208 0.9585913201257993 2.402395071151128
813 1.077434464656499 2.227599406750167 2.220278041996144
814 0.69073890654645 2.104317573897724 1.764385394636146
815 1.334163710923138 0.5716884013345852 1.776735807274557
816 1.50912312831663 1.889221686805084 2.566499303552521
817 1.677446827739103 2.306181207623059 2.308669933132629
818 0.6113254365868234 1.937431930086027 1.366794717794312
819 1.480639704996805 2.170846429152664 2.424279993562187
820 0.9890241627932638 1.939030878583722 2.359825588162237
821 1.213867960257756 1.977536990771489 2.46733795140647
822 0.583888589226997 1.315936376415865 1.810967587468521
823 2.28937734932412 0.8091024019214895 1.580090954487876
824 0.9247479140599872 0.7779240720909624 1.345856896379608
825 0.7611866254585 1.751384214329347 2.209969900724534
826 0.8099463385169396 1.6721987028489 2.28314986591728
827 0.7358865348204854 1.629995780775569 2.20011641637236
828 1.102516618558529 2.458050465646733 1.870991128842667
829 0.7576520755250998 2.22142044373534 1.460762712319588
830 0.9382176975652146 0.9714209889189285 0.9900931380486004
831 2.117753425160878 0.6868351710075421 1.444015733491736
832 1.379049967266379 0.7308771651234135 0.9754881320782572
833 0.623400586673357 1.40974971648381 1.986882870844353
834 1.52002443869333 2.210361367490994 0.7431481616122801
835 1.564753167213127 2.511080672866959 1.109871669192102
836 1.257689126688261 0.999754132536529 2.3908557178454
837 1.196878706910616 1.100642135718143 2.428562822634638
838 1.275187886150609 0.5751911507399059 1.43659984970062
839 1.699689297344361 0.5334712780572146 1.507819691155547
840 1.736689323484181 2.509868558511433 2.003515136763361
841 1.645967430001615 2.549732753411103 1.935015339366628
842 1.981568776542098 0.7331521481683567 2.046444238357538
843 1.909256775426871 0.6635648149611726 1.969542135399688
844 1.445072770545843 0.5416598681846985 1.718086680163683
845 1.28950555804901 2.464367898917145 2.03880066453705
846 1.755293489038496 0.5733705323831577 1.831037163325832
847 1.738579647721833 0.6103049808828209 1.952801356707971
848 1.348744604359378 2.586756389016972 1.693844674062489
849 1.442516394243821 2.588957597328374 1.779397854407946
850 1.177262441637352 1.02085712075269 0.7712210256989798
851 2.272576362679994 1.056796105552019 2.153832573547648
852 2.477887086389027 1.249060702213198 1.158127872747198
853 0.7239073914007759 2.08346295199914 1.912226808358648
854 0.7937736855951117 2.123484123155249 2.003687451732102
855 1.309786535429299 2.50021035265604 1.164980890203312
856 1.822625583190625 0.5809847086349241 1.339543872946592
857 0.9759347052169468 0.8799553373429025 1.055528348264508
858 0.9659452019622317 2.261728576344142 1.06741729013005
859 1.353593211972299 1.481175882298303 2.591293114674087
860 0.6591791240011531 1.290516322558968 1.138338344988376
861 0.6042818782171205 1.366651456083475 1.223237117904144
862 0.640882970146698 1.533193950832838 1.090723497235215
863 2.609442430875603 1.687588329594453 1.506015081112304
864 1.325103247404163 1.651655265364517 0.5560453947800281
865 2.423895810156216 1.253182659490794 1.053142445265511
866 2.130128902098178 1.980005752277686 2.355855195627544
867 2.480145003763112 1.051554276766154 1.561029627748907
868 2.253898158848395 2.33599060520398 1.781680926913791
869 1.554444394745855 2.438414102818626 0.984626794766788
870 1.791654373760582 1.15727992031407 0.6343943746964199
871 1.849976751225488 2.50934823144099 1.942012334170786
872 1.874864762923807 1.681801586308311 0.5748832132440059
873 1.448440610453753 2.249170025584939 2.359124250124213
874 2.514277812939019 1.952802901906128 1.324754921524936
875 2.589955794427234 1.77498210652888 1.698251644934028
876 1.676247080287223 2.599875214194197 1.408009677068733
877 2.476785199682755 1.786467590115617 1.091951070356887
878 0.6452495958427796 1.941786967532658 1.250871484775735
879 1.378114526466984 2.600106712629797 1.57486629816494
880 1.801451826633057 2.087175776144155 0.6894490536293665
881 1.864750658506571 0.7005985880993462 2.073757018767186
882 1.040275966568232 1.24054849326771 2.411098193428383
883 1.151054531912046 1.871159454913052 2.481961255953032
884 1.576851323103059 1.248738169698652 2.567222235580708
885 1.660643390928436 1.325077970588818 2.584784840399521
886 1.232263232797762 0.7014643586661895 2.046485284718398
887 1.048578796297183 1.856254112983609 2.432437443720766
888 1.155502327986462 2.314945933831981 2.179397155033245
889 0.8396321322483178 2.303456959116048 1.411956691653115
890 1.292428162268813 0.9782997561771053 0.7534336838898722
891 1.071377864552731 0.8228965756292385 2.107312750597717
892 1.934086044086829 2.520736649776893 1.82030920284533
893 1.640355911333123 1.284726377257704 0.5658345566748546
894 2.41597463413832 1.787758834461427 2.149781309584007
895 0.6126539461450762 1.215451221370919 1.342069971326035
896 1.700186428742529 2.575781661690225 1.835154775488061
897 1.71325145555318 0.5495996416449502 1.387802945052897
898 1.744069020942965 2.252546846300725 0.7950286335720136
899 2.276785326754035 1.886976135934768 0.8649404127011487
900 0.6681111194567769 1.12182608564828 1.287586421865999
901 1.54082830448663 2.608671354748404 1.434634455400635
902 2.213034232982267 2.281466019165625 1.99400049907337
903 1.496211630134756 0.5802873353502478 1.9023860916001
904 2.527008302288011 1.891026117052983 1.853168865450778
905 1.951056807065126 0.6377949628645135 1.856336399780896
906 2.167261779240682 2.324978880119796 1.155994745878032
907 2.15463268562049 2.381082538246444 1.255845421292273
908 2.206558127509914 0.756094056664839 1.401415527916513
909 1.699711183256723 1.372324508939822 0.5506921122496964
910 0.9284626623764924 1.581791981256387 2.397784398274733
911 0.7617181439922985 1.845536113847388 0.9653764272579322
912 0.647292529981542 2.001682698338112 1.811836537800842
913 1.185397152139234 0.6192051479337584 1.364484873597178
914 1.000375084719239 2.441113312372 1.453362675582822
915 1.885289621445776 2.553885940711011 1.394015417582252
916 1.745384397538303 1.669682984139909 0.5430010428081602
917 1.548341932187381 2.041666076814107 0.6357026470430724
918 2.478884391379613 1.149549873828888 1.878286495832038
919 2.423518559033033 0.9653039844113004 1.624336304323717
920 2.313435134339278 1.674363998744665 2.30181209275902
921 2.447684996251978 2.126738302576141 1.434350395472682
922 1.080389288834381 1.133261004696972 2.386079400498509
923 0.5279430980317346 1.610197153411161 1.657557086083607
924 0.8708191542614527 0.8967774877848126 1.961120901762621
925 2.345226249644709 1.786640784818833 2.24183445966615
926 2.254758754742136 1.363590401311281 0.8053658512890237
927 1.21245651367295 0.6505386095939758 1.91913671132708
928 0.9315596082264799 2.375512266378153 1.369720755313252
929 2.284061543233884 0.8311988057269993 1.368630679167469
930 1.335424398653976 0.8840140765563008 0.8161090356387601
931 2.074875705408815 2.400620843690733 1.178472528833381
932 1.427408016130345 1.581467704514624 0.5335168922670159
933 1.516454730112478 1.480194778192386 0.5289417009026933
934 2.424792592962294 1.983198660145915 2.014910505864794
935 1.754764884726346 1.264523955980247 0.5864307870687502
936 1.49516360118615 2.615050619256012 1.549930691753563
937 1.438925091530967 1.586646574324507 2.609536649587541
938 1.366778956643472 2.46588094717172 1.066987686264063
939 1.874989306764622 1.146026712730198 2.478353552063153
940 2.612402075763359 1.484629723229969 1.636030454198302
941 2.575060863335701 1.338270394969797 1.75520658385101
942 0.8318749363242354 2.100612842957891 1.051265433451716
943 2.395696014465583 1.470751071861819 2.208098581206671
944 1.398290311917219 1.337739611144014 0.5645414120972356
945 1.014765586484727 1.959525248566314 0.7730856320936744
946 2.506541569535441 1.891905164558532 1.227441311933198
947 1.629460236273495 2.232881467811025 0.7615840412959115
948 1.080381104319815 0.6597697666443791 1.409098375363275
949 1.823963046531196 0.7389743351590842 0.9871855853917391
950 1.263670027323672 2.315091440454123 2.240364046438146
951 0.9163051013847706 1.36530496948309 0.7795711697356345
952 0.9950532025127259 1.415777497119735 0.7099178635260684
953 1.84109067975501 0.6142415966396261 1.900290973500427
954 1.007747119939599 2.387993572294794 1.905141902269064
955 1.745968821981479 1.474423667646244 2.598730964177486
956 0.8736382816402648 1.793129371410262 0.8216892659682178
957 0.706259874164927 2.03545548762248 1.205705519508345
958 1.493638980326969 1.388344211227565 0.5425061534278726
959 1.592942347692504 2.143323267278322 0.6942433235992873
960 1.617894346736083 0.5569207817500492 1.312996274603699
961 1.078367572375189 0.8293866351404987 1.019027985755166
962 0.5630431923946684 1.683264651402305 1.832344041941997
963 1.094123646632266 1.785585060443033 2.478139518270181
964 2.344132261725496 1.364787062573796 0.8954190795972677
965 2.475393176165376 2.095926140805934 1.621451334226401
966 2.555802614271211 1.813128469021306 1.310680087954953
967 2.369091536295809 0.9665034669204122 1.263912620442209
968 1.722828699568998 2.170144620731156 0.7256392458824056
969 1.460699633431276 2.60809130536306 1.663103188835704
970 0.8663621326750436 1.494212291271186 2.341854082666509
971 2.362018231611091 1.878679734274239 0.9577723338141219
972 2.07281149731547 1.778847744263361 2.465960047847483
973 2.350628078886836 1.912341350076403 2.180576735411804
974 1.864525055831215 0.9768187494990437 2.381682744636883
975 1.664664717436977 2.230924376403569 2.378287747548248
976 2.36124357131612 1.262108333431193 0.9571778886641259
977 1.475631231978939 2.476770994984061 1.054292486963715
978 0.9749207614453662 2.431894809355322 1.562769796806057
979 0.974155139344365 1.846283490732971 0.7554750237645349
980 1.926631459154731 2.45409183203355 2.00644884915165
981 0.777326041829571 0.8894932648721052 1.624216883922515
982 0.9260321044615472 2.305092392153302 1.947241671075026
983 2.370128154731281 0.8942692473313235 1.569230813295536
984 1.68257294792854 2.512681033318422 1.12696989921629
985 2.261245812371139 0.9911295992069841 1.037984254834084
986 0.8810544368794065 0.9452091849182437 1.091714324997126
987 0.6527221581599668 1.639796506341364 1.071795818438453
988 0.9818451266595605 1.173017888742719 2.339907183116707
989 2.220269791960094 1.968487424401418 2.289579131377048
990 0.7582885940459032 2.029291991911977 1.095154002643558
991 0.8717434157695847 0.8078396864994344 1.731559829643798
992 1.017487723314186 0.7098684002962091 1.348815683672466
993 0.5891279012788627 1.392316000531469 1.88875007612634
994 2.268598921640725 0.7969426065156027 1.466658584028522
995 1.633238721706182 0.5876982555044818 1.215491048513022
996 2.137688372738284 2.350260448842042 1.980298221686169
997 1.400209325575998 1.686537878227469 2.597503042229872
998 1.678421464383144 0.6585228840033658 1.068007398348228
999 1.107811523559405 2.416314602233086 1.979900994459754
1000 2.427359263653698 1.378749460735775 2.141796018273662
1001 1.812456811693177 0.6489162041791325 2.004800889900888
1002 0.5298535237606736 1.457841129405675 1.553420613106881
1003 1.68920471121111 1.780926228648941 0.551753839908848
1004 1.132922254400339 0.7543135354456144 2.058899655391661
1005 2.517843264875414 1.992234264829085 1.422085625465235
1006 1.936435100529646 1.748588188822743 2.535846093475647
1007 2.290420342028111 0.996138516140855 2.069326555152295
1008 1.565060582719656 1.759079286400124 0.5406801490778632
1009 0.6275005923891138 1.260937343837637 1.237925061341271
1010 2.367558495637532 2.24566058108602 1.650489462091591
1011 1.789934709797998 2.585032322477577 1.429635335765157
1012 1.087049853818638 1.352899918862261 0.6679490437368841
1013 1.439103119250048 0.5615390841475059 1.817128274545257
1014 0.5494675086042931 1.426374286593566 1.390096490963147
1015 2.072834064249109 2.440659713622116 1.274285771061236
1016 2.079224778202317 1.142414352774452 2.379877352011747
1017 1.448757833539335 0.8676371574562283 0.8044436012363474
1018 1.683630375022163 2.575326596144131 1.29728192725814
1019 2.558675231609905 1.365999379385681 1.851467292492307
1020 1.656845753578141 0.6232831478844056 2.008331449011801
1021 0.6173360385475363 1.908671964450197 1.841676823409982
1022 1.533010333321462 2.60443176003978 1.734481149151884
1023 1.550099471581251 2.28750334049561 0.8075628055652392
1024 2.067017336927771 1.049714030549904 2.331625256893447
1025 0.8372357596841707 2.249875514028113 1.882826875105499
1026 0.9392486896136221 0.8066281764627354 1.233428084038078
1027 1.057253258769649 2.478315101198814 1.667263433208318
1028 2.598721772135525 1.652520316638797 1.388277342748259
1029 1.186332086306306 0.7950327497165244 0.9817285620205456
1030 0.569702682153866 1.422272304871616 1.301770601624939
1031 1.966607854815172 2.080758998297321 2.395353189110963
1032 1.604624342311576 1.374616054303348 0.5426953214051071
1033 0.8291163517299345 1.849977423300334 0.8862589347016598
1034 2.428247057170326 1.864873394079628 1.046468533608225
1035 2.598274447646403 1.771026973488752 1.599416433855649
1036 0.5562778407400413 1.446415730847184 1.798621742490352
1037 0.8918440601556882 1.212531537253132 2.283041278642382
1038 1.754247733038737 2.543898683228993 1.911442912983158
1039 1.665729894616774 0.8144445525228081 0.8527835675153533
1040 0.6248401792420357 1.225819446162486 1.858512558468106
1041 1.908490434429879 1.06230905393276 2.421693555746778
1042 0.801178466787733 1.012272026413522 1.13220578121321
1043 0.6571039387807665 1.131659157574979 1.833374844436201
1044 2.306285430173078 1.186036240375668 0.9323308493078375
1045 2.477455343623587 1.962164132594306 1.919254902552672
1046 0.8157903780651826 2.015651270784096 0.9974789562022538
1047 0.7000468919960868 1.031667461190932 1.789332821006472
1048 2.435065454731184 1.146611129781778 1.982777520981405
1049 1.304301830358543 1.689604799751955 2.576523894953837
1050 1.832095135189735 0.8099820302740616 0.9003433081775625
1051 1.704499667360672 1.389988166698902 2.593564402751711
1052 0.8569666972777232 1.60047217864917 2.33642633866241
1053 2.56286628121424 1.855738171038939 1.7475109616426
1054 1.274644513342878 2.237581856086339 2.322004601874958
1055 2.329466951249692 2.268598360238801 1.755495858313178
1056 0.7855521531071427 2.167881090737863 1.922227804594994
1057 1.286106488877208 0.6106657155527887 1.876939457984226
1058 0.9889810054087669 1.646631054622631 2.438184784804224
1059 0.8688749382816832 0.9527090607295357 2.041855990858464
1060 1.205714516944596 2.429704945869288 2.045784713419561
1061 1.170788224599915 1.407927992250526 0.6168098829639252
1062 2.484043329470117 1.396923641929175 2.052844989062993
1063 0.7808664786449461 1.311392122637335 2.207461863084815
1064 2.343701624610741 0.9005799941555632 1.347077352848042
1065 1.738616205216571 1.470938866558788 2.056615896027926
1066 2.021013075159919 1.460108449251282 1.327467842920622
1067 2.026303296551173 1.457218329320753 1.80267801387099
1068 2.068032975038531 1.67984206316228 1.693354153275171
1069 1.76694371339015 1.686254407343947 2.042337748279604
1070 1.956854668858192 1.680690053694309 1.234585079036088
1071 1.632525313851465 1.679842063162296 1.062412380013432
1072 2.06803297503843 1.679842063162442 1.448238500314358
1073 1.949504263405311 1.690234615426738 1.912074031553084
1074 2.083641185385201 1.465223351070165 1.570377253825064
1075 1.84460825372836 1.451928537817105 2.000974377397845
1076 1.952313163475846 1.447716825581586 1.907622717563318
1077 1.964605515520875 1.348403753963762 1.834636324203502
1078 1.76013960869944 1.355769472302735 2.009052246609861
1079 2.025259720883803 1.363537185235225 1.727838835311467
1080 1.874328881584774 1.338179407906769 1.928445645314815
1081 1.883393779621142 1.246521616439878 1.837787754595022
1082 1.774322585692182 1.252433048034654 1.933256755647952
1083 1.777164967575859 1.165119122651879 1.829627677193105
1084 1.864352725707664 1.171535415382734 1.739826037448779
1085 1.755877969389027 1.106340013459673 1.726298083652332
1086 1.832108664015888 1.120777791851098 1.628717466555586
1087 1.717430189842821 1.070021148065167 1.614136935741788
1088 1.635326986291484 1.44801395463379 1.065904297862507
1089 1.784601579637838 1.096085272024659 1.515186919823307
1090 1.672398820004319 1.061551432131043 1.503697530677028
1091 1.59512083636169 1.048619709911703 1.600722516375181
1092 1.554137619228813 1.056831919728448 1.472212588079532
1093 1.47063365535108 1.057088134212691 1.585863175543034
1094 1.421035482517227 1.078399187283663 1.474502898512213
1095 1.349596148417661 1.096266498599959 1.577695678010796
1096 1.304729876570961 1.132480521674563 1.464760592936041
1097 1.242076263404449 1.163244603862304 1.570171132990818
1098 1.206475372768783 1.211554268306005 1.459571043346374
1099 1.29728140921226 1.138622654374734 1.682917620645222
1100 1.659250161054904 1.277904094569265 1.995703066344445
1101 1.27857554922788 1.192622758536612 1.35690979791343
1102 1.189833944487226 1.282042433820344 1.357150520923257
1103 1.129082914136129 1.311539582255983 1.462026481265598
1104 1.124777337099695 1.390328461773847 1.364267664536957
1105 1.076887576331925 1.425653732170142 1.475174931439369
1106 1.086376427369085 1.509281963699983 1.381828017331772
1107 1.052894257791268 1.547394315760669 1.497410561081425
1108 1.077177082367544 1.632538104628938 1.407444950281262
1109 1.058523237810433 1.669978232612694 1.527265766625019
1110 1.099059554896766 1.753341897660221 1.435529145244376
1111 1.093776554774414 1.78646009946643 1.560949902741142
1112 1.149261380120083 1.864892152932863 1.47093836973525
1113 1.069150774122742 1.698843908912023 1.648970708827915
1114 1.156040122844265 1.889075047136788 1.599634240554875
1115 1.222209219329013 1.957493932894976 1.51504986723849
1116 1.24221456698913 1.973103439684714 1.636665073930719
1117 1.316995290811448 2.028582557726981 1.557663211750761
1118 1.346604840712464 2.031647946509652 1.678079316977286
1119 1.428237230780307 2.074020607431936 1.595248429544444
1120 1.27549717544355 1.959858933458353 1.759434544331665
1121 1.470345709779862 2.063296687400738 1.717454930880892
1122 1.55142503818663 2.091090285269179 1.626245652858015
1123 1.505310466896618 2.08391973740452 1.489730640800338
1124 1.637748016083868 2.088891744730218 1.535436928838828
1125 1.233222465405133 1.926390804070174 1.387078789129695
1126 1.120694001735462 1.590121530678168 1.303981575930184
1127 1.664004140722311 2.079690601705165 1.651385396739043
1128 1.608172861030427 2.069287336469433 1.415022818873175
1129 1.7273860423813 2.056197042174261 1.452383978242019
1130 1.733032506294964 1.103478755225661 1.399188089312274
1131 1.272019643696802 1.273458966723333 1.260186176042201
1132 1.861712430710278 1.461750590425513 1.149331588447319
1133 1.692227266679485 2.022704275988056 1.335872062184329
1134 1.576443482411791 2.022427209806739 1.30593158215828
1135 1.057898471793835 1.466417211264082 1.584813044825607
1136 1.521374742147659 1.066317957510658 1.702001356055626
1137 1.369184910267283 1.193374173935859 1.26903311985108
1138 1.8083451142098 1.995298585878635 1.377084986294269
1139 1.837692988504082 2.015376381352353 1.498198634915471
1140 1.888882057850306 1.156496907219383 1.534284185713112
1141 1.762656068139221 1.954145788848607 1.270149179124313
1142 1.370006375604762 1.284158562708313 1.181337900889711
1143 1.473104365461251 1.213864203183458 1.200375731210563
1144 1.278347895203893 1.369245890742361 1.186079529143647
1145 1.196403100835 1.219411986098538 1.673336247200389
1146 1.258331867853598 1.208024139956006 1.782734950369478
1147 1.170158271955771 1.297281376935546 1.76786078078444
1148 1.24291872468741 1.295598929565692 1.872323022798011
1149 1.165804055063533 1.393270424095062 1.851191568403088
1150 1.24443424604444 1.396128147702223 1.941113079411787
1151 1.180712699631086 1.500236686012552 1.912866171591875
1152 1.346342736833169 1.217487957943224 1.88535865807552
1153 1.272676886501198 1.507649268079215 1.996581397109213
1154 1.215985722399253 1.614493135771389 1.953360964080817
1155 1.323239921108655 1.622316056754195 2.029290842832622
1156 1.367609781881555 1.50473864190544 2.04882068605001
1157 1.275724892033717 1.725703197552188 1.974643312159651
1158 1.386946344192602 1.73118059296775 2.034079985981543
1159 1.911214870746409 1.941664785511837 1.426825916394388
1160 1.930893782501683 1.950420903467459 1.551543249437905
1161 1.476695619028275 1.133906618347846 1.297981156287629
1162 1.346492196296883 1.829919302569088 1.966648089801575
1163 1.463731186186848 1.82921177769868 2.013418274069104
1164 1.385437661140897 1.390696993097946 1.115426067690373
1165 1.302654706719748 1.484965099670795 1.129334267449042
1166 1.379386483317556 1.49539171519785 1.0893068729354
1167 1.338045686814618 1.603207806633888 1.1028942928482
1168 1.182025510587462 1.71426460911908 1.890842858162433
1169 1.424380919369147 1.922718410420986 1.929779687596844
1170 1.549082890174666 1.910649707605183 1.968519703062869
1171 1.109457144874643 1.498345458705818 1.807593093551386
1172 1.583165593256553 1.163647967277899 1.241808648609442
1173 1.581105329124369 1.257286696540277 1.151557595262825
1174 1.691105255960326 1.220111414304069 1.201064624715665
1175 1.85077453178191 2.010157570518687 1.623041709880596
1176 1.933329718542701 1.933553486211494 1.676306804795295
1177 1.841109223328848 1.983281343082392 1.746701776152692
1178 1.916276171262874 1.894114590017035 1.794994131292264
1179 1.821706632994923 1.929043180495817 1.85864852474384
1180 2.002468511967188 1.865983326360107 1.59686235150724
1181 1.662152379910669 1.117408494779949 1.816253498513166
1182 1.58655018310105 1.810720765583333 2.035924005493527
1183 1.6719897509565 1.88361085831409 1.978304164247031
1184 1.63335066088832 1.973917322802758 1.899028098066046
1185 1.399526415428041 1.614671046055702 1.077950200424594
1186 1.384299882766224 1.720633747604772 1.105045855514682
1187 1.233513108472214 1.58223077805743 1.170465261587291
1188 1.885284661196249 1.831350707483 1.898461064045855
1189 1.12095362082671 1.317015913240986 1.656777251375081
1190 1.692743859486424 1.301594639424921 1.138575401114933
1191 1.793357394099945 1.292766789363398 1.186971073009137
1192 1.796307445605707 1.180584953276104 1.304271474150135
1193 1.89082975228403 1.273219739129186 1.282382632856899
1194 1.883011027489132 1.204141252395323 1.365268433565072
1195 1.964699866571367 1.290983936581583 1.36905216840929
1196 1.573991168291239 1.096786892678421 1.348399098474871
1197 1.733760629546019 2.006408658296263 1.811296244634429
1198 1.506398541429162 1.739850347809053 1.079441728742765
1199 1.438699591023835 1.830343464300647 1.135662538611033
1200 1.317929323153567 1.807081068411219 1.177879698034034
1201 1.563695226972457 1.843241069894386 1.12371790621658
1202 1.861712430705773 1.679842063161704 1.149331588443543
1203 1.381323723847056 1.907520042516578 1.217422657981286
1204 1.890582543589066 1.785953239646016 1.216395485643403
1205 1.971970950161148 1.780122316567686 1.307362787964651
1206 1.78464765936762 1.779221483471979 1.140700710182681
1207 1.890074939213421 1.890902879064892 1.306696647404792
1208 1.27039405792494 1.873849066747021 1.267360680449036
1209 1.215032260649195 1.765816727151076 1.239805918335029
1210 1.335908828535807 1.968990668114903 1.32498174726319
1211 1.670098663024727 1.185604842135839 1.911269885200665
1212 1.556447921501427 1.216600327894156 1.956146810687519
1213 1.544672283019842 1.318899089815856 2.029076802210555
1214 1.442371883718204 1.266414474815296 1.977016129874396
1215 1.432884252792094 1.376944682870406 2.037226898048599
1216 1.975762278078456 1.786669416423659 1.82290159306907
1217 1.848884357068454 1.733919449008878 1.983365802429938
1218 1.537612679946575 1.436002224033033 2.075657766449885
1219 1.488237789804202 1.405032146961985 1.081039241637044
1220 1.316924266913066 1.911802886639999 1.876441842322284
1221 1.403756994320208 1.992116772865216 1.832984467139869
1222 1.230077700387759 1.881591907177089 1.818733017589476
1223 1.538426043288158 2.030073646439212 1.820139837266022
1224 2.068001887019171 1.462720570394317 1.447257104000895
1225 2.044033512716898 1.351676067575037 1.524014325254951
1226 1.957807164707395 1.258772631268807 1.735172427784504
1227 2.007700677850266 1.289372007149875 1.634597722933699
1228 1.467627234194182 1.172087343769887 1.894127369219136
1229 1.403264562440055 1.133369788035559 1.804776686930565
1230 1.531440526993303 1.110356724448233 1.816971409654354
1231 1.650276847505985 1.38365588526229 2.053307445608249
1232 1.453372951820066 1.989126243604261 1.278619138226337
1233 1.414489794101386 2.038686002500861 1.395287930946898
1234 1.560587733695303 1.952457998308132 1.212486641002442
1235 1.679103155957796 1.906975900183231 1.184262236446899
1236 1.680421274240321 1.795586208822491 1.110788112038197
1237 1.312835831196516 2.008563628466725 1.444416541601053
1238 1.74995417548979 1.463358284211631 1.090676331309464
1239 2.083571552663982 1.676707825429117 1.570796326794756
1240 2.047031062562221 1.781749813184317 1.517366177657791
1241 1.629847938351507 1.678234369374345 2.07984018736813
1242 1.752395823612604 1.679842063162287 1.091957807099909
1243 1.956417638489752 1.465608200478846 1.232584352055835
1244 2.025030754611142 1.675638625063488 1.809196945267763
1245 1.172290389041522 1.824624462028192 1.345141782973307
1246 1.130324572008197 1.70356881713964 1.320772774202709
1247 1.77503694659425 1.835288072514076 1.973891307510899
1248 1.69345261553279 1.786607559256653 2.03181327288736
1249 1.490600774172359 1.752583904041458 2.055231697000695
1250 1.330580140005575 1.313981863474065 1.958737292460639
1251 1.63587045593173 1.071020500036454 1.712729968025704
1252 1.38342636862347 1.12756118651566 1.364420972150693
1253 1.752394150986831 2.061875704475373 1.575149816630554
1254 1.478326438574229 1.314136934603233 1.123883635119777
1255 1.049369145466644 1.581660363597381 1.617178921423329
1256 1.074892817066636 1.602337057388356 1.735843499327059
1257 1.108709397804805 1.706550247493769 1.77622811810147
1258 1.130497534922661 1.605254163274896 1.852052987496478
1259 1.11572241605066 1.801341213255489 1.688747456059761
1260 1.678216485972833 1.131113452434551 1.30755583370075
1261 1.140777859287096 1.471673201352536 1.288990717530605
1262 1.197214162518651 1.360043300309564 1.270504458490098
1263 1.590187106664155 2.06928834264071 1.729810117398344
1264 1.996954710934827 1.840472129258613 1.711578680095415
1265 1.655091311045016 1.979322288571805 1.254321095548339
1266 1.269071985421022 1.692057474478663 1.160413781243852
1267 1.109052329347506 1.39727858502622 1.746408831819
1268 1.153770593991372 1.254280511522784 1.56286192887502
1269 1.403507221333941 1.08505013432385 1.671893653673462
1270 2.028495933507951 1.679604184052968 1.340953776292035
1271 2.070006146078178 1.466514643138247 1.689415737486931
1272 1.927150428645274 1.193240522871762 1.638759896642308
1273 1.778464514170053 1.370522871669137 1.133852228617172
1274 1.440803282262267 1.631011597210554 2.074414840543096
1275 1.966485221515642 1.36725762216093 1.294828987932778
1276 1.990338728340213 1.870233556682031 1.478724634776419
1277 1.187097994512266 1.897482760930613 1.712948503574767
1278 1.068046847016563 1.489465948113211 1.69238583248575
1279 1.239620399261824 1.817956165816262 1.892339787007633
1280 1.175299672429669 1.651336124096676 1.237252603657228
1281 2.023359142234904 1.777849591137532 1.408095615013694
1282 1.801998061855897 1.872486775372787 1.210679250346567
1283 1.931393157159235 1.211155083664104 1.449207758341409
1284 2.050729681564733 1.769608279023927 1.636320829374386
1285 1.331336820285097 1.408700047419936 2.007304767449731
1286 1.876076503639268 1.367748696660764 1.196989757389249
1287 1.223095164172368 1.461150955926592 1.194980584753492
1288 1.479792027966619 1.087654838253725 1.390662494733754
1289 1.764870053455253 2.042039804719899 1.690882341556594
1290 1.580144372090759 1.351884049393265 1.095248530395823
1291 1.092942355536059 1.356886053012256 1.563471387857881
1292 1.965187960502769 1.859558985180068 1.383107637227299
1293 1.391880253799803 2.057159186365759 1.495990675523719
1294 1.654508024350606 1.494183565273324 2.081950427113399
1295 2.023765451329701 1.374274705653781 1.396572612994858
1296 1.976824921290593 1.241739319571104 1.53889108809013
1297 2.056109239376229 1.383248751857651 1.629558234737202
1298 1.832935388541911 1.14124467988835 1.426144424787676
1299 1.724850170572066 1.936540114653393 1.91234364806742
1300 1.511377685639709 2.05358191437473 1.37703570304357
1301 1.506934701660015 1.971902259441226 1.901237549161428
1302 1.163480775311833 1.81003415712326 1.796661286157483
1303 2.029230910840929 1.751780161972388 1.747539817093762
1304 1.636849707054047 2.033515819325562 1.806769418473887
1305 1.580404690028918 1.154647975279349 1.88841859725919
1306 1.680033979024768 2.05460718922365 1.738575534503388
1307 1.58748219842563 1.745511642592275 1.077489304828066
1308 1.470760028038288 1.907091738283564 1.182139906610199
1309 1.997972877997262 1.29118238141935 1.454641630538518
1310 1.57237662694782 1.688961268597231 1.060707876633245
1311 1.168909960700165 1.548688694969138 1.235901896906513
1312 1.883355235950961 1.655174385700603 1.982309326942539
1313 1.082299818699068 1.402555533919431 1.655777942447075
1314 1.691388355426245 1.385993428243927 1.095968853784147
1315 1.737941029949624 1.847430702790292 1.158859744257009
1316 1.774639126467882 1.762460047781434 2.013367009157738
1317 1.645909185668902 1.07784624267828 1.4110654568629
1318 0.8687328901753691 1.279439958905682 1.761067955160068
1319 0.9996686056066522 2.012549600672509 1.869202368911341
1320 1.810592473179596 1.821436564039459 2.274193270535712
1321 1.744885299273854 2.263574414829059 1.895305551936358
1322 1.794548485876597 1.93858271611174 0.9128482439958786
1323 1.568594922146131 2.073455772113962 0.9698470446351396
1324 2.167492117526676 1.083611111806393 1.434664507076601
1325 2.226315013202093 1.891975687983886 1.861062239640007
1326 0.817869345339109 1.452910750204366 1.403777984041833
1327 0.8769140043574619 1.211538452976832 1.502558829680915
1328 1.168631977554098 1.278888558833454 2.177776176557674
1329 2.213456576968561 1.963229971962772 1.357942333495882
1330 1.785878344285045 1.163703679118677 2.204282910814196
1331 1.777789629350801 2.322806611680299 1.635059682430826
1332 0.9192197458867429 1.5143735964447 1.143669812869006
1333 2.325374473929487 1.38124731963591 1.659284230049597
1334 1.636073271759287 0.8205082996871045 1.344240920199608
1335 1.393506730120268 0.8790340324771089 1.245784191797929
1336 2.131122422070679 1.325474962519578 1.082513968294687
1337 1.013175950338038 1.197077674357953 1.97327638586798
1338 2.005035658679839 1.991538362762896 1.075678342328322
1339 2.191321593185631 1.774541253461906 1.139169177703169
1340 1.771865786487868 2.189971655760458 1.13259382487689
1341 1.983489919036913 2.14010948011939 1.912887021160847
1342 1.781536103097459 0.8737950264272208 1.859788439075154
1343 1.552083180551257 0.909665446283324 1.994312716497295
1344 1.830560715630196 1.326481244438571 0.8739477598909353
1345 2.338301807937491 1.677919888878754 1.665365503804177
1346 1.127568852506115 1.584088836317248 2.213402018481653
1347 1.559615263233002 1.846562395700363 0.8352040079578024
1348 1.240705069981369 0.8694929778819783 1.469034068798677
1349 2.111230928854407 1.115080141663306 1.90534622577735
1350 1.960811273526971 0.9716517062558332 1.249781773443628
1351 1.743334616839841 0.9693166316780005 1.095145624600634
1352 2.235389410385617 1.453830099870171 1.970410282981607
1353 1.031969113479092 1.942537029570253 1.144724979189144
1354 1.639650417616472 2.092386183941426 2.147276653929435
1355 1.980964225361073 0.907111132376765 1.508202052796026
1356 1.025300036322617 2.130833232174018 1.590803207448938
1357 1.346759743825804 2.304852025590285 1.401665149150366
1358 1.457426655008288 2.233691984997145 1.16736970902994
1359 1.515253276826396 2.354484901000037 1.602073368393816
1360 2.329556862676227 1.634057122703309 1.399081895501769
1361 1.970257959419678 1.968794579904632 2.118011868349196
1362 0.8464255274133198 1.529669436056154 1.860143449549352
1363 1.49363524373678 1.079045640656171 0.9669111996654725
1364 2.08425664187485 2.155916271843585 1.639876642325339
1365 1.482563941075391 1.08995383777601 2.182727167432688
1366 1.023250814477893 1.137468622311346 1.208360811360406
1367 0.8519492872132044 1.832868662640154 1.734038178419071
1368 1.100899237878377 1.457978167920302 0.9535413864048639
1369 1.701809463773408 0.8000494086868588 1.612123243806867
1370 0.8271005051468859 1.717470784108812 1.361246273750611
1371 1.227021263260732 1.713803191027904 0.8815076825220751
1372 1.395521666915876 0.8400819467089475 1.785463615035112
1373 1.563862263780153 1.338754387720505 0.8245417679402443
1374 1.985466924420302 2.202462629419615 1.36942211600736
1375 1.138701625698743 1.895062339353925 2.137220972743115
1376 2.012712093808342 1.515409558579448 0.933216678956112
1377 1.774593930131281 1.685666345433038 0.8241931199768069
1378 1.22206659170044 1.217047528092831 0.9657281878862286
1379 1.380785827866249 1.396059471850072 2.30550560609789
1380 1.643861062390929 1.417889036709864 2.336312268789116
1381 1.648933577076057 2.315649773293692 1.329483499674565
1382 2.260374499718377 1.916397664859523 1.606880570695359
1383 1.123587029398192 2.169094440593191 1.345254703873777
1384 1.99213557912409 1.629868040397506 2.226206026376644
1385 2.263573398785236 1.298301340511731 1.311182994992248
1386 1.362494328922467 1.84416513382875 2.276216292509842
1387 1.948218291141854 1.144598364765874 1.024368677786997
1388 0.9387727248677066 1.777705115427761 1.980213857135097
1389 0.9178923048174555 1.969509476584135 1.385004484335777
1390 1.199333381795634 2.137136435211297 1.970332457321297
1391 1.303003267843408 2.018611736075931 0.9846252339665131
1392 1.48147969414223 2.264811763429762 1.931154934588619
1393 1.076952487446703 0.9760549397349696 1.675964211727317
1394 2.184679721223838 1.704379699831984 2.045692049446494
1395 1.908432671834821 1.018297531428785 2.03084378045983
1396 0.7949907002199608 1.620853757298581 1.598379260343688
1397 1.987279991087876 1.771141657232369 0.9442357800482731
1398 2.230964036131691 1.141657740562542 1.678125811598787
1399 2.023340510810452 1.235999426637489 2.120495293585135
1400 1.255853256334035 0.9779431193805972 1.970838816921764
1401 2.259102765512202 1.528795486720709 1.17497570470741
1402 1.567637962062572 1.679069082213011 2.345238276960773
1403 2.008566694198127 0.9325736461075914 1.760203514553123
1404 0.9791463264700242 1.437342971130668 2.061435417512564
1405 1.267661533429761 2.291810661930683 1.675464875653313
1406 1.467290763482261 0.7765123224579721 1.525086696244615
1407 1.381387013585818 2.071812662144405 2.153801045641526
1408 1.013630454996396 1.718739466977572 1.022351384187917
1409 1.223068499818958 1.013139602458058 1.11549361417047
1410 1.035626114423145 1.029672598105307 1.434473935625336
1411 1.883667236524232 1.401584257763568 2.253531292843248
1412 1.326141091912437 1.479378459067657 0.8232087532092229
1413 1.590867186293983 1.915548365345206 2.303255609748332
1414 1.795222132038141 1.599069598260228 2.353975822206613
1415 2.091167663376716 1.158346240195575 1.23286496801112
1416 0.8691430433987999 1.30740496172686 1.232312732480281
1417 1.232378234699145 2.178762497000397 1.139003148129269
1418 1.33938597073058 1.622807922619691 2.352245059824072
1419 0.7624164016646064 1.402725048469192 1.611683202335279
1420 1.721086071007 1.119613381384582 0.9129029178868941
1421 1.716297077268958 0.9720252529828031 2.124842444963014
1422 2.279685230572237 1.259573843146848 1.864302824840782
1423 0.993133813287767 1.289131789486998 1.04913693045409
1424 1.834652551998173 2.169056719347611 2.074694943252716
1425 1.852279644576347 0.8185663012731674 1.358067960708704
1426 2.345111251913664 1.621353872880182 1.87830035879877
1427 1.541991879003708 1.600833236719618 0.8021364237154724
1428 1.091319285831649 2.210908786127741 1.791830809046838
1429 2.117902715429553 1.442371671995686 2.170705453370868
1430 0.9389303741180361 1.079653923362821 1.806992177243721
1431 1.263692368048766 1.081152688676345 2.16472685211117
1432 1.92428558233273 2.301404110060988 1.787654474488226
1433 2.111782714582191 2.101130345512305 1.227347903590052
1434 0.7935049687746584 1.857610942431902 1.525190014727399
1435 1.606327214887054 1.204888289622166 2.31893574102399
1436 1.537040599283172 0.8990049772006166 1.082505560543354
1437 1.722128407094473 1.481493487952364 0.762115477736203
1438 1.124261625691004 1.894442317393064 0.9516480528446724
1439 1.348973709977961 1.880756594741229 0.8281933477681392
1440 2.172420124229901 2.148277883995452 1.449083030591907
1441 1.837247343885192 2.346865222027846 1.429383891873284
1442 2.232977676104524 2.063607770298649 1.747899556828902
1443 2.186883962689829 1.61775102211027 0.9968470938430969
1444 2.357282661833685 1.836620658682863 1.440312057214459
1445 1.217792109203312 0.8183314480208659 1.672943648726955
1446 1.139025025108231 0.9149607978577737 1.28618783366256
1447 1.600198848311195 0.7701678057646317 1.801375153655546
1448 1.633441941075042 2.388720509599759 1.770754790296279
1449 1.391622723711078 1.213390047727766 0.836276562754219
1450 2.322677534325288 1.215863877860323 1.499598882807043
1451 0.8770492910298696 1.796260711645616 1.168249899309258
1452 1.873714126436859 2.108680990025776 0.9812654459443375
1453 1.901185070923809 0.7920158321426463 1.65736866212527
1454 2.384002425181621 1.424374694754263 1.449180258829162
1455 0.943322106300714 1.631341651485007 2.12840630775716
1456 0.860336848498871 2.016310046212469 1.639356070433793
1457 2.134024670980175 2.021363230501107 1.997951846100963
1458 1.160475707338612 2.308575616215537 1.496662592222023
1459 2.031526708352897 1.314510121622502 0.9051339220737584
1460 2.155260419869431 0.9646045014751998 1.603151458662315
1461 1.17445317342706 1.766581654198473 2.291589162397556
1462 1.907839513700592 2.194369519428837 1.553659729260412
1463 0.8403392436625189 1.349057821241332 1.946889414608138
1464 1.81189385392715 2.02428113686323 2.237687758915997
1465 1.91329481269445 2.085098919862977 1.225636410948246
1466 1.170346272290052 1.420533970225467 2.315077368266835
1467 2.204194203684075 1.769365158514586 1.334208086335482
1468 0.9005508743084738 1.046716950394639 1.613441334025769
1469 1.64580613634551 2.270716917301991 2.064891435058353
1470 2.372054530982 1.847818288965112 1.74580216144268
1471 1.046312720690878 2.048345884715927 2.056518618955957
1472 1.417867580892741 2.381903886457138 1.77804185280265
1473 1.372055157337347 1.68965735059931 0.7463822127786572
1474 1.300018229162306 1.211481222913221 2.305396428881465
1475 1.078983937420068 0.9516039890019511 1.876601297264076
1476 1.391263620049793 0.9315667893195922 2.107307263840489
1477 1.666827778004387 2.421342939778585 1.495041405110777
1478 1.413687689935499 1.039729958421503 1.139145991088167
1479 0.7486923108792135 1.675262354161816 1.778246747536455
1480 0.9256944309899277 1.342649173415814 1.609296749558716
1481 0.75560803147491 1.569398202097234 1.238585921356206
1482 2.20727726717034 1.272529644174822 2.050473407251128
1483 1.197474582752114 1.181201150684526 2.017229585045623
1484 0.9893932620122513 1.271515845274709 2.139277487052547
1485 2.100833277540392 0.9227796338390859 1.364711784872355
1486 2.234445947349212 1.495428558399388 1.783390504223965
1487 1.807625154685125 1.983009035293175 1.078723259097568
1488 1.262701453821372 2.305351709665464 1.871663076058903
1489 1.879327986661393 2.306061227928966 1.244617750979191
1490 2.084204857382006 1.81211095148766 2.191313198997967
1491 1.608073371182788 2.247037199917357 1.046290603355274
1492 2.226392713189227 1.960399100640997 1.167198046892975
1493 1.50276275475374 2.411847625805156 1.401352543635997
1494 2.07342445215588 1.99497048915441 1.821337802803739
1495 2.137281297184345 1.883251569023402 0.9934179179521798
1496 0.9796742995557781 2.10369729327744 1.235715113110125
1497 0.9955286135576431 1.188517391762931 1.67105137649498
1498 1.821104436459375 1.520930097679408 0.9218691521704974
1499 1.72894670771008 1.853261325460874 0.7636851552767076
1500 1.468889072596054 0.7408900219761569 1.343375738260079
1501 0.9903834217427034 1.243070184357901 1.358242985687953
1502 1.107387735844054 1.715954988680504 2.075128812332778
1503 1.954337515456903 0.8719976662372214 1.926747109400097
1504 2.263332186415109 1.534444887753062 1.570796326794896
1505 1.083544455619291 1.108382746374009 1.032404061644095
1506 2.070895810668762 1.926988586733289 1.252980023414453
1507 1.117865970435678 2.070064796729356 1.029430887470586
1508 1.649975109670772 2.001362452926766 0.8271121277512186
1509 1.30712729668177 2.325091514463073 1.2227078537339
1510 1.064478785651 1.621730773846759 0.8706296687216635
1511 1.97747540418532 1.948973967929791 0.8990753010819381
1512 2.113902708221254 1.995035244381097 1.530295715184397
1513 1.344350289748208 2.41129025606774 1.554511253846304
1514 1.470215786832697 2.234987763565825 2.122888766269842
1515 1.490430370856224 0.9104807286365383 1.391114701727498
1516 0.9511057259432415 2.151785292585136 1.418943700065893
1517 2.215426248078455 1.721043354429942 1.794840335279162
1518 1.776912964659008 1.280622360408587 2.353559918844495
1519 2.349918269112969 1.710748421639945 1.22502171398737
1520 1.19696713550774 2.100714616265275 2.153507606685801
1521 1.616118679173673 2.149892085549786 1.938749151491635
1522 2.060908009880271 1.844453867961272 2.003988345701512
1523 1.749793452736535 0.95693889370962 1.282622324338044
1524 1.190234398316459 1.345920575962317 0.8279759175180056
1525 1.681373406705273 2.226521481449224 1.739898385106906
1526 2.087670445156323 1.504835991859647 1.106598619882227
1527 1.306027672301838 1.045889956094399 0.9458307897230781
1528 1.458388323428123 1.917913146120318 0.9733155817776499
1529 0.9967194527664337 1.336531318911456 1.86735630952333
1530 1.926397903183609 0.9547243832666344 1.068172799255034
1531 0.8442867803777856 1.915797559895875 1.899902788057818
1532 0.9590435128737856 1.656115540991638 1.251301465725639
1533 2.059289601282845 1.105764471865518 1.730175187532368
1534 1.797843781646234 0.9135850320933566 1.505014703109675
1535 1.408728513154501 2.180129055363179 0.9883746433286487
1536 1.02911411458925 1.982590405084579 1.693677442459397
1537 0.744863362899396 1.396111872000029 1.806550719231682
1538 0.8768349383256867 1.093241678886054 1.35643915291151
1539 0.8906297192336611 1.496051217035841 1.69151138727364
1540 1.960739611884241 1.645261897047358 0.8020243830797967
1541 2.061285393272771 2.288401029756931 1.513793320178103
1542 1.736664374287709 0.7204906939422739 1.454706032298514
1543 1.480127220305098 1.276756177327558 2.200138537511658
1544 0.7722293039189245 1.283414649483404 1.378827742356684
1545 1.076649906892579 1.568491470679503 1.087820618777758
1546 1.92416871667051 1.719180626544354 2.362328434314647
1547 1.088012367923783 1.122490796834623 2.145871703660517
1548 1.889956949044727 1.819373691649283 2.124160973555212
1549 1.676522373144211 0.8137638032927554 1.165539418898073
1550 2.409038176251964 1.524699397644232 1.736490165321804
1551 2.125782225218701 2.196372678733131 1.813104891635265
1552 2.178185252375634 0.9858737205958348 1.796830342026653
1553 2.300963759582396 1.360712467276846 1.125925518334348
1554 1.775626445836922 2.184697924355764 1.332513069423419
1555 1.697621647540579 1.003697860375249 1.949749670736028
1556 1.617607465597894 2.175472133253677 1.222468457432186
1557 1.085771437852741 1.883347180824761 1.963721663439864
1558 0.9263211549855485 1.689500693348224 1.820261109426693
1559 1.884531664952309 1.018983971270438 1.854362545017785
1560 1.567812709706491 1.153601176065617 0.8141201543763756
1561 0.8138716030814712 1.644754016420025 1.999182575729781
1562 1.149854498818221 1.246347621218822 1.129234997897621
1563 1.540456182384024 0.8805464797589109 1.662464250497705
1564 1.405745024753866 1.732835354618251 0.9223814216594035
1565 0.9744764440607833 1.813686370646744 2.1575108745717
1566 0.9410941474337223 1.53655259765852 0.9677623218206455
1567 1.223604993853334 0.8295735457996235 1.860316338115479
1568 1.239899423093913 1.437896400433004 2.154572334003987
1569 1.435258557885425 2.040275788509872 0.840860658799446
1570 2.230988296505619 1.479942577630577 1.35460842617036
1571 0.9335378496408984 2.133645761903183 1.754086700593457
1572 0.7657733854785937 1.232159934432894 1.631926691436965
1573 1.986072840272285 1.049779576753237 1.405379687520512
1574 1.172371466264376 2.028738800576261 1.232363436555173
1575 1.344488906699217 0.8875463737052979 1.073028023287406
1576 1.923461745812973 1.455888816580501 0.7865851659085172
1577 1.63889113257757 1.133998276010378 2.10326338301074
1578 1.712421507941084 1.25675573048175 0.7596922496666989
1579 1.632314414088009 0.9659092354814691 0.944780264402025
1580 2.238991866331707 1.75424018357198 1.54152590533824
1581 1.49499414529391 2.227127438957608 1.341198300773168
1582 1.340431076287407 2.158584845867009 1.280915934341049
1583 2.437226463547524 1.58614938315748 1.540335386991272
1584 2.237553618797422 1.195590388524112 1.139792587920417
1585 1.691363684231044 1.919888968388989 2.15374634166026
1586 1.36288537656807 0.9079693274536997 1.602077513043479
1587 1.512306421280898 1.946745876780807 2.142761413360756
1588 1.793992337395251 0.9295686815544161 1.691526776972842
1589 1.635176797560327 1.913782875827648 0.9756835670308757
1590 1.694241251460948 2.342789259807242 1.163514929795388
1591 1.842400320565523 2.147733272629042 1.807148853026916
1592 1.023011965673527 1.38251015652269 1.194509807127479
1593 1.272123089877041 1.976335228262203 2.044425079397285
1594 1.945225905794304 2.211185060667245 1.106103229067409
1595 2.202822873168947 1.030134229966366 1.272324641173945
1596 0.7148610580274265 1.597821742530833 1.437721715808671
1597 2.175677311551857 1.443633908604202 0.9550755794951342
1598 1.90457639650297 2.28785771999816 1.960006317636248
1599 1.295645820780568 0.7667573651844997 1.338126442450746
1600 1.06337893217161 0.8695062511861925 1.524396687399712
1601 0.9864959418177675 1.585879013972946 1.959144398265229
1602 1.673198922251652 1.050928908697129 2.273647908927527
1603 1.886162366254482 1.829351072195788 0.8216278366478049
1604 1.492198053990399 1.51270600108468 2.417849459657813
1605 1.814487131193782 0.8622878567692955 2.030921532017206
1606 1.672635327291633 0.7895959915563756 1.964220959926486
1607 1.578021555615522 0.9534679727873414 1.244707599950383
1608 1.554537294532236 0.9230947894223803 2.168265647334627
1609 2.083768789284 1.036066921333211 1.100804227327519
1610 1.688524927841223 1.803388532433094 2.407273836368669
1611 2.172412999115662 1.613406708390237 2.203379733254766
1612 1.771013961877407 0.732105425673834 1.757721134340422
1613 2.049632943833723 1.684889626048767 1.084757656324808
1614 1.398060052620983 0.8157545977184227 1.966364693271147
1615 2.183008281855802 1.302125848890874 1.709079242495864
1616 0.9953033048011011 1.826695851034214 1.303103875296518
1617 1.662348346154221 2.06123265254558 1.108257469961882
1618 1.67631376589858 1.286472455801516 0.9505895961966017
1619 2.165112125146069 1.254689223738976 1.444500237715387
1620 1.384363038028149 1.09451852593302 2.032734966829414
1621 1.235329935713723 1.969075471803905 2.267722130407076
1622 2.075965188862859 1.068698949962881 2.076513688885599
1623 1.942842056407615 1.080201997910341 2.194229922886723
1624 1.390001790699371 2.071254857037946 1.132338139788804
1625 0.8663391745438325 1.964434138719391 1.21731235917368
1626 1.452300239259648 1.420349123493231 0.7125461469903422
1627 2.322615719660206 1.778611338956577 1.959907439460338
1628 0.9656918913538159 1.908652497607584 1.545011722864635
1629 2.38140038034641 1.435842877579598 1.267496707337436
1630 1.84800985081396 0.8485685416942823 1.184669777697812
1631 1.911936295753337 1.352137215302248 1.024816400599444
1632 1.435323515752758 2.004210519116175 2.310746007347617
1633 1.109033057450505 1.330488102763945 2.024738006295685
1634 2.338804283672102 1.878028285291604 1.272167118021073
1635 1.29835559788117 2.199484748230759 1.531298707572874
1636 1.304427605170295 1.699467598856878 2.189207601425132
1637 1.32912459339302 1.237772083209817 2.119043196708879
1638 1.343659906355339 1.348322092180819 0.9454624462715835
1639 1.290451086843252 0.9808866181796336 1.343722212268953
1640 0.8475829328083262 1.186610063712942 1.900736026237288
1641 1.013536115693045 1.449174379304311 2.235738795446487
1642 2.090601684417104 1.549571871218469 2.025891930077175
1643 1.287492319085763 1.840673606846173 1.004028641820998
1644 1.688916389791907 1.308513268238582 2.20573486694567
1645 1.509050718450082 1.32538883738434 2.406667901817532
1646 1.645670340103657 1.70587519815965 0.7054118448264458
1647 1.373173129066563 1.178855387802539 1.042938322892755
1648 1.0761450272895 2.027445295660376 1.44167416122997
1649 1.108788105976022 1.112568489082502 1.780727685635412
1650 1.214219447430708 1.580865218111228 0.9876743762813724
1651 1.462598842550915 1.546425086834869 2.240219631020651
1652 1.636284139417995 1.109297985653634 1.069203310820093
1653 1.177970211590207 1.086064497016497 1.265454511286553
1654 0.8930454942979009 1.595319395461679 1.460829838531358
1655 1.948175816925274 2.362653256608573 1.62519094391472
1656 1.818792452043557 1.779700246014326 0.9704358875241139
1657 1.624559881790547 0.8980022060771814 1.495772613229865
1658 1.522407972143343 2.384139314610074 1.229435547001531
1659 2.054643725392661 2.046652970434182 1.378728341486046
1660 1.703980413381349 2.247785119264744 1.492107885563418
1661 1.928867225555224 1.233635426914039 2.278792794242083
1662 1.481271098717266 1.821346389326663 2.405432262896108
1663 2.274229007694581 2.089154508650414 1.579238151638498
1664 2.041158182849085 1.085998458972054 1.562194295525201
1665 1.474678563071036 0.7137854586737675 1.690277063951558
1666 0.7737438768301811 1.881318075168153 1.349210025784144
1667 1.459055059829783 2.10659951100934 2.001400401352839
1668 1.714338956252556 2.161810833553001 0.9394428178196434
1669 1.856879393149616 1.086055038255905 1.163958851721633
1670 1.18528621970863 2.137169046240599 1.6630413201755
1671 0.8174899059988069 1.647008736394923 1.112884982921454
1672 0.9139704759416412 1.747444139914048 1.585918300738101
1673 0.9985605150530352 1.848504437976765 1.820755200048551
1674 1.417738308190431 0.9781023281732838 1.908564974034444
1675 1.883423462620767 1.160361170614095 0.8629218314454286
1676 1.810788519885049 1.997272028015166 2.052051957810886
1677 1.070609409272759 2.287970468455879 1.640633300460663
1678 2.124747696870257 1.332298567843237 1.906598484095032
1679 1.629383664569258 2.376349785511049 1.936961319703075
1680 1.510344873240764 1.249280293502779 0.9688633283817163
1681 2.365735753063881 1.411502462957871 1.862199262201061
1682 0.9184731525650618 1.935557244020498 2.052182056149308
1683 1.96447786972711 1.903178583215373 2.279414680061374
1684 1.505306869504021 2.235646041575139 1.732154298832244
1685 1.304343169750541 0.7352108964640299 1.552153615803886
1686 0.9808813508635906 0.9831945360995786 1.273419480672659
1687 1.022874347217531 2.163868304846926 1.937392682757459
1688 0.9450972767138865 1.479419577667904 1.302554662128493
1689 1.171436966638103 1.010623977820258 1.537236771340813
1690 1.222500847314683 1.5977137391846 0.7558955215211191
1691 2.153823248297907 1.643504330686215 1.236179451894509
1692 2.286469623720751 1.05244133372066 1.548002111927732
1693 1.895519098769869 0.7416707155898771 1.499004921387022
1694 2.118037271169031 1.1732000734973 0.9992866299954137
1695 1.954751857012843 1.522339462447959 2.362006626348422
1696 1.278770132378354 0.9896439902689332 1.788890018497288
1697 2.423629538211995 1.80321784881889 1.591635663808835
1698 2.312281899980891 1.58897964609476 2.044060108882515
1699 2.003028569894872 2.134321466526408 2.083841459451199
1700 1.793911484781697 1.439311975891331 2.417330656484277
1701 1.664721980735169 1.544393326513716 2.446518634308166
1702 1.028314202247581 1.034134745275608 2.014935226707984
1703 1.827518812421233 1.667988818758166 2.201028642565041
1704 0.8561418147798288 1.374835742971679 1.082321830479766
1705 1.562839218251367 0.9373174417530131 1.824103971873577
1706 2.162271356266635 1.852774180505037 1.718168089437651
1707 1.652650975108224 1.773735309915275 2.232074712407719
1708 1.296001951465698 2.232529257368574 2.116122731361883
1709 2.223211277435879 1.883016807537555 2.061888467371844
1710 0.7145458765480788 1.527769610533439 1.709951323592639
1711 1.79188417743498 2.394318268195838 1.809616314205132
1712 1.745908120103715 1.498088002886347 2.225793151410104
1713 1.160610459433192 2.008888059203165 1.892370131409471
1714 1.517192825974331 2.13893160425596 2.252532610540683
1715 1.169805304918851 2.325988284165127 1.316188036938523
1716 2.304223713521335 1.136254345429944 1.353258125917816
1717 2.146479824970386 1.406037603500124 1.229361560574627
1718 0.8067938808326187 1.137226147452752 1.748247258646483
1719 2.093450716096139 0.9577732928347689 1.954558162844196
1720 0.822498774767923 1.484773978070479 2.039305494450663
1721 1.603521539144847 0.6867789673434471 1.544935658896003
1722 1.355496843520833 2.163471591548743 1.879561955635243
1723 1.131411730554956 1.8127335110901 1.100006106406499
1724 1.970489739791446 2.0825925898201 1.730480245473691
1725 2.219435487059256 1.380777066961868 1.534139789441435
1726 1.066385290708514 1.228971694630955 0.9151530402921925
1727 1.790562282055094 1.202639283885886 1.042667146658754
1728 1.957994631501117 1.492530895614054 2.125848855464139
1729 2.378511848329626 1.221126692051338 1.658713163184506
1730 1.989812143802097 1.256937265722599 1.142149568276347
1731 2.056848345389887 0.8378733333211679 1.635684907206379
1732 0.9354114608612196 1.358310572630429 1.451978742026635
1733 0.7140124953661887 1.762536394986493 1.63879879779961
1734 1.848047443433827 1.014560306802431 0.9343897951936816
1735 1.503531463826735 0.7708341514396788 1.183320788843044
1736 1.962233751659753 1.171701245871352 1.972163399287644
1737 1.245948776472517 0.8307227494104336 1.196950251511951
1738 2.04367193678746 2.250439716582075 1.227237554615809
1739 1.124347571561043 1.512819808682121 2.066052695813791
1740 2.018626309959728 1.696958950169056 2.073832368872405
1741 2.28878684918871 1.101906500624568 1.824975497498733
1742 1.929844707711818 0.9932755016262241 1.633893981511268
1743 1.450863213711701 1.148199812082922 2.335206133820046
1744 0.8939899075115358 1.188311712333837 1.126548195565879
1745 1.769282998340053 2.115833367601127 1.942308868447908
1746 2.125294692716587 1.964277722087004 2.160026078643196
1747 1.916213047654939 1.632522485671836 0.9949141872134634
1748 2.078399022260073 2.303559425766451 1.703115116709919
1749 0.800820911085945 2.015775134374634 1.487993698537443
1750 1.863863143728282 1.291917928079991 2.126349249093388
1751 1.66381219525498 1.762064467791724 0.9262352852502559
1752 1.652775696009268 2.066661114887137 2.308077541887518
1753 1.53588723548767 1.064579641649749 2.008256095095263
1754 1.207568820410003 1.364413322776185 1.033242399999317
1755 2.183915043320837 1.599139387012887 1.900218590244048
1756 2.308456348424744 1.69325408285425 1.067472722854317
1757 1.029125356682008 1.166120726934137 1.516770213362581
1758 2.046892797673645 1.84157110850268 1.119278807897477
1759 0.767656317149304 1.772026024355674 1.908202617310074
1760 1.065536474302357 0.9866622931331455 1.136394900791564
1761 2.040427973606763 1.378672819790226 2.040165545637259
1762 1.791485960050774 1.132405720153762 2.043513722323148
1763 1.182308817326831 1.575892352315213 2.368570208664114
1764 0.7514541618833087 1.408816824838469 1.266198736853595
1765 1.656506677620264 1.537037168777217 0.9044652069420045
1766 1.027821322509124 1.702362510197651 2.263282315735286
1767 1.191742528516524 1.853898376232358 0.8119750079882849
1768 1.981119691699126 1.982416723964065 1.955561323882835
1769 2.004043482707328 0.80307108122983 1.393452547290738
1770 0.9171548514851338 1.847621267464758 1.02103087321059
1771 2.341740825947372 2.000991907474427 1.456045219108699
1772 1.451611982218022 1.82448726235252 0.7212360087513043
1773 1.459734322384881 2.240168111700741 1.499881861494426
1774 1.087310733750997 2.215703321162852 1.196260552114587
1775 1.286610346881873 1.461074431072937 2.4181555266655
1776 2.240467141454516 2.110182539729541 1.314403335304544
1777 1.83761352220641 1.584544334412811 0.7145498422574906
1778 1.107681954539298 1.476311189028643 0.7989588593549788
1779 2.056990738509303 1.179072811749608 1.382695872530104
1780 1.739276654214179 1.939997210760246 2.348605084976926
1781 0.9634904806378006 1.386006363698581 0.9291721081381347
1782 1.58554534285724 1.505507778880596 0.6790827532508208
1783 1.153911864792799 0.9836432859047902 2.100631650622226
1784 2.432181514224883 1.709986073055233 1.784971358231884
1785 2.103454717288662 1.682007516772713 0.8721583595987851
1786 1.248098490040622 2.175614067359104 0.9814006280757439
1787 2.164975655234187 1.865411044463614 1.465853256352696
1788 2.257912027539544 2.041081019625211 1.90213497602976
1789 0.8782906337609381 1.468491805192422 1.541059729172896
1790 1.622101920654126 2.46844573545587 1.637006770235147
1791 0.7017455805003824 1.754422945612326 1.449281897082962
1792 1.134335672075017 0.7999607220461914 1.385547061979283
1793 1.746401345215555 0.7243157696214955 1.302991218542628
1794 1.257152553696531 1.946874514229881 1.121897752880369
1795 2.077011281007473 2.131783967985654 1.077966115407416
1796 1.317546962890289 1.844165424330957 2.123014212795092
1797 1.483502505117454 0.9278823701747846 0.9414310678010306
1798 1.899756582799718 1.85901249474434 1.07545216670151
1799 0.8905516908225645 0.9823220777189253 1.470758065974499
1800 1.598794622407347 0.6829032613016162 1.394045162261094
1801 1.045011824423009 1.778347211216194 0.8793617128540426
1802 2.039226413419573 1.356787531115819 2.288729721977421
1803 1.908165796362528 0.7795873697188647 1.811488344002333
1804 2.284974305816438 1.426244773537921 2.112437094756196
1805 1.089192093122842 0.8435737342132622 1.761513960991802
1806 2.211329146204318 1.120526840540325 2.022946005663714
1807 0.8788923543882928 1.236083872290566 2.04104699352054
1808 2.461194561256324 1.445719752963965 1.609514989240488
1809 1.271008333708008 1.15428909959187 1.156262453291344
1810 1.467315690203395 1.726179514408113 2.219276906868836
1811 2.151275622864982 1.289407754971453 2.198297561187015
1812 1.327104888295563 1.329413285676856 0.7488749512625504
1813 1.065005463778435 1.314743542711447 2.281777469225111
1814 1.814650047508457 1.008652296729269 2.235469941077356
1815 2.128855455769681 1.209221296089599 1.586158587381738
1816 0.6786611018405917 1.450543085477594 1.474027709619322
1817 1.479515205833948 1.467765055846497 0.8612674650978639
1818 1.800935646400001 2.075070616286538 0.8575809676641767
1819 1.752496266389838 2.183222032312835 2.207670110985463
1820 1.777314347586532 2.326916177979409 2.025470620315159
1821 0.9676040043047847 1.386167901869942 1.737670106746947
1822 0.8768498465671665 2.142304677517126 1.55306757308474
1823 0.7443035636763091 1.915887281165927 1.659929859647191
1824 2.121207142707964 1.991347306393836 1.6796467159226
1825 0.7471283516859696 1.716546902499016 1.230241082585131
1826 1.202975126815434 1.998618032872288 0.8674152117431615
1827 2.355819113883579 1.951420982676295 1.843810223823088
1828 1.151959970941675 2.151813243215514 1.500371915661453
1829 0.7048762368456577 1.303359969766193 1.512970405868357
1830 1.832739022816954 1.351503072175894 0.7250616113377034
1831 0.8695275773129715 2.055055387573282 1.905503615469212
1832 1.958837767377015 1.11516515224368 1.277506212065636
1833 1.368187799440282 1.025335643482876 2.263241416482309
1834 1.342149940448868 2.283186592976322 1.079785286838349
1835 0.9312308025729334 1.799275454533963 1.441200154297366
1836 2.354192169632469 1.989084333083665 1.698620308510403
1837 1.355821254610435 2.331711106565868 1.993013560157228
1838 1.863299803049095 0.9667321035976225 1.380620002591774
1839 1.012993427335215 2.266377680365773 1.500072056584242
1840 0.8883491685834187 1.984701045241597 1.779043029564799
1841 1.79893132858825 2.450629642017167 1.559610680836886
1842 2.032955900851148 2.130362106389474 1.501274869745003
1843 1.454185153942845 1.661101535518768 2.452275692416884
1844 1.802781292119741 2.182382562400554 1.670045691333425
1845 1.238886723289791 1.141595288494076 0.8366009734205883
1846 2.313581210165324 1.850782303072021 1.132803994631223
1847 2.203589376207919 2.221876991011076 1.576458808456863
1848 1.772823417776179 2.406664484813644 1.299824517538179
1849 1.824526400717482 1.146009011302158 2.341158124155776
1850 1.334680332031574 1.767916582391967 2.409531485775805
1851 1.385966853869204 2.414647071465623 1.310387960652481
1852 1.22013989111089 2.127975804600528 1.81351969558817
1853 1.002049472017867 1.974691968588841 0.9978265575739246
1854 2.089180915297783 1.289707861347465 1.294487098004499
1855 2.230718549143769 0.9557070527544171 1.416861396745752
1856 2.404619548717931 1.282595613871304 1.381579072367464
1857 2.125096690107624 2.249479379697351 1.351345906201576
1858 1.043248141565057 1.972974829558834 1.295396712270469
1859 1.457571513944154 0.7066302995722347 1.836668747640134
1860 2.038716346370041 2.275865779524546 1.900979264667181
1861 2.288221287734488 1.511211656228293 1.028473095570825
1862 2.142776185536517 0.8670915879741256 1.493627182965979
1863 1.441046274907422 1.071410680051148 0.8201393624446738
1864 1.716853351430966 2.029804067173712 0.9839437826734253
1865 1.977830562503957 0.8253560790836001 1.250244507937913
1866 2.101792835039087 0.9356487127364207 1.215862979463859
1867 1.165764397976796 1.159907497747207 2.267127799021838
1868 1.526683332528361 2.119661801781374 1.10381393561244
1869 1.322083567536499 0.7101168372780471 1.702136639718127
1870 2.119157330172825 1.737609485487652 1.912004859800408
1871 1.496751728543177 1.25012621715418 0.7229941496363341
1872 1.876825835514907 1.970193363136778 0.8038847090088577
1873 1.447297539570857 1.570980269018499 0.6855893504599748
1874 2.066861756523773 1.432843518453566 0.8212144503106272
1875 2.452949115272197 1.71962138685195 1.466434683487284
1876 2.444068321168364 1.537572261492524 1.364242877290619
1877 1.609859725812258 2.263225669901712 1.855472239716238
1878 0.9688745122819804 0.9348559146875832 1.773856421197251
1879 1.133189156893961 2.268352948937701 1.942136918791249
1880 1.645028446192616 1.61767199117235 2.223905209056809
1881 1.605909996024882 2.232157052654479 1.60765826896672
1882 1.804235667564267 0.6943006200446442 1.604616006813437
1883 1.102210837109418 1.148083045225159 1.37620019063367
1884 1.15728975730099 2.348304904361493 1.76740457762831
1885 1.647153824361996 0.6829371040498637 1.688549737164915
1886 1.005347132584651 1.43324980165876 1.059801452816357
1887 2.102177920814657 1.225245904327338 1.806637953497382
1888 1.511932946648569 2.343193589105022 1.092263252757862
1889 1.644027261651517 1.368734768937409 0.6889325717413209
1890 1.087346916634307 2.016043936982405 2.204058529880285
1891 1.062429771406801 1.695332519168388 1.157130919457197
1892 0.7374920288753498 1.249296939959941 1.784693262424074
1893 1.492266332766692 2.472781312789824 1.69659725649284
1894 1.531991254541324 0.7650161262935946 1.994922060696697
1895 2.169310107996564 1.299694425699371 0.9456763801343563
1896 1.312804196973963 1.552099289212053 2.221408570763415
1897 1.164160618967516 0.7576109660621547 1.52127889278683
1898 1.143184990994746 0.8850651233026563 1.991481094776009
1899 2.097797334206277 1.520893933291064 2.302670836080466
1900 1.978224878997313 2.350732943012397 1.348125770097215
1901 2.213557893709766 1.611839202075277 1.699214044944946
1902 0.9299645282009962 1.63760239628925 1.682576357568119
1903 1.772636217090926 2.272491837813171 1.013138085178051
1904 1.016114750907105 0.8906155169327423 1.384698101722305
1905 1.066787303034574 1.862206359247282 2.261321594422318
1906 1.884987273020553 0.9261793122973158 2.139787648894974
1907 0.7839239205707673 1.110616370367076 1.552825955255212
1908 2.217052971298043 1.760480666675982 0.9726352732165015
1909 1.153059171344965 1.075384976511296 1.919754896917272
1910 1.110814456367342 1.11091058929007 1.624998106048205
1911 1.034943310516364 1.534519648827958 1.213367770216896
1912 1.789335492970738 0.7429244442762559 1.905345960687761
1913 2.328809478944245 1.336568673875981 1.987919145403666
1914 1.660356056144226 0.8471633515673211 1.024560795743406
1915 2.122919047932329 2.167132591469572 1.95974449311512
1916 1.74918446333691 1.874911066624702 1.030074732927003
1917 2.16096529682719 2.015967950185199 1.049217184291195
1918 2.013028790789438 2.0762327207699 0.9584367509052136
1919 2.276105848415259 1.003410564616408 1.690074322272755
1920 1.473309094119976 2.473025603462656 1.529614768250295
1921 0.8560101209777934 1.745705832035739 2.097594830690648
1922 1.31247334605837 1.315930506029026 2.408328040450744
1923 0.9812255349700939 1.212093668526783 1.807318961177504
1924 0.8638871917580383 1.363863739044433 2.103501655617456
1925 0.77517068512262 1.487939222184086 1.130112824710729
1926 1.633292687247428 2.455592260374525 1.359317475813483
1927 1.872012534499629 2.135717060514552 1.427337303831942
1928 1.512072720774724 1.955418194241205 0.7488761062975344
1929 1.519911521146609 1.409692042974426 2.254184312215004
1930 0.8938074989945316 1.49162223893384 2.165534018597796
1931 1.646123311340786 0.8571437653556155 2.084552889168439
1932 1.536605089451916 1.004690458477149 2.286510752971283
1933 1.705910691344195 2.139651859125284 1.832297166437885
1934 1.508343429552955 2.170660762509509 0.8815671322618934
1935 1.170666706105918 1.004103320921106 0.9798522742669896
1936 2.378034470362104 1.47252049077515 1.995328682426244
1937 1.944351624006042 1.293903564490157 0.7935759945064924
1938 1.418319906365203 1.007280281545651 1.294672877540354
1939 1.618724048333293 0.7208022102805332 1.250021144119821
1940 1.329594908434006 1.60764658069774 0.8980360612550883
1941 1.369960063142378 0.690184807711901 1.433335364958209
1942 1.009109641654495 2.257345534671067 1.33876906250888
1943 1.384829725350297 2.204099434340367 1.651668344482149
1944 1.375410171477355 0.8370204034967412 1.433756825476732
1945 1.252014239223303 2.407688013153672 1.44206167461406
1946 1.086881065900237 1.269832154746068 1.255770934153654
1947 1.906727841155103 1.34514000915944 2.390004278551189
1948 1.044602644217669 1.4558360528988 1.933738529783594
1949 1.908896836924287 2.135531293426514 2.200958184591795
1950 1.278440126048477 0.8520930109178706 2.048953733792036
1951 1.616080132709045 2.231296724189775 2.201006652045029
1952 1.763078469820821 1.775972119908421 2.148486836100512
1953 1.818231792667146 0.8741388368173817 1.024335812118274
1954 2.431099700238067 1.313462742506361 1.541441083124315
1955 2.476813435623446 1.639361889416529 1.66792873037839
1956 1.260863966844598 2.13936015324032 1.402752608551144
1957 1.584256554445117 2.038713015850866 2.025205439918843
1958 1.23559638273299 1.739983565212923 0.7347867071086188
1959 1.853303761853388 1.866079347869045 2.399478811480892
1960 2.025462222002655 1.170984063165894 0.8881576466037235
1961 0.7037058287201741 1.557971196074806 1.852095707116429
1962 1.454653748548376 2.407610476820914 1.916960971606999
1963 0.9620537271348826 2.067001528401472 1.098981726718878
1964 2.425865471255249 1.325375540753029 1.755229248565082
1965 1.824720435916203 1.759930601384015 0.7125003979013348
1966 2.100351146983548 1.706366514044543 2.296457247691127
1967 2.400364371947621 1.572634128931927 1.197438057000823
1968 0.8967203702402692 1.077038515142393 1.211901018593326
1969 1.963058801236436 2.21538722691131 1.682220081508512
1970 1.095578770649188 2.069376547620524 1.782803463061976
1971 1.045806184510519 1.554083195008583 2.324444810797699
1972 0.8653810059268973 2.088106941984412 1.322138196808808
1973 1.730117668719847 2.094936698446609 1.224095746646189
1974 1.721626538322886 0.9886256126332922 1.799580732862669
1975 1.541958808190329 1.809925879477485 0.9657727096974443
1976 1.309275610124882 2.429694698399262 1.694253083677631
1977 1.523207702502427 2.343497935052449 2.044363234831115
1978 1.111472236114263 2.176632947149726 2.065676883883343
1979 0.7177116994473114 1.823822227651246 1.784016794728722
1980 2.023598833450365 1.783139302045083 0.8031600256983159
1981 1.154833441939237 1.709460334718336 1.004450319495988
1982 1.319402485196534 2.084880802102447 2.283031835864623
1983 1.488173519011315 0.917677460971378 1.533888178103014
1984 1.12061601510788 1.21846177433844 1.878683064894491
1985 0.9812713936728424 1.848870896476289 1.674344727434376
1986 1.48944284707829 2.121913351836195 1.247326926318949
1987 1.174310860235461 2.387135854663129 1.618049114144182
1988 1.244946421456727 1.873608567430829 2.373943814341986
1989 1.780377154183178 1.372596868216976 0.9927355713042244
1990 1.106732179680434 1.399103531397324 2.145591957352764
1991 0.9424460447823407 2.2289530312524 1.65000102165331
1992 1.750433606103078 2.454738654881127 1.690613082165482
1993 2.187520064326904 1.636083027984471 1.383110827926203
1994 2.14507316641447 1.54587997119399 0.8601182332813787
1995 2.350450875045527 1.230598670888791 1.220119862823449
1996 1.726440064273187 1.673643503555742 2.455478367617712
1997 1.681425661964627 1.375755535170339 2.460173839690032
1998 1.304158685078166 0.9937350884025292 1.491682984126753
1999 1.264566245951284 1.002974519290742 1.646468887234515
2000 0.971202944466422 1.508025881038506 1.803705895229525
2001 2.335753422490511 2.009973858483909 1.313437518003658
2002 2.105820740292938 0.8756856815390965 1.842451438710736
2003 1.238672779764421 1.329177680206982 2.070450272202241
2004 1.118454521249326 2.024899149801401 1.593014929852284
2005 1.511508371421652 1.194644383765451 2.088851022106808
2006 2.395463408862363 1.940564413916163 1.572220738177989
2007 2.093423669026974 1.858672389032674 1.838582970973872
2008 2.274343160112683 1.796779083965785 1.66787898123931
2009 2.213560121013397 1.021113026300632 1.926240189432342
2010 2.096902791185882 1.771890272008814 1.243343420898342
2011 1.905441018309475 1.956920492932285 1.173426523692142
2012 2.0405154367291 1.403768813994384 1.0115588643697
2013 2.216944730501154 1.751095868079079 2.180716400090284
2014 0.7991988321917313 1.185492110776692 1.273359350376554
2015 0.6600587681577463 1.654757666126806 1.558855017334779
2016 1.578645119443864 2.302791661944763 1.452698563660562
2017 1.710651328641431 1.398587696412701 0.8742430617951596
2018 0.8818906287296284 1.66905334957607 0.9837229543736097
2019 1.666823562760305 0.8755346812570504 1.73028987349358
2020 1.20126295595601 1.833256350615592 2.0270894332588
2021 0.9584923082533474 0.9120039989490625 1.617757020309229
2022 1.3625110996867 0.757289807479177 1.188636023755235
2023 1.60263494456403 1.858472061601347 0.7016432353144006
2024 2.018073785861032 0.9419960128080063 2.070779198088193
2025 1.231582187447833 1.464649945875876 0.7254478884864216
2026 1.962296049134377 2.387279476368229 1.485244348429853
2027 2.070880975128866 1.042568150900243 1.300075572512273
2028 2.202266580001459 1.444124206768201 1.655849375016034
2029 1.170775117734452 1.028229286155622 1.398484509759049
2030 1.538395942012957 1.980323546962338 1.074029027170774
2031 1.896128678719861 1.017547787266706 1.503438885012625
2032 0.9629312070096978 1.135717755254671 2.087183934366309
2033 1.293437007590725 1.694609642181222 1.002567962286194
2034 1.186684134256375 1.284324013519955 2.344809412726889
2035 1.320439735013305 2.110699088627584 0.8801942730154498
2036 1.039647320736386 1.707940247849518 1.90605164981612
2037 2.180885428078499 1.185502745712384 1.329820216000496
2038 0.9641840735534868 1.075194619019602 1.092086288383884
2039 1.621162244324836 0.9513473492322381 1.372214957962389
2040 1.880905575556323 1.543124775895767 2.24251890667169
2041 2.012352374307544 2.045061919158607 1.606274960495795
2042 1.417763606104776 0.6582106674434183 1.577049491264547
2043 1.329125185095338 0.7416330773837847 1.872689149649994
2044 0.7704639661566834 1.152206291461267 1.421838300108161
2045 1.204990586854185 1.620370625623234 2.103215547114439
2046 1.910454481212489 1.490494655097617 1.023053819733515
2047 1.799324221857241 2.266775700069747 1.777195362286049
2048 2.210345067683414 1.062859279880789 1.141054188334024
2049 1.982264949309296 1.046725894472487 0.9301228022367328
2050 1.307888537159206 1.042672763923694 1.224128746461542
2051 1.705402888584192 1.584856904129831 0.6698377213323726
2052 0.8735211217572358 1.391397434244991 1.827975973433164
2053 0.9079538275499522 1.085069075825611 1.971520961658906
2054 0.8154633535867667 1.850614476272794 2.017895355583451
2055 1.672801724355034 1.046722803046116 1.192369280102813
2056 1.98489913210815 1.114940795899041 1.847279271947362
2057 1.366183890817025 1.369296058028342 2.164697920302503
2058 1.958694371392573 1.766064619706177 2.234476586072903
2059 1.506196662576273 1.702487869630837 0.6627354226851063
2060 2.081580930063048 0.9910782503795241 1.477653008004297
2061 1.915252163432626 2.038589254065128 1.848588558380182
2062 0.7443581885525195 1.445680369401482 1.934049189775394
2063 1.313035318706496 1.484234418081045 0.9629208906616529
2064 1.506306434955415 1.162494965041549 1.07639788350977
2065 2.015153296261899 2.050385933067916 2.218965831690999
2066 1.822724169490548 2.329835086405694 1.12449770035511
2067 1.136288427592978 1.892038648216069 1.225949655865693
2068 2.090531647729052 1.224915618520005 1.989638642388797
2069 0.9512989246066977 2.039507837385587 1.499066664456844
2070 1.889536028354504 1.983496115166972 0.9827330981198419
2071 2.134451486253499 1.881163625404088 1.592803406810348
2072 1.261549577483233 1.344974350175275 2.250164128416412
2073 2.028709838348879 1.388638311777902 1.146462961874163
2074 1.419038320144494 0.9792731818727485 1.766088412976714
2075 2.311433581570052 1.198791468330546 1.979692133398978
2076 2.420182587306788 1.77690360564742 1.328507257008897
2077 2.219807391008833 2.196499076964955 1.711544614817832
2078 1.300795361899928 2.042491285190132 1.924296295471386
2079 0.6895273626243174 1.339339665277153 1.701303030374522
2080 2.317175949509426 1.91416380000556 1.968710861197798
2081 1.645568236403178 1.039934112640109 0.8285135578253424
2082 1.210314720073492 0.8844513731725965 1.079084153295289
2083 0.9713119880197911 1.321133638367127 1.997071606365051
2084 2.025772366657614 0.7698052233987283 1.522867004053974
2085 1.409176344216319 1.408370284321282 2.453296563612246
2086 1.527658972120006 1.965106444568025 2.412447763286672
2087 1.356240147896455 2.257268649901104 1.776923302157693
2088 1.569277514436588 1.374670799523743 0.9586355038722888
2089 1.643073901893002 2.183752280132844 1.3540686650357
2090 1.54920609870192 1.025405779233161 1.132411585368266
2091 1.268162906687253 0.9451078495661391 2.163804073847752
2092 1.480848608622534 0.8295803348614834 2.10291240558915
2093 1.410004309736083 1.978914006222405 2.055370495925058
2094 0.8220913175087052 1.705122615100111 1.495960066341037
2095 1.684837233463481 0.9380503705344103 1.610889586790389
2096 0.7673677691631686 1.861404576633559 1.214972927446783
2097 2.41460740035104 1.813662683681262 1.868533335052918
2098 1.378321349286307 2.46286368884587 1.435379593782069
2099 1.980370671985125 1.360338163539483 2.16350937750998
2100 2.109732964606149 1.470403073275548 1.913163530838092
2101 1.290338436850282 1.087994046720423 1.889465676529263
2102 1.590107951050844 1.656516252226591 2.480422358317785
2103 1.377726202463366 1.911842535990846 2.395379675631631
2104 0.8486402955116001 1.008033783744163 1.733700629353602
2105 1.490547054312752 1.7287583852341 0.8131782627219651
2106 0.6477591487971979 1.520473430249878 1.589167665607172
2107 0.9507792401976908 1.639578692069072 1.109616672460781
2108 2.381534267324049 1.198870472695841 1.794470865408061
2109 0.8754128651166734 1.589061891742171 1.329481636302556
2110 1.746608669693739 1.126229580740898 0.779151887394674
2111 1.095498408388647 1.937504692337472 1.800828225769305
2112 1.408400019700646 2.385042743339021 1.162774754901466
2113 2.060315030457583 1.196356404737178 2.249327603522283
2114 1.775756164064824 1.647635196090611 0.9583280522684988
2115 0.8294965731509844 1.336593081683267 1.523013352407996
2116 2.080809843443668 1.919246054174101 1.382491070503612
2117 0.6865093971576842 1.501857512588142 1.34361894763756
2118 1.564731753741997 2.165435804889229 2.060384893547871
2119 1.130395369069518 1.448072827417037 1.101157331744822
2120 2.031477071785698 0.7983529601821788 1.761561584620883
2121 1.115470656983812 1.69196060412908 0.7688308538772579
2122 2.156552661653846 1.370691172729731 1.377601183175314
2123 2.258799189142967 1.274158946547562 1.03749029603822
2124 1.590747047188733 1.544566116257496 2.327157571504833
2125 0.9561521157394555 1.682414678034223 1.382000156806924
2126 1.858994278400147 2.097558189467864 1.109105018336257
2127 1.517177074474664 2.164496045221326 1.847067438161389
2128 1.703169724578543 1.15321674900883 2.391493414667028
2129 0.9733487575017394 1.170865812580517 0.9909005144269362
2130 1.373028791715509 1.552420813244553 2.473104425784817
2131 1.626999907022981 1.250464103824219 2.443105861043607
2132 0.9579181751683605 1.485519744500949 1.432435648527007
2133 1.742235379438184 0.882359173435966 1.390329386732125
2134 1.474484423032075 1.600239824501239 0.9360627026214476
2135 2.44199221950417 1.524835818512961 1.871558992906076
2136 2.26339741434765 1.275122178791659 1.604735118797322
2137 0.977250780396401 1.946813779997199 2.172012722130097
2138 1.43981798544598 2.048682712816185 1.007379276951184
2139 1.281017520292339 1.265688651537431 1.084058120451171
2140 1.131343017884002 1.113586383073992 0.9088686854594255
2141 1.386555871357784 1.945412491816098 1.084055323539773
2142 1.196315594039619 1.774592615468242 2.158402004943655
2143 1.694328363052528 2.150969245327508 2.043741194828615
2144 1.187425605817839 2.299207736235737 1.171720233590605
2145 2.320492362999758 1.649447699441716 1.536843608023152
2146 1.88312647980991 0.9047505486832367 1.783734355577637
2147 1.120742980691602 2.197940883616923 1.06810741892004
2148 1.388643948908852 2.178096329099316 1.405391484181017
2149 1.090037848282852 0.7965587030100709 1.634898310730599
2150 1.738961082817368 1.716058458103971 2.317945651827689
2151 1.501307366867799 0.8286536082466347 1.878477756940076
2152 1.877436982893173 2.428471388285595 1.715098385039802
2153 1.026860696466831 1.893935980891309 1.417731040950092
2154 1.058106413934818 1.359318388665606 0.8391808165619686
2155 0.9225198024419847 2.061024890106916 2.022866670004623
2156 2.199649901882004 1.437388225700299 1.091816082628388
2157 0.8905749124728991 1.957265872913697 1.088374830710815
2158 1.993554517988139 1.122765076895096 1.148430795132519
2159 2.135533808103311 1.812398115908342 0.8791531468183221
2160 0.9137244144759065 1.458393905192627 1.948074245483296
2161 1.93341431160845 1.401349023354046 0.9053008873407822
2162 0.9461956898752606 1.577980052575693 2.245905387484356
2163 1.914570782775221 1.619266949441794 2.110260945550793
2164 1.428794115280346 1.344005798451438 0.8377039087657303
2165 1.039864227156873 1.201708541304205 2.231540166071956
2166 1.728822560883397 1.231363752169159 2.105592116711459
2167 1.492835186337471 0.6621590784669401 1.467469754374491
2168 1.839676622743443 1.223835148949689 0.7558101223668702
2169 1.315147857293242 2.005131743428641 0.7969625345068149
2170 1.628337759885383 2.130313014358256 0.8445164547443353
2171 2.143751872342381 1.174405607769909 2.127195606123301
2172 2.012219135630049 0.8812567460894837 1.135988903590186
2173 1.20692203046444 1.497848410136139 0.8843947180275445
2174 1.004993169969202 1.366314158449996 1.321619317455565
2175 2.19145893269931 1.877433573656713 1.261891980178242
2176 2.202679850969638 1.53260472475568 2.099411245808006
2177 1.023635320481031 1.029463370076665 1.566713030904514
2178 2.2499085169404 1.921712277303971 1.044892337454842
2179 2.276881595617432 1.612075186730266 1.27811850193166
2180 1.889805938820417 2.083680545502224 1.988754375680601
2181 2.218049606711022 1.368340036707789 1.818956819972547
2182 0.8780525212226814 1.171941270372463 1.623917032417346
2183 1.928440454230826 2.070949611358303 0.8629377662713255
2184 1.535787434948818 1.966807284933486 0.8802019287195189
2185 1.910456786013226 1.166745092443742 2.096330327582784
2186 2.208741847140503 2.096138565865797 1.140292486063104
2187 0.9509403132671957 0.9825728937377709 1.897718129400756
2188 1.385273624281054 1.941465461869435 2.186338840733503
2189 1.220881393538753 2.213955580307304 1.267394907474615
2190 0.8351381351469613 1.387175655681413 1.710492343183716
2191 1.756644860416879 1.978740104193379 0.7589637857357215
2192 1.773527490574045 2.45798508968112 1.434185628430859
2193 0.6830075694348114 1.681607754252143 1.340494107532561
2194 1.567899086585462 0.7939128333769454 1.44868065234306
2195 2.099065013784796 1.986362909394664 0.9228333990649662
2196 1.329427120435116 2.110890328371765 2.036278984504145
2197 1.308118241058124 2.424621475299935 1.837767546516995
2198 1.000468610495245 1.806866786740551 1.120678414102124
2199 1.820706425235864 0.9647945407541592 1.952656097658608
2200 2.315653265551219 1.720398051637545 2.084244390076855
2201 0.996371611124477 1.513260890254355 0.8532747996995578
2202 1.350312817372244 0.920029399470963 0.9437322666354691
2203 1.779806654062859 1.39101561006215 2.154590566347088
2204 1.523311607634151 0.8425608590172668 1.287598675000643
2205 1.490075984231966 1.856378064228911 2.238583707365442
2206 1.816845552681751 1.909205133581993 2.180272720962446
2207 0.8334757213887514 1.482729873756957 1.014900115817732
2208 1.844562713218337 0.6958928140119521 1.391583160819153
2209 1.083903847687591 2.089984953490174 1.155603332614153
2210 1.66919991407804 0.9023195557550984 2.221423002067355
2211 1.147651063111372 1.118087701375453 1.14408246703783
2212 2.249355359922265 1.938917644615133 1.746681583231092
2213 2.154999570838029 0.8799098066056272 1.717390758650774
2214 0.9797119475529902 1.262342705523468 1.18617768497315
2215 2.010982816092882 2.251144613527693 2.026126005067162
2216 1.510909926462982 2.076659006867901 2.138605930646707
2217 1.194888002724554 0.7368408258681515 1.770804924603146
2218 1.395194056363885 2.33631050152459 1.655529610340078
2219 1.722511083505808 2.243433391734042 1.234997066137836
2220 0.8688451290132659 1.354791401762074 1.347148554147249
2221 2.169919764711649 1.732455238171774 1.643467877001607
2222 2.292953969493134 1.328795160490099 1.436821074776469
2223 1.920056648994869 1.258957295863968 0.9367201772192008
2224 2.357625821872491 1.094128022894617 1.647453973776452
2225 1.422505524575652 2.301032222469191 1.26855761828207
2226 2.390092959694309 1.454476207727614 1.139097372629797
2227 1.394918547773001 2.186244957366883 2.222976601636713
2228 1.614925130223654 1.489672462647811 2.208237449664574
2229 2.299832152572604 2.122751775298298 1.430760285844158
2230 0.9989189193821791 1.285162439915875 1.528357980145151
2231 2.004548352424103 1.882540501769501 1.005374193335298
2232 0.9652301933670928 1.911368759211057 1.93704952468586
2233 2.125564604384841 1.524126142573297 1.281711829074707
2234 1.892522647129786 1.870655386576972 0.9372654401691296
2235 1.367578159241372 1.149571141625479 2.209910004439723
2236 1.927128665267997 2.046069589957747 1.349689017391507
2237 0.8267949325458499 1.716238377981884 1.683121429411256
2238 2.02400753442134 1.803746855350639 2.343116280833974
2239 2.218149549854457 2.03051949745286 1.466098958522873
2240 2.167213318000105 1.091744528001653 1.56059795192719
2241 1.233268145799419 2.290745928808136 2.012619696992274
2242 1.147654907431275 1.981791314141471 2.016472388852823
2243 1.243858942106434 0.7057787986028756 1.436904673119348
2244 2.169340183726602 1.285903643127013 1.196552246523661
2245 1.093638501546224 1.333722012399229 0.9835411001124614
2246 2.200939961355178 1.649821406630334 1.118673050686723
2247 1.598161284828267 1.464399331038941 0.803765067311762
2248 2.391932284466924 1.673072536005557 1.986966857774299
2249 0.8227290893457635 1.588940133780941 2.11466327085664
2250 0.7140046015693146 1.927910510897157 1.452891297626267
2251 1.651923882229462 2.344084632233556 1.651464715776021
2252 1.600137304971418 1.154721756121433 0.9510938756601144
2253 1.593034898077116 1.652047284205315 0.9120708144136305
2254 1.439707118178949 0.924897004808811 2.226354739605903
2255 0.8650235091297018 1.431508126018932 1.219661301747537
2256 1.93768995466435 1.066609138443915 1.738537013469686
2257 2.062347762610798 1.013239685816741 1.84360319339119
2258 2.023348435454475 1.633773686636438 2.374418793415669
2259 1.672954648945897 1.607765097441162 0.7950262919047155
2260 1.752613429190215 2.407272566489018 1.929952946432698
2261 1.9011582111531 1.905726489414421 2.02594369248224
2262 1.245275895009051 1.11278222254586 1.037312057008408
2263 1.44676459745186 0.8018391451340642 1.066419407323226
2264 1.583151827148312 2.287384062836575 1.178580978007389
2265 2.284403867240393 1.117673155209294 1.228892641679433
2266 1.888373782893185 1.715559650090706 0.8825991195815653
2267 1.026975648236742 1.092136458333705 1.900042938956543
2268 1.559533810056835 1.42012625691516 2.482972972099701
2269 1.805831968111946 1.072517123346254 1.044051629151548
2270 1.698593666253091 1.870042521179452 0.880844827321806
2271 2.1955099138652 1.636769618577938 1.529431798934155
$EndNodes
$Elements
12453
1 2 2 1 1 29 690 1
2 2 2 1 1 1 955 29
3 2 2 1 1 1 755 64
4 2 2 1 1 64 955 1
5 2 2 1 1 690 695 1
6 2 2 1 1 695 937 1
7 2 2 1 1 1 937 755
8 2 2 1 1 5 54 2
9 2 2 1 1 2 916 5
10 2 2 1 1 54 933 2
11 2 2 1 1 189 916 2
12 2 2 1 1 2 1008 189
13 2 2 1 1 2 933 932
14 2 2 1 1 932 1008 2
15 2 2 1 1 6 673 5
16 2 2 1 1 5 916 6
17 2 2 1 1 5 673 54
18 2 2 1 1 7 58 6
19 2 2 1 1 6 872 7
20 2 2 1 1 58 673 6
21 2 2 1 1 6 916 872
22 2 2 1 1 7 43 8
23 2 2 1 1 8 48 7
24 2 2 1 1 7 872 43
25 2 2 1 1 48 58 7
26 2 2 1 1 8 71 9
27 2 2 1 1 9 699 8
28 2 2 1 1 43 71 8
29 2 2 1 1 8 699 48
30 2 2 1 1 9 56 10
31 2 2 1 1 10 676 9
32 2 2 1 1 9 71 56
33 2 2 1 1 676 699 9
34 2 2 1 1 11 53 10
35 2 2 1 1 10 670 11
36 2 2 1 1 53 676 10
37 2 2 1 1 56 670 10
38 2 2 1 1 11 49 12
39 2 2 1 1 12 696 11
40 2 2 1 1 11 670 49
41 2 2 1 1 11 696 53
42 2 2 1 1 13 674 12
43 2 2 1 1 12 687 13
44 2 2 1 1 49 687 12
45 2 2 1 1 674 696 12
46 2 2 1 1 14 44 13
47 2 2 1 1 13 685 14
48 2 2 1 1 44 674 13
49 2 2 1 1 13 687 685
50 2 2 1 1 14 46 15
51 2 2 1 1 15 72 14
52 2 2 1 1 14 72 44
53 2 2 1 1 14 685 46
54 2 2 1 1 16 702 15
55 2 2 1 1 15 1028 16
56 2 2 1 1 46 1028 15
57 2 2 1 1 15 702 72
58 2 2 1 1 17 52 16
59 2 2 1 1 16 863 17
60 2 2 1 1 52 702 16
61 2 2 1 1 16 1028 863
62 2 2 1 1 17 51 18
63 2 2 1 1 18 940 17
64 2 2 1 1 17 863 51
65 2 2 1 1 17 940 52
66 2 2 1 1 18 665 19
67 2 2 1 1 19 689 18
68 2 2 1 1 51 665 18
69 2 2 1 1 689 940 18
70 2 2 1 1 20 47 19
71 2 2 1 1 19 76 20
72 2 2 1 1 47 689 19
73 2 2 1 1 19 665 76
74 2 2 1 1 20 42 21
75 2 2 1 1 21 688 20
76 2 2 1 1 20 76 42
77 2 2 1 1 20 688 47
78 2 2 1 1 22 57 21
79 2 2 1 1 21 684 22
80 2 2 1 1 42 684 21
81 2 2 1 1 57 688 21
82 2 2 1 1 22 60 23
83 2 2 1 1 23 943 22
84 2 2 1 1 22 943 57
85 2 2 1 1 22 684 60
86 2 2 1 1 24 50 23
87 2 2 1 1 23 920 24
88 2 2 1 1 50 943 23
89 2 2 1 1 60 920 23
90 2 2 1 1 25 77 24
91 2 2 1 1 24 679 25
92 2 2 1 1 24 77 50
93 2 2 1 1 24 920 679
94 2 2 1 1 26 55 25
95 2 2 1 1 25 62 26
96 2 2 1 1 55 77 25
97 2 2 1 1 25 679 62
98 2 2 1 1 27 66 26
99 2 2 1 1 26 678 27
100 2 2 1 1 26 66 55
101 2 2 1 1 62 678 26
102 2 2 1 1 28 45 27
103 2 2 1 1 27 677 28
104 2 2 1 1 45 66 27
105 2 2 1 1 27 678 677
106 2 2 1 1 28 61 29
107 2 2 1 1 29 955 28
108 2 2 1 1 28 955 45
109 2 2 1 1 28 677 61
110 2 2 1 1 61 690 29
111 2 2 1 1 76 186 42
112 2 2 1 1 186 518 42
113 2 2 1 1 518 684 42
114 2 2 1 1 43 187 71
115 2 2 1 1 43 222 187
116 2 2 1 1 43 872 222
117 2 2 1 1 72 73 44
118 2 2 1 1 73 74 44
119 2 2 1 1 74 674 44
120 2 2 1 1 45 67 66
121 2 2 1 1 45 68 67
122 2 2 1 1 45 955 68
123 2 2 1 1 46 966 626
124 2 2 1 1 626 1028 46
125 2 2 1 1 685 686 46
126 2 2 1 1 686 966 46
127 2 2 1 1 47 688 654
128 2 2 1 1 654 1019 47
129 2 2 1 1 47 1019 689
130 2 2 1 1 48 59 58
131 2 2 1 1 48 63 59
132 2 2 1 1 48 699 63
133 2 2 1 1 670 671 49
134 2 2 1 1 671 672 49
135 2 2 1 1 672 687 49
136 2 2 1 1 77 78 50
137 2 2 1 1 78 79 50
138 2 2 1 1 79 943 50
139 2 2 1 1 51 875 665
140 2 2 1 1 863 1035 51
141 2 2 1 1 51 1035 875
142 2 2 1 1 619 698 52
143 2 2 1 1 52 940 619
144 2 2 1 1 698 702 52
145 2 2 1 1 53 926 676
146 2 2 1 1 696 964 53
147 2 2 1 1 53 964 926
148 2 2 1 1 673 909 54
149 2 2 1 1 909 1032 54
150 2 2 1 1 54 1032 933
151 2 2 1 1 66 69 55
152 2 2 1 1 69 70 55
153 2 2 1 1 70 77 55
154 2 2 1 1 71 668 56
155 2 2 1 1 668 669 56
156 2 2 1 1 669 670 56
157 2 2 1 1 57 1062 688
158 2 2 1 1 943 1000 57
159 2 2 1 1 1000 1062 57
160 2 2 1 1 59 65 58
161 2 2 1 1 65 673 58
162 2 2 1 1 63 82 59
163 2 2 1 1 59 700 65
164 2 2 1 1 82 700 59
165 2 2 1 1 684 894 60
166 2 2 1 1 894 925 60
167 2 2 1 1 60 925 920
168 2 2 1 1 677 692 61
169 2 2 1 1 61 691 690
170 2 2 1 1 61 692 691
171 2 2 1 1 62 972 678
172 2 2 1 1 679 680 62
173 2 2 1 1 680 972 62
174 2 2 1 1 63 84 82
175 2 2 1 1 63 706 84
176 2 2 1 1 699 706 63
177 2 2 1 1 64 755 754
178 2 2 1 1 754 885 64
179 2 2 1 1 885 1051 64
180 2 2 1 1 64 1051 955
181 2 2 1 1 65 909 673
182 2 2 1 1 700 935 65
183 2 2 1 1 65 935 909
184 2 2 1 1 67 69 66
185 2 2 1 1 68 701 67
186 2 2 1 1 67 83 69
187 2 2 1 1 67 701 83
188 2 2 1 1 563 701 68
189 2 2 1 1 68 885 563
190 2 2 1 1 68 1051 885
191 2 2 1 1 955 1051 68
192 2 2 1 1 69 630 70
193 2 2 1 1 83 630 69
194 2 2 1 1 70 78 77
195 2 2 1 1 70 628 78
196 2 2 1 1 70 630 628
197 2 2 1 1 187 668 71
198 2 2 1 1 72 75 73
199 2 2 1 1 72 702 75
200 2 2 1 1 73 852 74
201 2 2 1 1 75 81 73
202 2 2 1 1 81 852 73
203 2 2 1 1 74 675 674
204 2 2 1 1 74 865 675
205 2 2 1 1 852 865 74
206 2 2 1 1 75 154 81
207 2 2 1 1 75 698 154
208 2 2 1 1 75 702 698
209 2 2 1 1 76 503 186
210 2 2 1 1 76 665 503
211 2 2 1 1 78 80 79
212 2 2 1 1 78 628 80
213 2 2 1 1 80 474 79
214 2 2 1 1 474 1000 79
215 2 2 1 1 79 1000 943
216 2 2 1 1 80 505 474
217 2 2 1 1 80 506 505
218 2 2 1 1 80 628 506
219 2 2 1 1 154 155 81
220 2 2 1 1 155 162 81
221 2 2 1 1 162 852 81
222 2 2 1 1 84 85 82
223 2 2 1 1 85 707 82
224 2 2 1 1 82 707 700
225 2 2 1 1 83 631 630
226 2 2 1 1 83 939 631
227 2 2 1 1 701 939 83
228 2 2 1 1 84 86 85
229 2 2 1 1 84 531 86
230 2 2 1 1 84 706 531
231 2 2 1 1 86 87 85
232 2 2 1 1 87 88 85
233 2 2 1 1 88 707 85
234 2 2 1 1 86 708 87
235 2 2 1 1 531 532 86
236 2 2 1 1 532 708 86
237 2 2 1 1 87 89 88
238 2 2 1 1 87 91 89
239 2 2 1 1 87 708 91
240 2 2 1 1 89 90 88
241 2 2 1 1 90 163 88
242 2 2 1 1 163 707 88
243 2 2 1 1 89 713 90
244 2 2 1 1 91 92 89
245 2 2 1 1 92 713 89
246 2 2 1 1 90 164 163
247 2 2 1 1 90 714 164
248 2 2 1 1 713 714 90
249 2 2 1 1 91 93 92
250 2 2 1 1 91 115 93
251 2 2 1 1 91 708 115
252 2 2 1 1 93 94 92
253 2 2 1 1 94 116 92
254 2 2 1 1 116 713 92
255 2 2 1 1 93 95 94
256 2 2 1 1 93 717 95
257 2 2 1 1 115 717 93
258 2 2 1 1 95 96 94
259 2 2 1 1 96 725 94
260 2 2 1 1 94 725 116
261 2 2 1 1 95 97 96
262 2 2 1 1 95 114 97
263 2 2 1 1 95 717 114
264 2 2 1 1 97 98 96
265 2 2 1 1 98 99 96
266 2 2 1 1 99 725 96
267 2 2 1 1 97 736 98
268 2 2 1 1 114 525 97
269 2 2 1 1 525 736 97
270 2 2 1 1 98 100 99
271 2 2 1 1 98 101 100
272 2 2 1 1 98 736 101
273 2 2 1 1 100 113 99
274 2 2 1 1 113 493 99
275 2 2 1 1 493 725 99
276 2 2 1 1 101 102 100
277 2 2 1 1 102 856 100
278 2 2 1 1 100 856 113
279 2 2 1 1 101 103 102
280 2 2 1 1 101 831 103
281 2 2 1 1 736 831 101
282 2 2 1 1 103 104 102
283 2 2 1 1 104 769 102
284 2 2 1 1 769 856 102
285 2 2 1 1 103 105 104
286 2 2 1 1 103 112 105
287 2 2 1 1 103 831 112
288 2 2 1 1 105 106 104
289 2 2 1 1 106 107 104
290 2 2 1 1 107 769 104
291 2 2 1 1 105 796 106
292 2 2 1 1 112 117 105
293 2 2 1 1 117 796 105
294 2 2 1 1 106 108 107
295 2 2 1 1 106 111 108
296 2 2 1 1 106 796 111
297 2 2 1 1 108 109 107
298 2 2 1 1 109 839 107
299 2 2 1 1 107 839 769
300 2 2 1 1 108 110 109
301 2 2 1 1 108 846 110
302 2 2 1 1 111 846 108
303 2 2 1 1 110 142 109
304 2 2 1 1 142 146 109
305 2 2 1 1 146 839 109
306 2 2 1 1 110 158 142
307 2 2 1 1 110 502 158
308 2 2 1 1 110 846 502
309 2 2 1 1 796 905 111
310 2 2 1 1 111 953 846
311 2 2 1 1 905 953 111
312 2 2 1 1 112 118 117
313 2 2 1 1 112 166 118
314 2 2 1 1 112 831 166
315 2 2 1 1 113 636 493
316 2 2 1 1 113 637 636
317 2 2 1 1 113 856 637
318 2 2 1 1 114 605 525
319 2 2 1 1 114 649 605
320 2 2 1 1 114 717 649
321 2 2 1 1 115 708 664
322 2 2 1 1 664 985 115
323 2 2 1 1 115 985 717
324 2 2 1 1 116 1050 713
325 2 2 1 1 725 949 116
326 2 2 1 1 949 1050 116
327 2 2 1 1 118 119 117
328 2 2 1 1 119 797 117
329 2 2 1 1 117 797 796
330 2 2 1 1 118 120 119
331 2 2 1 1 118 823 120
332 2 2 1 1 166 823 118
333 2 2 1 1 120 121 119
334 2 2 1 1 121 125 119
335 2 2 1 1 125 797 119
336 2 2 1 1 120 122 121
337 2 2 1 1 120 123 122
338 2 2 1 1 120 823 123
339 2 2 1 1 122 799 121
340 2 2 1 1 121 126 125
341 2 2 1 1 121 799 126
342 2 2 1 1 123 124 122
343 2 2 1 1 124 157 122
344 2 2 1 1 157 799 122
345 2 2 1 1 123 919 124
346 2 2 1 1 823 983 123
347 2 2 1 1 123 983 919
348 2 2 1 1 124 160 157
349 2 2 1 1 124 255 160
350 2 2 1 1 124 919 255
351 2 2 1 1 126 127 125
352 2 2 1 1 127 522 125
353 2 2 1 1 522 797 125
354 2 2 1 1 126 128 127
355 2 2 1 1 126 770 128
356 2 2 1 1 126 799 770
357 2 2 1 1 128 129 127
358 2 2 1 1 129 842 127
359 2 2 1 1 127 842 522
360 2 2 1 1 128 130 129
361 2 2 1 1 128 257 130
362 2 2 1 1 128 770 257
363 2 2 1 1 130 131 129
364 2 2 1 1 131 132 129
365 2 2 1 1 132 842 129
366 2 2 1 1 130 168 131
367 2 2 1 1 130 659 168
368 2 2 1 1 257 659 130
369 2 2 1 1 131 133 132
370 2 2 1 1 131 737 133
371 2 2 1 1 168 737 131
372 2 2 1 1 133 134 132
373 2 2 1 1 134 881 132
374 2 2 1 1 132 881 842
375 2 2 1 1 133 135 134
376 2 2 1 1 133 159 135
377 2 2 1 1 133 737 159
378 2 2 1 1 135 136 134
379 2 2 1 1 136 254 134
380 2 2 1 1 254 881 134
381 2 2 1 1 135 137 136
382 2 2 1 1 135 729 137
383 2 2 1 1 159 729 135
384 2 2 1 1 137 138 136
385 2 2 1 1 138 733 136
386 2 2 1 1 136 733 254
387 2 2 1 1 137 139 138
388 2 2 1 1 137 730 139
389 2 2 1 1 729 730 137
390 2 2 1 1 139 140 138
391 2 2 1 1 140 463 138
392 2 2 1 1 463 733 138
393 2 2 1 1 139 141 140
394 2 2 1 1 139 143 141
395 2 2 1 1 139 730 143
396 2 2 1 1 141 752 140
397 2 2 1 1 140 516 463
398 2 2 1 1 140 752 516
399 2 2 1 1 143 144 141
400 2 2 1 1 144 148 141
401 2 2 1 1 148 752 141
402 2 2 1 1 142 147 146
403 2 2 1 1 142 844 147
404 2 2 1 1 158 844 142
405 2 2 1 1 143 145 144
406 2 2 1 1 143 153 145
407 2 2 1 1 143 730 153
408 2 2 1 1 145 836 144
409 2 2 1 1 144 209 148
410 2 2 1 1 144 836 209
411 2 2 1 1 153 156 145
412 2 2 1 1 156 211 145
413 2 2 1 1 211 836 145
414 2 2 1 1 147 149 146
415 2 2 1 1 149 756 146
416 2 2 1 1 756 839 146
417 2 2 1 1 147 150 149
418 2 2 1 1 147 152 150
419 2 2 1 1 147 844 152
420 2 2 1 1 209 212 148
421 2 2 1 1 212 213 148
422 2 2 1 1 213 752 148
423 2 2 1 1 150 151 149
424 2 2 1 1 151 169 149
425 2 2 1 1 169 756 149
426 2 2 1 1 150 838 151
427 2 2 1 1 152 181 150
428 2 2 1 1 181 838 150
429 2 2 1 1 151 170 169
430 2 2 1 1 151 171 170
431 2 2 1 1 151 838 171
432 2 2 1 1 152 182 181
433 2 2 1 1 152 815 182
434 2 2 1 1 152 844 815
435 2 2 1 1 153 161 156
436 2 2 1 1 153 558 161
437 2 2 1 1 153 730 558
438 2 2 1 1 154 651 155
439 2 2 1 1 614 651 154
440 2 2 1 1 154 698 614
441 2 2 1 1 155 253 162
442 2 2 1 1 155 494 253
443 2 2 1 1 155 651 494
444 2 2 1 1 161 746 156
445 2 2 1 1 156 214 211
446 2 2 1 1 156 746 214
447 2 2 1 1 160 167 157
448 2 2 1 1 167 513 157
449 2 2 1 1 513 799 157
450 2 2 1 1 502 903 158
451 2 2 1 1 158 1013 844
452 2 2 1 1 903 1013 158
453 2 2 1 1 159 812 729
454 2 2 1 1 737 974 159
455 2 2 1 1 159 974 812
456 2 2 1 1 160 918 167
457 2 2 1 1 255 256 160
458 2 2 1 1 256 918 160
459 2 2 1 1 558 559 161
460 2 2 1 1 559 560 161
461 2 2 1 1 560 746 161
462 2 2 1 1 253 468 162
463 2 2 1 1 468 521 162
464 2 2 1 1 521 852 162
465 2 2 1 1 164 165 163
466 2 2 1 1 165 870 163
467 2 2 1 1 163 870 707
468 2 2 1 1 164 172 165
469 2 2 1 1 164 218 172
470 2 2 1 1 164 714 218
471 2 2 1 1 172 179 165
472 2 2 1 1 179 533 165
473 2 2 1 1 533 870 165
474 2 2 1 1 166 994 823
475 2 2 1 1 831 908 166
476 2 2 1 1 908 994 166
477 2 2 1 1 167 697 513
478 2 2 1 1 167 1048 697
479 2 2 1 1 918 1048 167
480 2 2 1 1 659 1024 168
481 2 2 1 1 168 738 737
482 2 2 1 1 168 1024 738
483 2 2 1 1 170 784 169
484 2 2 1 1 169 960 756
485 2 2 1 1 784 960 169
486 2 2 1 1 171 173 170
487 2 2 1 1 173 174 170
488 2 2 1 1 174 784 170
489 2 2 1 1 171 779 173
490 2 2 1 1 171 913 779
491 2 2 1 1 838 913 171
492 2 2 1 1 172 180 179
493 2 2 1 1 172 663 180
494 2 2 1 1 218 663 172
495 2 2 1 1 173 175 174
496 2 2 1 1 173 176 175
497 2 2 1 1 173 779 176
498 2 2 1 1 175 178 174
499 2 2 1 1 178 488 174
500 2 2 1 1 488 784 174
501 2 2 1 1 176 177 175
502 2 2 1 1 177 832 175
503 2 2 1 1 175 832 178
504 2 2 1 1 176 188 177
505 2 2 1 1 176 219 188
506 2 2 1 1 176 779 219
507 2 2 1 1 188 1029 177
508 2 2 1 1 650 832 177
509 2 2 1 1 177 1029 650
510 2 2 1 1 178 489 488
511 2 2 1 1 178 490 489
512 2 2 1 1 178 832 490
513 2 2 1 1 180 190 179
514 2 2 1 1 190 726 179
515 2 2 1 1 179 726 533
516 2 2 1 1 180 194 190
517 2 2 1 1 180 221 194
518 2 2 1 1 180 663 221
519 2 2 1 1 182 183 181
520 2 2 1 1 183 510 181
521 2 2 1 1 510 838 181
522 2 2 1 1 182 184 183
523 2 2 1 1 182 217 184
524 2 2 1 1 182 815 217
525 2 2 1 1 184 185 183
526 2 2 1 1 185 731 183
527 2 2 1 1 183 731 510
528 2 2 1 1 184 191 185
529 2 2 1 1 184 757 191
530 2 2 1 1 217 757 184
531 2 2 1 1 191 192 185
532 2 2 1 1 192 202 185
533 2 2 1 1 202 731 185
534 2 2 1 1 503 904 186
535 2 2 1 1 186 632 518
536 2 2 1 1 186 904 632
537 2 2 1 1 222 273 187
538 2 2 1 1 273 276 187
539 2 2 1 1 276 668 187
540 2 2 1 1 219 220 188
541 2 2 1 1 220 961 188
542 2 2 1 1 961 1029 188
543 2 2 1 1 189 1003 916
544 2 2 1 1 189 1008 1003
545 2 2 1 1 194 195 190
546 2 2 1 1 195 464 190
547 2 2 1 1 464 726 190
548 2 2 1 1 191 193 192
549 2 2 1 1 191 471 193
550 2 2 1 1 191 757 471
551 2 2 1 1 193 991 192
552 2 2 1 1 192 203 202
553 2 2 1 1 192 991 203
554 2 2 1 1 471 528 193
555 2 2 1 1 528 600 193
556 2 2 1 1 600 991 193
557 2 2 1 1 194 196 195
558 2 2 1 1 194 890 196
559 2 2 1 1 221 890 194
560 2 2 1 1 196 197 195
561 2 2 1 1 197 667 195
562 2 2 1 1 195 667 464
563 2 2 1 1 196 198 197
564 2 2 1 1 196 850 198
565 2 2 1 1 196 890 850
566 2 2 1 1 198 199 197
567 2 2 1 1 199 201 197
568 2 2 1 1 201 667 197
569 2 2 1 1 198 200 199
570 2 2 1 1 198 215 200
571 2 2 1 1 198 850 215
572 2 2 1 1 200 248 199
573 2 2 1 1 199 1012 201
574 2 2 1 1 248 1012 199
575 2 2 1 1 215 216 200
576 2 2 1 1 216 718 200
577 2 2 1 1 200 718 248
578 2 2 1 1 609 667 201
579 2 2 1 1 201 1061 609
580 2 2 1 1 1012 1061 201
581 2 2 1 1 203 204 202
582 2 2 1 1 204 475 202
583 2 2 1 1 475 731 202
584 2 2 1 1 203 205 204
585 2 2 1 1 203 981 205
586 2 2 1 1 658 981 203
587 2 2 1 1 203 991 658
588 2 2 1 1 205 206 204
589 2 2 1 1 206 824 204
590 2 2 1 1 204 824 475
591 2 2 1 1 205 207 206
592 2 2 1 1 205 208 207
593 2 2 1 1 205 981 208
594 2 2 1 1 207 210 206
595 2 2 1 1 210 526 206
596 2 2 1 1 526 824 206
597 2 2 1 1 208 223 207
598 2 2 1 1 207 745 210
599 2 2 1 1 223 745 207
600 2 2 1 1 208 225 223
601 2 2 1 1 208 252 225
602 2 2 1 1 208 981 252
603 2 2 1 1 209 224 212
604 2 2 1 1 209 561 224
605 2 2 1 1 209 836 561
606 2 2 1 1 210 617 526
607 2 2 1 1 210 618 617
608 2 2 1 1 210 745 618
609 2 2 1 1 214 226 211
610 2 2 1 1 226 837 211
611 2 2 1 1 211 837 836
612 2 2 1 1 212 891 213
613 2 2 1 1 224 227 212
614 2 2 1 1 227 891 212
615 2 2 1 1 213 886 752
616 2 2 1 1 213 1004 886
617 2 2 1 1 891 1004 213
618 2 2 1 1 214 234 226
619 2 2 1 1 214 486 234
620 2 2 1 1 214 746 486
621 2 2 1 1 215 264 216
622 2 2 1 1 215 461 264
623 2 2 1 1 215 850 461
624 2 2 1 1 264 265 216
625 2 2 1 1 265 266 216
626 2 2 1 1 266 718 216
627 2 2 1 1 217 927 757
628 2 2 1 1 815 1057 217
629 2 2 1 1 217 1057 927
630 2 2 1 1 615 663 218
631 2 2 1 1 218 1039 615
632 2 2 1 1 714 1039 218
633 2 2 1 1 219 552 220
634 2 2 1 1 219 583 552
635 2 2 1 1 219 779 583
636 2 2 1 1 552 1026 220
637 2 2 1 1 634 857 220
638 2 2 1 1 220 1026 634
639 2 2 1 1 857 961 220
640 2 2 1 1 663 1017 221
641 2 2 1 1 221 930 890
642 2 2 1 1 221 1017 930
643 2 2 1 1 222 279 273
644 2 2 1 1 222 594 279
645 2 2 1 1 222 872 594
646 2 2 1 1 225 247 223
647 2 2 1 1 247 249 223
648 2 2 1 1 249 745 223
649 2 2 1 1 224 228 227
650 2 2 1 1 224 724 228
651 2 2 1 1 561 724 224
652 2 2 1 1 225 258 247
653 2 2 1 1 252 749 225
654 2 2 1 1 225 749 258
655 2 2 1 1 234 235 226
656 2 2 1 1 235 472 226
657 2 2 1 1 472 837 226
658 2 2 1 1 228 229 227
659 2 2 1 1 229 666 227
660 2 2 1 1 666 891 227
661 2 2 1 1 228 230 229
662 2 2 1 1 228 231 230
663 2 2 1 1 228 724 231
664 2 2 1 1 230 232 229
665 2 2 1 1 232 1059 229
666 2 2 1 1 229 1059 666
667 2 2 1 1 231 732 230
668 2 2 1 1 230 233 232
669 2 2 1 1 230 732 233
670 2 2 1 1 724 988 231
671 2 2 1 1 231 1037 732
672 2 2 1 1 988 1037 231
673 2 2 1 1 233 237 232
674 2 2 1 1 237 476 232
675 2 2 1 1 476 1059 232
676 2 2 1 1 233 238 237
677 2 2 1 1 233 241 238
678 2 2 1 1 233 732 241
679 2 2 1 1 234 236 235
680 2 2 1 1 234 753 236
681 2 2 1 1 486 753 234
682 2 2 1 1 236 239 235
683 2 2 1 1 239 771 235
684 2 2 1 1 235 771 472
685 2 2 1 1 236 240 239
686 2 2 1 1 236 859 240
687 2 2 1 1 753 859 236
688 2 2 1 1 238 728 237
689 2 2 1 1 237 588 476
690 2 2 1 1 237 728 588
691 2 2 1 1 241 246 238
692 2 2 1 1 246 250 238
693 2 2 1 1 250 728 238
694 2 2 1 1 240 242 239
695 2 2 1 1 242 244 239
696 2 2 1 1 244 771 239
697 2 2 1 1 240 243 242
698 2 2 1 1 240 460 243
699 2 2 1 1 240 859 460
700 2 2 1 1 241 251 246
701 2 2 1 1 241 1063 251
702 2 2 1 1 732 1063 241
703 2 2 1 1 243 647 242
704 2 2 1 1 242 245 244
705 2 2 1 1 242 647 245
706 2 2 1 1 460 1049 243
707 2 2 1 1 646 647 243
708 2 2 1 1 243 1049 646
709 2 2 1 1 245 546 244
710 2 2 1 1 546 547 244
711 2 2 1 1 547 771 244
712 2 2 1 1 245 910 546
713 2 2 1 1 647 1058 245
714 2 2 1 1 245 1058 910
715 2 2 1 1 246 833 250
716 2 2 1 1 251 260 246
717 2 2 1 1 260 833 246
718 2 2 1 1 247 782 249
719 2 2 1 1 258 259 247
720 2 2 1 1 259 782 247
721 2 2 1 1 718 951 248
722 2 2 1 1 951 952 248
723 2 2 1 1 952 1012 248
724 2 2 1 1 249 900 745
725 2 2 1 1 782 895 249
726 2 2 1 1 895 900 249
727 2 2 1 1 250 1040 728
728 2 2 1 1 250 993 822
729 2 2 1 1 822 1040 250
730 2 2 1 1 833 993 250
731 2 2 1 1 251 261 260
732 2 2 1 1 251 262 261
733 2 2 1 1 251 1063 262
734 2 2 1 1 252 658 657
735 2 2 1 1 657 1047 252
736 2 2 1 1 252 981 658
737 2 2 1 1 252 1047 749
738 2 2 1 1 253 967 468
739 2 2 1 1 494 495 253
740 2 2 1 1 495 967 253
741 2 2 1 1 733 1020 254
742 2 2 1 1 847 1001 254
743 2 2 1 1 254 1020 847
744 2 2 1 1 254 1001 881
745 2 2 1 1 255 519 256
746 2 2 1 1 255 867 519
747 2 2 1 1 255 919 867
748 2 2 1 1 519 520 256
749 2 2 1 1 520 537 256
750 2 2 1 1 537 918 256
751 2 2 1 1 257 851 659
752 2 2 1 1 770 1007 257
753 2 2 1 1 257 1007 851
754 2 2 1 1 258 470 259
755 2 2 1 1 258 539 470
756 2 2 1 1 258 749 539
757 2 2 1 1 470 507 259
758 2 2 1 1 507 542 259
759 2 2 1 1 542 782 259
760 2 2 1 1 261 308 260
761 2 2 1 1 308 397 260
762 2 2 1 1 397 833 260
763 2 2 1 1 262 263 261
764 2 2 1 1 263 827 261
765 2 2 1 1 261 827 308
766 2 2 1 1 262 970 263
767 2 2 1 1 262 662 660
768 2 2 1 1 660 970 262
769 2 2 1 1 262 1063 662
770 2 2 1 1 826 827 263
771 2 2 1 1 263 1052 826
772 2 2 1 1 970 1052 263
773 2 2 1 1 264 830 265
774 2 2 1 1 461 554 264
775 2 2 1 1 554 830 264
776 2 2 1 1 265 267 266
777 2 2 1 1 265 473 267
778 2 2 1 1 265 830 473
779 2 2 1 1 267 268 266
780 2 2 1 1 268 719 266
781 2 2 1 1 266 719 718
782 2 2 1 1 267 269 268
783 2 2 1 1 267 643 269
784 2 2 1 1 473 643 267
785 2 2 1 1 269 270 268
786 2 2 1 1 270 271 268
787 2 2 1 1 271 719 268
788 2 2 1 1 269 860 270
789 2 2 1 1 643 644 269
790 2 2 1 1 644 860 269
791 2 2 1 1 270 272 271
792 2 2 1 1 270 275 272
793 2 2 1 1 270 860 275
794 2 2 1 1 272 274 271
795 2 2 1 1 274 720 271
796 2 2 1 1 271 720 719
797 2 2 1 1 272 277 274
798 2 2 1 1 275 862 272
799 2 2 1 1 272 862 277
800 2 2 1 1 273 288 276
801 2 2 1 1 279 705 273
802 2 2 1 1 273 705 288
803 2 2 1 1 277 278 274
804 2 2 1 1 278 280 274
805 2 2 1 1 280 720 274
806 2 2 1 1 275 861 809
807 2 2 1 1 809 862 275
808 2 2 1 1 860 861 275
809 2 2 1 1 288 289 276
810 2 2 1 1 289 509 276
811 2 2 1 1 509 668 276
812 2 2 1 1 277 656 278
813 2 2 1 1 277 987 656
814 2 2 1 1 862 987 277
815 2 2 1 1 278 281 280
816 2 2 1 1 278 293 281
817 2 2 1 1 278 656 293
818 2 2 1 1 594 595 279
819 2 2 1 1 595 596 279
820 2 2 1 1 596 705 279
821 2 2 1 1 281 282 280
822 2 2 1 1 282 593 280
823 2 2 1 1 593 720 280
824 2 2 1 1 281 283 282
825 2 2 1 1 281 956 283
826 2 2 1 1 293 956 281
827 2 2 1 1 283 284 282
828 2 2 1 1 284 758 282
829 2 2 1 1 282 758 593
830 2 2 1 1 283 285 284
831 2 2 1 1 283 979 285
832 2 2 1 1 956 979 283
833 2 2 1 1 285 286 284
834 2 2 1 1 286 496 284
835 2 2 1 1 496 758 284
836 2 2 1 1 285 287 286
837 2 2 1 1 285 296 287
838 2 2 1 1 285 979 296
839 2 2 1 1 287 747 286
840 2 2 1 1 286 511 496
841 2 2 1 1 286 747 511
842 2 2 1 1 296 297 287
843 2 2 1 1 297 304 287
844 2 2 1 1 304 747 287
845 2 2 1 1 288 290 289
846 2 2 1 1 288 292 290
847 2 2 1 1 288 705 292
848 2 2 1 1 290 291 289
849 2 2 1 1 291 712 289
850 2 2 1 1 289 712 509
851 2 2 1 1 290 294 291
852 2 2 1 1 292 709 290
853 2 2 1 1 290 709 294
854 2 2 1 1 294 295 291
855 2 2 1 1 295 298 291
856 2 2 1 1 298 712 291
857 2 2 1 1 705 880 292
858 2 2 1 1 292 710 709
859 2 2 1 1 292 880 710
860 2 2 1 1 656 911 293
861 2 2 1 1 911 1033 293
862 2 2 1 1 293 1033 956
863 2 2 1 1 294 307 295
864 2 2 1 1 294 313 307
865 2 2 1 1 294 709 313
866 2 2 1 1 295 299 298
867 2 2 1 1 295 715 299
868 2 2 1 1 307 715 295
869 2 2 1 1 296 768 297
870 2 2 1 1 296 945 768
871 2 2 1 1 296 979 945
872 2 2 1 1 297 305 304
873 2 2 1 1 297 306 305
874 2 2 1 1 297 768 306
875 2 2 1 1 299 300 298
876 2 2 1 1 300 467 298
877 2 2 1 1 467 712 298
878 2 2 1 1 299 301 300
879 2 2 1 1 299 716 301
880 2 2 1 1 715 716 299
881 2 2 1 1 301 302 300
882 2 2 1 1 302 721 300
883 2 2 1 1 300 721 467
884 2 2 1 1 301 303 302
885 2 2 1 1 301 309 303
886 2 2 1 1 301 716 309
887 2 2 1 1 303 723 302
888 2 2 1 1 302 722 721
889 2 2 1 1 302 723 722
890 2 2 1 1 309 310 303
891 2 2 1 1 310 399 303
892 2 2 1 1 399 723 303
893 2 2 1 1 305 454 304
894 2 2 1 1 454 455 304
895 2 2 1 1 455 747 304
896 2 2 1 1 306 311 305
897 2 2 1 1 311 776 305
898 2 2 1 1 305 776 454
899 2 2 1 1 306 312 311
900 2 2 1 1 306 759 312
901 2 2 1 1 306 768 759
902 2 2 1 1 313 316 307
903 2 2 1 1 316 469 307
904 2 2 1 1 469 715 307
905 2 2 1 1 308 414 397
906 2 2 1 1 308 415 414
907 2 2 1 1 308 827 415
908 2 2 1 1 309 317 310
909 2 2 1 1 309 517 317
910 2 2 1 1 309 716 517
911 2 2 1 1 317 323 310
912 2 2 1 1 323 921 310
913 2 2 1 1 310 921 399
914 2 2 1 1 312 314 311
915 2 2 1 1 314 378 311
916 2 2 1 1 378 776 311
917 2 2 1 1 312 315 314
918 2 2 1 1 312 318 315
919 2 2 1 1 312 759 318
920 2 2 1 1 313 387 316
921 2 2 1 1 313 711 387
922 2 2 1 1 709 711 313
923 2 2 1 1 315 394 314
924 2 2 1 1 314 834 378
925 2 2 1 1 394 834 314
926 2 2 1 1 318 319 315
927 2 2 1 1 319 750 315
928 2 2 1 1 315 750 394
929 2 2 1 1 387 388 316
930 2 2 1 1 388 748 316
931 2 2 1 1 316 748 469
932 2 2 1 1 317 324 323
933 2 2 1 1 317 802 324
934 2 2 1 1 517 802 317
935 2 2 1 1 318 320 319
936 2 2 1 1 318 760 320
937 2 2 1 1 759 760 318
938 2 2 1 1 320 321 319
939 2 2 1 1 321 352 319
940 2 2 1 1 352 750 319
941 2 2 1 1 320 322 321
942 2 2 1 1 320 385 322
943 2 2 1 1 320 760 385
944 2 2 1 1 322 325 321
945 2 2 1 1 325 735 321
946 2 2 1 1 321 735 352
947 2 2 1 1 322 326 325
948 2 2 1 1 322 858 326
949 2 2 1 1 385 858 322
950 2 2 1 1 324 353 323
951 2 2 1 1 353 389 323
952 2 2 1 1 389 921 323
953 2 2 1 1 324 356 353
954 2 2 1 1 324 366 356
955 2 2 1 1 324 802 366
956 2 2 1 1 326 327 325
957 2 2 1 1 327 734 325
958 2 2 1 1 734 735 325
959 2 2 1 1 326 328 327
960 2 2 1 1 326 363 328
961 2 2 1 1 326 858 363
962 2 2 1 1 328 329 327
963 2 2 1 1 329 330 327
964 2 2 1 1 330 734 327
965 2 2 1 1 328 928 329
966 2 2 1 1 363 364 328
967 2 2 1 1 364 928 328
968 2 2 1 1 329 331 330
969 2 2 1 1 329 914 331
970 2 2 1 1 329 928 914
971 2 2 1 1 331 332 330
972 2 2 1 1 332 416 330
973 2 2 1 1 416 734 330
974 2 2 1 1 331 333 332
975 2 2 1 1 331 334 333
976 2 2 1 1 331 914 334
977 2 2 1 1 333 744 332
978 2 2 1 1 332 417 416
979 2 2 1 1 332 744 417
980 2 2 1 1 334 335 333
981 2 2 1 1 335 336 333
982 2 2 1 1 336 744 333
983 2 2 1 1 334 1027 335
984 2 2 1 1 914 978 334
985 2 2 1 1 978 1027 334
986 2 2 1 1 335 337 336
987 2 2 1 1 335 338 337
988 2 2 1 1 335 1027 338
989 2 2 1 1 337 848 336
990 2 2 1 1 336 879 744
991 2 2 1 1 848 879 336
992 2 2 1 1 338 339 337
993 2 2 1 1 339 340 337
994 2 2 1 1 340 848 337
995 2 2 1 1 338 828 339
996 2 2 1 1 633 828 338
997 2 2 1 1 338 1027 633
998 2 2 1 1 339 341 340
999 2 2 1 1 339 343 341
1000 2 2 1 1 339 828 343
1001 2 2 1 1 341 342 340
1002 2 2 1 1 342 849 340
1003 2 2 1 1 340 849 848
1004 2 2 1 1 341 344 342
1005 2 2 1 1 343 845 341
1006 2 2 1 1 341 845 344
1007 2 2 1 1 344 345 342
1008 2 2 1 1 345 348 342
1009 2 2 1 1 348 849 342
1010 2 2 1 1 828 999 343
1011 2 2 1 1 343 1060 845
1012 2 2 1 1 999 1060 343
1013 2 2 1 1 344 346 345
1014 2 2 1 1 344 739 346
1015 2 2 1 1 344 845 739
1016 2 2 1 1 346 347 345
1017 2 2 1 1 347 841 345
1018 2 2 1 1 345 841 348
1019 2 2 1 1 346 349 347
1020 2 2 1 1 346 351 349
1021 2 2 1 1 346 739 351
1022 2 2 1 1 349 350 347
1023 2 2 1 1 350 840 347
1024 2 2 1 1 840 841 347
1025 2 2 1 1 348 896 641
1026 2 2 1 1 641 1022 348
1027 2 2 1 1 841 896 348
1028 2 2 1 1 348 1022 849
1029 2 2 1 1 349 354 350
1030 2 2 1 1 351 777 349
1031 2 2 1 1 349 777 354
1032 2 2 1 1 354 355 350
1033 2 2 1 1 355 365 350
1034 2 2 1 1 365 840 350
1035 2 2 1 1 739 740 351
1036 2 2 1 1 740 741 351
1037 2 2 1 1 741 777 351
1038 2 2 1 1 735 938 352
1039 2 2 1 1 352 751 750
1040 2 2 1 1 352 938 751
1041 2 2 1 1 356 357 353
1042 2 2 1 1 357 1010 353
1043 2 2 1 1 353 1010 389
1044 2 2 1 1 354 358 355
1045 2 2 1 1 354 817 358
1046 2 2 1 1 777 817 354
1047 2 2 1 1 358 359 355
1048 2 2 1 1 359 801 355
1049 2 2 1 1 355 801 365
1050 2 2 1 1 356 788 357
1051 2 2 1 1 366 379 356
1052 2 2 1 1 379 788 356
1053 2 2 1 1 788 868 357
1054 2 2 1 1 868 1055 357
1055 2 2 1 1 357 1055 1010
1056 2 2 1 1 358 360 359
1057 2 2 1 1 358 361 360
1058 2 2 1 1 358 817 361
1059 2 2 1 1 360 362 359
1060 2 2 1 1 362 800 359
1061 2 2 1 1 800 801 359
1062 2 2 1 1 361 655 360
1063 2 2 1 1 360 371 362
1064 2 2 1 1 360 655 371
1065 2 2 1 1 361 703 655
1066 2 2 1 1 361 975 703
1067 2 2 1 1 817 975 361
1068 2 2 1 1 371 382 362
1069 2 2 1 1 382 390 362
1070 2 2 1 1 390 800 362
1071 2 2 1 1 363 367 364
1072 2 2 1 1 363 775 367
1073 2 2 1 1 363 858 775
1074 2 2 1 1 367 368 364
1075 2 2 1 1 368 889 364
1076 2 2 1 1 889 928 364
1077 2 2 1 1 801 980 365
1078 2 2 1 1 365 871 840
1079 2 2 1 1 365 980 871
1080 2 2 1 1 366 380 379
1081 2 2 1 1 366 413 380
1082 2 2 1 1 366 802 413
1083 2 2 1 1 367 369 368
1084 2 2 1 1 367 404 369
1085 2 2 1 1 367 775 404
1086 2 2 1 1 369 370 368
1087 2 2 1 1 370 829 368
1088 2 2 1 1 829 889 368
1089 2 2 1 1 369 372 370
1090 2 2 1 1 369 957 372
1091 2 2 1 1 404 957 369
1092 2 2 1 1 372 373 370
1093 2 2 1 1 373 374 370
1094 2 2 1 1 374 829 370
1095 2 2 1 1 371 798 382
1096 2 2 1 1 655 1031 371
1097 2 2 1 1 371 1031 798
1098 2 2 1 1 372 818 373
1099 2 2 1 1 372 878 818
1100 2 2 1 1 372 957 878
1101 2 2 1 1 373 375 374
1102 2 2 1 1 373 377 375
1103 2 2 1 1 373 818 377
1104 2 2 1 1 375 376 374
1105 2 2 1 1 376 407 374
1106 2 2 1 1 407 829 374
1107 2 2 1 1 375 806 376
1108 2 2 1 1 377 381 375
1109 2 2 1 1 381 806 375
1110 2 2 1 1 376 408 407
1111 2 2 1 1 376 814 408
1112 2 2 1 1 806 814 376
1113 2 2 1 1 377 386 381
1114 2 2 1 1 377 393 386
1115 2 2 1 1 377 818 393
1116 2 2 1 1 378 917 776
1117 2 2 1 1 834 959 378
1118 2 2 1 1 378 959 917
1119 2 2 1 1 380 383 379
1120 2 2 1 1 383 395 379
1121 2 2 1 1 395 788 379
1122 2 2 1 1 380 384 383
1123 2 2 1 1 380 645 384
1124 2 2 1 1 413 645 380
1125 2 2 1 1 386 392 381
1126 2 2 1 1 392 396 381
1127 2 2 1 1 396 806 381
1128 2 2 1 1 382 391 390
1129 2 2 1 1 382 409 391
1130 2 2 1 1 382 798 409
1131 2 2 1 1 384 400 383
1132 2 2 1 1 383 795 395
1133 2 2 1 1 400 795 383
1134 2 2 1 1 384 401 400
1135 2 2 1 1 384 915 401
1136 2 2 1 1 645 915 384
1137 2 2 1 1 760 761 385
1138 2 2 1 1 761 762 385
1139 2 2 1 1 762 858 385
1140 2 2 1 1 386 810 392
1141 2 2 1 1 393 398 386
1142 2 2 1 1 398 810 386
1143 2 2 1 1 387 402 388
1144 2 2 1 1 387 449 402
1145 2 2 1 1 387 711 449
1146 2 2 1 1 402 403 388
1147 2 2 1 1 403 456 388
1148 2 2 1 1 456 748 388
1149 2 2 1 1 623 965 389
1150 2 2 1 1 389 1010 623
1151 2 2 1 1 640 921 389
1152 2 2 1 1 389 965 640
1153 2 2 1 1 391 405 390
1154 2 2 1 1 405 420 390
1155 2 2 1 1 420 800 390
1156 2 2 1 1 391 406 405
1157 2 2 1 1 391 803 406
1158 2 2 1 1 409 803 391
1159 2 2 1 1 392 540 396
1160 2 2 1 1 392 541 540
1161 2 2 1 1 392 810 541
1162 2 2 1 1 393 410 398
1163 2 2 1 1 393 807 410
1164 2 2 1 1 393 818 807
1165 2 2 1 1 750 774 394
1166 2 2 1 1 774 1023 394
1167 2 2 1 1 394 1023 834
1168 2 2 1 1 395 789 788
1169 2 2 1 1 395 790 789
1170 2 2 1 1 395 795 790
1171 2 2 1 1 540 1021 396
1172 2 2 1 1 396 912 806
1173 2 2 1 1 396 1021 912
1174 2 2 1 1 414 452 397
1175 2 2 1 1 452 601 397
1176 2 2 1 1 601 833 397
1177 2 2 1 1 410 411 398
1178 2 2 1 1 411 412 398
1179 2 2 1 1 412 810 398
1180 2 2 1 1 399 874 723
1181 2 2 1 1 399 1005 874
1182 2 2 1 1 921 1005 399
1183 2 2 1 1 401 423 400
1184 2 2 1 1 423 448 400
1185 2 2 1 1 448 795 400
1186 2 2 1 1 401 462 423
1187 2 2 1 1 401 1011 462
1188 2 2 1 1 915 1011 401
1189 2 2 1 1 402 422 403
1190 2 2 1 1 402 772 422
1191 2 2 1 1 449 772 402
1192 2 2 1 1 422 984 403
1193 2 2 1 1 403 457 456
1194 2 2 1 1 403 984 457
1195 2 2 1 1 775 942 404
1196 2 2 1 1 942 990 404
1197 2 2 1 1 404 990 957
1198 2 2 1 1 406 421 405
1199 2 2 1 1 405 902 420
1200 2 2 1 1 421 902 405
1201 2 2 1 1 406 450 421
1202 2 2 1 1 406 453 450
1203 2 2 1 1 406 803 453
1204 2 2 1 1 408 451 407
1205 2 2 1 1 451 515 407
1206 2 2 1 1 515 829 407
1207 2 2 1 1 408 477 451
1208 2 2 1 1 408 478 477
1209 2 2 1 1 408 814 478
1210 2 2 1 1 798 866 409
1211 2 2 1 1 409 989 803
1212 2 2 1 1 866 989 409
1213 2 2 1 1 410 480 411
1214 2 2 1 1 410 481 480
1215 2 2 1 1 410 807 481
1216 2 2 1 1 411 811 412
1217 2 2 1 1 480 482 411
1218 2 2 1 1 482 811 411
1219 2 2 1 1 612 923 412
1220 2 2 1 1 412 1002 612
1221 2 2 1 1 412 923 810
1222 2 2 1 1 811 1002 412
1223 2 2 1 1 413 1015 645
1224 2 2 1 1 802 907 413
1225 2 2 1 1 907 1015 413
1226 2 2 1 1 415 424 414
1227 2 2 1 1 424 781 414
1228 2 2 1 1 414 781 452
1229 2 2 1 1 415 425 424
1230 2 2 1 1 415 825 425
1231 2 2 1 1 415 827 825
1232 2 2 1 1 417 418 416
1233 2 2 1 1 418 855 416
1234 2 2 1 1 416 855 734
1235 2 2 1 1 417 419 418
1236 2 2 1 1 417 512 419
1237 2 2 1 1 417 744 512
1238 2 2 1 1 419 491 418
1239 2 2 1 1 491 534 418
1240 2 2 1 1 534 855 418
1241 2 2 1 1 419 504 491
1242 2 2 1 1 419 901 504
1243 2 2 1 1 512 901 419
1244 2 2 1 1 793 800 420
1245 2 2 1 1 420 996 793
1246 2 2 1 1 902 996 420
1247 2 2 1 1 450 458 421
1248 2 2 1 1 458 497 421
1249 2 2 1 1 497 902 421
1250 2 2 1 1 772 869 422
1251 2 2 1 1 422 869 835
1252 2 2 1 1 835 984 422
1253 2 2 1 1 423 804 448
1254 2 2 1 1 462 487 423
1255 2 2 1 1 487 804 423
1256 2 2 1 1 425 426 424
1257 2 2 1 1 426 780 424
1258 2 2 1 1 780 781 424
1259 2 2 1 1 425 427 426
1260 2 2 1 1 425 428 427
1261 2 2 1 1 425 825 428
1262 2 2 1 1 427 529 426
1263 2 2 1 1 529 557 426
1264 2 2 1 1 557 780 426
1265 2 2 1 1 428 429 427
1266 2 2 1 1 429 787 427
1267 2 2 1 1 427 787 529
1268 2 2 1 1 428 430 429
1269 2 2 1 1 428 523 430
1270 2 2 1 1 428 825 523
1271 2 2 1 1 430 431 429
1272 2 2 1 1 431 432 429
1273 2 2 1 1 432 787 429
1274 2 2 1 1 430 820 431
1275 2 2 1 1 523 524 430
1276 2 2 1 1 524 820 430
1277 2 2 1 1 431 433 432
1278 2 2 1 1 431 434 433
1279 2 2 1 1 431 820 434
1280 2 2 1 1 433 442 432
1281 2 2 1 1 442 443 432
1282 2 2 1 1 443 787 432
1283 2 2 1 1 434 435 433
1284 2 2 1 1 435 813 433
1285 2 2 1 1 433 813 442
1286 2 2 1 1 434 436 435
1287 2 2 1 1 434 446 436
1288 2 2 1 1 434 820 446
1289 2 2 1 1 436 437 435
1290 2 2 1 1 437 441 435
1291 2 2 1 1 441 813 435
1292 2 2 1 1 436 438 437
1293 2 2 1 1 436 821 438
1294 2 2 1 1 446 821 436
1295 2 2 1 1 438 439 437
1296 2 2 1 1 439 1054 437
1297 2 2 1 1 437 1054 441
1298 2 2 1 1 438 440 439
1299 2 2 1 1 438 444 440
1300 2 2 1 1 438 821 444
1301 2 2 1 1 440 819 439
1302 2 2 1 1 439 873 743
1303 2 2 1 1 743 1054 439
1304 2 2 1 1 819 873 439
1305 2 2 1 1 444 445 440
1306 2 2 1 1 445 465 440
1307 2 2 1 1 465 819 440
1308 2 2 1 1 441 888 813
1309 2 2 1 1 441 950 888
1310 2 2 1 1 441 1054 950
1311 2 2 1 1 442 447 443
1312 2 2 1 1 442 514 447
1313 2 2 1 1 442 813 514
1314 2 2 1 1 447 603 443
1315 2 2 1 1 603 854 443
1316 2 2 1 1 443 854 787
1317 2 2 1 1 444 459 445
1318 2 2 1 1 444 479 459
1319 2 2 1 1 444 821 479
1320 2 2 1 1 459 816 445
1321 2 2 1 1 445 466 465
1322 2 2 1 1 445 816 466
1323 2 2 1 1 820 887 446
1324 2 2 1 1 446 883 821
1325 2 2 1 1 446 887 883
1326 2 2 1 1 514 545 447
1327 2 2 1 1 545 982 447
1328 2 2 1 1 447 982 603
1329 2 2 1 1 448 892 795
1330 2 2 1 1 804 805 448
1331 2 2 1 1 805 892 448
1332 2 2 1 1 711 898 449
1333 2 2 1 1 449 773 772
1334 2 2 1 1 449 898 773
1335 2 2 1 1 453 934 450
1336 2 2 1 1 450 483 458
1337 2 2 1 1 450 934 483
1338 2 2 1 1 477 492 451
1339 2 2 1 1 492 785 451
1340 2 2 1 1 451 785 515
1341 2 2 1 1 452 622 601
1342 2 2 1 1 452 962 622
1343 2 2 1 1 781 962 452
1344 2 2 1 1 648 934 453
1345 2 2 1 1 453 973 648
1346 2 2 1 1 803 973 453
1347 2 2 1 1 454 566 455
1348 2 2 1 1 454 567 566
1349 2 2 1 1 454 776 567
1350 2 2 1 1 566 568 455
1351 2 2 1 1 568 864 455
1352 2 2 1 1 455 864 747
1353 2 2 1 1 457 535 456
1354 2 2 1 1 535 553 456
1355 2 2 1 1 553 748 456
1356 2 2 1 1 457 584 535
1357 2 2 1 1 457 1018 584
1358 2 2 1 1 457 984 642
1359 2 2 1 1 642 1018 457
1360 2 2 1 1 483 484 458
1361 2 2 1 1 484 808 458
1362 2 2 1 1 458 808 497
1363 2 2 1 1 479 624 459
1364 2 2 1 1 624 625 459
1365 2 2 1 1 625 816 459
1366 2 2 1 1 859 937 460
1367 2 2 1 1 937 997 460
1368 2 2 1 1 997 1049 460
1369 2 2 1 1 461 589 554
1370 2 2 1 1 461 590 589
1371 2 2 1 1 461 850 590
1372 2 2 1 1 462 555 487
1373 2 2 1 1 462 876 555
1374 2 2 1 1 462 1011 876
1375 2 2 1 1 516 527 463
1376 2 2 1 1 527 639 463
1377 2 2 1 1 639 733 463
1378 2 2 1 1 667 944 464
1379 2 2 1 1 464 727 726
1380 2 2 1 1 464 944 727
1381 2 2 1 1 466 498 465
1382 2 2 1 1 498 538 465
1383 2 2 1 1 538 819 465
1384 2 2 1 1 466 499 498
1385 2 2 1 1 466 530 499
1386 2 2 1 1 466 816 530
1387 2 2 1 1 467 899 712
1388 2 2 1 1 721 971 467
1389 2 2 1 1 467 971 899
1390 2 2 1 1 468 575 521
1391 2 2 1 1 468 649 575
1392 2 2 1 1 468 967 649
1393 2 2 1 1 469 906 715
1394 2 2 1 1 748 931 469
1395 2 2 1 1 469 931 906
1396 2 2 1 1 470 508 507
1397 2 2 1 1 470 822 508
1398 2 2 1 1 539 822 470
1399 2 2 1 1 471 548 528
1400 2 2 1 1 471 549 548
1401 2 2 1 1 471 757 549
1402 2 2 1 1 771 882 472
1403 2 2 1 1 472 922 837
1404 2 2 1 1 882 922 472
1405 2 2 1 1 473 1042 643
1406 2 2 1 1 830 986 473
1407 2 2 1 1 986 1042 473
1408 2 2 1 1 505 602 474
1409 2 2 1 1 602 613 474
1410 2 2 1 1 613 1000 474
1411 2 2 1 1 475 948 731
1412 2 2 1 1 824 992 475
1413 2 2 1 1 475 992 948
1414 2 2 1 1 588 657 476
1415 2 2 1 1 476 657 600
1416 2 2 1 1 600 924 476
1417 2 2 1 1 924 1059 476
1418 2 2 1 1 478 1025 477
1419 2 2 1 1 477 543 492
1420 2 2 1 1 477 1025 543
1421 2 2 1 1 814 853 478
1422 2 2 1 1 853 1056 478
1423 2 2 1 1 478 1056 1025
1424 2 2 1 1 479 646 624
1425 2 2 1 1 479 883 646
1426 2 2 1 1 821 883 479
1427 2 2 1 1 481 576 480
1428 2 2 1 1 480 809 482
1429 2 2 1 1 576 809 480
1430 2 2 1 1 481 577 576
1431 2 2 1 1 481 578 577
1432 2 2 1 1 481 807 578
1433 2 2 1 1 809 1030 482
1434 2 2 1 1 482 1014 811
1435 2 2 1 1 482 1030 1014
1436 2 2 1 1 483 485 484
1437 2 2 1 1 483 1045 485
1438 2 2 1 1 934 1045 483
1439 2 2 1 1 485 536 484
1440 2 2 1 1 536 623 484
1441 2 2 1 1 623 808 484
1442 2 2 1 1 485 569 536
1443 2 2 1 1 485 904 569
1444 2 2 1 1 485 1045 904
1445 2 2 1 1 746 884 486
1446 2 2 1 1 486 754 753
1447 2 2 1 1 486 884 754
1448 2 2 1 1 555 556 487
1449 2 2 1 1 556 641 487
1450 2 2 1 1 641 804 487
1451 2 2 1 1 489 998 488
1452 2 2 1 1 636 995 488
1453 2 2 1 1 488 998 636
1454 2 2 1 1 488 995 784
1455 2 2 1 1 490 597 489
1456 2 2 1 1 597 620 489
1457 2 2 1 1 620 998 489
1458 2 2 1 1 490 615 597
1459 2 2 1 1 490 616 615
1460 2 2 1 1 490 832 616
1461 2 2 1 1 504 642 491
1462 2 2 1 1 491 835 534
1463 2 2 1 1 642 835 491
1464 2 2 1 1 543 633 492
1465 2 2 1 1 633 635 492
1466 2 2 1 1 635 785 492
1467 2 2 1 1 620 949 493
1468 2 2 1 1 493 998 620
1469 2 2 1 1 636 998 493
1470 2 2 1 1 493 949 725
1471 2 2 1 1 494 580 495
1472 2 2 1 1 494 867 580
1473 2 2 1 1 651 867 494
1474 2 2 1 1 580 581 495
1475 2 2 1 1 581 1064 495
1476 2 2 1 1 495 1064 967
1477 2 2 1 1 511 607 496
1478 2 2 1 1 607 611 496
1479 2 2 1 1 611 758 496
1480 2 2 1 1 497 868 794
1481 2 2 1 1 794 902 497
1482 2 2 1 1 808 1055 497
1483 2 2 1 1 497 1055 868
1484 2 2 1 1 499 500 498
1485 2 2 1 1 500 703 498
1486 2 2 1 1 498 703 538
1487 2 2 1 1 499 501 500
1488 2 2 1 1 499 693 501
1489 2 2 1 1 530 693 499
1490 2 2 1 1 501 585 500
1491 2 2 1 1 585 655 500
1492 2 2 1 1 655 703 500
1493 2 2 1 1 501 586 585
1494 2 2 1 1 501 587 586
1495 2 2 1 1 501 693 587
1496 2 2 1 1 639 903 502
1497 2 2 1 1 502 1020 639
1498 2 2 1 1 846 847 502
1499 2 2 1 1 847 1020 502
1500 2 2 1 1 665 875 503
1501 2 2 1 1 875 1053 503
1502 2 2 1 1 503 1053 904
1503 2 2 1 1 504 1018 642
1504 2 2 1 1 504 901 876
1505 2 2 1 1 876 1018 504
1506 2 2 1 1 506 851 505
1507 2 2 1 1 505 697 602
1508 2 2 1 1 505 851 697
1509 2 2 1 1 628 629 506
1510 2 2 1 1 629 659 506
1511 2 2 1 1 659 851 506
1512 2 2 1 1 508 612 507
1513 2 2 1 1 507 1002 542
1514 2 2 1 1 612 1002 507
1515 2 2 1 1 508 1036 612
1516 2 2 1 1 822 1036 508
1517 2 2 1 1 509 669 668
1518 2 2 1 1 509 899 669
1519 2 2 1 1 712 899 509
1520 2 2 1 1 731 948 510
1521 2 2 1 1 510 913 838
1522 2 2 1 1 510 948 913
1523 2 2 1 1 511 608 607
1524 2 2 1 1 511 864 608
1525 2 2 1 1 747 864 511
1526 2 2 1 1 744 879 512
1527 2 2 1 1 879 936 512
1528 2 2 1 1 512 936 901
1529 2 2 1 1 697 1007 513
1530 2 2 1 1 770 799 513
1531 2 2 1 1 513 1007 770
1532 2 2 1 1 514 627 545
1533 2 2 1 1 514 888 627
1534 2 2 1 1 813 888 514
1535 2 2 1 1 785 786 515
1536 2 2 1 1 786 889 515
1537 2 2 1 1 515 889 829
1538 2 2 1 1 516 565 527
1539 2 2 1 1 516 886 565
1540 2 2 1 1 752 886 516
1541 2 2 1 1 716 906 517
1542 2 2 1 1 517 907 802
1543 2 2 1 1 906 907 517
1544 2 2 1 1 632 648 518
1545 2 2 1 1 648 894 518
1546 2 2 1 1 518 894 684
1547 2 2 1 1 519 614 520
1548 2 2 1 1 519 651 614
1549 2 2 1 1 519 867 651
1550 2 2 1 1 520 941 537
1551 2 2 1 1 614 619 520
1552 2 2 1 1 619 941 520
1553 2 2 1 1 575 604 521
1554 2 2 1 1 604 865 521
1555 2 2 1 1 521 865 852
1556 2 2 1 1 522 905 797
1557 2 2 1 1 842 843 522
1558 2 2 1 1 843 905 522
1559 2 2 1 1 523 550 524
1560 2 2 1 1 523 826 550
1561 2 2 1 1 825 826 523
1562 2 2 1 1 550 551 524
1563 2 2 1 1 551 887 524
1564 2 2 1 1 524 887 820
1565 2 2 1 1 605 929 525
1566 2 2 1 1 525 908 736
1567 2 2 1 1 525 929 908
1568 2 2 1 1 617 634 526
1569 2 2 1 1 634 1026 526
1570 2 2 1 1 526 1026 824
1571 2 2 1 1 565 582 527
1572 2 2 1 1 582 903 527
1573 2 2 1 1 527 903 639
1574 2 2 1 1 548 666 528
1575 2 2 1 1 528 924 600
1576 2 2 1 1 666 924 528
1577 2 2 1 1 529 853 557
1578 2 2 1 1 787 854 529
1579 2 2 1 1 529 854 853
1580 2 2 1 1 691 693 530
1581 2 2 1 1 530 694 691
1582 2 2 1 1 530 816 694
1583 2 2 1 1 531 544 532
1584 2 2 1 1 531 926 544
1585 2 2 1 1 706 926 531
1586 2 2 1 1 544 1044 532
1587 2 2 1 1 664 708 532
1588 2 2 1 1 532 1044 664
1589 2 2 1 1 726 893 533
1590 2 2 1 1 533 935 870
1591 2 2 1 1 893 935 533
1592 2 2 1 1 835 977 534
1593 2 2 1 1 534 938 855
1594 2 2 1 1 534 977 938
1595 2 2 1 1 535 645 553
1596 2 2 1 1 584 915 535
1597 2 2 1 1 535 915 645
1598 2 2 1 1 569 570 536
1599 2 2 1 1 570 965 536
1600 2 2 1 1 536 965 623
1601 2 2 1 1 537 654 638
1602 2 2 1 1 638 918 537
1603 2 2 1 1 537 1019 654
1604 2 2 1 1 941 1019 537
1605 2 2 1 1 703 975 538
1606 2 2 1 1 778 819 538
1607 2 2 1 1 538 975 778
1608 2 2 1 1 749 1043 539
1609 2 2 1 1 539 1040 822
1610 2 2 1 1 539 1043 1040
1611 2 2 1 1 541 962 540
1612 2 2 1 1 540 781 780
1613 2 2 1 1 780 1021 540
1614 2 2 1 1 540 962 781
1615 2 2 1 1 541 923 622
1616 2 2 1 1 622 962 541
1617 2 2 1 1 810 923 541
1618 2 2 1 1 542 783 782
1619 2 2 1 1 542 1014 783
1620 2 2 1 1 542 1002 811
1621 2 2 1 1 811 1014 542
1622 2 2 1 1 543 954 633
1623 2 2 1 1 543 982 954
1624 2 2 1 1 543 1025 982
1625 2 2 1 1 926 964 544
1626 2 2 1 1 964 976 544
1627 2 2 1 1 976 1044 544
1628 2 2 1 1 627 999 545
1629 2 2 1 1 954 982 545
1630 2 2 1 1 545 999 954
1631 2 2 1 1 546 660 547
1632 2 2 1 1 546 970 660
1633 2 2 1 1 910 970 546
1634 2 2 1 1 660 661 547
1635 2 2 1 1 661 882 547
1636 2 2 1 1 547 882 771
1637 2 2 1 1 549 1004 548
1638 2 2 1 1 548 891 666
1639 2 2 1 1 548 1004 891
1640 2 2 1 1 757 927 549
1641 2 2 1 1 549 927 886
1642 2 2 1 1 886 1004 549
1643 2 2 1 1 550 1058 551
1644 2 2 1 1 826 1052 550
1645 2 2 1 1 550 1052 910
1646 2 2 1 1 910 1058 550
1647 2 2 1 1 647 963 551
1648 2 2 1 1 551 1058 647
1649 2 2 1 1 551 963 887
1650 2 2 1 1 583 992 552
1651 2 2 1 1 552 992 824
1652 2 2 1 1 824 1026 552
1653 2 2 1 1 645 1015 553
1654 2 2 1 1 553 931 748
1655 2 2 1 1 553 1015 931
1656 2 2 1 1 589 961 554
1657 2 2 1 1 554 857 830
1658 2 2 1 1 554 961 857
1659 2 2 1 1 555 936 556
1660 2 2 1 1 876 901 555
1661 2 2 1 1 901 936 555
1662 2 2 1 1 556 1022 641
1663 2 2 1 1 936 969 556
1664 2 2 1 1 969 1022 556
1665 2 2 1 1 557 1021 780
1666 2 2 1 1 853 912 557
1667 2 2 1 1 912 1021 557
1668 2 2 1 1 558 812 559
1669 2 2 1 1 558 730 729
1670 2 2 1 1 729 812 558
1671 2 2 1 1 559 562 560
1672 2 2 1 1 559 564 562
1673 2 2 1 1 559 812 564
1674 2 2 1 1 562 563 560
1675 2 2 1 1 563 884 560
1676 2 2 1 1 560 884 746
1677 2 2 1 1 561 922 724
1678 2 2 1 1 836 837 561
1679 2 2 1 1 837 922 561
1680 2 2 1 1 562 701 563
1681 2 2 1 1 564 939 562
1682 2 2 1 1 562 939 701
1683 2 2 1 1 563 885 884
1684 2 2 1 1 812 974 564
1685 2 2 1 1 564 1041 939
1686 2 2 1 1 974 1041 564
1687 2 2 1 1 565 1057 582
1688 2 2 1 1 886 927 565
1689 2 2 1 1 927 1057 565
1690 2 2 1 1 567 606 566
1691 2 2 1 1 566 1008 568
1692 2 2 1 1 606 1008 566
1693 2 2 1 1 567 652 606
1694 2 2 1 1 567 917 652
1695 2 2 1 1 776 917 567
1696 2 2 1 1 568 932 864
1697 2 2 1 1 568 1008 932
1698 2 2 1 1 569 571 570
1699 2 2 1 1 569 1053 571
1700 2 2 1 1 904 1053 569
1701 2 2 1 1 571 572 570
1702 2 2 1 1 572 640 570
1703 2 2 1 1 640 965 570
1704 2 2 1 1 571 573 572
1705 2 2 1 1 571 1035 573
1706 2 2 1 1 875 1035 571
1707 2 2 1 1 571 1053 875
1708 2 2 1 1 573 574 572
1709 2 2 1 1 574 1005 572
1710 2 2 1 1 572 1005 640
1711 2 2 1 1 573 626 574
1712 2 2 1 1 573 863 626
1713 2 2 1 1 573 1035 863
1714 2 2 1 1 626 966 574
1715 2 2 1 1 574 966 874
1716 2 2 1 1 874 1005 574
1717 2 2 1 1 575 664 604
1718 2 2 1 1 649 985 575
1719 2 2 1 1 575 985 664
1720 2 2 1 1 577 987 576
1721 2 2 1 1 576 862 809
1722 2 2 1 1 576 987 862
1723 2 2 1 1 578 579 577
1724 2 2 1 1 579 656 577
1725 2 2 1 1 656 987 577
1726 2 2 1 1 578 598 579
1727 2 2 1 1 578 878 598
1728 2 2 1 1 807 878 578
1729 2 2 1 1 598 599 579
1730 2 2 1 1 599 911 579
1731 2 2 1 1 579 911 656
1732 2 2 1 1 580 983 581
1733 2 2 1 1 867 919 580
1734 2 2 1 1 919 983 580
1735 2 2 1 1 581 983 823
1736 2 2 1 1 823 994 581
1737 2 2 1 1 581 994 929
1738 2 2 1 1 929 1064 581
1739 2 2 1 1 815 1013 582
1740 2 2 1 1 582 1057 815
1741 2 2 1 1 582 1013 903
1742 2 2 1 1 779 913 583
1743 2 2 1 1 913 948 583
1744 2 2 1 1 948 992 583
1745 2 2 1 1 876 1011 584
1746 2 2 1 1 584 1018 876
1747 2 2 1 1 584 1011 915
1748 2 2 1 1 586 591 585
1749 2 2 1 1 591 1031 585
1750 2 2 1 1 585 1031 655
1751 2 2 1 1 587 704 586
1752 2 2 1 1 586 592 591
1753 2 2 1 1 586 704 592
1754 2 2 1 1 587 693 692
1755 2 2 1 1 692 1006 587
1756 2 2 1 1 587 1006 704
1757 2 2 1 1 588 1047 657
1758 2 2 1 1 728 1043 588
1759 2 2 1 1 1043 1047 588
1760 2 2 1 1 590 650 589
1761 2 2 1 1 650 1029 589
1762 2 2 1 1 589 1029 961
1763 2 2 1 1 590 930 650
1764 2 2 1 1 850 890 590
1765 2 2 1 1 890 930 590
1766 2 2 1 1 592 866 591
1767 2 2 1 1 591 866 798
1768 2 2 1 1 798 1031 591
1769 2 2 1 1 680 682 592
1770 2 2 1 1 592 972 680
1771 2 2 1 1 682 866 592
1772 2 2 1 1 704 972 592
1773 2 2 1 1 593 951 720
1774 2 2 1 1 758 952 593
1775 2 2 1 1 593 952 951
1776 2 2 1 1 594 1003 595
1777 2 2 1 1 872 916 594
1778 2 2 1 1 916 1003 594
1779 2 2 1 1 595 652 596
1780 2 2 1 1 606 652 595
1781 2 2 1 1 595 1003 606
1782 2 2 1 1 652 653 596
1783 2 2 1 1 653 880 596
1784 2 2 1 1 596 880 705
1785 2 2 1 1 615 1039 597
1786 2 2 1 1 597 621 620
1787 2 2 1 1 597 1039 621
1788 2 2 1 1 598 990 599
1789 2 2 1 1 878 957 598
1790 2 2 1 1 957 990 598
1791 2 2 1 1 765 911 599
1792 2 2 1 1 599 1046 765
1793 2 2 1 1 990 1046 599
1794 2 2 1 1 657 658 600
1795 2 2 1 1 658 991 600
1796 2 2 1 1 622 1036 601
1797 2 2 1 1 601 993 833
1798 2 2 1 1 601 1036 993
1799 2 2 1 1 602 638 613
1800 2 2 1 1 602 1048 638
1801 2 2 1 1 697 1048 602
1802 2 2 1 1 603 1056 854
1803 2 2 1 1 982 1025 603
1804 2 2 1 1 1025 1056 603
1805 2 2 1 1 664 1044 604
1806 2 2 1 1 604 976 865
1807 2 2 1 1 604 1044 976
1808 2 2 1 1 649 967 605
1809 2 2 1 1 605 1064 929
1810 2 2 1 1 967 1064 605
1811 2 2 1 1 1003 1008 606
1812 2 2 1 1 608 609 607
1813 2 2 1 1 609 1061 607
1814 2 2 1 1 607 1061 611
1815 2 2 1 1 608 610 609
1816 2 2 1 1 608 932 610
1817 2 2 1 1 864 932 608
1818 2 2 1 1 610 944 609
1819 2 2 1 1 609 944 667
1820 2 2 1 1 932 933 610
1821 2 2 1 1 933 958 610
1822 2 2 1 1 610 958 944
1823 2 2 1 1 611 952 758
1824 2 2 1 1 611 1012 952
1825 2 2 1 1 611 1061 1012
1826 2 2 1 1 622 923 612
1827 2 2 1 1 612 1036 622
1828 2 2 1 1 638 654 613
1829 2 2 1 1 654 1062 613
1830 2 2 1 1 613 1062 1000
1831 2 2 1 1 614 698 619
1832 2 2 1 1 616 1017 615
1833 2 2 1 1 615 1017 663
1834 2 2 1 1 616 832 650
1835 2 2 1 1 650 930 616
1836 2 2 1 1 930 1017 616
1837 2 2 1 1 618 1042 617
1838 2 2 1 1 617 986 634
1839 2 2 1 1 617 1042 986
1840 2 2 1 1 618 644 643
1841 2 2 1 1 643 1042 618
1842 2 2 1 1 618 900 644
1843 2 2 1 1 745 900 618
1844 2 2 1 1 619 940 689
1845 2 2 1 1 689 941 619
1846 2 2 1 1 621 949 620
1847 2 2 1 1 621 1039 714
1848 2 2 1 1 714 1050 621
1849 2 2 1 1 621 1050 949
1850 2 2 1 1 623 1055 808
1851 2 2 1 1 1010 1055 623
1852 2 2 1 1 624 997 625
1853 2 2 1 1 646 1049 624
1854 2 2 1 1 624 1049 997
1855 2 2 1 1 625 695 694
1856 2 2 1 1 694 816 625
1857 2 2 1 1 625 997 695
1858 2 2 1 1 863 1028 626
1859 2 2 1 1 627 888 742
1860 2 2 1 1 742 1060 627
1861 2 2 1 1 627 1060 999
1862 2 2 1 1 628 1016 629
1863 2 2 1 1 630 1016 628
1864 2 2 1 1 629 1024 659
1865 2 2 1 1 1016 1024 629
1866 2 2 1 1 631 1016 630
1867 2 2 1 1 738 1024 631
1868 2 2 1 1 631 1041 738
1869 2 2 1 1 939 1041 631
1870 2 2 1 1 631 1024 1016
1871 2 2 1 1 632 934 648
1872 2 2 1 1 904 1045 632
1873 2 2 1 1 632 1045 934
1874 2 2 1 1 633 1027 635
1875 2 2 1 1 633 954 828
1876 2 2 1 1 634 986 857
1877 2 2 1 1 635 978 785
1878 2 2 1 1 635 1027 978
1879 2 2 1 1 637 995 636
1880 2 2 1 1 856 897 637
1881 2 2 1 1 897 960 637
1882 2 2 1 1 960 995 637
1883 2 2 1 1 638 1048 918
1884 2 2 1 1 639 1020 733
1885 2 2 1 1 640 1005 921
1886 2 2 1 1 641 896 804
1887 2 2 1 1 642 984 835
1888 2 2 1 1 644 1009 860
1889 2 2 1 1 900 1009 644
1890 2 2 1 1 646 963 647
1891 2 2 1 1 883 963 646
1892 2 2 1 1 648 973 894
1893 2 2 1 1 717 985 649
1894 2 2 1 1 652 917 653
1895 2 2 1 1 653 968 880
1896 2 2 1 1 917 959 653
1897 2 2 1 1 959 968 653
1898 2 2 1 1 688 1062 654
1899 2 2 1 1 660 662 661
1900 2 2 1 1 662 1037 661
1901 2 2 1 1 661 988 882
1902 2 2 1 1 661 1037 988
1903 2 2 1 1 732 1037 662
1904 2 2 1 1 662 1063 732
1905 2 2 1 1 666 1059 924
1906 2 2 1 1 669 671 670
1907 2 2 1 1 669 899 671
1908 2 2 1 1 671 971 672
1909 2 2 1 1 899 971 671
1910 2 2 1 1 672 877 687
1911 2 2 1 1 672 1034 877
1912 2 2 1 1 971 1034 672
1913 2 2 1 1 675 696 674
1914 2 2 1 1 675 964 696
1915 2 2 1 1 865 976 675
1916 2 2 1 1 675 976 964
1917 2 2 1 1 676 706 699
1918 2 2 1 1 676 926 706
1919 2 2 1 1 678 1006 677
1920 2 2 1 1 677 1006 692
1921 2 2 1 1 678 972 704
1922 2 2 1 1 704 1006 678
1923 2 2 1 1 679 681 680
1924 2 2 1 1 679 920 681
1925 2 2 1 1 681 682 680
1926 2 2 1 1 681 683 682
1927 2 2 1 1 681 925 683
1928 2 2 1 1 920 925 681
1929 2 2 1 1 683 989 682
1930 2 2 1 1 682 989 866
1931 2 2 1 1 683 973 803
1932 2 2 1 1 803 989 683
1933 2 2 1 1 925 973 683
1934 2 2 1 1 685 877 686
1935 2 2 1 1 687 877 685
1936 2 2 1 1 686 877 722
1937 2 2 1 1 722 946 686
1938 2 2 1 1 946 966 686
1939 2 2 1 1 689 1019 941
1940 2 2 1 1 691 694 690
1941 2 2 1 1 694 695 690
1942 2 2 1 1 692 693 691
1943 2 2 1 1 695 997 937
1944 2 2 1 1 851 1007 697
1945 2 2 1 1 707 870 700
1946 2 2 1 1 870 935 700
1947 2 2 1 1 710 711 709
1948 2 2 1 1 710 898 711
1949 2 2 1 1 880 968 710
1950 2 2 1 1 710 968 898
1951 2 2 1 1 713 1050 714
1952 2 2 1 1 715 906 716
1953 2 2 1 1 719 951 718
1954 2 2 1 1 720 951 719
1955 2 2 1 1 722 1034 721
1956 2 2 1 1 721 1034 971
1957 2 2 1 1 723 946 722
1958 2 2 1 1 877 1034 722
1959 2 2 1 1 874 946 723
1960 2 2 1 1 922 988 724
1961 2 2 1 1 727 893 726
1962 2 2 1 1 727 1032 893
1963 2 2 1 1 944 958 727
1964 2 2 1 1 958 1032 727
1965 2 2 1 1 1040 1043 728
1966 2 2 1 1 734 855 735
1967 2 2 1 1 855 938 735
1968 2 2 1 1 736 908 831
1969 2 2 1 1 738 974 737
1970 2 2 1 1 738 1041 974
1971 2 2 1 1 739 742 740
1972 2 2 1 1 739 845 742
1973 2 2 1 1 740 743 741
1974 2 2 1 1 742 950 740
1975 2 2 1 1 740 950 743
1976 2 2 1 1 743 873 741
1977 2 2 1 1 741 778 777
1978 2 2 1 1 741 873 778
1979 2 2 1 1 845 1060 742
1980 2 2 1 1 888 950 742
1981 2 2 1 1 950 1054 743
1982 2 2 1 1 749 1047 1043
1983 2 2 1 1 751 774 750
1984 2 2 1 1 751 869 774
1985 2 2 1 1 751 977 869
1986 2 2 1 1 938 977 751
1987 2 2 1 1 754 755 753
1988 2 2 1 1 755 859 753
1989 2 2 1 1 884 885 754
1990 2 2 1 1 755 937 859
1991 2 2 1 1 756 897 839
1992 2 2 1 1 756 960 897
1993 2 2 1 1 759 767 760
1994 2 2 1 1 759 768 767
1995 2 2 1 1 760 767 761
1996 2 2 1 1 761 763 762
1997 2 2 1 1 761 764 763
1998 2 2 1 1 761 767 764
1999 2 2 1 1 763 942 762
2000 2 2 1 1 775 858 762
2001 2 2 1 1 762 942 775
2002 2 2 1 1 764 765 763
2003 2 2 1 1 765 1046 763
2004 2 2 1 1 763 1046 942
2005 2 2 1 1 764 766 765
2006 2 2 1 1 764 945 766
2007 2 2 1 1 767 945 764
2008 2 2 1 1 766 1033 765
2009 2 2 1 1 765 1033 911
2010 2 2 1 1 945 979 766
2011 2 2 1 1 766 979 956
2012 2 2 1 1 956 1033 766
2013 2 2 1 1 768 945 767
2014 2 2 1 1 839 897 769
2015 2 2 1 1 769 897 856
2016 2 2 1 1 773 774 772
2017 2 2 1 1 774 869 772
2018 2 2 1 1 773 1023 774
2019 2 2 1 1 898 947 773
2020 2 2 1 1 947 1023 773
2021 2 2 1 1 778 817 777
2022 2 2 1 1 778 975 817
2023 2 2 1 1 778 873 819
2024 2 2 1 1 783 895 782
2025 2 2 1 1 861 1009 783
2026 2 2 1 1 783 1030 861
2027 2 2 1 1 783 1009 895
2028 2 2 1 1 1014 1030 783
2029 2 2 1 1 784 995 960
2030 2 2 1 1 785 978 786
2031 2 2 1 1 786 928 889
2032 2 2 1 1 914 928 786
2033 2 2 1 1 786 978 914
2034 2 2 1 1 789 868 788
2035 2 2 1 1 790 791 789
2036 2 2 1 1 791 794 789
2037 2 2 1 1 794 868 789
2038 2 2 1 1 790 792 791
2039 2 2 1 1 790 892 792
2040 2 2 1 1 795 892 790
2041 2 2 1 1 792 793 791
2042 2 2 1 1 793 996 791
2043 2 2 1 1 791 996 794
2044 2 2 1 1 792 980 793
2045 2 2 1 1 792 892 871
2046 2 2 1 1 871 980 792
2047 2 2 1 1 793 801 800
2048 2 2 1 1 793 980 801
2049 2 2 1 1 794 996 902
2050 2 2 1 1 797 905 796
2051 2 2 1 1 804 896 805
2052 2 2 1 1 871 892 805
2053 2 2 1 1 805 1038 871
2054 2 2 1 1 896 1038 805
2055 2 2 1 1 806 912 814
2056 2 2 1 1 818 878 807
2057 2 2 1 1 861 1030 809
2058 2 2 1 1 814 912 853
2059 2 2 1 1 844 1013 815
2060 2 2 1 1 993 1036 822
2061 2 2 1 1 825 827 826
2062 2 2 1 1 954 999 828
2063 2 2 1 1 857 986 830
2064 2 2 1 1 947 959 834
2065 2 2 1 1 834 1023 947
2066 2 2 1 1 869 977 835
2067 2 2 1 1 840 1038 841
2068 2 2 1 1 871 1038 840
2069 2 2 1 1 841 1038 896
2070 2 2 1 1 842 881 843
2071 2 2 1 1 881 1001 843
2072 2 2 1 1 843 953 905
2073 2 2 1 1 843 1001 953
2074 2 2 1 1 846 953 847
2075 2 2 1 1 953 1001 847
2076 2 2 1 1 849 969 848
2077 2 2 1 1 848 969 879
2078 2 2 1 1 849 1022 969
2079 2 2 1 1 854 1056 853
2080 2 2 1 1 860 1009 861
2081 2 2 1 1 874 966 946
2082 2 2 1 1 879 969 936
2083 2 2 1 1 882 988 922
2084 2 2 1 1 887 963 883
2085 2 2 1 1 909 935 893
2086 2 2 1 1 893 1032 909
2087 2 2 1 1 894 973 925
2088 2 2 1 1 895 1009 900
2089 2 2 1 1 898 968 947
2090 2 2 1 1 906 931 907
2091 2 2 1 1 931 1015 907
2092 2 2 1 1 929 994 908
2093 2 2 1 1 910 1052 970
2094 2 2 1 1 933 1032 958
2095 2 2 1 1 942 1046 990
2096 2 2 1 1 947 968 959
2097 2 2 2 2 41 3 1241
2098 2 2 2 2 3 41 1294
2099 2 2 2 2 3 1218 1274
2100 2 2 2 2 1218 3 1294
2101 2 2 2 2 1241 3 1274
2102 2 2 2 2 4 30 1071
2103 2 2 2 2 30 4 1088
2104 2 2 2 2 4 1071 1310
2105 2 2 2 2 1088 4 1185
2106 2 2 2 2 1185 4 1310
2107 2 2 2 2 31 30 1238
2108 2 2 2 2 30 31 1242
2109 2 2 2 2 1071 30 1242
2110 2 2 2 2 30 1088 1238
2111 2 2 2 2 32 31 1132
2112 2 2 2 2 31 32 1202
2113 2 2 2 2 1132 31 1238
2114 2 2 2 2 31 1202 1242
2115 2 2 2 2 32 33 1070
2116 2 2 2 2 33 32 1243
2117 2 2 2 2 32 1070 1202
2118 2 2 2 2 32 1132 1243
2119 2 2 2 2 34 33 1066
2120 2 2 2 2 33 34 1270
2121 2 2 2 2 1066 33 1243
2122 2 2 2 2 1070 33 1270
2123 2 2 2 2 34 35 1072
2124 2 2 2 2 35 34 1224
2125 2 2 2 2 34 1066 1224
2126 2 2 2 2 34 1072 1270
2127 2 2 2 2 36 35 1074
2128 2 2 2 2 35 36 1239
2129 2 2 2 2 1072 35 1239
2130 2 2 2 2 1074 35 1224
2131 2 2 2 2 36 37 1068
2132 2 2 2 2 37 36 1271
2133 2 2 2 2 36 1068 1239
2134 2 2 2 2 36 1074 1271
2135 2 2 2 2 38 37 1067
2136 2 2 2 2 37 38 1244
2137 2 2 2 2 1067 37 1271
2138 2 2 2 2 1068 37 1244
2139 2 2 2 2 38 39 1073
2140 2 2 2 2 39 38 1076
2141 2 2 2 2 38 1067 1076
2142 2 2 2 2 38 1073 1244
2143 2 2 2 2 40 39 1075
2144 2 2 2 2 39 40 1312
2145 2 2 2 2 1073 39 1312
2146 2 2 2 2 1075 39 1076
2147 2 2 2 2 41 40 1065
2148 2 2 2 2 40 41 1069
2149 2 2 2 2 1065 40 1075
2150 2 2 2 2 40 1069 1312
2151 2 2 2 2 41 1065 1294
2152 2 2 2 2 1069 41 1241
2153 2 2 2 2 1065 1075 1078
2154 2 2 2 2 1065 1078 1231
2155 2 2 2 2 1065 1231 1294
2156 2 2 2 2 1224 1066 1295
2157 2 2 2 2 1066 1243 1275
2158 2 2 2 2 1066 1275 1295
2159 2 2 2 2 1076 1067 1077
2160 2 2 2 2 1077 1067 1079
2161 2 2 2 2 1079 1067 1271
2162 2 2 2 2 1239 1068 1284
2163 2 2 2 2 1068 1244 1303
2164 2 2 2 2 1284 1068 1303
2165 2 2 2 2 1069 1217 1312
2166 2 2 2 2 1217 1069 1316
2167 2 2 2 2 1069 1241 1248
2168 2 2 2 2 1069 1248 1316
2169 2 2 2 2 1202 1070 1204
2170 2 2 2 2 1204 1070 1205
2171 2 2 2 2 1205 1070 1270
2172 2 2 2 2 1236 1071 1242
2173 2 2 2 2 1071 1236 1307
2174 2 2 2 2 1071 1307 1310
2175 2 2 2 2 1072 1239 1240
2176 2 2 2 2 1072 1240 1281
2177 2 2 2 2 1270 1072 1281
2178 2 2 2 2 1073 1188 1216
2179 2 2 2 2 1188 1073 1217
2180 2 2 2 2 1073 1216 1244
2181 2 2 2 2 1217 1073 1312
2182 2 2 2 2 1074 1224 1225
2183 2 2 2 2 1074 1225 1297
2184 2 2 2 2 1271 1074 1297
2185 2 2 2 2 1075 1076 1080
2186 2 2 2 2 1078 1075 1080
2187 2 2 2 2 1076 1077 1080
2188 2 2 2 2 1077 1079 1226
2189 2 2 2 2 1080 1077 1081
2190 2 2 2 2 1081 1077 1226
2191 2 2 2 2 1078 1080 1082
2192 2 2 2 2 1078 1082 1100
2193 2 2 2 2 1078 1100 1231
2194 2 2 2 2 1226 1079 1227
2195 2 2 2 2 1227 1079 1297
2196 2 2 2 2 1079 1271 1297
2197 2 2 2 2 1080 1081 1082
2198 2 2 2 2 1082 1081 1083
2199 2 2 2 2 1083 1081 1084
2200 2 2 2 2 1084 1081 1226
2201 2 2 2 2 1082 1083 1211
2202 2 2 2 2 1100 1082 1211
2203 2 2 2 2 1083 1084 1085
2204 2 2 2 2 1083 1085 1181
2205 2 2 2 2 1083 1181 1211
2206 2 2 2 2 1085 1084 1086
2207 2 2 2 2 1086 1084 1272
2208 2 2 2 2 1084 1226 1272
2209 2 2 2 2 1085 1086 1087
2210 2 2 2 2 1085 1087 1251
2211 2 2 2 2 1181 1085 1251
2212 2 2 2 2 1087 1086 1089
2213 2 2 2 2 1089 1086 1140
2214 2 2 2 2 1140 1086 1272
2215 2 2 2 2 1087 1089 1090
2216 2 2 2 2 1087 1090 1091
2217 2 2 2 2 1087 1091 1251
2218 2 2 2 2 1088 1185 1219
2219 2 2 2 2 1088 1219 1290
2220 2 2 2 2 1238 1088 1314
2221 2 2 2 2 1088 1290 1314
2222 2 2 2 2 1090 1089 1130
2223 2 2 2 2 1130 1089 1298
2224 2 2 2 2 1089 1140 1298
2225 2 2 2 2 1091 1090 1092
2226 2 2 2 2 1092 1090 1317
2227 2 2 2 2 1090 1130 1317
2228 2 2 2 2 1091 1092 1093
2229 2 2 2 2 1091 1093 1136
2230 2 2 2 2 1091 1136 1251
2231 2 2 2 2 1093 1092 1094
2232 2 2 2 2 1094 1092 1288
2233 2 2 2 2 1092 1196 1288
2234 2 2 2 2 1196 1092 1317
2235 2 2 2 2 1093 1094 1095
2236 2 2 2 2 1093 1095 1269
2237 2 2 2 2 1136 1093 1269
2238 2 2 2 2 1095 1094 1096
2239 2 2 2 2 1096 1094 1252
2240 2 2 2 2 1252 1094 1288
2241 2 2 2 2 1095 1096 1097
2242 2 2 2 2 1095 1097 1099
2243 2 2 2 2 1095 1099 1269
2244 2 2 2 2 1097 1096 1098
2245 2 2 2 2 1098 1096 1101
2246 2 2 2 2 1101 1096 1252
2247 2 2 2 2 1097 1098 1268
2248 2 2 2 2 1099 1097 1145
2249 2 2 2 2 1145 1097 1268
2250 2 2 2 2 1098 1101 1102
2251 2 2 2 2 1098 1102 1103
2252 2 2 2 2 1098 1103 1268
2253 2 2 2 2 1099 1145 1146
2254 2 2 2 2 1099 1146 1229
2255 2 2 2 2 1099 1229 1269
2256 2 2 2 2 1100 1211 1212
2257 2 2 2 2 1100 1212 1213
2258 2 2 2 2 1100 1213 1231
2259 2 2 2 2 1102 1101 1131
2260 2 2 2 2 1131 1101 1137
2261 2 2 2 2 1137 1101 1252
2262 2 2 2 2 1103 1102 1104
2263 2 2 2 2 1104 1102 1262
2264 2 2 2 2 1102 1131 1262
2265 2 2 2 2 1103 1104 1105
2266 2 2 2 2 1103 1105 1291
2267 2 2 2 2 1268 1103 1291
2268 2 2 2 2 1105 1104 1106
2269 2 2 2 2 1106 1104 1261
2270 2 2 2 2 1261 1104 1262
2271 2 2 2 2 1105 1106 1107
2272 2 2 2 2 1105 1107 1135
2273 2 2 2 2 1105 1135 1291
2274 2 2 2 2 1107 1106 1108
2275 2 2 2 2 1108 1106 1126
2276 2 2 2 2 1126 1106 1261
2277 2 2 2 2 1107 1108 1109
2278 2 2 2 2 1107 1109 1255
2279 2 2 2 2 1135 1107 1255
2280 2 2 2 2 1109 1108 1110
2281 2 2 2 2 1110 1108 1246
2282 2 2 2 2 1108 1126 1246
2283 2 2 2 2 1109 1110 1111
2284 2 2 2 2 1109 1111 1113
2285 2 2 2 2 1109 1113 1255
2286 2 2 2 2 1111 1110 1112
2287 2 2 2 2 1112 1110 1245
2288 2 2 2 2 1245 1110 1246
2289 2 2 2 2 1111 1112 1114
2290 2 2 2 2 1113 1111 1259
2291 2 2 2 2 1111 1114 1259
2292 2 2 2 2 1114 1112 1115
2293 2 2 2 2 1115 1112 1125
2294 2 2 2 2 1125 1112 1245
2295 2 2 2 2 1255 1113 1256
2296 2 2 2 2 1256 1113 1257
2297 2 2 2 2 1257 1113 1259
2298 2 2 2 2 1114 1115 1116
2299 2 2 2 2 1114 1116 1277
2300 2 2 2 2 1259 1114 1277
2301 2 2 2 2 1116 1115 1117
2302 2 2 2 2 1117 1115 1237
2303 2 2 2 2 1115 1125 1237
2304 2 2 2 2 1116 1117 1118
2305 2 2 2 2 1116 1118 1120
2306 2 2 2 2 1116 1120 1277
2307 2 2 2 2 1118 1117 1119
2308 2 2 2 2 1119 1117 1293
2309 2 2 2 2 1117 1237 1293
2310 2 2 2 2 1118 1119 1121
2311 2 2 2 2 1120 1118 1221
2312 2 2 2 2 1118 1121 1221
2313 2 2 2 2 1121 1119 1122
2314 2 2 2 2 1122 1119 1123
2315 2 2 2 2 1123 1119 1293
2316 2 2 2 2 1220 1120 1221
2317 2 2 2 2 1120 1220 1222
2318 2 2 2 2 1120 1222 1277
2319 2 2 2 2 1121 1122 1263
2320 2 2 2 2 1221 1121 1223
2321 2 2 2 2 1223 1121 1263
2322 2 2 2 2 1122 1123 1124
2323 2 2 2 2 1122 1124 1127
2324 2 2 2 2 1122 1127 1263
2325 2 2 2 2 1124 1123 1128
2326 2 2 2 2 1128 1123 1300
2327 2 2 2 2 1233 1123 1293
2328 2 2 2 2 1123 1233 1300
2329 2 2 2 2 1127 1124 1253
2330 2 2 2 2 1124 1128 1129
2331 2 2 2 2 1124 1129 1253
2332 2 2 2 2 1125 1208 1210
2333 2 2 2 2 1208 1125 1245
2334 2 2 2 2 1125 1210 1237
2335 2 2 2 2 1246 1126 1280
2336 2 2 2 2 1126 1261 1311
2337 2 2 2 2 1280 1126 1311
2338 2 2 2 2 1127 1253 1289
2339 2 2 2 2 1263 1127 1306
2340 2 2 2 2 1127 1289 1306
2341 2 2 2 2 1129 1128 1133
2342 2 2 2 2 1133 1128 1134
2343 2 2 2 2 1134 1128 1300
2344 2 2 2 2 1129 1133 1138
2345 2 2 2 2 1129 1138 1139
2346 2 2 2 2 1129 1139 1253
2347 2 2 2 2 1130 1192 1260
2348 2 2 2 2 1192 1130 1298
2349 2 2 2 2 1130 1260 1317
2350 2 2 2 2 1131 1137 1142
2351 2 2 2 2 1131 1142 1144
2352 2 2 2 2 1131 1144 1262
2353 2 2 2 2 1132 1238 1273
2354 2 2 2 2 1243 1132 1286
2355 2 2 2 2 1132 1273 1286
2356 2 2 2 2 1133 1134 1265
2357 2 2 2 2 1138 1133 1141
2358 2 2 2 2 1141 1133 1265
2359 2 2 2 2 1134 1232 1234
2360 2 2 2 2 1232 1134 1300
2361 2 2 2 2 1134 1234 1265
2362 2 2 2 2 1135 1255 1278
2363 2 2 2 2 1135 1278 1313
2364 2 2 2 2 1291 1135 1313
2365 2 2 2 2 1136 1229 1230
2366 2 2 2 2 1229 1136 1269
2367 2 2 2 2 1136 1230 1251
2368 2 2 2 2 1142 1137 1143
2369 2 2 2 2 1143 1137 1161
2370 2 2 2 2 1161 1137 1252
2371 2 2 2 2 1139 1138 1159
2372 2 2 2 2 1138 1141 1207
2373 2 2 2 2 1159 1138 1207
2374 2 2 2 2 1139 1159 1160
2375 2 2 2 2 1139 1160 1175
2376 2 2 2 2 1139 1175 1253
2377 2 2 2 2 1140 1272 1296
2378 2 2 2 2 1283 1140 1296
2379 2 2 2 2 1140 1283 1298
2380 2 2 2 2 1207 1141 1282
2381 2 2 2 2 1235 1141 1265
2382 2 2 2 2 1141 1235 1282
2383 2 2 2 2 1142 1143 1254
2384 2 2 2 2 1144 1142 1164
2385 2 2 2 2 1164 1142 1254
2386 2 2 2 2 1143 1161 1172
2387 2 2 2 2 1143 1172 1173
2388 2 2 2 2 1143 1173 1254
2389 2 2 2 2 1144 1164 1165
2390 2 2 2 2 1144 1165 1287
2391 2 2 2 2 1262 1144 1287
2392 2 2 2 2 1146 1145 1147
2393 2 2 2 2 1147 1145 1189
2394 2 2 2 2 1189 1145 1268
2395 2 2 2 2 1146 1147 1148
2396 2 2 2 2 1146 1148 1152
2397 2 2 2 2 1146 1152 1229
2398 2 2 2 2 1148 1147 1149
2399 2 2 2 2 1149 1147 1267
2400 2 2 2 2 1147 1189 1267
2401 2 2 2 2 1148 1149 1150
2402 2 2 2 2 1148 1150 1250
2403 2 2 2 2 1152 1148 1250
2404 2 2 2 2 1150 1149 1151
2405 2 2 2 2 1151 1149 1171
2406 2 2 2 2 1171 1149 1267
2407 2 2 2 2 1150 1151 1153
2408 2 2 2 2 1150 1153 1285
2409 2 2 2 2 1250 1150 1285
2410 2 2 2 2 1153 1151 1154
2411 2 2 2 2 1154 1151 1258
2412 2 2 2 2 1151 1171 1258
2413 2 2 2 2 1152 1214 1228
2414 2 2 2 2 1214 1152 1250
2415 2 2 2 2 1152 1228 1229
2416 2 2 2 2 1153 1154 1155
2417 2 2 2 2 1153 1155 1156
2418 2 2 2 2 1153 1156 1285
2419 2 2 2 2 1155 1154 1157
2420 2 2 2 2 1157 1154 1168
2421 2 2 2 2 1168 1154 1258
2422 2 2 2 2 1156 1155 1274
2423 2 2 2 2 1155 1157 1158
2424 2 2 2 2 1155 1158 1274
2425 2 2 2 2 1215 1156 1218
2426 2 2 2 2 1156 1215 1285
2427 2 2 2 2 1218 1156 1274
2428 2 2 2 2 1158 1157 1162
2429 2 2 2 2 1162 1157 1279
2430 2 2 2 2 1157 1168 1279
2431 2 2 2 2 1158 1162 1163
2432 2 2 2 2 1158 1163 1249
2433 2 2 2 2 1158 1249 1274
2434 2 2 2 2 1160 1159 1276
2435 2 2 2 2 1159 1207 1292
2436 2 2 2 2 1276 1159 1292
2437 2 2 2 2 1175 1160 1176
2438 2 2 2 2 1176 1160 1180
2439 2 2 2 2 1180 1160 1276
2440 2 2 2 2 1172 1161 1196
2441 2 2 2 2 1196 1161 1288
2442 2 2 2 2 1161 1252 1288
2443 2 2 2 2 1163 1162 1169
2444 2 2 2 2 1169 1162 1220
2445 2 2 2 2 1220 1162 1279
2446 2 2 2 2 1163 1169 1170
2447 2 2 2 2 1163 1170 1182
2448 2 2 2 2 1163 1182 1249
2449 2 2 2 2 1165 1164 1166
2450 2 2 2 2 1166 1164 1219
2451 2 2 2 2 1219 1164 1254
2452 2 2 2 2 1165 1166 1167
2453 2 2 2 2 1165 1167 1187
2454 2 2 2 2 1165 1187 1287
2455 2 2 2 2 1167 1166 1185
2456 2 2 2 2 1185 1166 1219
2457 2 2 2 2 1167 1185 1186
2458 2 2 2 2 1167 1186 1266
2459 2 2 2 2 1187 1167 1266
2460 2 2 2 2 1257 1168 1258
2461 2 2 2 2 1168 1257 1302
2462 2 2 2 2 1279 1168 1302
2463 2 2 2 2 1170 1169 1301
2464 2 2 2 2 1169 1220 1221
2465 2 2 2 2 1169 1221 1301
2466 2 2 2 2 1182 1170 1183
2467 2 2 2 2 1183 1170 1184
2468 2 2 2 2 1184 1170 1301
2469 2 2 2 2 1171 1256 1258
2470 2 2 2 2 1256 1171 1278
2471 2 2 2 2 1171 1267 1278
2472 2 2 2 2 1173 1172 1174
2473 2 2 2 2 1174 1172 1260
2474 2 2 2 2 1172 1196 1260
2475 2 2 2 2 1173 1174 1190
2476 2 2 2 2 1173 1190 1290
2477 2 2 2 2 1254 1173 1290
2478 2 2 2 2 1190 1174 1191
2479 2 2 2 2 1191 1174 1192
2480 2 2 2 2 1192 1174 1260
2481 2 2 2 2 1175 1176 1177
2482 2 2 2 2 1175 1177 1289
2483 2 2 2 2 1253 1175 1289
2484 2 2 2 2 1177 1176 1178
2485 2 2 2 2 1178 1176 1264
2486 2 2 2 2 1176 1180 1264
2487 2 2 2 2 1177 1178 1179
2488 2 2 2 2 1177 1179 1197
2489 2 2 2 2 1177 1197 1289
2490 2 2 2 2 1179 1178 1188
2491 2 2 2 2 1188 1178 1216
2492 2 2 2 2 1216 1178 1264
2493 2 2 2 2 1179 1188 1247
2494 2 2 2 2 1197 1179 1299
2495 2 2 2 2 1179 1247 1299
2496 2 2 2 2 1240 1180 1276
2497 2 2 2 2 1180 1240 1284
2498 2 2 2 2 1264 1180 1284
2499 2 2 2 2 1211 1181 1305
2500 2 2 2 2 1230 1181 1251
2501 2 2 2 2 1181 1230 1305
2502 2 2 2 2 1182 1183 1248
2503 2 2 2 2 1241 1182 1248
2504 2 2 2 2 1182 1241 1249
2505 2 2 2 2 1183 1184 1299
2506 2 2 2 2 1183 1247 1248
2507 2 2 2 2 1247 1183 1299
2508 2 2 2 2 1184 1197 1299
2509 2 2 2 2 1197 1184 1304
2510 2 2 2 2 1223 1184 1301
2511 2 2 2 2 1184 1223 1304
2512 2 2 2 2 1186 1185 1198
2513 2 2 2 2 1198 1185 1310
2514 2 2 2 2 1186 1198 1199
2515 2 2 2 2 1186 1199 1200
2516 2 2 2 2 1186 1200 1266
2517 2 2 2 2 1187 1266 1280
2518 2 2 2 2 1187 1280 1311
2519 2 2 2 2 1287 1187 1311
2520 2 2 2 2 1188 1217 1247
2521 2 2 2 2 1267 1189 1313
2522 2 2 2 2 1189 1268 1291
2523 2 2 2 2 1189 1291 1313
2524 2 2 2 2 1190 1191 1273
2525 2 2 2 2 1190 1273 1314
2526 2 2 2 2 1290 1190 1314
2527 2 2 2 2 1191 1192 1193
2528 2 2 2 2 1191 1193 1286
2529 2 2 2 2 1273 1191 1286
2530 2 2 2 2 1193 1192 1194
2531 2 2 2 2 1194 1192 1298
2532 2 2 2 2 1193 1194 1195
2533 2 2 2 2 1193 1195 1275
2534 2 2 2 2 1193 1275 1286
2535 2 2 2 2 1195 1194 1283
2536 2 2 2 2 1283 1194 1298
2537 2 2 2 2 1275 1195 1295
2538 2 2 2 2 1195 1283 1309
2539 2 2 2 2 1295 1195 1309
2540 2 2 2 2 1260 1196 1317
2541 2 2 2 2 1289 1197 1306
2542 2 2 2 2 1197 1304 1306
2543 2 2 2 2 1199 1198 1201
2544 2 2 2 2 1201 1198 1307
2545 2 2 2 2 1307 1198 1310
2546 2 2 2 2 1200 1199 1203
2547 2 2 2 2 1199 1201 1308
2548 2 2 2 2 1203 1199 1308
2549 2 2 2 2 1200 1203 1208
2550 2 2 2 2 1200 1208 1209
2551 2 2 2 2 1200 1209 1266
2552 2 2 2 2 1234 1201 1235
2553 2 2 2 2 1201 1234 1308
2554 2 2 2 2 1235 1201 1236
2555 2 2 2 2 1236 1201 1307
2556 2 2 2 2 1202 1204 1206
2557 2 2 2 2 1202 1206 1242
2558 2 2 2 2 1208 1203 1210
2559 2 2 2 2 1210 1203 1232
2560 2 2 2 2 1232 1203 1308
2561 2 2 2 2 1204 1205 1207
2562 2 2 2 2 1206 1204 1282
2563 2 2 2 2 1204 1207 1282
2564 2 2 2 2 1207 1205 1292
2565 2 2 2 2 1205 1270 1281
2566 2 2 2 2 1205 1281 1292
2567 2 2 2 2 1206 1236 1242
2568 2 2 2 2 1236 1206 1315
2569 2 2 2 2 1206 1282 1315
2570 2 2 2 2 1209 1208 1245
2571 2 2 2 2 1209 1245 1246
2572 2 2 2 2 1209 1246 1280
2573 2 2 2 2 1266 1209 1280
2574 2 2 2 2 1210 1232 1233
2575 2 2 2 2 1210 1233 1237
2576 2 2 2 2 1212 1211 1305
2577 2 2 2 2 1213 1212 1214
2578 2 2 2 2 1214 1212 1228
2579 2 2 2 2 1228 1212 1305
2580 2 2 2 2 1213 1214 1215
2581 2 2 2 2 1213 1215 1218
2582 2 2 2 2 1213 1218 1231
2583 2 2 2 2 1215 1214 1250
2584 2 2 2 2 1215 1250 1285
2585 2 2 2 2 1244 1216 1303
2586 2 2 2 2 1216 1264 1303
2587 2 2 2 2 1247 1217 1316
2588 2 2 2 2 1231 1218 1294
2589 2 2 2 2 1219 1254 1290
2590 2 2 2 2 1222 1220 1279
2591 2 2 2 2 1221 1223 1301
2592 2 2 2 2 1277 1222 1302
2593 2 2 2 2 1222 1279 1302
2594 2 2 2 2 1223 1263 1304
2595 2 2 2 2 1225 1224 1295
2596 2 2 2 2 1227 1225 1296
2597 2 2 2 2 1225 1227 1297
2598 2 2 2 2 1225 1295 1309
2599 2 2 2 2 1296 1225 1309
2600 2 2 2 2 1226 1227 1272
2601 2 2 2 2 1272 1227 1296
2602 2 2 2 2 1229 1228 1230
2603 2 2 2 2 1230 1228 1305
2604 2 2 2 2 1233 1232 1300
2605 2 2 2 2 1234 1232 1308
2606 2 2 2 2 1237 1233 1293
2607 2 2 2 2 1234 1235 1265
2608 2 2 2 2 1235 1236 1315
2609 2 2 2 2 1282 1235 1315
2610 2 2 2 2 1273 1238 1314
2611 2 2 2 2 1240 1239 1284
2612 2 2 2 2 1240 1276 1281
2613 2 2 2 2 1249 1241 1274
2614 2 2 2 2 1275 1243 1286
2615 2 2 2 2 1248 1247 1316
2616 2 2 2 2 1255 1256 1278
2617 2 2 2 2 1256 1257 1258
2618 2 2 2 2 1257 1259 1302
2619 2 2 2 2 1259 1277 1302
2620 2 2 2 2 1261 1262 1287
2621 2 2 2 2 1261 1287 1311
2622 2 2 2 2 1304 1263 1306
2623 2 2 2 2 1264 1284 1303
2624 2 2 2 2 1278 1267 1313
2625 2 2 2 2 1281 1276 1292
2626 2 2 2 2 1283 1296 1309
2627 4 2 1 1 646 1763 1461 1850
2628 4 2 1 1 1464 1683 585 1959
2629 4 2 1 1 1379 1743 1645 1922
2630 4 2 1 1 1421 1343 1608 1753
2631 4 2 1 1 1474 1743 1379 1922
2632 4 2 1 1 1459 1694 1336 1730
2633 4 2 1 1 1383 1648 1574 1956
2634 4 2 1 1 354 1819 1469 1820
2635 4 2 1 1 1210 1574 1582 1624
2636 4 2 1 1 28 1414 27 1700
2637 4 2 1 1 1485 1350 1769 1838
2638 4 2 1 1 983 1460 1692 1855
2639 4 2 1 1 1440 1541 324 1857
2640 4 2 1 1 846 1612 1447 1912
2641 4 2 1 1 1202 1613 1747 1798
2642 4 2 1 1 864 1473 1690 1873
2643 4 2 1 1 1336 1415 1694 2244
2644 4 2 1 1 1543 1645 1379 1743
2645 4 2 1 1 1125 1574 1648 1956
2646 4 2 1 1 1694 1730 1459 2223
2647 4 2 1 1 1353 1438 1507 1794
2648 4 2 1 1 1432 1551 1341 1969
2649 4 2 1 1 324 1541 1440 1847
2650 4 2 1 1 1342 1606 1555 1705
2651 4 2 1 1 1474 1543 1379 1743
2652 4 2 1 1 1349 1741 1533 1887
2653 4 2 1 1 1364 1551 1494 1824
2654 4 2 1 1 1349 1552 1533 1741
2655 4 2 1 1 1397 1747 1613 1798
2656 4 2 1 1 1346 1641 1455 1739
2657 4 2 1 1 1533 1741 1398 1887
2658 4 2 1 1 8 1540 1874 1994
2659 4 2 1 1 1484 1547 1337 1633
2660 4 2 1 1 842 1503 1605 2024
2661 4 2 1 1 1364 1494 1724 1824
2662 4 2 1 1 1452 1594 313 1903
2663 4 2 1 1 1025 1571 1687 1831
2664 4 2 1 1 1364 1494 1551 1724
2665 4 2 1 1 875 1053 1470 1784
2666 4 2 1 1 199 1726 198 1845
2667 4 2 1 1 161 1435 1602 1932
2668 4 2 1 1 1479 1710 541 2015
2669 4 2 1 1 1327 1538 1757 1799
2670 4 2 1 1 1455 1641 1404 1739
2671 4 2 1 1 1362 1539 1479 1902
2672 4 2 1 1 1328 1547 1484 1633
2673 4 2 1 1 1336 1459 1730 2012
2674 4 2 1 1 250 1463 1640 1892
2675 4 2 1 1 1439 304 1772 1958
2676 4 2 1 1 1421 1608 1577 1753
2677 4 2 1 1 1645 1743 214 1922
2678 4 2 1 1 1403 1533 1460 1742
2679 4 2 1 1 842 1605 132 2024
2680 4 2 1 1 1355 1485 1769 1838
2681 4 2 1 1 1336 1694 1415 1730
2682 4 2 1 1 1210 1574 1624 1794
2683 4 2 1 1 1416 1704 860 1764
2684 4 2 1 1 1395 1736 1719 2056
2685 4 2 1 1 1395 2056 1719 2257
2686 4 2 1 1 1327 1757 1468 1799
2687 4 2 1 1 1367 1558 1531 1759
2688 4 2 1 1 243 1418 1763 1850
2689 4 2 1 1 269 860 1416 1704
2690 4 2 1 1 1518 1644 1380 1712
2691 4 2 1 1 1559 1736 1083 1762
2692 4 2 1 1 1255 1654 1789 1902
2693 4 2 1 1 1355 1573 1485 1838
2694 4 2 1 1 1353 1723 1438 1794
2695 4 2 1 1 1412 1427 1873 1940
2696 4 2 1 1 46 1519 1876 2076
2697 4 2 1 1 1367 1531 1558 1673
2698 4 2 1 1 1551 1724 1341 1969
2699 4 2 1 1 1331 1462 1441 1655
2700 4 2 1 1 1341 1551 1432 1860
2701 4 2 1 1 1615 1729 1333 2108
2702 4 2 1 1 1632 1714 1413 2216
2703 4 2 1 1 1411 1802 1728 1899
2704 4 2 1 1 46 1876 1519 1967
2705 4 2 1 1 1714 1752 1413 2216
2706 4 2 1 1 801 1424 1598 2215
2707 4 2 1 1 1478 1363 1797 2202
2708 4 2 1 1 662 1641 1484 1924
2709 4 2 1 1 1053 875 1470 1697
2710 4 2 1 1 1533 1552 1398 1741
2711 4 2 1 1 1346 1636 1461 1763
2712 4 2 1 1 1421 1555 1343 1753
2713 4 2 1 1 1352 1482 1429 1761
2714 4 2 1 1 1584 1694 1415 2244
2715 4 2 1 1 372 1749 1666 1972
2716 4 2 1 1 642 1658 1590 1926
2717 4 2 1 1 1380 1700 1518 1712
2718 4 2 1 1 1427 1412 1817 1940
2719 4 2 1 1 161 1602 1435 2128
2720 4 2 1 1 964 1861 1597 2123
2721 4 2 1 1 1461 1763 1418 1850
2722 4 2 1 1 27 1414 1546 1695
2723 4 2 1 1 964 1553 1861 2123
2724 4 2 1 1 1393 1445 1696 1805
2725 4 2 1 1 1475 1393 1696 1805
2726 4 2 1 1 1599 1737 583 1792
2727 4 2 1 1 1412 1427 1817 1873
2728 4 2 1 1 1587 1632 1413 2216
2729 4 2 1 1 914 329 1458 1942
2730 4 2 1 1 1267 1821 1189 1923
2731 4 2 1 1 774 1535 1491 1888
2732 4 2 1 1 1531 1558 1388 1759
2733 4 2 1 1 801 1598 1424 1820
2734 4 2 1 1 354 355 1819 1820
2735 4 2 1 1 716 1433 517 1738
2736 4 2 1 1 355 1424 1819 1820
2737 4 2 1 1 199 200 198 1726
2738 4 2 1 1 1388 1558 1531 1673
2739 4 2 1 1 1644 1712 1518 2203
2740 4 2 1 1 1325 1517 1470 2097
2741 4 2 1 1 1421 1602 1577 1608
2742 4 2 1 1 8 1540 1576 1874
2743 4 2 1 1 1429 1482 1352 1804
2744 4 2 1 1 1485 1573 1350 1838
2745 4 2 1 1 1366 1538 1686 1883
2746 4 2 1 1 716 906 715 1738
2747 4 2 1 1 1305 1705 1555 1753
2748 4 2 1 1 1393 1468 1430 1497
2749 4 2 1 1 912 1840 1531 1979
2750 4 2 1 1 1406 1665 1586 1685
2751 4 2 1 1 1715 1851 416 1945
2752 4 2 1 1 1417 1507 1391 1794
2753 4 2 1 1 1494 1551 1442 1824
2754 4 2 1 1 1411 1695 1802 1899
2755 4 2 1 1 1448 348 1893 1962
2756 4 2 1 1 675 1553 964 2123
2757 4 2 1 1 329 1715 1458 1942
2758 4 2 1 1 288 1603 1511 1872
2759 4 2 1 1 416 1715 1509 1851
2760 4 2 1 1 1448 1893 1472 1962
2761 4 2 1 1 414 1759 1561 1961
2762 4 2 1 1 1384 1611 1429 1642
2763 4 2 1 1 1336 1730 1415 2244
2764 4 2 1 1 728 250 1640 1892
2765 4 2 1 1 23 1611 60 1698
2766 4 2 1 1 1348 1600 1445 1689
2767 4 2 1 1 199 1524 1726 1845
2768 4 2 1 1 1395 1622 1719 1736
2769 4 2 1 1 1364 1442 1551 1824
2770 4 2 1 1 1719 1736 1349 2056
2771 4 2 1 1 1714 1752 465 2086
2772 4 2 1 1 1475 1393 1649 1696
2773 4 2 1 1 1395 1503 1559 1719
2774 4 2 1 1 1479 1539 1396 1902
2775 4 2 1 1 1365 1435 1577 2005
2776 4 2 1 1 675 964 1553 1861
2777 4 2 1 1 1365 1577 1602 1608
2778 4 2 1 1 132 1605 1906 2024
2779 4 2 1 1 1367 1456 1434 1823
2780 4 2 1 1 843 1605 1503 1912
2781 4 2 1 1 1411 1518 1700 1712
2782 4 2 1 1 1384 1642 1429 1728
2783 4 2 1 1 1387 1730 1694 2223
2784 4 2 1 1 912 1823 1840 1979
2785 4 2 1 1 1616 1666 1625 2096
2786 4 2 1 1 27 1414 677 1546
2787 4 2 1 1 1421 1395 1762 1814
2788 4 2 1 1 1447 1606 502 1912
2789 4 2 1 1 914 1458 1839 1942
2790 4 2 1 1 1555 1606 1343 1705
2791 4 2 1 1 1810 1843 1662 1850
2792 4 2 1 1 1483 1337 1547 1633
2793 4 2 1 1 1533 1664 1460 1742
2794 4 2 1 1 1501 1538 1327 1544
2795 4 2 1 1 583 1599 779 1737
2796 4 2 1 1 585 1464 1031 1683
2797 4 2 1 1 1414 1695 27 1700
2798 4 2 1 1 1439 1772 305 1928
2799 4 2 1 1 1411 1518 1712 2203
2800 4 2 1 1 1418 1843 1810 1850
2801 4 2 1 1 836 1833 1431 1867
2802 4 2 1 1 1615 1333 1964 2108
2803 4 2 1 1 1424 1354 1676 1819
2804 4 2 1 1 99 1425 1630 1793
2805 4 2 1 1 1366 2014 1501 2214
2806 4 2 1 1 366 324 1541 1857
2807 4 2 1 1 588 1640 1430 1718
2808 4 2 1 1 1376 1747 1613 1785
2809 4 2 1 1 1362 1558 1479 1561
2810 4 2 1 1 1366 1968 1501 2014
2811 4 2 1 1 1083 1762 1555 2199
2812 4 2 1 1 359 1424 801 2215
2813 4 2 1 1 1328 1483 1547 1633
2814 4 2 1 1 58 1437 673 1830
2815 4 2 1 1 829 1516 1749 1972
2816 4 2 1 1 1330 1577 1435 1644
2817 4 2 1 1 1395 1719 1559 2257
2818 4 2 1 1 1478 1527 1363 2202
2819 4 2 1 1 1459 1730 1631 2223
2820 4 2 1 1 1534 1693 1453 1882
2821 4 2 1 1 1631 1730 1459 2012
2822 4 2 1 1 1433 1776 517 1857
2823 4 2 1 1 662 1484 1641 1813
2824 4 2 1 1 517 1433 716 1776
2825 4 2 1 1 372 1666 1625 1972
2826 4 2 1 1 1393 1696 1445 1999
2827 4 2 1 1 1470 1697 875 1784
2828 4 2 1 1 1464 1676 1354 1819
2829 4 2 1 1 1433 517 1738 1857
2830 4 2 1 1 1355 1534 1453 1742
2831 4 2 1 1 1253 1660 1462 1927
2832 4 2 1 1 767 1826 1507 1853
2833 4 2 1 1 161 1743 1435 1932
2834 4 2 1 1 1417 1582 1574 1624
2835 4 2 1 1 1396 1539 1479 1710
2836 4 2 1 1 1362 1479 1539 1710
2837 4 2 1 1 268 1704 1423 1781
2838 4 2 1 1 829 1749 1516 1822
2839 4 2 1 1 1442 1551 1494 1788
2840 4 2 1 1 1479 541 1733 2015
2841 4 2 1 1 1435 1577 1330 1602
2842 4 2 1 1 836 1474 1833 1867
2843 4 2 1 1 1083 1559 1762 2199
2844 4 2 1 1 1494 1788 1551 1915
2845 4 2 1 1 1546 692 1959 1996
2846 4 2 1 1 792 1432 1598 1711
2847 4 2 1 1 1360 1876 1519 2076
2848 4 2 1 1 1341 1724 1591 1969
2849 4 2 1 1 1465 1489 1340 1554
2850 4 2 1 1 1586 1685 1665 1869
2851 4 2 1 1 1445 1600 1393 1689
2852 4 2 1 1 1366 1968 2014 2214
2853 4 2 1 1 1365 1577 1435 1602
2854 4 2 1 1 1729 1964 1333 2108
2855 4 2 1 1 1596 1789 1396 1816
2856 4 2 1 1 1455 1565 523 1766
2857 4 2 1 1 1559 1719 1503 2257
2858 4 2 1 1 497 1551 1442 1788
2859 4 2 1 1 1349 1719 1622 1736
2860 4 2 1 1 1546 1996 1959 2150
2861 4 2 1 1 408 1571 1456 1822
2862 4 2 1 1 1376 1613 1443 1785
2863 4 2 1 1 1495 1613 1397 1908
2864 4 2 1 1 1357 1513 1493 2098
2865 4 2 1 1 499 1780 1610 2086
2866 4 2 1 1 1374 1489 1465 1554
2867 4 2 1 1 1410 1757 1538 1799
2868 4 2 1 1 1454 1504 1360 1570
2869 4 2 1 1 1473 1873 1427 1940
2870 4 2 1 1 716 517 906 1738
2871 4 2 1 1 305 1439 1928 2169
2872 4 2 1 1 1349 1719 2056 2257
2873 4 2 1 1 1432 1341 1591 1969
2874 4 2 1 1 1429 1611 50 2176
2875 4 2 1 1 381 386 1434 1733
2876 4 2 1 1 1464 585 1780 1959
2877 4 2 1 1 359 801 1424 1820
2878 4 2 1 1 1087 1742 1588 2031
2879 4 2 1 1 1336 1694 1584 2244
2880 4 2 1 1 1510 1566 281 2201
2881 4 2 1 1 523 1565 1455 1921
2882 4 2 1 1 642 1590 1848 1926
2883 4 2 1 1 1421 1395 1814 1906
2884 4 2 1 1 1616 1625 1451 2096
2885 4 2 1 1 1461 1636 1418 1763
2886 4 2 1 1 1455 1641 1346 2162
2887 4 2 1 1 1213 1644 2005 2166
2888 4 2 1 1 1597 2123 1861 2156
2889 4 2 1 1 1087 1588 1534 2031
2890 4 2 1 1 1419 1396 1789 2106
2891 4 2 1 1 1350 1832 1669 1838
2892 4 2 1 1 814 1456 1571 1840
2893 4 2 1 1 1369 1534 1453 1882
2894 4 2 1 1 32 1613 1526 1747
2895 4 2 1 1 860 1764 1704 1925
2896 4 2 1 1 1348 1792 1600 2029
2897 4 2 1 1 1588 1742 1534 2031
2898 4 2 1 1 1449 1524 1378 1638
2899 4 2 1 1 50 1611 1429 1899
2900 4 2 1 1 1458 1715 1357 1956
2901 4 2 1 1 719 268 1423 1781
2902 4 2 1 1 1504 1570 35 2271
2903 4 2 1 1 776 305 1772 1928
2904 4 2 1 1 28 1414 1700 1701
2905 4 2 1 1 1378 1524 1449 1845
2906 4 2 1 1 826 1455 523 1766
2907 4 2 1 1 348 1448 1679 1962
2908 4 2 1 1 1448 1472 1877 1962
2909 4 2 1 1 406 1457 1709 1746
2910 4 2 1 1 1410 1686 1538 1883
2911 4 2 1 1 1441 1462 1374 2026
2912 4 2 1 1 359 355 1424 1819
2913 4 2 1 1 1325 1627 1517 2097
2914 4 2 1 1 1372 1567 1614 1674
2915 4 2 1 1 842 1503 843 1605
2916 4 2 1 1 1471 1682 1557 2137
2917 4 2 1 1 1471 1557 1375 2137
2918 4 2 1 1 1400 1614 1567 1674
2919 4 2 1 1 1441 1489 1374 1554
2920 4 2 1 1 220 1760 1446 2082
2921 4 2 1 1 1424 1676 1464 1819
2922 4 2 1 1 1342 1447 1606 1705
2923 4 2 1 1 1478 1797 1575 2202
2924 4 2 1 1 1493 1513 1357 1773
2925 4 2 1 1 269 1704 1416 1744
2926 4 2 1 1 1299 1676 1745 1957
2927 4 2 1 1 32 1747 1526 2046
2928 4 2 1 1 60 1698 1611 2200
2929 4 2 1 1 1436 1478 1335 2090
2930 4 2 1 1 1346 1636 1763 1896
2931 4 2 1 1 304 1439 297 1767
2932 4 2 1 1 1510 1801 281 2018
2933 4 2 1 1 1147 1267 1189 1923
2934 4 2 1 1 1396 1816 1789 2106
2935 4 2 1 1 414 781 1759 1961
2936 4 2 1 1 1338 1433 1506 1917
2937 4 2 1 1 1861 2123 1553 2156
2938 4 2 1 1 305 1439 304 1772
2939 4 2 1 1 1501 1538 1366 1883
2940 4 2 1 1 1457 1699 405 1915
2941 4 2 1 1 1189 1821 1497 1923
2942 4 2 1 1 502 846 1447 1912
2943 4 2 1 1 1417 1391 1624 1794
2944 4 2 1 1 1253 1127 1844 1881
2945 4 2 1 1 268 266 719 1423
2946 4 2 1 1 1031 1683 1464 2065
2947 4 2 1 1 1441 1462 1331 1660
2948 4 2 1 1 1623 1762 1395 1814
2949 4 2 1 1 134 1605 1421 1906
2950 4 2 1 1 1424 1949 1699 2215
2951 4 2 1 1 561 836 1431 1867
2952 4 2 1 1 1432 1655 790 1748
2953 4 2 1 1 1354 1585 1413 1587
2954 4 2 1 1 1431 1547 224 1867
2955 4 2 1 1 767 1438 1826 1853
2956 4 2 1 1 1437 58 1777 1830
2957 4 2 1 1 220 1446 1737 2082
2958 4 2 1 1 1567 1674 1372 1696
2959 4 2 1 1 1365 1543 1435 2005
2960 4 2 1 1 1420 1578 1344 2168
2961 4 2 1 1 826 523 1455 1921
2962 4 2 1 1 1492 1506 1433 1917
2963 4 2 1 1 1584 1415 1694 2048
2964 4 2 1 1 1462 1660 1253 1844
2965 4 2 1 1 847 502 1606 1912
2966 4 2 1 1 1479 1561 1558 1759
2967 4 2 1 1 1534 1588 1453 1742
2968 4 2 1 1 497 1442 808 1788
2969 4 2 1 1 1433 1465 1338 1506
2970 4 2 1 1 1108 1532 1126 1688
2971 4 2 1 1 1369 1721 1563 2194
2972 4 2 1 1 1543 1213 1644 2005
2973 4 2 1 1 372 1625 957 1972
2974 4 2 1 1 814 1456 408 1571
2975 4 2 1 1 1436 1335 1607 2090
2976 4 2 1 1 1419 1789 1816 2106
2977 4 2 1 1 1369 1563 1657 2194
2978 4 2 1 1 746 1435 161 1743
2979 4 2 1 1 1444 1467 1360 1580
2980 4 2 1 1 99 1630 1425 1865
2981 4 2 1 1 1579 1734 714 2081
2982 4 2 1 1 453 1709 1457 2080
2983 4 2 1 1 492 1677 1428 1991
2984 4 2 1 1 1412 1690 1873 2025
2985 4 2 1 1 1072 1580 1467 1787
2986 4 2 1 1 1491 1535 774 1934
2987 4 2 1 1 304 1439 1767 1958
2988 4 2 1 1 502 1606 1447 1894
2989 4 2 1 1 1393 1600 1445 2149
2990 4 2 1 1 1520 1708 441 2227
2991 4 2 1 1 1154 1502 1601 1739
2992 4 2 1 1 790 1655 1432 2152
2993 4 2 1 1 305 1928 776 2169
2994 4 2 1 1 1354 1424 1676 2143
2995 4 2 1 1 1571 1831 478 1840
2996 4 2 1 1 673 1437 58 1777
2997 4 2 1 1 8 9 1540 1994
2998 4 2 1 1 957 1625 372 1666
2999 4 2 1 1 494 1692 1450 1716
3000 4 2 1 1 305 297 304 1439
3001 4 2 1 1 1513 1773 1493 1920
3002 4 2 1 1 1517 1426 1784 2097
3003 4 2 1 1 111 796 1453 1803
3004 4 2 1 1 1108 1126 1106 1688
3005 4 2 1 1 1395 1736 1559 1762
3006 4 2 1 1 313 1594 1452 1918
3007 4 2 1 1 1420 1344 1675 2168
3008 4 2 1 1 1461 1763 647 1766
3009 4 2 1 1 1653 1883 1410 2029
3010 4 2 1 1 829 1749 370 1972
3011 4 2 1 1 1340 1864 1668 2126
3012 4 2 1 1 1320 1683 1464 1959
3013 4 2 1 1 864 1690 608 1873
3014 4 2 1 1 1609 1694 1415 2048
3015 4 2 1 1 561 836 209 1431
3016 4 2 1 1 366 1541 324 1847
3017 4 2 1 1 911 1451 656 1671
3018 4 2 1 1 561 1431 224 1867
3019 4 2 1 1 774 751 1535 1888
3020 4 2 1 1 543 1025 1571 1687
3021 4 2 1 1 358 354 355 1819
3022 4 2 1 1 1728 2040 40 2203
3023 4 2 1 1 106 111 796 1453
3024 4 2 1 1 1423 1704 268 1744
3025 4 2 1 1 1325 1627 1709 1870
3026 4 2 1 1 111 1453 106 1612
3027 4 2 1 1 663 1863 1797 2081
3028 4 2 1 1 867 1729 1450 2224
3029 4 2 1 1 1339 1613 1495 1908
3030 4 2 1 1 1529 1821 1267 1923
3031 4 2 1 1 1422 1681 638 2108
3032 4 2 1 1 1400 1674 1567 1696
3033 4 2 1 1 923 541 1710 2015
3034 4 2 1 1 1334 1549 1523 1793
3035 4 2 1 1 224 1547 1431 1783
3036 4 2 1 1 1396 1789 1654 1902
3037 4 2 1 1 28 27 45 1700
3038 4 2 1 1 1406 1563 1721 2194
3039 4 2 1 1 1098 1689 1757 1883
3040 4 2 1 1 714 1734 1579 1953
3041 4 2 1 1 1653 1686 1410 1883
3042 4 2 1 1 982 1428 954 1687
3043 4 2 1 1 1372 1586 1445 1696
3044 4 2 1 1 1432 1748 790 1860
3045 4 2 1 1 1077 1761 1080 2068
3046 4 2 1 1 276 1511 288 1603
3047 4 2 1 1 1412 1873 1626 2025
3048 4 2 1 1 1455 1601 1502 1739
3049 4 2 1 1 1365 1577 1608 1753
3050 4 2 1 1 751 1834 1535 1888
3051 4 2 1 1 224 561 209 1431
3052 4 2 1 1 1400 1483 1431 1620
3053 4 2 1 1 1421 1605 134 1931
3054 4 2 1 1 1375 1557 1502 1565
3055 4 2 1 1 1792 1904 1600 2029
3056 4 2 1 1 608 1626 1873 2025
3057 4 2 1 1 1404 1641 1455 1930
3058 4 2 1 1 1499 1603 279 1872
3059 4 2 1 1 494 867 1450 1692
3060 4 2 1 1 381 1733 1434 1823
3061 4 2 1 1 170 1599 1500 2022
3062 4 2 1 1 1712 40 2040 2203
3063 4 2 1 1 243 1763 646 1850
3064 4 2 1 1 1395 1559 2056 2257
3065 4 2 1 1 1492 1758 1506 1917
3066 4 2 1 1 1418 1763 1636 1896
3067 4 2 1 1 1517 1627 1426 2097
3068 4 2 1 1 1398 1533 1460 1552
3069 4 2 1 1 1348 1599 1446 1639
3070 4 2 1 1 1202 1747 1656 1798
3071 4 2 1 1 99 1425 100 1865
3072 4 2 1 1 1591 1598 1321 1745
3073 4 2 1 1 1350 1769 1838 1865
3074 4 2 1 1 1681 1964 638 2108
3075 4 2 1 1 1365 1608 1602 1932
3076 4 2 1 1 1460 1533 1403 1552
3077 4 2 1 1 134 1421 1931 2210
3078 4 2 1 1 1455 1502 1346 1739
3079 4 2 1 1 543 1571 1428 1687
3080 4 2 1 1 726 1871 533 1889
3081 4 2 1 1 694 1662 1610 2102
3082 4 2 1 1 1410 1686 1653 2029
3083 4 2 1 1 911 1671 656 2018
3084 4 2 1 1 1347 1646 1499 1751
3085 4 2 1 1 1181 1555 1305 1705
3086 4 2 1 1 1502 1557 1388 1565
3087 4 2 1 1 1343 1476 1608 1753
3088 4 2 1 1 1445 1348 1689 1999
3089 4 2 1 1 533 1560 1578 1871
3090 4 2 1 1 1417 1624 1574 1794
3091 4 2 1 1 1255 1109 1654 1902
3092 4 2 1 1 1590 1658 1381 1926
3093 4 2 1 1 1523 1549 1630 1793
3094 4 2 1 1 111 1453 1612 1803
3095 4 2 1 1 1453 1534 1355 1693
3096 4 2 1 1 1025 1687 603 1831
3097 4 2 1 1 1473 1772 304 1958
3098 4 2 1 1 1436 1575 1478 1797
3099 4 2 1 1 1598 1745 1591 2180
3100 4 2 1 1 1344 1578 1420 1618
3101 4 2 1 1 1586 1665 1372 1869
3102 4 2 1 1 455 304 1473 1772
3103 4 2 1 1 1327 1544 1538 2044
3104 4 2 1 1 662 1641 1924 1930
3105 4 2 1 1 375 376 1456 1749
3106 4 2 1 1 405 1457 391 1699
3107 4 2 1 1 495 1692 1716 1855
3108 4 2 1 1 1745 1957 1676 2143
3109 4 2 1 1 711 1452 313 1903
3110 4 2 1 1 359 358 355 1819
3111 4 2 1 1 1438 766 1801 1853
3112 4 2 1 1 1668 1864 1452 2126
3113 4 2 1 1 746 214 1645 1743
3114 4 2 1 1 1447 1859 502 1894
3115 4 2 1 1 677 1546 1414 1996
3116 4 2 1 1 359 1424 355 1820
3117 4 2 1 1 1414 1701 28 1996
3118 4 2 1 1 1374 1441 1554 1927
3119 4 2 1 1 1440 1364 1512 1663
3120 4 2 1 1 268 1423 1744 2129
3121 4 2 1 1 853 1831 1531 1840
3122 4 2 1 1 1365 1608 1476 1753
3123 4 2 1 1 760 1786 1507 1826
3124 4 2 1 1 375 1749 1456 1823
3125 4 2 1 1 1585 1676 1183 1957
3126 4 2 1 1 281 1566 1510 2018
3127 4 2 1 1 1662 1810 1402 1843
3128 4 2 1 1 266 719 1423 1781
3129 4 2 1 1 1507 1826 1438 1853
3130 4 2 1 1 1087 1086 1742 2031
3131 4 2 1 1 219 583 1737 1792
3132 4 2 1 1 147 142 1721 2042
3133 4 2 1 1 1383 1516 1496 1648
3134 4 2 1 1 1080 1761 1736 2068
3135 4 2 1 1 1160 1512 1659 1842
3136 4 2 1 1 1470 1517 1784 2097
3137 4 2 1 1 1366 1538 1501 1968
3138 4 2 1 1 497 1442 1551 2077
3139 4 2 1 1 1366 1505 1423 1562
3140 4 2 1 1 1350 1669 1523 1838
3141 4 2 1 1 1613 1785 1397 1908
3142 4 2 1 1 1492 2001 303 2186
3143 4 2 1 1 1756 1861 12 1967
3144 4 2 1 1 1429 50 1804 2176
3145 4 2 1 1 471 1567 1475 1898
3146 4 2 1 1 375 1456 376 1823
3147 4 2 1 1 1431 1833 1474 1867
3148 4 2 1 1 1528 1564 1199 1643
3149 4 2 1 1 1077 1080 1736 2068
3150 4 2 1 1 406 1457 453 1709
3151 4 2 1 1 1510 1545 1408 1566
3152 4 2 1 1 1392 1837 1722 2196
3153 4 2 1 1 1065 40 1712 2203
3154 4 2 1 1 197 1812 1524 1845
3155 4 2 1 1 642 1590 984 1848
3156 4 2 1 1 1571 1822 408 1991
3157 4 2 1 1 1396 1479 1902 2237
3158 4 2 1 1 1340 1668 1452 2126
3159 4 2 1 1 1398 1729 1615 2108
3160 4 2 1 1 1339 1495 1613 1758
3161 4 2 1 1 588 1430 657 1718
3162 4 2 1 1 489 1735 1549 1914
3163 4 2 1 1 1401 1553 1629 1717
3164 4 2 1 1 1338 1506 1758 1917
3165 4 2 1 1 1376 1526 1443 1613
3166 4 2 1 1 1611 1698 23 2176
3167 4 2 1 1 1374 1462 1441 1927
3168 4 2 1 1 46 1876 1875 2076
3169 4 2 1 1 608 1873 1690 2025
3170 4 2 1 1 1391 1507 1438 1794
3171 4 2 1 1 1426 1345 1550 1901
3172 4 2 1 1 1465 1489 1374 1738
3173 4 2 1 1 1362 1479 1558 1902
3174 4 2 1 1 1468 1799 1757 2177
3175 4 2 1 1 1421 1577 1555 1753
3176 4 2 1 1 1330 1644 1518 1750
3177 4 2 1 1 486 1645 214 1922
3178 4 2 1 1 197 195 1449 1845
3179 4 2 1 1 1458 1670 1405 1677
3180 4 2 1 1 1354 1413 1585 1752
3181 4 2 1 1 23 50 1611 2176
3182 4 2 1 1 1553 1629 74 2226
3183 4 2 1 1 1108 1532 1688 2125
3184 4 2 1 1 313 307 1594 1918
3185 4 2 1 1 533 1871 1578 1889
3186 4 2 1 1 1501 1968 1538 2014
3187 4 2 1 1 161 1435 746 2131
3188 4 2 1 1 52 1454 1583 1876
3189 4 2 1 1 1797 1863 1363 2081
3190 4 2 1 1 1462 1541 1374 2026
3191 4 2 1 1 372 1666 1749 2250
3192 4 2 1 1 1501 1538 1410 1757
3193 4 2 1 1 1331 1655 1441 1841
3194 4 2 1 1 1477 1493 901 1926
3195 4 2 1 1 27 1695 1546 2258
3196 4 2 1 1 901 1493 1477 1920
3197 4 2 1 1 879 1893 1513 1920
3198 4 2 1 1 495 1692 494 1716
3199 4 2 1 1 1446 1599 1348 1792
3200 4 2 1 1 35 1504 1074 1725
3201 4 2 1 1 1398 1615 1422 2108
3202 4 2 1 1 46 1028 1875 1876
3203 4 2 1 1 1434 1367 1672 1985
3204 4 2 1 1 1436 1478 1363 1797
3205 4 2 1 1 465 819 1714 2086
3206 4 2 1 1 1610 1662 530 2086
3207 4 2 1 1 642 984 1590 1658
3208 4 2 1 1 197 1449 1812 1845
3209 4 2 1 1 1077 1678 1761 2068
3210 4 2 1 1 1526 1613 1376 1747
3211 4 2 1 1 1475 1696 1567 1805
3212 4 2 1 1 551 1461 647 1766
3213 4 2 1 1 839 1721 109 1882
3214 4 2 1 1 1515 1094 1938 1998
3215 4 2 1 1 1456 814 1823 1840
3216 4 2 1 1 736 1485 97 1865
3217 4 2 1 1 1109 1672 1654 1902
3218 4 2 1 1 1447 1612 846 1885
3219 4 2 1 1 1077 1736 1887 2068
3220 4 2 1 1 1570 1993 35 2271
3221 4 2 1 1 1656 1747 1397 1798
3222 4 2 1 1 1610 1780 1413 2086
3223 4 2 1 1 1360 1504 1454 1583
3224 4 2 1 1 422 1590 1491 1903
3225 4 2 1 1 1391 1507 1417 1786
3226 4 2 1 1 273 1603 288 1872
3227 4 2 1 1 1202 1204 1613 1798
3228 4 2 1 1 773 1668 1491 1934
3229 4 2 1 1 1561 1720 397 2062
3230 4 2 1 1 1665 1721 142 2042
3231 4 2 1 1 1578 1420 2110 2168
3232 4 2 1 1 1359 1472 1448 1893
3233 4 2 1 1 132 129 842 2024
3234 4 2 1 1 28 677 27 1414
3235 4 2 1 1 250 1537 1463 1892
3236 4 2 1 1 1139 1927 1842 2236
3237 4 2 1 1 1372 1586 1563 1665
3238 4 2 1 1 1523 1630 1425 1793
3239 4 2 1 1 1728 1802 1429 1899
3240 4 2 1 1 766 945 1438 1801
3241 4 2 1 1 1418 1604 1379 1651
3242 4 2 1 1 1341 1598 1591 2180
3243 4 2 1 1 1458 1635 1405 1670
3244 4 2 1 1 1335 1575 1737 2050
3245 4 2 1 1 1425 1769 100 1865
3246 4 2 1 1 1139 1160 1159 1842
3247 4 2 1 1 1378 1527 1449 1647
3248 4 2 1 1 1339 1519 1846 2175
3249 4 2 1 1 1422 1349 1741 2075
3250 4 2 1 1 1126 1688 1532 1911
3251 4 2 1 1 1255 1789 1539 1902
3252 4 2 1 1 1427 1940 1817 2134
3253 4 2 1 1 1398 1741 1422 1887
3254 4 2 1 1 1210 1624 1203 1794
3255 4 2 1 1 1379 1604 1418 1775
3256 4 2 1 1 1472 1893 849 1962
3257 4 2 1 1 956 1801 1770 2018
3258 4 2 1 1 1561 397 1961 2062
3259 4 2 1 1 1350 1630 1523 1669
3260 4 2 1 1 1518 1750 1644 2203
3261 4 2 1 1 1518 1411 1750 2203
3262 4 2 1 1 1320 1464 1780 1959
3263 4 2 1 1 234 486 214 1922
3264 4 2 1 1 1354 1676 1585 1957
3265 4 2 1 1 1192 1523 1669 1838
3266 4 2 1 1 1098 1757 1689 1910
3267 4 2 1 1 1335 1478 1436 1575
3268 4 2 1 1 1334 1793 1523 2133
3269 4 2 1 1 1418 1775 1604 2130
3270 4 2 1 1 1326 1764 1544 1816
3271 4 2 1 1 871 1711 1598 2260
3272 4 2 1 1 1538 1544 1501 2014
3273 4 2 1 1 1545 1891 1187 1981
3274 4 2 1 1 1412 1873 1473 1940
3275 4 2 1 1 1542 1721 839 1882
3276 4 2 1 1 1413 1714 1632 1752
3277 4 2 1 1 1474 214 1743 1922
3278 4 2 1 1 183 1685 1445 1869
3279 4 2 1 1 170 173 1599 2022
3280 4 2 1 1 1340 1489 1465 1594
3281 4 2 1 1 195 197 1449 1812
3282 4 2 1 1 219 1737 1446 1792
3283 4 2 1 1 1468 1497 1393 2177
3284 4 2 1 1 391 1699 1457 1746
3285 4 2 1 1 1415 1730 1694 2158
3286 4 2 1 1 587 1006 692 1959
3287 4 2 1 1 497 808 1442 2077
3288 4 2 1 1 1441 1462 1660 1927
3289 4 2 1 1 893 726 533 1889
3290 4 2 1 1 1328 1483 1431 1547
3291 4 2 1 1 1431 1483 1400 1783
3292 4 2 1 1 133 1814 1906 2210
3293 4 2 1 1 1368 1545 1510 1566
3294 4 2 1 1 1366 1686 1653 1883
3295 4 2 1 1 386 1434 1791 2250
3296 4 2 1 1 471 1475 1567 1805
3297 4 2 1 1 1426 1394 1627 1755
3298 4 2 1 1 842 843 881 1605
3299 4 2 1 1 465 1714 819 1752
3300 4 2 1 1 1426 1627 1394 1698
3301 4 2 1 1 1385 1629 1553 1717
3302 4 2 1 1 1409 1446 1737 2050
3303 4 2 1 1 1453 1534 1369 1588
3304 4 2 1 1 1389 1625 1616 1666
3305 4 2 1 1 1577 2005 1644 2166
3306 4 2 1 1 1388 1502 1455 1601
3307 4 2 1 1 1418 1402 1651 1810
3308 4 2 1 1 8 1576 1540 1777
3309 4 2 1 1 1524 1812 1449 1845
3310 4 2 1 1 1395 1762 1559 2199
3311 4 2 1 1 386 1434 1733 1791
3312 4 2 1 1 1147 1529 1267 1923
3313 4 2 1 1 1426 1698 1394 1755
3314 4 2 1 1 179 1560 533 1871
3315 4 2 1 1 766 1438 764 1853
3316 4 2 1 1 1366 1562 1423 2214
3317 4 2 1 1 1192 1669 1832 1838
3318 4 2 1 1 1344 1420 1675 1727
3319 4 2 1 1 1447 1705 1342 2019
3320 4 2 1 1 1129 1660 1253 1927
3321 4 2 1 1 1393 1445 1689 1999
3322 4 2 1 1 1611 1642 1384 1740
3323 4 2 1 1 1166 1817 2063 2134
3324 4 2 1 1 318 1786 760 1826
3325 4 2 1 1 1382 1771 1444 1787
3326 4 2 1 1 1175 1724 1462 1844
3327 4 2 1 1 331 1458 329 1715
3328 4 2 1 1 1665 1721 1563 1885
3329 4 2 1 1 1428 1571 543 1991
3330 4 2 1 1 283 281 1510 1801
3331 4 2 1 1 1330 1762 1623 1814
3332 4 2 1 1 1613 1747 1397 1785
3333 4 2 1 1 1425 1838 1769 1865
3334 4 2 1 1 1449 1527 1363 1647
3335 4 2 1 1 1576 1777 58 1830
3336 4 2 1 1 1374 1465 1433 1659
3337 4 2 1 1 244 1466 547 1971
3338 4 2 1 1 1139 1842 1159 2236
3339 4 2 1 1 106 1612 1453 1882
3340 4 2 1 1 1510 1545 1368 1650
3341 4 2 1 1 1423 1505 1366 2129
3342 4 2 1 1 1461 1621 1386 2142
3343 4 2 1 1 179 533 726 1871
3344 4 2 1 1 1327 1538 1501 1757
3345 4 2 1 1 638 1681 1422 1913
3346 4 2 1 1 1326 1789 1596 1816
3347 4 2 1 1 1325 1709 1522 1870
3348 4 2 1 1 1646 1751 1347 2105
3349 4 2 1 1 655 1752 1464 1780
3350 4 2 1 1 1852 1943 1670 2087
3351 4 2 1 1 1154 1601 1502 2036
3352 4 2 1 1 1524 1638 1449 1812
3353 4 2 1 1 1567 1696 1445 1805
3354 4 2 1 1 1544 1764 783 1816
3355 4 2 1 1 1440 1776 1659 1857
3356 4 2 1 1 1253 1844 1660 1881
3357 4 2 1 1 1509 1715 1357 1851
3358 4 2 1 1 1770 1801 766 1853
3359 4 2 1 1 1667 1392 1722 2196
3360 4 2 1 1 1204 1758 1613 1798
3361 4 2 1 1 1464 1752 655 1819
3362 4 2 1 1 1072 1467 1580 1993
3363 4 2 1 1 1668 1934 773 2170
3364 4 2 1 1 1444 1467 1329 1634
3365 4 2 1 1 1329 1467 1444 1787
3366 4 2 1 1 209 224 1431 1783
3367 4 2 1 1 220 1686 1446 1760
3368 4 2 1 1 1462 1441 1655 2026
3369 4 2 1 1 1409 1527 1478 1575
3370 4 2 1 1 1299 1183 1676 1957
3371 4 2 1 1 1340 1617 1491 1668
3372 4 2 1 1 1351 1523 1630 1669
3373 4 2 1 1 1344 1618 1420 1727
3374 4 2 1 1 1367 1840 1823 1979
3375 4 2 1 1 1186 1199 1564 1643
3376 4 2 1 1 1339 1495 1492 2178
3377 4 2 1 1 1465 1506 1433 1659
3378 4 2 1 1 1649 1696 1393 1999
3379 4 2 1 1 1347 1528 1439 1564
3380 4 2 1 1 1520 1593 1407 1621
3381 4 2 1 1 209 1431 836 1833
3382 4 2 1 1 1370 1616 1666 1835
3383 4 2 1 1 269 1744 1416 2014
3384 4 2 1 1 1006 1546 692 1959
3385 4 2 1 1 1418 1402 1810 1843
3386 4 2 1 1 1297 1725 1615 1815
3387 4 2 1 1 1646 2051 1782 2059
3388 4 2 1 1 1398 1552 1460 1919
3389 4 2 1 1 1499 1872 279 2191
3390 4 2 1 1 814 1571 478 1840
3391 4 2 1 1 219 583 779 1737
3392 4 2 1 1 1675 2110 1420 2168
3393 4 2 1 1 266 1781 1423 2129
3394 4 2 1 1 1494 1457 1788 1915
3395 4 2 1 1 1472 1684 1448 1877
3396 4 2 1 1 1357 1851 1715 1945
3397 4 2 1 1 1875 1876 1360 2076
3398 4 2 1 1 647 1461 646 1763
3399 4 2 1 1 1666 1749 1389 1972
3400 4 2 1 1 1426 1627 1517 1755
3401 4 2 1 1 1526 1613 33 1691
3402 4 2 1 1 1255 1654 1107 1789
3403 4 2 1 1 318 760 759 1826
3404 4 2 1 1 677 1414 28 1996
3405 4 2 1 1 378 834 1934 2170
3406 4 2 1 1 734 1509 416 1715
3407 4 2 1 1 1686 1799 526 1904
3408 4 2 1 1 1434 1672 1628 1985
3409 4 2 1 1 572 1444 574 1697
3410 4 2 1 1 1959 1996 1610 2150
3411 4 2 1 1 303 2001 1776 2186
3412 4 2 1 1 864 511 608 1690
3413 4 2 1 1 1417 1358 1582 1624
3414 4 2 1 1 651 1450 867 1729
3415 4 2 1 1 1659 1776 1433 1857
3416 4 2 1 1 1446 1639 1599 1737
3417 4 2 1 1 499 498 1780 2086
3418 4 2 1 1 1448 1877 1679 1962
3419 4 2 1 1 1422 1615 1398 1887
3420 4 2 1 1 1217 1522 1548 1740
3421 4 2 1 1 100 1769 1425 2208
3422 4 2 1 1 764 766 945 1438
3423 4 2 1 1 1131 1562 1653 1946
3424 4 2 1 1 378 1934 1569 2170
3425 4 2 1 1 1466 1641 547 1971
3426 4 2 1 1 198 1845 1726 2140
3427 4 2 1 1 692 1006 677 1546
3428 4 2 1 1 1496 1383 1648 1858
3429 4 2 1 1 276 1511 1603 1980
3430 4 2 1 1 1523 1793 1425 2133
3431 4 2 1 1 1421 1906 1814 2210
3432 4 2 1 1 1403 1460 1731 1742
3433 4 2 1 1 574 1697 1444 1875
3434 4 2 1 1 304 455 1473 1958
3435 4 2 1 1 1160 1659 1159 1842
3436 4 2 1 1 1496 1648 1516 1858
3437 4 2 1 1 1019 1550 1964 2135
3438 4 2 1 1 1388 1565 1557 1682
3439 4 2 1 1 1457 1325 1522 2007
3440 4 2 1 1 1345 1426 1517 1901
3441 4 2 1 1 1325 1457 1522 1709
3442 4 2 1 1 1406 1563 1586 1665
3443 4 2 1 1 1058 551 647 1766
3444 4 2 1 1 1353 1794 1507 2209
3445 4 2 1 1 1479 1759 781 1961
3446 4 2 1 1 746 1435 1743 2131
3447 4 2 1 1 1417 1358 1624 1834
3448 4 2 1 1 1362 1561 1479 1961
3449 4 2 1 1 1458 1513 1405 1635
3450 4 2 1 1 1345 1517 1470 2008
3451 4 2 1 1 1359 1448 1472 1684
3452 4 2 1 1 1433 1594 1465 1738
3453 4 2 1 1 1526 1747 1376 2046
3454 4 2 1 1 716 1776 1433 2186
3455 4 2 1 1 1338 1506 1465 2011
3456 4 2 1 1 58 673 65 1830
3457 4 2 1 1 408 1456 376 1822
3458 4 2 1 1 379 1748 1541 1847
3459 4 2 1 1 1365 1476 1431 1620
3460 4 2 1 1 454 305 304 1772
3461 4 2 1 1 1087 1534 1089 2031
3462 4 2 1 1 196 1449 1845 1863
3463 4 2 1 1 569 1697 1470 2006
3464 4 2 1 1 746 1743 1645 2131
3465 4 2 1 1 1634 1846 1519 2175
3466 4 2 1 1 493 1630 1549 1793
3467 4 2 1 1 1501 2014 1416 2214
3468 4 2 1 1 1160 1276 1159 1512
3469 4 2 1 1 1343 1421 1608 1931
3470 4 2 1 1 289 1511 2159 2195
3471 4 2 1 1 1108 2125 1688 2132
3472 4 2 1 1 1445 1600 1348 1897
3473 4 2 1 1 281 1566 280 2201
3474 4 2 1 1 289 1511 276 2159
3475 4 2 1 1 1687 1852 1713 1970
3476 4 2 1 1 1387 1727 1669 1730
3477 4 2 1 1 220 1026 1446 1686
3478 4 2 1 1 442 1687 1471 2155
3479 4 2 1 1 395 790 1655 1748
3480 4 2 1 1 1139 1842 1462 2041
3481 4 2 1 1 1108 1688 1106 2132
3482 4 2 1 1 1517 1755 1627 1870
3483 4 2 1 1 1396 1710 1479 2015
3484 4 2 1 1 1431 1476 1365 1833
3485 4 2 1 1 209 1783 1431 2091
3486 4 2 1 1 1402 1610 1413 1662
3487 4 2 1 1 1609 1694 115 2049
3488 4 2 1 1 1463 1318 1640 1892
3489 4 2 1 1 1409 1737 1575 2050
3490 4 2 1 1 1433 1465 1374 1738
3491 4 2 1 1 1318 1529 1463 1640
3492 4 2 1 1 1518 1661 1330 1750
3493 4 2 1 1 1411 1661 1518 1750
3494 4 2 1 1 1217 1548 1522 2261
3495 4 2 1 1 657 1718 1430 2104
3496 4 2 1 1 1340 1617 1668 1864
3497 4 2 1 1 1470 1517 1345 1784
3498 4 2 1 1 646 647 963 1461
3499 4 2 1 1 1210 1582 1574 1956
3500 4 2 1 1 268 266 1423 2129
3501 4 2 1 1 533 1560 179 2110
3502 4 2 1 1 1276 1159 1512 1659
3503 4 2 1 1 170 171 1500 1599
3504 4 2 1 1 1501 1757 1410 1883
3505 4 2 1 1 361 655 1752 1819
3506 4 2 1 1 1465 1594 1433 1795
3507 4 2 1 1 736 1769 1485 1865
3508 4 2 1 1 1189 1480 1497 1821
3509 4 2 1 1 530 1610 694 1662
3510 4 2 1 1 1397 1613 1495 1758
3511 4 2 1 1 1492 1495 1339 1758
3512 4 2 1 1 1402 1418 1651 1843
3513 4 2 1 1 331 914 329 1458
3514 4 2 1 1 1369 1563 1721 1885
3515 4 2 1 1 826 1455 1766 2162
3516 4 2 1 1 1449 1527 1378 1845
3517 4 2 1 1 1627 1698 1426 2248
3518 4 2 1 1 170 173 171 1599
3519 4 2 1 1 1426 1550 1486 1901
3520 4 2 1 1 1193 1832 1415 1854
3521 4 2 1 1 1394 1709 1627 1870
3522 4 2 1 1 1734 2081 1420 2110
3523 4 2 1 1 1152 1483 1620 1637
3524 4 2 1 1 1393 1497 1430 1649
3525 4 2 1 1 874 1634 1444 2001
3526 4 2 1 1 1342 1605 1555 1606
3527 4 2 1 1 1424 1354 1819 2143
3528 4 2 1 1 1653 1686 1446 2029
3529 4 2 1 1 364 1496 1942 1972
3530 4 2 1 1 210 526 1686 1799
3531 4 2 1 1 1596 1654 1396 1789
3532 4 2 1 1 1353 1574 1794 2209
3533 4 2 1 1 867 1450 1692 2224
3534 4 2 1 1 1596 1816 1396 2106
3535 4 2 1 1 1635 1670 1458 1828
3536 4 2 1 1 1751 2105 1646 2253
3537 4 2 1 1 1439 1473 1371 1958
3538 4 2 1 1 1504 1550 1486 2028
3539 4 2 1 1 1532 2109 1688 2125
3540 4 2 1 1 1224 35 1074 1725
3541 4 2 1 1 1402 1662 1413 2205
3542 4 2 1 1 1087 1086 1588 1742
3543 4 2 1 1 1352 1486 1426 1681
3544 4 2 1 1 1470 1517 1325 2008
3545 4 2 1 1 1113 1902 1558 1985
3546 4 2 1 1 1411 1728 1802 2099
3547 4 2 1 1 792 1598 871 1711
3548 4 2 1 1 1425 1355 1534 1693
3549 4 2 1 1 837 1474 836 1867
3550 4 2 1 1 1363 1478 1436 2090
3551 4 2 1 1 1586 1445 1696 1999
3552 4 2 1 1 1237 1648 1115 1956
3553 4 2 1 1 1147 1189 1497 1923
3554 4 2 1 1 1555 1606 1605 1931
3555 4 2 1 1 1359 1773 1513 1920
3556 4 2 1 1 370 1749 372 1972
3557 4 2 1 1 1472 1392 1877 1962
3558 4 2 1 1 1357 1635 1513 1945
3559 4 2 1 1 1486 1550 1504 1901
3560 4 2 1 1 1402 1413 1707 2205
3561 4 2 1 1 1326 1654 1596 1789
3562 4 2 1 1 266 718 1781 2129
3563 4 2 1 1 1327 1501 1544 2220
3564 4 2 1 1 954 1687 1428 1879
3565 4 2 1 1 1355 1460 1664 1742
3566 4 2 1 1 1545 1650 1510 1981
3567 4 2 1 1 1688 2125 2109 2132
3568 4 2 1 1 1391 1417 1624 1786
3569 4 2 1 1 381 1823 1434 2250
3570 4 2 1 1 282 1510 281 2201
3571 4 2 1 1 538 465 819 1752
3572 4 2 1 1 1726 1781 718 2129
3573 4 2 1 1 1512 1663 1364 1824
3574 4 2 1 1 1339 1467 1519 2175
3575 4 2 1 1 860 1009 1416 1764
3576 4 2 1 1 1173 1618 1190 1652
3577 4 2 1 1 814 478 1831 1840
3578 4 2 1 1 1412 1690 1473 1873
3579 4 2 1 1 1056 478 1025 1831
3580 4 2 1 1 379 788 1748 1847
3581 4 2 1 1 1579 1797 1363 2081
3582 4 2 1 1 1579 1734 1351 1953
3583 4 2 1 1 1457 1494 1325 2007
3584 4 2 1 1 183 1445 1685 1897
3585 4 2 1 1 1329 1492 1433 1776
3586 4 2 1 1 1423 1592 1562 2119
3587 4 2 1 1 1352 1761 1429 2176
3588 4 2 1 1 1617 1864 1340 2126
3589 4 2 1 1 1504 1570 1454 1725
3590 4 2 1 1 714 1914 621 1953
3591 4 2 1 1 1386 1418 1810 1850
3592 4 2 1 1 1551 1788 497 1915
3593 4 2 1 1 1632 1714 819 2086
3594 4 2 1 1 633 1428 492 1677
3595 4 2 1 1 1354 1676 1957 2143
3596 4 2 1 1 1418 1636 1386 1810
3597 4 2 1 1 1237 1125 1648 1956
3598 4 2 1 1 1098 1689 1097 1910
3599 4 2 1 1 198 1726 200 2140
3600 4 2 1 1 1639 1737 1446 2050
3601 4 2 1 1 442 443 1687 2155
3602 4 2 1 1 1327 1799 1468 1907
3603 4 2 1 1 1405 1852 1488 1884
3604 4 2 1 1 397 1561 308 1720
3605 4 2 1 1 1087 1089 1086 2031
3606 4 2 1 1 1530 1609 93 2049
3607 4 2 1 1 1357 1956 1715 2189
3608 4 2 1 1 1321 1598 1591 2047
3609 4 2 1 1 161 1602 558 1932
3610 4 2 1 1 1159 1160 1512 1659
3611 4 2 1 1 533 1578 1560 2110
3612 4 2 1 1 1491 1535 1358 1888
3613 4 2 1 1 1549 1735 1436 1914
3614 4 2 1 1 406 1709 803 1746
3615 4 2 1 1 1413 1610 1402 1707
3616 4 2 1 1 1319 1687 1471 1713
3617 4 2 1 1 276 288 273 1603
3618 4 2 1 1 1435 1380 1644 1929
3619 4 2 1 1 165 533 179 2110
3620 4 2 1 1 662 1641 660 1813
3621 4 2 1 1 1366 1423 1744 2214
3622 4 2 1 1 1594 1738 1433 1795
3623 4 2 1 1 1418 1636 1461 1850
3624 4 2 1 1 197 1524 199 1845
3625 4 2 1 1 330 1715 416 1945
3626 4 2 1 1 1423 1366 1744 2129
3627 4 2 1 1 1431 1483 1328 1637
3628 4 2 1 1 1493 1513 1920 2098
3629 4 2 1 1 1134 1556 1265 1617
3630 4 2 1 1 1439 1767 1643 1826
3631 4 2 1 1 275 860 1704 1925
3632 4 2 1 1 190 195 194 1863
3633 4 2 1 1 1498 1576 1344 2017
3634 4 2 1 1 764 1438 767 1853
3635 4 2 1 1 1383 1715 1458 1956
3636 4 2 1 1 13 1756 12 1967
3637 4 2 1 1 1098 1689 1883 2029
3638 4 2 1 1 1463 1318 1892 2052
3639 4 2 1 1 1534 1542 1369 1657
3640 4 2 1 1 1358 1582 1509 1834
3641 4 2 1 1 1338 1465 1433 1795
3642 4 2 1 1 1113 1558 1257 1985
3643 4 2 1 1 347 350 1469 1679
3644 4 2 1 1 1478 1575 1527 2202
3645 4 2 1 1 164 2081 1734 2110
3646 4 2 1 1 155 494 1450 1716
3647 4 2 1 1 538 819 1714 1752
3648 4 2 1 1 1558 1673 1257 1985
3649 4 2 1 1 1632 1752 1714 2086
3650 4 2 1 1 662 660 1641 1930
3651 4 2 1 1 1462 1844 1724 1969
3652 4 2 1 1 841 1679 1448 2260
3653 4 2 1 1 1404 1601 1455 1739
3654 4 2 1 1 881 1605 843 1912
3655 4 2 1 1 1519 1876 1360 1967
3656 4 2 1 1 1581 2016 1123 2089
3657 4 2 1 1 1254 1647 1638 1680
3658 4 2 1 1 52 1583 1454 1808
3659 4 2 1 1 1210 1574 1125 1956
3660 4 2 1 1 1367 1531 1840 1979
3661 4 2 1 1 1341 1551 1494 1724
3662 4 2 1 1 1540 1376 1874 1994
3663 4 2 1 1 1423 1562 1505 1726
3664 4 2 1 1 1547 1702 1483 1783
3665 4 2 1 1 1433 1492 1329 1506
3666 4 2 1 1 559 1602 161 2128
3667 4 2 1 1 1490 1611 1384 1740
3668 4 2 1 1 1699 1949 800 2215
3669 4 2 1 1 1173 1618 1652 2252
3670 4 2 1 1 1681 1964 1550 2135
3671 4 2 1 1 1355 1731 1460 1742
3672 4 2 1 1 795 1655 790 2152
3673 4 2 1 1 1364 1663 1440 1847
3674 4 2 1 1 1371 1473 1439 1564
3675 4 2 1 1 1299 1745 1184 1957
3676 4 2 1 1 1542 1657 1534 2133
3677 4 2 1 1 1231 1644 1213 2166
3678 4 2 1 1 1445 1586 1348 1999
3679 4 2 1 1 1973 2011 1487 2126
3680 4 2 1 1 1396 1479 1733 2015
3681 4 2 1 1 1617 1864 1487 1916
3682 4 2 1 1 1381 1477 1441 2192
3683 4 2 1 1 1407 1621 1593 2188
3684 4 2 1 1 1562 1726 1423 2245
3685 4 2 1 1 836 1474 211 1833
3686 4 2 1 1 1375 1593 1520 1621
3687 4 2 1 1 1410 1538 1501 1883
3688 4 2 1 1 1408 1545 1510 1981
3689 4 2 1 1 214 486 746 1645
3690 4 2 1 1 1358 1417 1582 1834
3691 4 2 1 1 791 790 1748 1860
3692 4 2 1 1 1431 1400 1620 2091
3693 4 2 1 1 1405 1670 1943 2087
3694 4 2 1 1 1422 1887 1349 2068
3695 4 2 1 1 1445 1567 1372 1696
3696 4 2 1 1 956 1770 1033 2018
3697 4 2 1 1 1570 1629 1385 1717
3698 4 2 1 1 305 297 1439 2169
3699 4 2 1 1 1442 1364 1663 1824
3700 4 2 1 1 1402 1651 1604 1843
3701 4 2 1 1 414 1561 397 1961
3702 4 2 1 1 387 711 313 1903
3703 4 2 1 1 1462 1724 1175 2041
3704 4 2 1 1 347 350 349 1469
3705 4 2 1 1 1342 1705 1555 1974
3706 4 2 1 1 1330 1421 1762 1814
3707 4 2 1 1 1415 1694 1609 2158
3708 4 2 1 1 446 1890 1621 1905
3709 4 2 1 1 956 281 1801 2018
3710 4 2 1 1 795 395 790 1655
3711 4 2 1 1 105 1453 117 1731
3712 4 2 1 1 107 839 109 1882
3713 4 2 1 1 579 1671 1451 1825
3714 4 2 1 1 791 1748 789 1860
3715 4 2 1 1 1506 1659 1465 2236
3716 4 2 1 1 1333 1454 1504 1808
3717 4 2 1 1 1031 1464 1949 2065
3718 4 2 1 1 546 244 547 1971
3719 4 2 1 1 1577 1644 1330 2166
3720 4 2 1 1 1374 1554 1465 1927
3721 4 2 1 1 1423 2119 1562 2245
3722 4 2 1 1 318 1786 1826 2035
3723 4 2 1 1 1670 1677 1458 1828
3724 4 2 1 1 435 1621 1520 1982
3725 4 2 1 1 1417 1786 321 1834
3726 4 2 1 1 275 1764 860 1925
3727 4 2 1 1 875 1784 1697 1955
3728 4 2 1 1 1003 595 1499 1965
3729 4 2 1 1 1370 1532 1451 1616
3730 4 2 1 1 1500 1599 171 1941
3731 4 2 1 1 714 1579 1914 1953
3732 4 2 1 1 1340 1554 1489 2219
3733 4 2 1 1 1131 1653 1562 1809
3734 4 2 1 1 379 356 788 1847
3735 4 2 1 1 1401 1629 1570 1717
3736 4 2 1 1 1465 1594 1489 1738
3737 4 2 1 1 1266 1187 1891 1981
3738 4 2 1 1 1384 1611 1490 1966
3739 4 2 1 1 1621 1796 1386 2142
3740 4 2 1 1 1253 1124 1127 1881
3741 4 2 1 1 1495 1908 1397 2159
3742 4 2 1 1 1469 1819 1424 1820
3743 4 2 1 1 1463 1529 1318 2052
3744 4 2 1 1 1456 1749 376 1822
3745 4 2 1 1 490 1797 1436 1914
3746 4 2 1 1 1345 1550 1504 1583
3747 4 2 1 1 77 1429 1802 1899
3748 4 2 1 1 1505 2038 1366 2129
3749 4 2 1 1 1333 1550 1504 2028
3750 4 2 1 1 1489 1594 748 1738
3751 4 2 1 1 348 849 1893 1962
3752 4 2 1 1 1405 1428 1852 1884
3753 4 2 1 1 1083 1736 1559 2056
3754 4 2 1 1 655 500 1752 1780
3755 4 2 1 1 783 1816 1764 2117
3756 4 2 1 1 843 1503 1803 1912
3757 4 2 1 1 187 1965 1540 1980
3758 4 2 1 1 16 1875 1028 1876
3759 4 2 1 1 1439 1772 1473 1958
3760 4 2 1 1 190 1449 195 1863
3761 4 2 1 1 367 1496 364 1972
3762 4 2 1 1 1563 1665 1406 1721
3763 4 2 1 1 1404 1455 1601 1720
3764 4 2 1 1 1321 1711 1598 2047
3765 4 2 1 1 1485 1769 1350 1865
3766 4 2 1 1 97 1865 1485 1866
3767 4 2 1 1 1421 1330 1577 1602
3768 4 2 1 1 1561 1759 1479 1961
3769 4 2 1 1 1160 1512 1842 2041
3770 4 2 1 1 1414 1700 1380 1712
3771 4 2 1 1 1422 1741 1349 1887
3772 4 2 1 1 1424 1321 1598 1745
3773 4 2 1 1 767 760 1507 1826
3774 4 2 1 1 1331 1660 1462 1844
3775 4 2 1 1 214 211 1474 1743
3776 4 2 1 1 447 442 443 1687
3777 4 2 1 1 316 1903 1594 2066
3778 4 2 1 1 1928 2170 1569 2184
3779 4 2 1 1 1437 1344 1576 2017
3780 4 2 1 1 764 945 767 1438
3781 4 2 1 1 1483 1547 1337 1702
3782 4 2 1 1 1246 1891 1616 2067
3783 4 2 1 1 1505 1562 1378 1726
3784 4 2 1 1 1562 1592 1262 2119
3785 4 2 1 1 1666 807 1825 2193
3786 4 2 1 1 321 1786 1417 2147
3787 4 2 1 1 1375 1557 1471 2242
3788 4 2 1 1 812 1814 1602 1849
3789 4 2 1 1 1381 1848 1590 1926
3790 4 2 1 1 257 1806 1007 2009
3791 4 2 1 1 1377 1540 1498 1777
3792 4 2 1 1 1476 1620 1400 2091
3793 4 2 1 1 493 1549 1630 1953
3794 4 2 1 1 13 687 12 1756
3795 4 2 1 1 1328 1431 1637 1867
3796 4 2 1 1 525 97 736 1485
3797 4 2 1 1 1230 1705 1305 1753
3798 4 2 1 1 1090 2039 1317 2133
3799 4 2 1 1 559 558 161 1602
3800 4 2 1 1 1599 1639 1335 1737
3801 4 2 1 1 983 1692 1460 1919
3802 4 2 1 1 1366 2038 1744 2129
3803 4 2 1 1 1491 1590 422 1888
3804 4 2 1 1 1437 1576 1344 1830
3805 4 2 1 1 1437 1777 673 2051
3806 4 2 1 1 543 1428 982 1687
3807 4 2 1 1 1390 1713 1687 1852
3808 4 2 1 1 874 1444 1771 2001
3809 4 2 1 1 791 790 789 1748
3810 4 2 1 1 378 959 834 2170
3811 4 2 1 1 1360 1504 1583 2145
3812 4 2 1 1 182 1445 183 2217
3813 4 2 1 1 1465 1659 1374 2236
3814 4 2 1 1 1183 1170 1585 1957
3815 4 2 1 1 1390 1471 1687 1713
3816 4 2 1 1 1429 1802 1728 2099
3817 4 2 1 1 1003 1499 1646 1965
3818 4 2 1 1 347 1679 1469 1977
3819 4 2 1 1 971 672 1846 1908
3820 4 2 1 1 502 847 846 1912
3821 4 2 1 1 727 958 1626 1889
3822 4 2 1 1 767 1507 761 1853
3823 4 2 1 1 387 1903 316 2066
3824 4 2 1 1 1597 1861 11 1994
3825 4 2 1 1 1163 2188 1796 2205
3826 4 2 1 1 1365 1602 1435 1932
3827 4 2 1 1 1757 1799 1410 2177
3828 4 2 1 1 1589 1864 1617 1916
3829 4 2 1 1 1363 1527 1449 1863
3830 4 2 1 1 1361 1522 1490 1548
3831 4 2 1 1 1460 1552 1403 2213
3832 4 2 1 1 1665 1685 1406 2042
3833 4 2 1 1 1530 1630 1350 1669
3834 4 2 1 1 1555 1705 1343 1753
3835 4 2 1 1 1604 1651 1418 1843
3836 4 2 1 1 1452 1668 711 1818
3837 4 2 1 1 1437 1576 1498 2017
3838 4 2 1 1 846 502 1447 1885
3839 4 2 1 1 1351 1630 1530 1669
3840 4 2 1 1 758 1778 496 2121
3841 4 2 1 1 492 1428 543 1991
3842 4 2 1 1 1490 1683 866 1746
3843 4 2 1 1 711 1668 1452 1903
3844 4 2 1 1 1170 1587 1585 1957
3845 4 2 1 1 239 1775 235 2034
3846 4 2 1 1 1352 1642 1761 2176
3847 4 2 1 1 9 1785 1540 1994
3848 4 2 1 1 1481 1532 1332 1671
3849 4 2 1 1 1115 1237 1125 1648
3850 4 2 1 1 1077 1887 1678 2068
3851 4 2 1 1 1697 1875 1035 1955
3852 4 2 1 1 1420 1734 1579 2081
3853 4 2 1 1 1189 1313 1480 1821
3854 4 2 1 1 1417 1834 321 2144
3855 4 2 1 1 1400 1567 1475 1696
3856 4 2 1 1 1756 1846 672 1908
3857 4 2 1 1 1439 1643 1391 1826
3858 4 2 1 1 498 1752 1780 2086
3859 4 2 1 1 1195 1779 1832 1854
3860 4 2 1 1 1535 1624 1417 1786
3861 4 2 1 1 78 1429 1804 1811
3862 4 2 1 1 1770 1801 1408 2018
3863 4 2 1 1 1837 1962 1392 2087
3864 4 2 1 1 279 1603 1499 1965
3865 4 2 1 1 703 361 655 1752
3866 4 2 1 1 349 347 1469 1977
3867 4 2 1 1 1498 1540 1376 1576
3868 4 2 1 1 1511 1980 276 2159
3869 4 2 1 1 1049 1418 243 1850
3870 4 2 1 1 257 1622 1806 2009
3871 4 2 1 1 1773 1881 1123 2016
3872 4 2 1 1 1504 1583 1550 1808
3873 4 2 1 1 864 747 511 1958
3874 4 2 1 1 78 1429 50 1804
3875 4 2 1 1 1464 1585 1354 1676
3876 4 2 1 1 912 1823 814 1840
3877 4 2 1 1 1488 1962 1837 2087
3878 4 2 1 1 493 949 1549 1953
3879 4 2 1 1 1610 1959 692 1996
3880 4 2 1 1 155 1716 1450 1856
3881 4 2 1 1 1513 1635 1458 1945
3882 4 2 1 1 1501 2014 1544 2220
3883 4 2 1 1 1428 1571 1356 1970
3884 4 2 1 1 1441 1477 1381 1660
3885 4 2 1 1 32 33 1526 1613
3886 4 2 1 1 196 1845 890 1863
3887 4 2 1 1 945 1767 1438 1801
3888 4 2 1 1 105 1453 1731 2084
3889 4 2 1 1 1509 1582 1417 1834
3890 4 2 1 1 1551 1432 1748 1969
3891 4 2 1 1 1360 1580 1467 1993
3892 4 2 1 1 164 714 1734 2081
3893 4 2 1 1 1496 1516 1389 1858
3894 4 2 1 1 408 376 407 1822
3895 4 2 1 1 1435 1644 1543 1929
3896 4 2 1 1 1415 1730 1193 1854
3897 4 2 1 1 1426 1345 1517 1784
3898 4 2 1 1 1279 1220 1713 2242
3899 4 2 1 1 1386 1810 1662 1850
3900 4 2 1 1 1319 1687 1571 1831
3901 4 2 1 1 1470 2008 1325 2212
3902 4 2 1 1 1728 1899 1384 2040
3903 4 2 1 1 1446 1904 1792 2029
3904 4 2 1 1 1391 1528 1439 1569
3905 4 2 1 1 1408 1438 1770 2198
3906 4 2 1 1 1437 673 1889 2051
3907 4 2 1 1 1469 1819 354 1951
3908 4 2 1 1 1782 1889 673 2051
3909 4 2 1 1 546 547 1641 1971
3910 4 2 1 1 442 1471 1687 1978
3911 4 2 1 1 197 196 195 1845
3912 4 2 1 1 1764 1816 1326 2117
3913 4 2 1 1 1082 1083 1736 1762
3914 4 2 1 1 1234 1556 1617 1868
3915 4 2 1 1 1611 1740 1490 2013
3916 4 2 1 1 1460 1533 1398 2240
3917 4 2 1 1 858 1774 1496 1963
3918 4 2 1 1 663 1797 1579 2081
3919 4 2 1 1 1363 1527 1478 1647
3920 4 2 1 1 1475 1696 1649 1909
3921 4 2 1 1 414 452 781 1961
3922 4 2 1 1 620 1549 949 1953
3923 4 2 1 1 1405 1852 1670 2087
3924 4 2 1 1 1382 1580 1444 1697
3925 4 2 1 1 210 1686 1538 1799
3926 4 2 1 1 1461 1636 1386 1850
3927 4 2 1 1 1710 2079 508 2106
3928 4 2 1 1 738 1661 1623 1849
3929 4 2 1 1 1455 1930 1641 2162
3930 4 2 1 1 1375 1593 1621 1796
3931 4 2 1 1 1396 1539 1419 1789
3932 4 2 1 1 1159 1842 1659 2236
3933 4 2 1 1 909 65 673 1889
3934 4 2 1 1 1627 1755 1394 1870
3935 4 2 1 1 257 1719 1622 2009
3936 4 2 1 1 1392 1684 1472 1877
3937 4 2 1 1 1508 2170 1928 2184
3938 4 2 1 1 1432 1331 1969 2047
3939 4 2 1 1 1351 1579 1436 2090
3940 4 2 1 1 196 1449 195 1845
3941 4 2 1 1 983 1460 123 1919
3942 4 2 1 1 1320 1464 1683 2206
3943 4 2 1 1 1331 1441 1660 1841
3944 4 2 1 1 284 758 496 2121
3945 4 2 1 1 1517 1706 1325 2008
3946 4 2 1 1 379 1655 1541 1748
3947 4 2 1 1 433 1890 1471 1978
3948 4 2 1 1 53 1597 11 1994
3949 4 2 1 1 1420 1578 1560 1618
3950 4 2 1 1 1417 2144 321 2147
3951 4 2 1 1 543 954 982 1428
3952 4 2 1 1 214 1474 226 1922
3953 4 2 1 1 1376 1576 1540 1874
3954 4 2 1 1 183 1445 182 1869
3955 4 2 1 1 1427 1473 1940 2134
3956 4 2 1 1 1431 1365 1620 2235
3957 4 2 1 1 1478 1527 1409 2262
3958 4 2 1 1 1131 1653 1102 1946
3959 4 2 1 1 814 408 478 1571
3960 4 2 1 1 1378 1726 1562 2245
3961 4 2 1 1 1361 1676 1949 2180
3962 4 2 1 1 841 348 1448 1679
3963 4 2 1 1 1510 1778 758 2121
3964 4 2 1 1 1465 1554 1340 1973
3965 4 2 1 1 11 1597 53 1861
3966 4 2 1 1 1540 1576 1498 1777
3967 4 2 1 1 1335 1737 1639 2050
3968 4 2 1 1 52 1583 16 1876
3969 4 2 1 1 1587 2188 1163 2205
3970 4 2 1 1 1139 1462 1842 1927
3971 4 2 1 1 1455 1502 1388 1565
3972 4 2 1 1 168 1623 1622 2024
3973 4 2 1 1 706 926 1874 1895
3974 4 2 1 1 1776 2001 1492 2186
3975 4 2 1 1 1377 1499 1646 1751
3976 4 2 1 1 1325 1517 1627 1870
3977 4 2 1 1 1019 1964 1681 2135
3978 4 2 1 1 1227 1533 1815 1887
3979 4 2 1 1 1090 1130 1534 2133
3980 4 2 1 1 662 661 1484 1813
3981 4 2 1 1 1538 1799 1327 1907
3982 4 2 1 1 1321 1424 1598 1820
3983 4 2 1 1 912 853 1531 1840
3984 4 2 1 1 1173 1680 1618 2252
3985 4 2 1 1 1338 1465 1795 2126
3986 4 2 1 1 239 1466 244 1763
3987 4 2 1 1 1367 1985 1902 2237
3988 4 2 1 1 307 1795 1594 1918
3989 4 2 1 1 1367 1558 1902 1985
3990 4 2 1 1 239 1466 1775 2034
3991 4 2 1 1 374 376 1749 1822
3992 4 2 1 1 170 1500 171 1941
3993 4 2 1 1 1124 2016 1660 2089
3994 4 2 1 1 1594 1795 1465 2126
3995 4 2 1 1 24 1611 50 1899
3996 4 2 1 1 1364 1440 1512 1842
3997 4 2 1 1 573 1697 574 1875
3998 4 2 1 1 1443 11 1861 1994
3999 4 2 1 1 211 226 214 1474
4000 4 2 1 1 45 27 1695 1700
4001 4 2 1 1 1187 1650 1545 1981
4002 4 2 1 1 1405 1513 1458 1987
4003 4 2 1 1 1395 1421 1762 2199
4004 4 2 1 1 273 279 1603 1872
4005 4 2 1 1 1485 1595 605 1866
4006 4 2 1 1 519 651 867 1729
4007 4 2 1 1 1519 1634 686 1846
4008 4 2 1 1 109 1882 1721 1885
4009 4 2 1 1 866 1683 1490 2238
4010 4 2 1 1 1432 1591 1341 1598
4011 4 2 1 1 269 270 860 1704
4012 4 2 1 1 1410 1757 1689 1883
4013 4 2 1 1 75 1629 1454 1876
4014 4 2 1 1 1357 1513 1635 1773
4015 4 2 1 1 422 402 1590 1903
4016 4 2 1 1 1504 1550 1345 1901
4017 4 2 1 1 543 982 1025 1687
4018 4 2 1 1 78 1802 1429 1811
4019 4 2 1 1 1467 1634 1519 2175
4020 4 2 1 1 1355 1664 1460 2060
4021 4 2 1 1 1333 1504 1454 1725
4022 4 2 1 1 1389 1666 1616 1835
4023 4 2 1 1 1380 1700 1414 1701
4024 4 2 1 1 1365 1431 1833 2235
4025 4 2 1 1 812 1602 564 1849
4026 4 2 1 1 60 1611 2013 2200
4027 4 2 1 1 1600 1689 1348 2029
4028 4 2 1 1 1380 1435 1645 1929
4029 4 2 1 1 1474 1743 211 1833
4030 4 2 1 1 206 526 1799 1904
4031 4 2 1 1 1594 1918 1795 2126
4032 4 2 1 1 1190 1652 1618 1727
4033 4 2 1 1 767 1438 945 1826
4034 4 2 1 1 1380 1414 1712 2124
4035 4 2 1 1 446 434 1621 1890
4036 4 2 1 1 773 1491 1668 1903
4037 4 2 1 1 1380 1701 1414 2124
4038 4 2 1 1 318 1826 759 2035
4039 4 2 1 1 863 1035 1875 1955
4040 4 2 1 1 1367 1902 1558 2237
4041 4 2 1 1 1483 1783 1702 1909
4042 4 2 1 1 235 1775 1922 2034
4043 4 2 1 1 662 1924 262 1930
4044 4 2 1 1 1476 1620 1365 1753
4045 4 2 1 1 1555 1577 1211 1753
4046 4 2 1 1 770 257 1007 2009
4047 4 2 1 1 1331 1660 1477 1841
4048 4 2 1 1 1444 1771 1329 1787
4049 4 2 1 1 1495 1758 1492 1917
4050 4 2 1 1 1340 1556 1491 1617
4051 4 2 1 1 1532 1671 1481 1825
4052 4 2 1 1 931 1489 748 1738
4053 4 2 1 1 1342 1606 1447 1912
4054 4 2 1 1 1342 1555 1605 2199
4055 4 2 1 1 1125 1648 1574 1858
4056 4 2 1 1 484 1788 1442 1827
4057 4 2 1 1 770 1719 257 2009
4058 4 2 1 1 1534 1542 1425 1693
4059 4 2 1 1 268 1744 267 2129
4060 4 2 1 1 1358 1535 1491 1868
4061 4 2 1 1 642 984 457 1848
4062 4 2 1 1 1139 1160 1842 2041
4063 4 2 1 1 158 1665 1447 1885
4064 4 2 1 1 1467 1580 1444 1787
4065 4 2 1 1 1561 424 1921 2054
4066 4 2 1 1 507 1816 1419 1829
4067 4 2 1 1 297 1767 1439 2169
4068 4 2 1 1 1330 1435 1518 1644
4069 4 2 1 1 1116 1277 1970 2004
4070 4 2 1 1 1139 1462 1175 2041
4071 4 2 1 1 1695 1802 69 1947
4072 4 2 1 1 1417 1624 1535 1834
4073 4 2 1 1 342 1472 849 1962
4074 4 2 1 1 433 1471 442 1978
4075 4 2 1 1 692 1546 677 1996
4076 4 2 1 1 284 1510 758 2121
4077 4 2 1 1 1335 1436 1607 2204
4078 4 2 1 1 1318 1497 1480 1821
4079 4 2 1 1 605 525 1485 1866
4080 4 2 1 1 1352 1678 1482 1761
4081 4 2 1 1 1255 1135 1539 1789
4082 4 2 1 1 1623 1814 1395 1906
4083 4 2 1 1 656 1451 579 1671
4084 4 2 1 1 860 1416 1009 2014
4085 4 2 1 1 1443 1785 1613 1908
4086 4 2 1 1 890 1845 1527 1863
4087 4 2 1 1 1347 1528 1564 1975
4088 4 2 1 1 1494 1457 1768 2007
4089 4 2 1 1 187 43 1540 1965
4090 4 2 1 1 530 1662 816 2086
4091 4 2 1 1 1452 1918 1594 2126
4092 4 2 1 1 324 317 1440 1857
4093 4 2 1 1 1381 1554 1441 1660
4094 4 2 1 1 1333 1486 1550 2028
4095 4 2 1 1 901 1477 555 1920
4096 4 2 1 1 911 579 656 1451
4097 4 2 1 1 438 1621 1982 2103
4098 4 2 1 1 1565 1905 1766 2142
4099 4 2 1 1 1771 1787 1382 2239
4100 4 2 1 1 1523 1630 1350 1838
4101 4 2 1 1 49 1756 1443 1861
4102 4 2 1 1 1343 1674 1476 1753
4103 4 2 1 1 435 436 1621 1982
4104 4 2 1 1 1321 1525 1448 2047
4105 4 2 1 1 1339 1519 1467 1691
4106 4 2 1 1 1402 1701 2124 2150
4107 4 2 1 1 1593 1220 2020 2242
4108 4 2 1 1 1422 1678 1887 2068
4109 4 2 1 1 196 890 194 1863
4110 4 2 1 1 1330 1518 1435 2128
4111 4 2 1 1 1431 1620 1476 2091
4112 4 2 1 1 1379 1418 1651 1896
4113 4 2 1 1 1394 1740 1611 2013
4114 4 2 1 1 1195 1832 1193 1854
4115 4 2 1 1 1539 1789 1396 1902
4116 4 2 1 1 1378 1726 1524 1845
4117 4 2 1 1 1389 1516 1496 1972
4118 4 2 1 1 1118 1852 1722 2087
4119 4 2 1 1 1325 2008 1706 2212
4120 4 2 1 1 808 1442 484 1788
4121 4 2 1 1 73 74 1629 2226
4122 4 2 1 1 1343 1555 1421 1931
4123 4 2 1 1 655 1464 585 1780
4124 4 2 1 1 1429 1804 1352 2176
4125 4 2 1 1 1441 1660 1554 1927
4126 4 2 1 1 1409 1446 1760 2082
4127 4 2 1 1 1143 1647 1478 1809
4128 4 2 1 1 195 1449 190 1871
4129 4 2 1 1 130 168 1622 2024
4130 4 2 1 1 1444 1580 1382 1787
4131 4 2 1 1 1279 2020 1220 2242
4132 4 2 1 1 1426 1486 1352 1755
4133 4 2 1 1 454 776 305 1772
4134 4 2 1 1 958 1782 1626 1889
4135 4 2 1 1 1497 1910 1393 2177
4136 4 2 1 1 647 551 963 1461
4137 4 2 1 1 1147 1189 1145 1497
4138 4 2 1 1 240 1775 1763 2130
4139 4 2 1 1 1077 1736 1081 1887
4140 4 2 1 1 1379 1543 1474 2057
4141 4 2 1 1 1522 1768 1457 2007
4142 4 2 1 1 16 1583 1875 1876
4143 4 2 1 1 1357 1635 1458 1956
4144 4 2 1 1 52 702 1454 1876
4145 4 2 1 1 1408 1801 1510 2018
4146 4 2 1 1 1213 2005 1100 2166
4147 4 2 1 1 1346 1763 1461 1766
4148 4 2 1 1 1328 1637 1474 1867
4149 4 2 1 1 1414 2124 1701 2150
4150 4 2 1 1 858 1496 775 1963
4151 4 2 1 1 1130 1838 1534 2133
4152 4 2 1 1 1421 1577 1330 1762
4153 4 2 1 1 1446 1792 1348 2029
4154 4 2 1 1 349 1469 1951 1977
4155 4 2 1 1 517 716 309 1776
4156 4 2 1 1 1376 1540 1747 1785
4157 4 2 1 1 1613 1758 1397 1798
4158 4 2 1 1 1502 1601 1388 2036
4159 4 2 1 1 974 812 564 1849
4160 4 2 1 1 1449 1638 1378 1647
4161 4 2 1 1 303 1492 302 2001
4162 4 2 1 1 1438 1767 945 1826
4163 4 2 1 1 792 980 871 1598
4164 4 2 1 1 1081 1887 1736 2056
4165 4 2 1 1 1397 1908 1785 2159
4166 4 2 1 1 974 1814 812 1849
4167 4 2 1 1 77 1429 78 1802
4168 4 2 1 1 1648 1828 1115 1956
4169 4 2 1 1 1381 1441 1554 1848
4170 4 2 1 1 1408 1770 1438 1801
4171 4 2 1 1 1344 1727 1675 2223
4172 4 2 1 1 190 1449 1863 1871
4173 4 2 1 1 269 268 1704 1744
4174 4 2 1 1 1795 1918 1338 2126
4175 4 2 1 1 1335 1515 1938 1944
4176 4 2 1 1 552 219 1446 1792
4177 4 2 1 1 1147 1497 1649 1923
4178 4 2 1 1 446 434 1890 1905
4179 4 2 1 1 1433 1374 1659 1857
4180 4 2 1 1 1437 1889 1782 2051
4181 4 2 1 1 1151 1154 1601 1739
4182 4 2 1 1 1360 1467 1444 2076
4183 4 2 1 1 1388 1561 1558 1601
4184 4 2 1 1 1508 959 1928 2170
4185 4 2 1 1 1451 1616 1353 1625
4186 4 2 1 1 1402 1996 1701 2150
4187 4 2 1 1 422 1491 772 1903
4188 4 2 1 1 1516 1648 1389 1858
4189 4 2 1 1 1844 1969 1331 2047
4190 4 2 1 1 813 1890 433 1978
4191 4 2 1 1 1561 1759 424 2054
4192 4 2 1 1 1424 1820 1321 2143
4193 4 2 1 1 1377 1498 1437 1777
4194 4 2 1 1 1506 1292 2116 2236
4195 4 2 1 1 301 303 1776 2186
4196 4 2 1 1 406 453 803 1709
4197 4 2 1 1 775 858 363 1496
4198 4 2 1 1 50 1429 77 1899
4199 4 2 1 1 1664 1779 1296 1815
4200 4 2 1 1 1391 1438 1643 1794
4201 4 2 1 1 1230 1181 1305 1705
4202 4 2 1 1 364 1942 1516 1972
4203 4 2 1 1 364 1496 363 1942
4204 4 2 1 1 435 437 436 1982
4205 4 2 1 1 551 887 1461 1905
4206 4 2 1 1 1494 1551 1341 1915
4207 4 2 1 1 1477 1660 1441 1841
4208 4 2 1 1 1009 1416 1764 2014
4209 4 2 1 1 1333 1504 1550 1808
4210 4 2 1 1 142 1721 1665 1885
4211 4 2 1 1 1484 1641 1404 1924
4212 4 2 1 1 1533 1398 1815 1887
4213 4 2 1 1 1565 1766 1502 2142
4214 4 2 1 1 1191 1669 1727 1730
4215 4 2 1 1 1003 1499 595 2023
4216 4 2 1 1 519 1729 867 2224
4217 4 2 1 1 1418 1386 1636 1850
4218 4 2 1 1 750 774 751 1535
4219 4 2 1 1 1581 1773 1123 2016
4220 4 2 1 1 1450 1619 1324 2240
4221 4 2 1 1 1447 1665 158 1859
4222 4 2 1 1 23 60 22 1698
4223 4 2 1 1 1437 1498 1377 2259
4224 4 2 1 1 182 1869 1445 2217
4225 4 2 1 1 1253 1660 1124 1881
4226 4 2 1 1 1426 1755 1517 1901
4227 4 2 1 1 863 51 1035 1955
4228 4 2 1 1 1430 1468 1393 1878
4229 4 2 1 1 1532 1825 1481 2109
4230 4 2 1 1 1558 1561 1362 1601
4231 4 2 1 1 620 1914 1549 1953
4232 4 2 1 1 1472 1392 1962 2087
4233 4 2 1 1 442 1687 447 1978
4234 4 2 1 1 1353 1507 1438 1853
4235 4 2 1 1 1422 1482 2068 2075
4236 4 2 1 1 1405 1428 1670 1852
4237 4 2 1 1 1174 1669 2055 2269
4238 4 2 1 1 161 2128 1435 2131
4239 4 2 1 1 1332 1532 1481 2109
4240 4 2 1 1 1438 1507 1391 1826
4241 4 2 1 1 363 1496 858 1774
4242 4 2 1 1 1340 1594 1452 1903
4243 4 2 1 1 117 105 796 1453
4244 4 2 1 1 1090 1317 1130 2133
4245 4 2 1 1 569 1470 1836 2006
4246 4 2 1 1 1356 1571 1428 1991
4247 4 2 1 1 1343 1606 1555 1931
4248 4 2 1 1 438 1988 1621 2103
4249 4 2 1 1 415 1561 424 1921
4250 4 2 1 1 1414 1701 1996 2150
4251 4 2 1 1 1342 1447 1612 1912
4252 4 2 1 1 541 1479 622 1710
4253 4 2 1 1 1376 1540 1498 1747
4254 4 2 1 1 964 1597 1895 2123
4255 4 2 1 1 1549 1607 1523 2055
4256 4 2 1 1 1324 1716 1692 1855
4257 4 2 1 1 766 1033 956 1770
4258 4 2 1 1 1556 1868 1234 1986
4259 4 2 1 1 1527 1409 1935 2082
4260 4 2 1 1 535 1441 1848 1900
4261 4 2 1 1 1209 1891 1246 2067
4262 4 2 1 1 1649 1393 1910 1999
4263 4 2 1 1 1666 1791 807 2193
4264 4 2 1 1 197 199 198 1845
4265 4 2 1 1 1432 1331 1655 1969
4266 4 2 1 1 1450 1729 651 1954
4267 4 2 1 1 1135 1732 1480 1789
4268 4 2 1 1 1431 1328 1547 1867
4269 4 2 1 1 499 466 498 2086
4270 4 2 1 1 564 1849 1602 2128
4271 4 2 1 1 1439 1528 1391 1643
4272 4 2 1 1 573 572 574 1697
4273 4 2 1 1 1456 1536 1356 1571
4274 4 2 1 1 1437 1377 1777 2259
4275 4 2 1 1 1591 1598 1432 2047
4276 4 2 1 1 1318 1718 1497 1923
4277 4 2 1 1 1137 1143 1478 1809
4278 4 2 1 1 199 200 1726 2154
4279 4 2 1 1 1174 2055 1652 2269
4280 4 2 1 1 220 1446 219 1737
4281 4 2 1 1 1335 1938 1639 1944
4282 4 2 1 1 1425 1534 1355 1838
4283 4 2 1 1 771 1466 239 2034
4284 4 2 1 1 1380 1518 1435 1644
4285 4 2 1 1 967 1716 1595 1855
4286 4 2 1 1 484 1827 1442 1836
4287 4 2 1 1 1418 1651 1636 1810
4288 4 2 1 1 115 1694 1609 2048
4289 4 2 1 1 1623 1814 738 1849
4290 4 2 1 1 1444 1697 572 2006
4291 4 2 1 1 522 1503 2002 2120
4292 4 2 1 1 241 1807 1463 1924
4293 4 2 1 1 1429 1611 1384 1899
4294 4 2 1 1 328 327 1715 1774
4295 4 2 1 1 555 1477 1790 1920
4296 4 2 1 1 1124 1123 1881 2016
4297 4 2 1 1 694 1843 1662 2102
4298 4 2 1 1 706 531 926 1895
4299 4 2 1 1 577 1671 579 1825
4300 4 2 1 1 867 651 494 1450
4301 4 2 1 1 1529 1640 1318 1923
4302 4 2 1 1 1325 1494 1457 1788
4303 4 2 1 1 1390 1687 1428 1852
4304 4 2 1 1 1650 1754 1165 2119
4305 4 2 1 1 1427 2105 1473 2134
4306 4 2 1 1 1445 1586 1372 1869
4307 4 2 1 1 1453 1693 105 1882
4308 4 2 1 1 1498 1238 1765 1989
4309 4 2 1 1 605 1595 1485 1855
4310 4 2 1 1 1666 1825 807 2096
4311 4 2 1 1 580 494 495 1692
4312 4 2 1 1 1424 1321 1745 2143
4313 4 2 1 1 1446 1686 1026 1904
4314 4 2 1 1 1072 1467 1281 1787
4315 4 2 1 1 243 1763 1418 2130
4316 4 2 1 1 1321 1521 1469 1877
4317 4 2 1 1 1147 1497 1145 1649
4318 4 2 1 1 1441 1841 1655 2026
4319 4 2 1 1 1231 1213 1100 2166
4320 4 2 1 1 1498 1540 1377 2266
4321 4 2 1 1 1499 1347 1751 2270
4322 4 2 1 1 662 262 660 1930
4323 4 2 1 1 367 363 364 1496
4324 4 2 1 1 835 1590 984 1658
4325 4 2 1 1 1366 1653 1686 1760
4326 4 2 1 1 1750 1761 1075 2099
4327 4 2 1 1 1379 1775 1418 1896
4328 4 2 1 1 1455 1346 1502 1766
4329 4 2 1 1 1276 1659 1512 2116
4330 4 2 1 1 813 1520 1890 1978
4331 4 2 1 1 1551 1748 1432 1860
4332 4 2 1 1 293 956 1033 2018
4333 4 2 1 1 1135 1539 1480 1821
4334 4 2 1 1 98 100 1769 1865
4335 4 2 1 1 1426 1486 1755 1901
4336 4 2 1 1 1635 1773 1513 2218
4337 4 2 1 1 509 289 276 2159
4338 4 2 1 1 1396 1419 1539 1710
4339 4 2 1 1 1174 1652 1727 2269
4340 4 2 1 1 1536 1970 1277 2004
4341 4 2 1 1 99 1630 113 1793
4342 4 2 1 1 1428 1405 1670 1677
4343 4 2 1 1 493 113 1630 1793
4344 4 2 1 1 1193 1669 1730 2158
4345 4 2 1 1 1375 1621 1461 2142
4346 4 2 1 1 1174 1727 1669 2269
4347 4 2 1 1 1601 2000 1558 2036
4348 4 2 1 1 1623 1762 1330 2185
4349 4 2 1 1 1636 1651 1418 1896
4350 4 2 1 1 1438 1643 1767 1826
4351 4 2 1 1 1478 1575 1335 2050
4352 4 2 1 1 549 1567 471 1898
4353 4 2 1 1 1454 1629 75 1856
4354 4 2 1 1 1559 1588 1085 2256
4355 4 2 1 1 1374 1489 1441 1900
4356 4 2 1 1 1388 1455 1561 1601
4357 4 2 1 1 547 1641 1466 1813
4358 4 2 1 1 1560 1578 1373 1618
4359 4 2 1 1 1544 1764 1416 2014
4360 4 2 1 1 435 1520 1621 1890
4361 4 2 1 1 1371 1643 1439 1767
4362 4 2 1 1 1944 1983 1515 1998
4363 4 2 1 1 771 239 235 2034
4364 4 2 1 1 1426 2135 76 2248
4365 4 2 1 1 1333 1729 1615 2136
4366 4 2 1 1 76 1784 1426 2248
4367 4 2 1 1 551 1461 1766 1905
4368 4 2 1 1 1438 1853 1770 2198
4369 4 2 1 1 1394 1522 1490 1709
4370 4 2 1 1 554 1505 830 1760
4371 4 2 1 1 1537 1539 1362 2190
4372 4 2 1 1 183 182 1685 1869
4373 4 2 1 1 1318 1497 1718 2182
4374 4 2 1 1 1454 1583 1504 1808
4375 4 2 1 1 1083 1211 1555 1762
4376 4 2 1 1 1527 1575 1409 2082
4377 4 2 1 1 1352 1681 1426 1936
4378 4 2 1 1 1438 1801 1770 1853
4379 4 2 1 1 1572 1718 749 1907
4380 4 2 1 1 71 1540 9 1785
4381 4 2 1 1 1429 1761 1642 2176
4382 4 2 1 1 1687 1428 1852 1970
4383 4 2 1 1 687 1756 13 1967
4384 4 2 1 1 368 1516 829 1972
4385 4 2 1 1 446 1905 1621 1988
4386 4 2 1 1 703 655 500 1752
4387 4 2 1 1 1023 773 774 1934
4388 4 2 1 1 1249 1810 1707 2205
4389 4 2 1 1 328 1774 1715 1942
4390 4 2 1 1 1586 1696 1372 2074
4391 4 2 1 1 1003 594 595 1965
4392 4 2 1 1 1361 1676 1464 1949
4393 4 2 1 1 91 93 1609 2049
4394 4 2 1 1 1395 1762 1623 2185
4395 4 2 1 1 1193 1832 1669 2158
4396 4 2 1 1 1654 1672 1396 1902
4397 4 2 1 1 1118 1943 1852 2087
4398 4 2 1 1 975 1752 1714 1951
4399 4 2 1 1 1258 1558 2000 2036
4400 4 2 1 1 1351 1734 1579 2269
4401 4 2 1 1 931 1489 1738 1900
4402 4 2 1 1 476 1430 588 1640
4403 4 2 1 1 1703 1712 40 2040
4404 4 2 1 1 1555 1605 1421 1931
4405 4 2 1 1 239 1466 1763 1775
4406 4 2 1 1 1408 1723 1438 2198
4407 4 2 1 1 982 1687 954 1879
4408 4 2 1 1 1425 1630 1523 1838
4409 4 2 1 1 871 1598 980 2260
4410 4 2 1 1 1347 1439 1528 2184
4411 4 2 1 1 275 860 270 1704
4412 4 2 1 1 841 1448 896 2260
4413 4 2 1 1 115 1694 708 2049
4414 4 2 1 1 1386 1621 1461 1988
4415 4 2 1 1 1466 1568 1346 1896
4416 4 2 1 1 1405 1677 1428 1884
4417 4 2 1 1 1615 1815 1398 1887
4418 4 2 1 1 1025 603 1056 1831
4419 4 2 1 1 1424 1949 1676 2180
4420 4 2 1 1 1471 1713 1390 2242
4421 4 2 1 1 207 1907 1799 2044
4422 4 2 1 1 1395 1605 1503 2024
4423 4 2 1 1 1371 1650 1510 2173
4424 4 2 1 1 1763 1775 1466 1896
4425 4 2 1 1 117 1453 796 2120
4426 4 2 1 1 1490 1548 1522 1740
4427 4 2 1 1 507 1829 1419 2079
4428 4 2 1 1 1329 1433 1506 1659
4429 4 2 1 1 1435 1518 1380 2131
4430 4 2 1 1 1234 1556 1134 1617
4431 4 2 1 1 1601 1720 1455 2249
4432 4 2 1 1 1446 1686 1653 1760
4433 4 2 1 1 1476 1614 1400 1674
4434 4 2 1 1 1377 1656 1603 2270
4435 4 2 1 1 438 821 1621 1988
4436 4 2 1 1 1082 1080 1750 2185
4437 4 2 1 1 97 1485 525 1866
4438 4 2 1 1 1699 1746 391 2065
4439 4 2 1 1 1488 1852 1428 1884
4440 4 2 1 1 391 405 406 1457
4441 4 2 1 1 1488 1852 1405 2087
4442 4 2 1 1 858 1774 1963 2209
4443 4 2 1 1 1256 1258 1558 2000
4444 4 2 1 1 1598 1711 1432 2047
4445 4 2 1 1 1437 1777 1576 1830
4446 4 2 1 1 1377 1603 1499 2270
4447 4 2 1 1 1400 1696 1475 1909
4448 4 2 1 1 1495 1397 1758 2231
4449 4 2 1 1 1351 1652 1579 2090
4450 4 2 1 1 107 1542 839 1882
4451 4 2 1 1 1558 1561 1388 1759
4452 4 2 1 1 1621 1796 1593 2188
4453 4 2 1 1 1351 1549 1523 2055
4454 4 2 1 1 727 1626 1871 1889
4455 4 2 1 1 1235 1589 1617 1916
4456 4 2 1 1 1072 1240 1580 1787
4457 4 2 1 1 1645 1743 1435 2131
4458 4 2 1 1 1410 1883 1689 2029
4459 4 2 1 1 1135 1480 1539 1789
4460 4 2 1 1 651 155 494 1450
4461 4 2 1 1 1082 1736 1080 2185
4462 4 2 1 1 243 1418 1049 2130
4463 4 2 1 1 1461 1621 1375 1905
4464 4 2 1 1 1439 1347 1564 2105
4465 4 2 1 1 531 1895 1459 1960
4466 4 2 1 1 1003 1646 1499 2023
4467 4 2 1 1 507 1419 1816 2106
4468 4 2 1 1 1361 1949 1699 2180
4469 4 2 1 1 1597 1874 926 1895
4470 4 2 1 1 478 1571 1025 1831
4471 4 2 1 1 915 1441 535 1900
4472 4 2 1 1 1443 1526 1376 1597
4473 4 2 1 1 1258 2000 1601 2036
4474 4 2 1 1 1709 1746 1490 2013
4475 4 2 1 1 1574 1648 1383 1858
4476 4 2 1 1 792 1432 790 1860
4477 4 2 1 1 1135 1480 1313 1821
4478 4 2 1 1 1444 1634 1329 2001
4479 4 2 1 1 1340 1452 1594 2126
4480 4 2 1 1 1491 1535 1323 1868
4481 4 2 1 1 1543 1645 1435 1929
4482 4 2 1 1 1420 1618 1560 2252
4483 4 2 1 1 239 244 242 1763
4484 4 2 1 1 1371 1510 1690 2173
4485 4 2 1 1 661 1037 662 1484
4486 4 2 1 1 296 1767 945 1801
4487 4 2 1 1 1423 1781 1726 2129
4488 4 2 1 1 404 1496 1625 1963
4489 4 2 1 1 1234 1134 1265 1617
4490 4 2 1 1 496 1778 1690 2121
4491 4 2 1 1 673 1782 54 1889
4492 4 2 1 1 1225 1725 1297 1815
4493 4 2 1 1 1458 1715 331 1945
4494 4 2 1 1 751 750 1535 1834
4495 4 2 1 1 1041 738 974 1849
4496 4 2 1 1 379 395 1655 1748
4497 4 2 1 1 1492 1758 1339 2175
4498 4 2 1 1 641 1790 1448 1893
4499 4 2 1 1 1442 1663 1364 2077
4500 4 2 1 1 428 1682 1565 1921
4501 4 2 1 1 20 76 2135 2248
4502 4 2 1 1 839 107 769 1542
4503 4 2 1 1 1491 1617 1323 1668
4504 4 2 1 1 1258 1151 1154 1601
4505 4 2 1 1 1529 1640 1337 2083
4506 4 2 1 1 839 1721 1542 1800
4507 4 2 1 1 91 1609 115 2049
4508 4 2 1 1 1610 1662 1402 2102
4509 4 2 1 1 1453 1588 1369 1612
4510 4 2 1 1 1370 1451 1532 1825
4511 4 2 1 1 1168 1557 1502 2020
4512 4 2 1 1 1397 1747 1540 1785
4513 4 2 1 1 1446 1409 1653 2050
4514 4 2 1 1 350 1469 1679 1820
4515 4 2 1 1 1152 1250 1483 1637
4516 4 2 1 1 282 281 280 2201
4517 4 2 1 1 1480 1732 1135 2230
4518 4 2 1 1 1106 1688 1126 1911
4519 4 2 1 1 1367 1479 1558 1759
4520 4 2 1 1 1579 1734 1420 2269
4521 4 2 1 1 1413 1662 1610 2086
4522 4 2 1 1 814 1831 853 1840
4523 4 2 1 1 161 560 2128 2131
4524 4 2 1 1 1562 1809 1653 2211
4525 4 2 1 1 571 1697 569 2006
4526 4 2 1 1 1080 1075 1750 1761
4527 4 2 1 1 781 962 1479 1961
4528 4 2 1 1 1523 1549 1334 1607
4529 4 2 1 1 1150 1739 1633 2003
4530 4 2 1 1 1435 1645 1543 1743
4531 4 2 1 1 662 660 661 1813
4532 4 2 1 1 1457 1494 1341 1915
4533 4 2 1 1 302 1634 1492 1846
4534 4 2 1 1 1543 1637 1474 2057
4535 4 2 1 1 971 1908 1846 2178
4536 4 2 1 1 1527 2082 1935 2202
4537 4 2 1 1 1400 1614 1476 1950
4538 4 2 1 1 789 1748 1551 1860
4539 4 2 1 1 199 1726 1524 2154
4540 4 2 1 1 348 1679 345 1962
4541 4 2 1 1 1497 1649 1393 1910
4542 4 2 1 1 564 1602 812 2128
4543 4 2 1 1 254 1605 1606 1931
4544 4 2 1 1 1751 2253 1646 2259
4545 4 2 1 1 330 734 416 1715
4546 4 2 1 1 1514 1708 740 1837
4547 4 2 1 1 1330 1602 1421 1814
4548 4 2 1 1 379 1541 356 1847
4549 4 2 1 1 1438 1723 1853 2198
4550 4 2 1 1 266 718 719 1781
4551 4 2 1 1 773 1491 774 1934
4552 4 2 1 1 1400 1783 1483 1909
4553 4 2 1 1 1335 1639 1599 1944
4554 4 2 1 1 1682 1831 529 2155
4555 4 2 1 1 19 1784 1550 2135
4556 4 2 1 1 1462 1655 1331 1969
4557 4 2 1 1 1227 1815 1615 1887
4558 4 2 1 1 1469 1521 1392 1877
4559 4 2 1 1 1461 1905 887 1988
4560 4 2 1 1 1567 1614 1400 1950
4561 4 2 1 1 168 1906 1623 2024
4562 4 2 1 1 1474 1637 1431 1867
4563 4 2 1 1 1483 1620 1400 2101
4564 4 2 1 1 683 1746 1709 2013
4565 4 2 1 1 1537 1710 1539 2190
4566 4 2 1 1 1466 1346 1763 1896
4567 4 2 1 1 915 1848 1441 2192
4568 4 2 1 1 1335 1735 1436 2204
4569 4 2 1 1 1329 1433 1659 1776
4570 4 2 1 1 1112 1648 1628 2004
4571 4 2 1 1 1449 1647 1363 1680
4572 4 2 1 1 1401 1861 1756 1967
4573 4 2 1 1 1321 1448 1525 1877
4574 4 2 1 1 529 1682 1531 1831
4575 4 2 1 1 1363 1436 1579 2090
4576 4 2 1 1 1369 1657 1542 2194
4577 4 2 1 1 530 694 816 1662
4578 4 2 1 1 1441 1900 915 2026
4579 4 2 1 1 1431 1833 209 2091
4580 4 2 1 1 1353 1616 1451 2198
4581 4 2 1 1 1330 1435 1602 2128
4582 4 2 1 1 1404 1455 1720 1930
4583 4 2 1 1 195 1812 1449 1871
4584 4 2 1 1 49 1443 11 1861
4585 4 2 1 1 1492 1634 302 2001
4586 4 2 1 1 1600 1897 1445 2149
4587 4 2 1 1 401 2026 1841 2192
4588 4 2 1 1 1488 1722 1837 2241
4589 4 2 1 1 1409 1737 1446 2082
4590 4 2 1 1 1410 1600 1904 2029
4591 4 2 1 1 1486 1901 1504 2028
4592 4 2 1 1 1476 1674 1620 1753
4593 4 2 1 1 1070 33 1613 1691
4594 4 2 1 1 1682 1921 428 2054
4595 4 2 1 1 1616 2067 1891 2198
4596 4 2 1 1 1555 1762 1421 2199
4597 4 2 1 1 211 836 837 1474
4598 4 2 1 1 1458 1715 1383 1942
4599 4 2 1 1 92 1530 93 2049
4600 4 2 1 1 1391 1569 1439 2169
4601 4 2 1 1 105 1731 117 2084
4602 4 2 1 1 507 508 2079 2106
4603 4 2 1 1 1452 1668 1340 1903
4604 4 2 1 1 1094 1515 1983 1998
4605 4 2 1 1 1258 1601 1154 2036
4606 4 2 1 1 1590 1658 835 1888
4607 4 2 1 1 1410 1446 1686 2029
4608 4 2 1 1 1550 1784 19 1955
4609 4 2 1 1 2 916 189 1646
4610 4 2 1 1 489 1914 490 2263
4611 4 2 1 1 317 1776 1440 1857
4612 4 2 1 1 1473 2105 1940 2134
4613 4 2 1 1 608 609 1626 2025
4614 4 2 1 1 1665 1869 1685 2042
4615 4 2 1 1 1043 1640 1718 1892
4616 4 2 1 1 489 488 1549 1735
4617 4 2 1 1 1391 1624 1535 1786
4618 4 2 1 1 240 1763 243 2130
4619 4 2 1 1 1658 1888 1590 2264
4620 4 2 1 1 659 1622 1623 2113
4621 4 2 1 1 76 1426 1784 2135
4622 4 2 1 1 1144 1562 1262 2119
4623 4 2 1 1 1323 1535 1491 1934
4624 4 2 1 1 1502 1766 1346 2142
4625 4 2 1 1 1279 1713 1557 2242
4626 4 2 1 1 839 1542 897 1800
4627 4 2 1 1 975 1819 1752 1951
4628 4 2 1 1 1211 1577 1555 1762
4629 4 2 1 1 1355 1693 1425 1769
4630 4 2 1 1 1243 2046 1526 2073
4631 4 2 1 1 1555 1577 1421 1762
4632 4 2 1 1 694 625 1662 1843
4633 4 2 1 1 1204 1506 1758 2011
4634 4 2 1 1 146 147 142 1721
4635 4 2 1 1 210 206 526 1799
4636 4 2 1 1 1334 1542 2133 2194
4637 4 2 1 1 1625 1666 957 2096
4638 4 2 1 1 1271 1079 1615 2181
4639 4 2 1 1 1488 1390 1722 2241
4640 4 2 1 1 438 821 1988 2103
4641 4 2 1 1 1372 1563 1447 1665
4642 4 2 1 1 1073 1740 1642 1870
4643 4 2 1 1 792 1598 1432 1860
4644 4 2 1 1 48 58 1576 1777
4645 4 2 1 1 1340 2219 1590 2264
4646 4 2 1 1 1642 1755 38 1870
4647 4 2 1 1 736 908 1485 1769
4648 4 2 1 1 513 2009 1806 2075
4649 4 2 1 1 1415 1832 1779 1854
4650 4 2 1 1 1571 1687 1319 1970
4651 4 2 1 1 1272 1533 1664 1815
4652 4 2 1 1 375 1749 1823 2250
4653 4 2 1 1 738 1814 974 1849
4654 4 2 1 1 1429 1384 1728 1899
4655 4 2 1 1 1527 1575 2082 2202
4656 4 2 1 1 709 1452 711 1818
4657 4 2 1 1 1425 1542 1534 2133
4658 4 2 1 1 1535 1786 1417 1834
4659 4 2 1 1 1454 1570 1360 1876
4660 4 2 1 1 1321 1598 1711 2260
4661 4 2 1 1 1394 1642 1611 1740
4662 4 2 1 1 1371 1564 1439 1643
4663 4 2 1 1 23 920 60 1611
4664 4 2 1 1 406 1457 405 1915
4665 4 2 1 1 1290 1618 1173 1680
4666 4 2 1 1 187 1603 222 1965
4667 4 2 1 1 1653 1946 1562 2211
4668 4 2 1 1 1502 1557 1168 2036
4669 4 2 1 1 1744 2014 1968 2214
4670 4 2 1 1 1489 1554 1441 1848
4671 4 2 1 1 651 155 1450 1856
4672 4 2 1 1 1318 1497 1821 1923
4673 4 2 1 1 1037 1484 661 2165
4674 4 2 1 1 1134 1556 1234 1986
4675 4 2 1 1 1638 1817 2088 2164
4676 4 2 1 1 1607 1938 1161 2090
4677 4 2 1 1 1394 1490 1740 2013
4678 4 2 1 1 1434 1666 1389 1835
4679 4 2 1 1 1346 1461 1636 2142
4680 4 2 1 1 1519 1967 1360 2179
4681 4 2 1 1 55 69 1695 1802
4682 4 2 1 1 1395 1906 1605 2024
4683 4 2 1 1 1192 1832 1298 1838
4684 4 2 1 1 1356 1536 1456 2069
4685 4 2 1 1 954 1879 1428 1884
4686 4 2 1 1 186 1784 76 2248
4687 4 2 1 1 1773 1881 1359 1943
4688 4 2 1 1 1428 1356 1670 1970
4689 4 2 1 1 184 182 183 2217
4690 4 2 1 1 1327 1732 1501 2220
4691 4 2 1 1 1416 1704 1764 2255
4692 4 2 1 1 1493 1658 491 1926
4693 4 2 1 1 32 1526 1243 2046
4694 4 2 1 1 348 342 849 1962
4695 4 2 1 1 1544 1816 783 1829
4696 4 2 1 1 1337 1483 1702 1909
4697 4 2 1 1 252 1907 1718 2104
4698 4 2 1 1 1235 1617 1487 1916
4699 4 2 1 1 446 887 1905 1988
4700 4 2 1 1 1530 1630 725 2172
4701 4 2 1 1 548 471 1475 1898
4702 4 2 1 1 1356 1428 1677 1991
4703 4 2 1 1 462 1790 1477 1841
4704 4 2 1 1 1425 1355 1769 1838
4705 4 2 1 1 1344 1437 1830 2017
4706 4 2 1 1 1375 1796 1621 2142
4707 4 2 1 1 1049 1418 1850 2130
4708 4 2 1 1 1561 1720 1601 2249
4709 4 2 1 1 1423 1886 1592 2119
4710 4 2 1 1 1128 1581 1123 2089
4711 4 2 1 1 187 222 43 1965
4712 4 2 1 1 557 912 1531 1979
4713 4 2 1 1 1291 1480 1135 2230
4714 4 2 1 1 683 1490 1746 2013
4715 4 2 1 1 1723 1353 1853 2198
4716 4 2 1 1 769 1542 107 1882
4717 4 2 1 1 1450 1815 1619 2240
4718 4 2 1 1 1443 1861 1597 1994
4719 4 2 1 1 748 1594 1489 2066
4720 4 2 1 1 1357 1458 1635 1945
4721 4 2 1 1 1462 1331 1844 1969
4722 4 2 1 1 375 1823 381 2250
4723 4 2 1 1 1442 1663 623 1836
4724 4 2 1 1 1354 1585 1464 1752
4725 4 2 1 1 1420 1652 1579 2269
4726 4 2 1 1 1448 1711 896 2260
4727 4 2 1 1 1615 1729 1398 2136
4728 4 2 1 1 1463 1640 1529 2083
4729 4 2 1 1 784 1500 1800 1939
4730 4 2 1 1 502 158 1447 1885
4731 4 2 1 1 1843 1850 1418 2130
4732 4 2 1 1 1379 2057 1474 2072
4733 4 2 1 1 117 1731 1453 2120
4734 4 2 1 1 877 1519 686 1846
4735 4 2 1 1 1371 1438 1643 1767
4736 4 2 1 1 1327 1538 1907 2044
4737 4 2 1 1 1556 2219 1340 2264
4738 4 2 1 1 491 1493 419 1851
4739 4 2 1 1 37 1517 1755 1901
4740 4 2 1 1 1465 2011 1973 2126
4741 4 2 1 1 1444 1580 1360 2145
4742 4 2 1 1 762 1963 1507 2147
4743 4 2 1 1 1360 1583 1454 1876
4744 4 2 1 1 1413 1780 1752 2086
4745 4 2 1 1 1453 1731 1355 1742
4746 4 2 1 1 1343 1705 1606 2151
4747 4 2 1 1 86 1895 531 1960
4748 4 2 1 1 1487 1864 1617 2126
4749 4 2 1 1 1457 1699 1361 1746
4750 4 2 1 1 762 1507 385 2147
4751 4 2 1 1 507 2079 1419 2106
4752 4 2 1 1 164 1734 90 2110
4753 4 2 1 1 1585 1707 1320 1780
4754 4 2 1 1 207 1799 1538 2044
4755 4 2 1 1 709 1452 1818 2183
4756 4 2 1 1 1403 1731 1453 1742
4757 4 2 1 1 1337 1640 1529 1923
4758 4 2 1 1 1480 1572 1318 2190
4759 4 2 1 1 1463 1892 1537 2052
4760 4 2 1 1 1491 1668 1323 1934
4761 4 2 1 1 1625 1666 1389 1972
4762 4 2 1 1 633 543 492 1428
4763 4 2 1 1 1356 1571 1536 1970
4764 4 2 1 1 495 1716 967 1855
4765 4 2 1 1 1149 1633 1529 1984
4766 4 2 1 1 1736 1761 1399 2068
4767 4 2 1 1 715 1738 469 1795
4768 4 2 1 1 655 585 500 1780
4769 4 2 1 1 1684 1359 1881 1943
4770 4 2 1 1 1503 1605 1342 1912
4771 4 2 1 1 1459 1960 1694 2223
4772 4 2 1 1 289 2159 509 2195
4773 4 2 1 1 1604 1843 937 2102
4774 4 2 1 1 1416 2014 1501 2220
4775 4 2 1 1 1574 1956 1582 2189
4776 4 2 1 1 1124 1881 1660 2016
4777 4 2 1 1 1474 1637 1543 2235
4778 4 2 1 1 1522 1709 1394 1870
4779 4 2 1 1 170 1500 174 2022
4780 4 2 1 1 1429 1761 1482 1811
4781 4 2 1 1 773 772 1491 1903
4782 4 2 1 1 1266 1723 1643 2033
4783 4 2 1 1 1382 1442 1663 1824
4784 4 2 1 1 1479 1733 541 1979
4785 4 2 1 1 90 1734 1675 2110
4786 4 2 1 1 1362 1539 1537 1710
4787 4 2 1 1 528 1475 471 1805
4788 4 2 1 1 1447 1606 1705 2151
4789 4 2 1 1 359 1819 1424 1949
4790 4 2 1 1 186 2097 1784 2248
4791 4 2 1 1 1544 2014 1538 2044
4792 4 2 1 1 843 1503 522 1803
4793 4 2 1 1 1524 1754 1638 2173
4794 4 2 1 1 469 748 1594 1738
4795 4 2 1 1 1266 1981 1723 2033
4796 4 2 1 1 1354 1752 1714 2216
4797 4 2 1 1 978 1677 1458 1987
4798 4 2 1 1 105 1693 1453 2084
4799 4 2 1 1 1505 1760 554 1935
4800 4 2 1 1 1408 1451 2018 2107
4801 4 2 1 1 1318 1572 1480 2182
4802 4 2 1 1 892 1432 792 1711
4803 4 2 1 1 1449 1560 1373 1680
4804 4 2 1 1 1458 1383 1839 1942
4805 4 2 1 1 725 1630 1530 1953
4806 4 2 1 1 1305 1555 1211 1753
4807 4 2 1 1 623 1663 1442 2077
4808 4 2 1 1 1731 1862 1460 2213
4809 4 2 1 1 1321 1469 1679 1877
4810 4 2 1 1 27 1546 678 2258
4811 4 2 1 1 391 1457 406 1746
4812 4 2 1 1 552 583 219 1792
4813 4 2 1 1 1262 1592 1562 1946
4814 4 2 1 1 1255 1107 1135 1789
4815 4 2 1 1 273 276 1603 1980
4816 4 2 1 1 767 760 761 1507
4817 4 2 1 1 1580 1697 1382 2008
4818 4 2 1 1 1363 1579 1436 1797
4819 4 2 1 1 435 1520 437 1982
4820 4 2 1 1 1457 1361 1522 1746
4821 4 2 1 1 1165 1754 1650 2063
4822 4 2 1 1 1413 1752 1632 2086
4823 4 2 1 1 1408 1451 1770 2018
4824 4 2 1 1 1335 1575 1436 2263
4825 4 2 1 1 1387 1730 1669 2158
4826 4 2 1 1 1334 2133 1657 2194
4827 4 2 1 1 359 355 801 1820
4828 4 2 1 1 1638 1647 1449 1680
4829 4 2 1 1 37 1517 1244 1755
4830 4 2 1 1 1441 1374 1900 2026
4831 4 2 1 1 1498 1576 1437 1777
4832 4 2 1 1 1150 1153 1739 2003
4833 4 2 1 1 1381 1581 1493 1658
4834 4 2 1 1 1118 1670 1852 1943
4835 4 2 1 1 1232 1210 1582 1624
4836 4 2 1 1 491 1658 1493 1851
4837 4 2 1 1 393 807 1666 1791
4838 4 2 1 1 131 1906 168 2024
4839 4 2 1 1 490 1914 1436 2263
4840 4 2 1 1 1370 1825 1532 2109
4841 4 2 1 1 1451 1671 1532 1825
4842 4 2 1 1 1424 1819 1469 2143
4843 4 2 1 1 435 1621 436 1890
4844 4 2 1 1 1371 1643 1438 1981
4845 4 2 1 1 1360 1519 1467 2076
4846 4 2 1 1 1090 1534 1657 2133
4847 4 2 1 1 282 283 281 1510
4848 4 2 1 1 1806 2068 1482 2075
4849 4 2 1 1 522 2002 125 2120
4850 4 2 1 1 1189 1497 1480 2230
4851 4 2 1 1 1660 1844 1331 1881
4852 4 2 1 1 1263 1933 1525 2127
4853 4 2 1 1 1298 1832 1573 1838
4854 4 2 1 1 1426 1550 1345 1784
4855 4 2 1 1 6 673 58 1777
4856 4 2 1 1 220 634 1686 1760
4857 4 2 1 1 1112 1628 1114 2004
4858 4 2 1 1 1390 1428 1687 1879
4859 4 2 1 1 633 1428 1677 1884
4860 4 2 1 1 1090 1657 2039 2133
4861 4 2 1 1 1321 1448 1711 2047
4862 4 2 1 1 1337 1547 1484 2032
4863 4 2 1 1 1281 1467 2010 2116
4864 4 2 1 1 1475 1805 528 1878
4865 4 2 1 1 1382 1663 1512 1824
4866 4 2 1 1 404 1625 1496 1972
4867 4 2 1 1 348 641 1448 1893
4868 4 2 1 1 1485 1769 908 1862
4869 4 2 1 1 1085 1588 1559 1974
4870 4 2 1 1 1579 1652 1351 2269
4871 4 2 1 1 1243 1132 2046 2073
4872 4 2 1 1 1271 1067 1079 2181
4873 4 2 1 1 1469 1392 1679 1877
4874 4 2 1 1 383 1541 379 1655
4875 4 2 1 1 487 1790 462 1841
4876 4 2 1 1 1271 1486 1067 2181
4877 4 2 1 1 1461 1346 1766 2142
4878 4 2 1 1 1109 1654 1672 2125
4879 4 2 1 1 118 1862 1731 2213
4880 4 2 1 1 123 983 823 1460
4881 4 2 1 1 863 1875 1583 1955
4882 4 2 1 1 931 553 1489 1900
4883 4 2 1 1 800 359 801 2215
4884 4 2 1 1 167 2009 513 2075
4885 4 2 1 1 504 1493 491 1926
4886 4 2 1 1 1083 1081 1736 2056
4887 4 2 1 1 1347 1928 1439 2184
4888 4 2 1 1 402 422 772 1903
4889 4 2 1 1 768 945 1767 1826
4890 4 2 1 1 187 273 222 1603
4891 4 2 1 1 78 1804 79 1811
4892 4 2 1 1 1531 1759 557 1979
4893 4 2 1 1 1117 1670 1828 2004
4894 4 2 1 1 10 11 1443 1994
4895 4 2 1 1 1345 1697 1583 2145
4896 4 2 1 1 368 829 370 1972
4897 4 2 1 1 1491 1340 1590 2264
4898 4 2 1 1 722 686 1634 1846
4899 4 2 1 1 773 1668 449 1903
4900 4 2 1 1 1483 1984 1148 2101
4901 4 2 1 1 1324 1619 1450 1716
4902 4 2 1 1 469 1738 1594 1795
4903 4 2 1 1 1453 1403 1742 2146
4904 4 2 1 1 1445 1897 183 2149
4905 4 2 1 1 161 153 1743 1932
4906 4 2 1 1 1357 1715 1458 1945
4907 4 2 1 1 1202 1204 1070 1613
4908 4 2 1 1 848 849 340 1976
4909 4 2 1 1 1141 1487 1973 2011
4910 4 2 1 1 1433 1338 1795 1917
4911 4 2 1 1 1049 1850 1843 2130
4912 4 2 1 1 1130 1523 1192 1838
4913 4 2 1 1 1431 1547 1483 1783
4914 4 2 1 1 878 957 372 1666
4915 4 2 1 1 1451 599 2096 2157
4916 4 2 1 1 1093 1586 1563 2074
4917 4 2 1 1 10 1443 670 1994
4918 4 2 1 1 1176 1494 1264 1824
4919 4 2 1 1 1491 1556 1340 2264
4920 4 2 1 1 1465 1374 1927 2236
4921 4 2 1 1 161 746 560 2131
4922 4 2 1 1 1122 1881 1773 1943
4923 4 2 1 1 32 1243 1132 2046
4924 4 2 1 1 1102 1131 1101 1653
4925 4 2 1 1 1588 1612 1453 2146
4926 4 2 1 1 713 1530 92 1734
4927 4 2 1 1 1365 1435 1743 1932
4928 4 2 1 1 366 802 324 1857
4929 4 2 1 1 1518 1700 701 1947
4930 4 2 1 1 60 1611 920 2013
4931 4 2 1 1 334 978 1458 1987
4932 4 2 1 1 986 1686 1760 2038
4933 4 2 1 1 336 333 1513 1987
4934 4 2 1 1 3 1810 1651 1880
4935 4 2 1 1 1570 1876 1629 2179
4936 4 2 1 1 195 464 1812 1871
4937 4 2 1 1 1414 1880 2124 2150
4938 4 2 1 1 965 1663 640 2006
4939 4 2 1 1 451 408 1822 1991
4940 4 2 1 1 1363 1560 1449 1680
4941 4 2 1 1 1329 1506 1492 2175
4942 4 2 1 1 531 706 84 1459
4943 4 2 1 1 1482 1804 1429 1811
4944 4 2 1 1 1496 1963 1774 2209
4945 4 2 1 1 1447 1563 1372 2151
4946 4 2 1 1 1478 1647 1527 2262
4947 4 2 1 1 1009 1764 1544 2014
4948 4 2 1 1 1280 1266 1187 1891
4949 4 2 1 1 1272 1227 1533 1815
4950 4 2 1 1 1446 1737 1599 1792
4951 4 2 1 1 1438 1723 1353 1853
4952 4 2 1 1 1446 1653 1409 1760
4953 4 2 1 1 777 1951 1514 1977
4954 4 2 1 1 1357 1581 1493 1773
4955 4 2 1 1 646 1850 1461 1988
4956 4 2 1 1 422 1590 835 1888
4957 4 2 1 1 1364 1724 1551 1969
4958 4 2 1 1 1319 1471 1557 2242
4959 4 2 1 1 1507 1786 1391 1826
4960 4 2 1 1 369 372 957 1972
4961 4 2 1 1 1183 1170 1182 1585
4962 4 2 1 1 1450 1692 1324 1716
4963 4 2 1 1 1369 1542 1721 2194
4964 4 2 1 1 1554 1381 1848 2219
4965 4 2 1 1 1653 1883 1102 1946
4966 4 2 1 1 1370 1666 1434 1835
4967 4 2 1 1 1463 1537 250 2062
4968 4 2 1 1 313 294 307 1918
4969 4 2 1 1 1568 1739 1153 2003
4970 4 2 1 1 1121 2087 1722 2127
4971 4 2 1 1 167 1741 2009 2075
4972 4 2 1 1 1706 1824 1264 2007
4973 4 2 1 1 1291 1135 1105 2230
4974 4 2 1 1 1351 1549 1436 1914
4975 4 2 1 1 1583 1697 1345 1955
4976 4 2 1 1 1351 1436 1579 1914
4977 4 2 1 1 92 1530 713 1953
4978 4 2 1 1 858 1963 2147 2209
4979 4 2 1 1 1031 1464 655 1949
4980 4 2 1 1 1072 1993 1580 2271
4981 4 2 1 1 1087 1534 1588 2095
4982 4 2 1 1 1465 2011 1506 2236
4983 4 2 1 1 823 1460 1862 2213
4984 4 2 1 1 687 1519 1756 1967
4985 4 2 1 1 1591 1724 1289 1844
4986 4 2 1 1 1182 1585 1170 1587
4987 4 2 1 1 1448 2047 1525 2251
4988 4 2 1 1 57 943 22 1804
4989 4 2 1 1 1320 1546 1959 2150
4990 4 2 1 1 1496 1574 1383 1858
4991 4 2 1 1 1413 1707 1585 1780
4992 4 2 1 1 879 969 848 1893
4993 4 2 1 1 1333 1725 1454 1954
4994 4 2 1 1 187 1603 1965 1980
4995 4 2 1 1 1530 1734 713 1953
4996 4 2 1 1 106 1453 105 1882
4997 4 2 1 1 1346 1568 1466 1990
4998 4 2 1 1 1471 1319 1557 2232
4999 4 2 1 1 1444 1697 1580 2145
5000 4 2 1 1 1389 1434 1628 1749
5001 4 2 1 1 1457 1325 1788 2080
5002 4 2 1 1 1143 1161 1478 2090
5003 4 2 1 1 1398 1422 1741 2108
5004 4 2 1 1 1070 1613 1204 1758
5005 4 2 1 1 1544 1326 1829 2115
5006 4 2 1 1 1348 1586 1445 1685
5007 4 2 1 1 238 1463 241 1807
5008 4 2 1 1 1353 1723 1794 2067
5009 4 2 1 1 818 393 807 1666
5010 4 2 1 1 789 1551 794 1860
5011 4 2 1 1 986 1968 1686 2038
5012 4 2 1 1 1116 1970 1670 2004
5013 4 2 1 1 1127 1525 1844 1881
5014 4 2 1 1 1464 1819 655 1949
5015 4 2 1 1 1076 1642 1728 1761
5016 4 2 1 1 220 634 1026 1686
5017 4 2 1 1 766 1770 956 1801
5018 4 2 1 1 1362 1539 1902 2000
5019 4 2 1 1 777 349 1951 1977
5020 4 2 1 1 50 78 77 1429
5021 4 2 1 1 1516 1828 1383 1839
5022 4 2 1 1 620 493 949 1549
5023 4 2 1 1 414 308 397 1561
5024 4 2 1 1 1732 1789 1135 2132
5025 4 2 1 1 1577 1100 2005 2166
5026 4 2 1 1 552 1446 1026 1904
5027 4 2 1 1 814 376 408 1456
5028 4 2 1 1 963 646 1461 1988
5029 4 2 1 1 1657 2133 1542 2194
5030 4 2 1 1 878 957 1666 2096
5031 4 2 1 1 1340 1594 1465 2126
5032 4 2 1 1 1434 1672 1367 2237
5033 4 2 1 1 324 1847 1440 2229
5034 4 2 1 1 1319 1713 1471 2242
5035 4 2 1 1 1283 1664 1573 1779
5036 4 2 1 1 1456 1571 1356 1822
5037 4 2 1 1 1356 1428 1670 1677
5038 4 2 1 1 589 1935 2082 2202
5039 4 2 1 1 79 78 50 1804
5040 4 2 1 1 101 1769 100 2208
5041 4 2 1 1 1695 1384 1899 2040
5042 4 2 1 1 1447 1665 1563 1885
5043 4 2 1 1 1371 1438 1801 1981
5044 4 2 1 1 1372 1567 1445 2217
5045 4 2 1 1 522 1803 1503 2120
5046 4 2 1 1 1496 1774 363 1942
5047 4 2 1 1 115 664 1694 2048
5048 4 2 1 1 170 784 174 1500
5049 4 2 1 1 1600 1799 204 2021
5050 4 2 1 1 1554 1660 1129 1927
5051 4 2 1 1 1715 1956 1383 2189
5052 4 2 1 1 978 1458 1677 1839
5053 4 2 1 1 1279 1557 2020 2242
5054 4 2 1 1 1723 1981 1643 2033
5055 4 2 1 1 204 1799 1600 1904
5056 4 2 1 1 1705 1974 1342 2019
5057 4 2 1 1 1550 18 1808 1955
5058 4 2 1 1 1362 1561 1961 2062
5059 4 2 1 1 1500 1735 174 2022
5060 4 2 1 1 1361 1548 1490 1683
5061 4 2 1 1 1329 1787 1771 2239
5062 4 2 1 1 1423 1886 2119 2245
5063 4 2 1 1 739 1514 740 1837
5064 4 2 1 1 1462 1969 1724 2041
5065 4 2 1 1 1135 1732 1105 2230
5066 4 2 1 1 1089 1534 1130 1838
5067 4 2 1 1 421 406 1457 1788
5068 4 2 1 1 963 551 887 1461
5069 4 2 1 1 535 1441 915 1848
5070 4 2 1 1 848 1893 849 1976
5071 4 2 1 1 285 1767 296 1801
5072 4 2 1 1 1482 1678 1422 2068
5073 4 2 1 1 1365 1435 1543 1743
5074 4 2 1 1 1452 1338 1918 2126
5075 4 2 1 1 1448 1321 1711 2260
5076 4 2 1 1 1017 1797 663 1863
5077 4 2 1 1 1079 1887 1615 2181
5078 4 2 1 1 1444 1329 1771 2001
5079 4 2 1 1 1457 1709 1325 2080
5080 4 2 1 1 241 1463 246 1924
5081 4 2 1 1 43 1777 1540 1965
5082 4 2 1 1 585 1683 591 1959
5083 4 2 1 1 1073 1642 38 1870
5084 4 2 1 1 91 115 708 2049
5085 4 2 1 1 48 7 58 1777
5086 4 2 1 1 458 497 808 1788
5087 4 2 1 1 876 1477 901 1926
5088 4 2 1 1 403 1848 1590 2066
5089 4 2 1 1 1467 1329 1634 2175
5090 4 2 1 1 52 16 702 1876
5091 4 2 1 1 1336 1694 1459 1895
5092 4 2 1 1 784 1735 1500 1939
5093 4 2 1 1 1191 1193 1669 1730
5094 4 2 1 1 651 1729 519 1954
5095 4 2 1 1 1490 1522 1361 1746
5096 4 2 1 1 553 748 931 1489
5097 4 2 1 1 1525 1331 1844 1881
5098 4 2 1 1 1388 1682 1557 2232
5099 4 2 1 1 1487 1617 1235 1973
5100 4 2 1 1 777 1514 351 1977
5101 4 2 1 1 1478 1161 1938 2090
5102 4 2 1 1 1200 1643 1266 1723
5103 4 2 1 1 769 1693 1542 1882
5104 4 2 1 1 1483 1431 1620 1637
5105 4 2 1 1 1429 1642 1611 2176
5106 4 2 1 1 1382 1697 1444 2006
5107 4 2 1 1 913 1599 583 1792
5108 4 2 1 1 1173 2064 1680 2252
5109 4 2 1 1 1306 1844 1525 1933
5110 4 2 1 1 1516 1942 1496 1972
5111 4 2 1 1 1377 1751 1646 2259
5112 4 2 1 1 76 20 42 2248
5113 4 2 1 1 1353 1794 1574 2067
5114 4 2 1 1 615 1579 1797 1914
5115 4 2 1 1 1413 1585 1707 2205
5116 4 2 1 1 145 1743 153 1932
5117 4 2 1 1 11 670 10 1443
5118 4 2 1 1 1148 1633 1483 2003
5119 4 2 1 1 1498 1747 1540 2266
5120 4 2 1 1 1388 1557 1502 2036
5121 4 2 1 1 222 1603 273 1965
5122 4 2 1 1 1499 1646 1347 2023
5123 4 2 1 1 1381 1441 1848 2192
5124 4 2 1 1 1438 1391 1643 1826
5125 4 2 1 1 1585 1752 1413 1780
5126 4 2 1 1 413 1857 1541 1900
5127 4 2 1 1 961 1935 1760 2082
5128 4 2 1 1 1443 1785 670 1994
5129 4 2 1 1 1086 1085 1588 2256
5130 4 2 1 1 599 1451 1770 2157
5131 4 2 1 1 101 98 100 1769
5132 4 2 1 1 1176 1724 1494 1824
5133 4 2 1 1 1271 1615 2028 2181
5134 4 2 1 1 1086 1588 1742 2256
5135 4 2 1 1 1459 1874 84 1937
5136 4 2 1 1 1350 1609 1530 2158
5137 4 2 1 1 1424 1745 1598 2180
5138 4 2 1 1 739 1514 1837 1977
5139 4 2 1 1 273 705 279 1872
5140 4 2 1 1 489 488 998 1549
5141 4 2 1 1 1477 1920 1493 2016
5142 4 2 1 1 1763 1766 1346 1971
5143 4 2 1 1 1117 1670 1635 1828
5144 4 2 1 1 1368 1754 1650 2119
5145 4 2 1 1 655 1031 585 1464
5146 4 2 1 1 247 1829 1572 1907
5147 4 2 1 1 1138 1554 1465 1973
5148 4 2 1 1 437 1520 441 1982
5149 4 2 1 1 1364 1551 1442 2077
5150 4 2 1 1 1342 1612 1588 2146
5151 4 2 1 1 86 532 1895 1960
5152 4 2 1 1 1439 1564 1528 1643
5153 4 2 1 1 1410 1689 1600 2029
5154 4 2 1 1 1413 1587 1585 2205
5155 4 2 1 1 705 279 1872 2191
5156 4 2 1 1 1107 1255 1109 1654
5157 4 2 1 1 954 1428 633 1884
5158 4 2 1 1 1702 1783 227 1898
5159 4 2 1 1 1389 1628 1434 1835
5160 4 2 1 1 1448 1679 1321 2260
5161 4 2 1 1 858 2147 1774 2209
5162 4 2 1 1 1473 1690 1412 1940
5163 4 2 1 1 1444 1634 874 2076
5164 4 2 1 1 580 1692 495 1855
5165 4 2 1 1 796 105 106 1453
5166 4 2 1 1 1642 1740 1394 1870
5167 4 2 1 1 1450 1692 1398 2240
5168 4 2 1 1 1019 1550 689 1964
5169 4 2 1 1 32 1070 33 1613
5170 4 2 1 1 348 1022 641 1893
5171 4 2 1 1 1464 1676 1424 1949
5172 4 2 1 1 368 364 1516 1972
5173 4 2 1 1 104 105 1693 1882
5174 4 2 1 1 324 1440 317 2229
5175 4 2 1 1 158 502 1447 1859
5176 4 2 1 1 1175 1289 1724 1844
5177 4 2 1 1 1470 1827 485 1836
5178 4 2 1 1 579 1825 1451 2096
5179 4 2 1 1 1161 1172 1607 2090
5180 4 2 1 1 1718 1907 1468 2104
5181 4 2 1 1 1372 1445 1869 2217
5182 4 2 1 1 1249 1707 1182 2205
5183 4 2 1 1 1187 1266 1650 1981
5184 4 2 1 1 393 1791 1666 2250
5185 4 2 1 1 394 774 1535 1934
5186 4 2 1 1 642 835 984 1658
5187 4 2 1 1 1440 1663 1512 2239
5188 4 2 1 1 1566 2107 1671 2207
5189 4 2 1 1 1389 1666 1434 1749
5190 4 2 1 1 1477 1359 1920 2016
5191 4 2 1 1 663 180 1863 2081
5192 4 2 1 1 1375 1905 1565 2142
5193 4 2 1 1 591 585 1031 1683
5194 4 2 1 1 1431 1637 1474 2235
5195 4 2 1 1 1434 1367 1733 2237
5196 4 2 1 1 1489 1554 1848 2219
5197 4 2 1 1 762 858 1963 2147
5198 4 2 1 1 1121 1684 2087 2127
5199 4 2 1 1 57 22 1698 1804
5200 4 2 1 1 1434 1666 1370 1791
5201 4 2 1 1 334 1458 331 1945
5202 4 2 1 1 1043 1640 588 1718
5203 4 2 1 1 1329 1492 1776 2001
5204 4 2 1 1 1458 1677 1405 1987
5205 4 2 1 1 1546 1683 1320 1959
5206 4 2 1 1 1687 1713 1319 1970
5207 4 2 1 1 1561 1601 1455 2249
5208 4 2 1 1 638 1964 537 2108
5209 4 2 1 1 678 27 677 1546
5210 4 2 1 1 192 1878 1805 2021
5211 4 2 1 1 1217 1073 1522 1740
5212 4 2 1 1 1532 1616 1370 2125
5213 4 2 1 1 207 223 1907 2044
5214 4 2 1 1 1497 1718 1430 1923
5215 4 2 1 1 1541 1655 383 2026
5216 4 2 1 1 1535 1834 1358 1888
5217 4 2 1 1 636 493 1549 1793
5218 4 2 1 1 76 1784 19 2135
5219 4 2 1 1 1430 1468 1718 2182
5220 4 2 1 1 1327 1468 1757 2182
5221 4 2 1 1 1430 1497 1468 2182
5222 4 2 1 1 1703 2040 40 2163
5223 4 2 1 1 914 928 329 1942
5224 4 2 1 1 1362 1902 1558 2000
5225 4 2 1 1 393 1666 818 2250
5226 4 2 1 1 333 334 1945 1987
5227 4 2 1 1 247 1829 1907 2044
5228 4 2 1 1 1036 508 1710 2079
5229 4 2 1 1 1339 1613 1908 2246
5230 4 2 1 1 246 1463 1720 1924
5231 4 2 1 1 1535 1624 1358 1834
5232 4 2 1 1 1458 1945 334 1987
5233 4 2 1 1 1484 1813 661 2165
5234 4 2 1 1 169 784 1500 1800
5235 4 2 1 1 784 174 1500 1735
5236 4 2 1 1 914 1839 928 1942
5237 4 2 1 1 1379 1604 1775 2085
5238 4 2 1 1 1098 1268 1757 1910
5239 4 2 1 1 471 1567 757 1805
5240 4 2 1 1 877 1756 1519 1846
5241 4 2 1 1 145 1833 1743 1932
5242 4 2 1 1 54 1782 673 2051
5243 4 2 1 1 163 90 1675 2110
5244 4 2 1 1 841 345 348 1679
5245 4 2 1 1 958 1032 1782 1889
5246 4 2 1 1 1383 1458 1828 1956
5247 4 2 1 1 1464 1752 1585 1780
5248 4 2 1 1 673 1777 6 2051
5249 4 2 1 1 1249 1163 1796 2205
5250 4 2 1 1 80 1804 1482 1811
5251 4 2 1 1 1438 1723 1643 1794
5252 4 2 1 1 716 309 1776 2186
5253 4 2 1 1 1371 1438 1767 1801
5254 4 2 1 1 1329 1776 1659 2239
5255 4 2 1 1 1234 1868 1624 1986
5256 4 2 1 1 541 962 622 1479
5257 4 2 1 1 1663 1771 640 2006
5258 4 2 1 1 84 1459 706 1874
5259 4 2 1 1 1394 1709 1490 2013
5260 4 2 1 1 981 1799 1468 2021
5261 4 2 1 1 285 1767 1801 2121
5262 4 2 1 1 441 1520 888 1708
5263 4 2 1 1 476 657 588 1430
5264 4 2 1 1 1490 681 1966 2013
5265 4 2 1 1 975 538 1714 1752
5266 4 2 1 1 1455 1502 1565 1766
5267 4 2 1 1 254 134 1605 1931
5268 4 2 1 1 1599 1639 1348 1944
5269 4 2 1 1 1439 1772 1347 2105
5270 4 2 1 1 1439 1371 1767 1958
5271 4 2 1 1 244 1763 1466 1971
5272 4 2 1 1 1038 896 1711 2260
5273 4 2 1 1 35 1570 34 1993
5274 4 2 1 1 1494 1264 1824 2007
5275 4 2 1 1 1288 1515 1094 1938
5276 4 2 1 1 1079 1678 1887 2181
5277 4 2 1 1 254 1606 1605 1912
5278 4 2 1 1 1340 1668 1491 1903
5279 4 2 1 1 433 442 813 1978
5280 4 2 1 1 1359 1448 1684 2251
5281 4 2 1 1 1401 1519 1756 2246
5282 4 2 1 1 776 1569 311 2169
5283 4 2 1 1 1256 1558 1258 2036
5284 4 2 1 1 283 956 281 1801
5285 4 2 1 1 889 829 1516 1822
5286 4 2 1 1 1728 1075 1761 2099
5287 4 2 1 1 281 280 1566 2018
5288 4 2 1 1 1019 689 1550 2135
5289 4 2 1 1 1382 1697 1470 2008
5290 4 2 1 1 1375 1520 1593 2242
5291 4 2 1 1 1445 1685 1586 1869
5292 4 2 1 1 93 1609 1530 2172
5293 4 2 1 1 1324 1692 1450 2240
5294 4 2 1 1 1192 1669 1523 2055
5295 4 2 1 1 848 336 879 1976
5296 4 2 1 1 49 1443 1756 1908
5297 4 2 1 1 491 504 419 1493
5298 4 2 1 1 1265 1617 1556 1973
5299 4 2 1 1 1333 1550 1486 1681
5300 4 2 1 1 1297 1615 1725 2028
5301 4 2 1 1 1570 1360 1876 2179
5302 4 2 1 1 1430 1649 1475 1878
5303 4 2 1 1 1393 1475 1649 1878
5304 4 2 1 1 923 2015 1710 2106
5305 4 2 1 1 554 1760 961 1935
5306 4 2 1 1 1343 1614 1476 1674
5307 4 2 1 1 474 1482 80 1804
5308 4 2 1 1 1191 1727 1631 1730
5309 4 2 1 1 41 40 1703 1712
5310 4 2 1 1 1368 1650 1754 2173
5311 4 2 1 1 1700 1712 1414 2040
5312 4 2 1 1 1090 1130 1089 1534
5313 4 2 1 1 1363 1579 1652 2090
5314 4 2 1 1 40 2040 1728 2163
5315 4 2 1 1 1507 1786 760 2147
5316 4 2 1 1 1366 1505 1562 2211
5317 4 2 1 1 1415 2027 1609 2048
5318 4 2 1 1 1325 1870 1522 2007
5319 4 2 1 1 791 792 790 1860
5320 4 2 1 1 375 381 377 2250
5321 4 2 1 1 9 71 8 1540
5322 4 2 1 1 776 1928 1569 2169
5323 4 2 1 1 1372 1614 1567 2043
5324 4 2 1 1 1352 1761 1642 2100
5325 4 2 1 1 1615 1815 1725 2136
5326 4 2 1 1 1566 1332 2107 2207
5327 4 2 1 1 1315 1487 1798 1916
5328 4 2 1 1 1374 1433 1738 1857
5329 4 2 1 1 1455 1565 1388 1921
5330 4 2 1 1 1750 2099 1728 2203
5331 4 2 1 1 552 220 1026 1446
5332 4 2 1 1 1560 1618 1373 2252
5333 4 2 1 1 201 1524 197 1812
5334 4 2 1 1 781 452 962 1961
5335 4 2 1 1 1456 1628 1434 1749
5336 4 2 1 1 1082 1750 1762 2185
5337 4 2 1 1 648 1709 1627 2200
5338 4 2 1 1 1173 1652 2064 2252
5339 4 2 1 1 1352 1698 1426 1755
5340 4 2 1 1 1490 1522 1394 1740
5341 4 2 1 1 94 1530 725 2172
5342 4 2 1 1 1341 1494 1457 1768
5343 4 2 1 1 1318 1480 1497 2182
5344 4 2 1 1 1039 1579 597 1914
5345 4 2 1 1 847 502 1020 1606
5346 4 2 1 1 898 710 711 1818
5347 4 2 1 1 1651 1810 1402 1880
5348 4 2 1 1 1411 1712 1700 2040
5349 4 2 1 1 279 273 1603 1965
5350 4 2 1 1 965 1836 1663 2006
5351 4 2 1 1 23 50 24 1611
5352 4 2 1 1 238 1640 1463 1807
5353 4 2 1 1 49 670 1443 1908
5354 4 2 1 1 1345 1697 1470 1784
5355 4 2 1 1 586 591 1683 1959
5356 4 2 1 1 495 967 1064 1855
5357 4 2 1 1 664 1694 1584 2123
5358 4 2 1 1 1476 1400 1620 1674
5359 4 2 1 1 1467 1281 1787 2116
5360 4 2 1 1 1387 1694 1960 2223
5361 4 2 1 1 1105 1732 1135 2132
5362 4 2 1 1 1151 1739 1601 1948
5363 4 2 1 1 116 94 1530 1953
5364 4 2 1 1 46 1519 685 1967
5365 4 2 1 1 1263 1684 1525 1881
5366 4 2 1 1 1343 1705 1674 1753
5367 4 2 1 1 1360 1967 1876 2179
5368 4 2 1 1 1370 1451 1825 2096
5369 4 2 1 1 1396 1419 1710 2106
5370 4 2 1 1 1326 1816 1544 1829
5371 4 2 1 1 227 228 1547 1702
5372 4 2 1 1 1398 2136 1450 2240
5373 4 2 1 1 1370 1666 1825 2193
5374 4 2 1 1 1330 1849 1518 2128
5375 4 2 1 1 1369 1563 1885 2019
5376 4 2 1 1 1323 1934 1668 2170
5377 4 2 1 1 1447 1885 1563 2019
5378 4 2 1 1 1327 1572 1829 1907
5379 4 2 1 1 1638 2088 1680 2164
5380 4 2 1 1 517 1776 317 1857
5381 4 2 1 1 1671 2107 1332 2207
5382 4 2 1 1 623 484 1442 1836
5383 4 2 1 1 687 1519 877 1756
5384 4 2 1 1 1578 1830 1437 2017
5385 4 2 1 1 441 437 435 1520
5386 4 2 1 1 978 914 334 1458
5387 4 2 1 1 1361 1457 1522 1768
5388 4 2 1 1 1237 1210 1125 1956
5389 4 2 1 1 1158 1157 1636 1796
5390 4 2 1 1 609 1812 1626 2025
5391 4 2 1 1 1353 1625 1616 1858
5392 4 2 1 1 17 1808 940 1955
5393 4 2 1 1 1419 1572 1480 2190
5394 4 2 1 1 59 1576 58 1830
5395 4 2 1 1 1351 1523 1549 1630
5396 4 2 1 1 1502 1557 1375 2020
5397 4 2 1 1 1440 1659 1374 1857
5398 4 2 1 1 1574 1383 1956 2189
5399 4 2 1 1 1536 1628 1456 2069
5400 4 2 1 1 1038 841 896 2260
5401 4 2 1 1 1116 1120 1670 1970
5402 4 2 1 1 333 334 331 1945
5403 4 2 1 1 1464 1683 1361 2065
5404 4 2 1 1 1188 1217 1522 2261
5405 4 2 1 1 543 1571 477 1991
5406 4 2 1 1 1414 1996 1546 2150
5407 4 2 1 1 1430 1718 1497 2182
5408 4 2 1 1 1415 1595 2027 2048
5409 4 2 1 1 401 384 2026 2192
5410 4 2 1 1 1075 1750 1728 2203
5411 4 2 1 1 1364 1541 1462 1969
5412 4 2 1 1 1552 1741 157 1919
5413 4 2 1 1 1492 1917 1433 2186
5414 4 2 1 1 1574 1582 1417 2189
5415 4 2 1 1 914 1458 978 1839
5416 4 2 1 1 400 1655 1841 2026
5417 4 2 1 1 350 354 1469 1820
5418 4 2 1 1 866 1746 1683 2065
5419 4 2 1 1 892 1432 1711 2152
5420 4 2 1 1 374 407 376 1822
5421 4 2 1 1 879 969 1893 1920
5422 4 2 1 1 1408 1451 2107 2198
5423 4 2 1 1 1367 1456 1840 1985
5424 4 2 1 1 1278 1135 1313 1821
5425 4 2 1 1 1362 1720 1561 2062
5426 4 2 1 1 296 945 979 1801
5427 4 2 1 1 12 1756 49 1861
5428 4 2 1 1 1430 1640 476 2053
5429 4 2 1 1 208 1468 981 1799
5430 4 2 1 1 1584 1694 664 2048
5431 4 2 1 1 1375 1621 1520 1890
5432 4 2 1 1 1278 1539 1135 1821
5433 4 2 1 1 1542 1693 769 2208
5434 4 2 1 1 45 1695 66 1700
5435 4 2 1 1 586 585 591 1959
5436 4 2 1 1 1470 1784 1053 2097
5437 4 2 1 1 1249 1796 1810 2205
5438 4 2 1 1 898 711 1668 1818
5439 4 2 1 1 383 379 395 1655
5440 4 2 1 1 319 1786 1535 1834
5441 4 2 1 1 1158 1796 1636 1810
5442 4 2 1 1 557 1531 426 1759
5443 4 2 1 1 1098 1097 1268 1910
5444 4 2 1 1 1510 1566 1408 2018
5445 4 2 1 1 698 1808 1454 1954
5446 4 2 1 1 1636 1796 1157 2142
5447 4 2 1 1 1602 1608 1421 2210
5448 4 2 1 1 1639 1653 1101 2050
5449 4 2 1 1 1537 1892 1318 2052
5450 4 2 1 1 1356 1648 1516 1828
5451 4 2 1 1 1142 1647 1143 1809
5452 4 2 1 1 1408 1566 1545 2107
5453 4 2 1 1 1444 1467 1634 2076
5454 4 2 1 1 1449 1560 1363 1863
5455 4 2 1 1 1439 1347 1772 1928
5456 4 2 1 1 1116 1277 1120 1970
5457 4 2 1 1 1469 1521 1321 2143
5458 4 2 1 1 1184 1745 1521 1957
5459 4 2 1 1 1492 1506 1758 2175
5460 4 2 1 1 1188 1768 1522 2007
5461 4 2 1 1 962 540 781 1479
5462 4 2 1 1 1604 1651 1402 2124
5463 4 2 1 1 1486 1426 1681 2135
5464 4 2 1 1 1098 1096 1689 2029
5465 4 2 1 1 123 1919 1460 2213
5466 4 2 1 1 1503 1719 1395 2024
5467 4 2 1 1 425 415 424 1921
5468 4 2 1 1 1402 2124 1880 2150
5469 4 2 1 1 1902 1985 1672 2237
5470 4 2 1 1 438 1982 1632 2103
5471 4 2 1 1 466 530 816 2086
5472 4 2 1 1 75 1454 702 1876
5473 4 2 1 1 839 756 1721 1800
5474 4 2 1 1 689 1550 1808 1964
5475 4 2 1 1 1375 1565 1502 2142
5476 4 2 1 1 1504 1345 1583 2145
5477 4 2 1 1 1395 1719 1622 2024
5478 4 2 1 1 336 1513 879 1976
5479 4 2 1 1 641 1448 1790 1992
5480 4 2 1 1 1101 1653 1639 2029
5481 4 2 1 1 1407 1708 1520 2227
5482 4 2 1 1 1486 1550 1426 2135
5483 4 2 1 1 122 1552 157 1919
5484 4 2 1 1 319 315 1535 1786
5485 4 2 1 1 1373 1560 1449 1871
5486 4 2 1 1 1385 1629 1570 2222
5487 4 2 1 1 1152 1620 1483 2101
5488 4 2 1 1 1271 2028 1486 2181
5489 4 2 1 1 1322 1603 1656 2270
5490 4 2 1 1 1346 1466 1641 1990
5491 4 2 1 1 1598 1820 980 2260
5492 4 2 1 1 220 961 1760 2082
5493 4 2 1 1 561 837 836 1867
5494 4 2 1 1 333 1945 1513 1987
5495 4 2 1 1 1388 1561 1455 1921
5496 4 2 1 1 1498 1989 1765 2017
5497 4 2 1 1 1573 1664 1324 1779
5498 4 2 1 1 416 1945 1851 2098
5499 4 2 1 1 1348 1639 1446 2029
5500 4 2 1 1 413 366 1541 1857
5501 4 2 1 1 1204 1506 1205 1758
5502 4 2 1 1 1754 2063 1638 2173
5503 4 2 1 1 142 1665 158 1885
5504 4 2 1 1 1117 1828 1115 2004
5505 4 2 1 1 404 942 1963 2157
5506 4 2 1 1 1428 1687 1571 1970
5507 4 2 1 1 1628 1648 1112 2153
5508 4 2 1 1 1711 1992 1331 2251
5509 4 2 1 1 1728 1750 1075 2099
5510 4 2 1 1 729 812 159 1602
5511 4 2 1 1 888 1708 1520 1978
5512 4 2 1 1 1144 1754 1562 2119
5513 4 2 1 1 268 267 266 2129
5514 4 2 1 1 850 1527 890 1845
5515 4 2 1 1 1154 1502 1739 2045
5516 4 2 1 1 1477 1381 1926 2192
5517 4 2 1 1 1437 1830 1578 1889
5518 4 2 1 1 830 1760 1505 2038
5519 4 2 1 1 264 830 554 1505
5520 4 2 1 1 1584 1995 865 2123
5521 4 2 1 1 513 1806 697 2075
5522 4 2 1 1 1099 1696 1649 1999
5523 4 2 1 1 243 647 646 1763
5524 4 2 1 1 484 808 623 1442
5525 4 2 1 1 823 1862 118 2213
5526 4 2 1 1 1694 1895 532 1960
5527 4 2 1 1 433 432 442 1471
5528 4 2 1 1 1404 1720 1601 2160
5529 4 2 1 1 220 1737 188 2082
5530 4 2 1 1 1326 1481 2109 2255
5531 4 2 1 1 723 302 1634 2001
5532 4 2 1 1 425 1921 424 2054
5533 4 2 1 1 846 110 502 1885
5534 4 2 1 1 725 1530 94 1953
5535 4 2 1 1 428 1565 1682 2137
5536 4 2 1 1 63 1576 59 1937
5537 4 2 1 1 153 156 161 1743
5538 4 2 1 1 773 449 772 1903
5539 4 2 1 1 1525 2047 1331 2251
5540 4 2 1 1 779 583 913 1599
5541 4 2 1 1 1659 1776 1440 2239
5542 4 2 1 1 30 1498 1238 1765
5543 4 2 1 1 749 1718 1572 1892
5544 4 2 1 1 1418 1775 1763 1896
5545 4 2 1 1 572 1005 1444 2006
5546 4 2 1 1 1291 1189 1313 1480
5547 4 2 1 1 1444 1875 1697 2145
5548 4 2 1 1 1494 1768 1178 2007
5549 4 2 1 1 1352 1426 1698 1936
5550 4 2 1 1 1244 37 1068 1517
5551 4 2 1 1 940 1808 18 1955
5552 4 2 1 1 652 1508 2023 2191
5553 4 2 1 1 1393 1649 1430 1878
5554 4 2 1 1 73 75 1629 1856
5555 4 2 1 1 1357 1493 1581 2225
5556 4 2 1 1 91 93 115 1609
5557 4 2 1 1 1143 1172 1161 2090
5558 4 2 1 1 1454 1570 1629 2222
5559 4 2 1 1 1224 1570 1725 2122
5560 4 2 1 1 1326 2109 1688 2255
5561 4 2 1 1 405 1699 390 2215
5562 4 2 1 1 1068 1517 37 1901
5563 4 2 1 1 1383 1574 1496 2209
5564 4 2 1 1 1520 1621 1407 1982
5565 4 2 1 1 1424 1469 1820 2143
5566 4 2 1 1 1283 1296 1664 1779
5567 4 2 1 1 886 1567 1898 1950
5568 4 2 1 1 1405 1635 1513 2218
5569 4 2 1 1 1043 728 1640 1892
5570 4 2 1 1 1674 1705 1230 1753
5571 4 2 1 1 1390 1687 1471 1978
5572 4 2 1 1 205 1799 981 2021
5573 4 2 1 1 68 701 1518 1700
5574 4 2 1 1 414 424 1561 1759
5575 4 2 1 1 923 541 622 1710
5576 4 2 1 1 1486 1681 1550 2135
5577 4 2 1 1 1799 1907 1538 2044
5578 4 2 1 1 1474 1833 1431 2235
5579 4 2 1 1 736 908 525 1485
5580 4 2 1 1 1568 1896 1466 2072
5581 4 2 1 1 432 1471 433 1890
5582 4 2 1 1 1266 1891 1723 1981
5583 4 2 1 1 557 1021 912 1979
5584 4 2 1 1 1837 1962 1488 2197
5585 4 2 1 1 775 1496 404 1963
5586 4 2 1 1 1672 1654 2094 2125
5587 4 2 1 1 421 497 1788 1915
5588 4 2 1 1 471 528 548 1475
5589 4 2 1 1 55 1802 1695 1899
5590 4 2 1 1 1602 1814 159 2210
5591 4 2 1 1 912 814 853 1840
5592 4 2 1 1 1428 1390 1852 1879
5593 4 2 1 1 1339 1519 1691 2246
5594 4 2 1 1 1532 1616 1246 1891
5595 4 2 1 1 1318 1572 1892 2190
5596 4 2 1 1 1542 1793 897 1800
5597 4 2 1 1 1563 1586 1372 2074
5598 4 2 1 1 1067 1678 1079 2181
5599 4 2 1 1 666 1475 1702 1898
5600 4 2 1 1 1435 1380 1645 2131
5601 4 2 1 1 1454 1954 1725 2222
5602 4 2 1 1 1545 1650 1187 2119
5603 4 2 1 1 886 1567 549 1898
5604 4 2 1 1 866 1490 682 2238
5605 4 2 1 1 162 1716 155 1995
5606 4 2 1 1 1491 1617 1556 1868
5607 4 2 1 1 659 1622 2113 2171
5608 4 2 1 1 1263 1525 1127 1881
5609 4 2 1 1 63 84 1874 1937
5610 4 2 1 1 1530 1609 1350 2172
5611 4 2 1 1 115 985 664 2048
5612 4 2 1 1 413 1900 1541 2026
5613 4 2 1 1 1492 1495 1917 2178
5614 4 2 1 1 1553 865 1995 2123
5615 4 2 1 1 1440 1776 317 2229
5616 4 2 1 1 1346 1739 1502 2045
5617 4 2 1 1 1563 1705 1372 2151
5618 4 2 1 1 239 1763 242 1775
5619 4 2 1 1 535 1848 1489 1900
5620 4 2 1 1 1646 1782 1427 2059
5621 4 2 1 1 788 1748 1847 2077
5622 4 2 1 1 227 1702 1547 1783
5623 4 2 1 1 1434 1733 1367 1823
5624 4 2 1 1 1109 1672 1835 2125
5625 4 2 1 1 1451 1408 1770 2198
5626 4 2 1 1 1125 1648 1858 2153
5627 4 2 1 1 349 1469 354 1951
5628 4 2 1 1 781 1759 1479 1979
5629 4 2 1 1 1327 1907 1829 2044
5630 4 2 1 1 1458 1383 1828 1839
5631 4 2 1 1 72 1629 75 1876
5632 4 2 1 1 1289 1591 1177 1724
5633 4 2 1 1 190 1863 1560 1871
5634 4 2 1 1 1362 1601 1561 2160
5635 4 2 1 1 1326 1789 1816 2115
5636 4 2 1 1 622 1710 1479 1961
5637 4 2 1 1 1432 1655 1331 2152
5638 4 2 1 1 761 1507 762 1963
5639 4 2 1 1 1139 1253 1462 1927
5640 4 2 1 1 1447 1342 1612 2019
5641 4 2 1 1 1457 1699 1341 1768
5642 4 2 1 1 1361 1699 1457 1768
5643 4 2 1 1 210 1538 1686 1968
5644 4 2 1 1 729 1602 159 2210
5645 4 2 1 1 756 839 897 1800
5646 4 2 1 1 675 696 964 1861
5647 4 2 1 1 659 1623 1024 2113
5648 4 2 1 1 1490 1683 1548 2058
5649 4 2 1 1 1082 1762 1736 2185
5650 4 2 1 1 1611 1698 1394 2200
5651 4 2 1 1 665 19 1784 1955
5652 4 2 1 1 1392 1521 1469 2118
5653 4 2 1 1 1619 1716 1324 2037
5654 4 2 1 1 1332 1671 1532 2107
5655 4 2 1 1 1147 1529 1923 1984
5656 4 2 1 1 1356 1828 1516 1839
5657 4 2 1 1 682 866 989 1746
5658 4 2 1 1 1279 1222 1557 1713
5659 4 2 1 1 1540 1965 1603 1980
5660 4 2 1 1 543 633 954 1428
5661 4 2 1 1 728 1040 250 1892
5662 4 2 1 1 17 1583 1808 1955
5663 4 2 1 1 1536 2004 1628 2069
5664 4 2 1 1 1636 1157 2045 2142
5665 4 2 1 1 1101 1639 1096 2029
5666 4 2 1 1 1516 1648 1383 1828
5667 4 2 1 1 579 1451 599 2096
5668 4 2 1 1 1527 1845 1449 1863
5669 4 2 1 1 1276 1159 1659 2116
5670 4 2 1 1 228 1547 1702 2032
5671 4 2 1 1 1401 1756 1519 1967
5672 4 2 1 1 46 14 1876 1967
5673 4 2 1 1 1536 1356 2004 2069
5674 4 2 1 1 875 1697 1035 1955
5675 4 2 1 1 1409 1575 1478 2050
5676 4 2 1 1 1535 315 1934 2035
5677 4 2 1 1 324 802 317 1857
5678 4 2 1 1 246 1720 1463 2062
5679 4 2 1 1 1392 1472 1684 2087
5680 4 2 1 1 1149 1529 1633 1948
5681 4 2 1 1 1036 1710 1537 2079
5682 4 2 1 1 1704 1925 1764 2255
5683 4 2 1 1 421 1457 406 1915
5684 4 2 1 1 603 1831 1687 2155
5685 4 2 1 1 1621 1905 1461 1988
5686 4 2 1 1 1465 1927 1554 2236
5687 4 2 1 1 780 557 1759 1979
5688 4 2 1 1 1462 1541 1364 1842
5689 4 2 1 1 1588 1559 2146 2256
5690 4 2 1 1 1187 1650 1165 2119
5691 4 2 1 1 1188 1178 1768 2007
5692 4 2 1 1 92 713 116 1953
5693 4 2 1 1 1322 1603 1499 1872
5694 4 2 1 1 1488 1879 828 1884
5695 4 2 1 1 1438 1408 1801 1981
5696 4 2 1 1 1629 1856 1385 1995
5697 4 2 1 1 1378 1638 1524 1754
5698 4 2 1 1 572 1005 574 1444
5699 4 2 1 1 1367 1673 1558 1985
5700 4 2 1 1 1438 1723 1408 1981
5701 4 2 1 1 436 446 434 1621
5702 4 2 1 1 1397 1540 1747 2266
5703 4 2 1 1 1613 1691 1526 2246
5704 4 2 1 1 652 1508 1928 2023
5705 4 2 1 1 1484 1404 1641 1990
5706 4 2 1 1 659 1622 168 1623
5707 4 2 1 1 1618 1680 1373 2252
5708 4 2 1 1 320 760 1786 2147
5709 4 2 1 1 1226 1533 1227 1887
5710 4 2 1 1 1366 1686 1538 1968
5711 4 2 1 1 886 1567 1950 2043
5712 4 2 1 1 375 374 376 1749
5713 4 2 1 1 1407 1520 1982 2227
5714 4 2 1 1 1374 1541 1462 1842
5715 4 2 1 1 631 1661 738 1849
5716 4 2 1 1 407 451 408 1822
5717 4 2 1 1 1521 1957 1745 2143
5718 4 2 1 1 1419 1816 1789 2115
5719 4 2 1 1 1122 1684 1881 1943
5720 4 2 1 1 1433 1776 1492 2186
5721 4 2 1 1 1373 1449 1680 2164
5722 4 2 1 1 651 1856 1450 1954
5723 4 2 1 1 1427 1646 2105 2253
5724 4 2 1 1 304 1767 297 1958
5725 4 2 1 1 714 1050 1734 1953
5726 4 2 1 1 685 1519 687 1967
5727 4 2 1 1 1482 1761 1399 1811
5728 4 2 1 1 404 1963 1625 2157
5729 4 2 1 1 1521 1667 1301 1957
5730 4 2 1 1 1560 1373 1680 2252
5731 4 2 1 1 929 1485 908 1862
5732 4 2 1 1 1454 1725 1570 2222
5733 4 2 1 1 1341 1432 1598 1860
5734 4 2 1 1 1292 1506 1207 2236
5735 4 2 1 1 975 361 1752 1819
5736 4 2 1 1 1588 1612 1342 2019
5737 4 2 1 1 1460 1664 1533 2240
5738 4 2 1 1 1004 886 549 1898
5739 4 2 1 1 540 1479 541 1979
5740 4 2 1 1 1575 1737 1409 2082
5741 4 2 1 1 1480 1572 1419 2115
5742 4 2 1 1 1543 1743 1474 2235
5743 4 2 1 1 1436 1797 490 2263
5744 4 2 1 1 488 1549 1735 1939
5745 4 2 1 1 1467 1691 1519 2179
5746 4 2 1 1 1536 1277 1970 2111
5747 4 2 1 1 49 670 11 1443
5748 4 2 1 1 1490 1709 1522 1746
5749 4 2 1 1 1465 1554 1138 2236
5750 4 2 1 1 1567 1372 2043 2217
5751 4 2 1 1 842 522 843 1503
5752 4 2 1 1 896 1711 1448 1992
5753 4 2 1 1 35 1224 34 1570
5754 4 2 1 1 405 1915 1699 2215
5755 4 2 1 1 1601 1720 1561 2160
5756 4 2 1 1 1039 615 597 1579
5757 4 2 1 1 116 725 94 1953
5758 4 2 1 1 1103 1501 1732 2174
5759 4 2 1 1 1253 1175 1462 1844
5760 4 2 1 1 1235 1617 1589 2030
5761 4 2 1 1 494 580 867 1692
5762 4 2 1 1 1454 1629 1570 1876
5763 4 2 1 1 68 1700 1518 1997
5764 4 2 1 1 1598 1424 2180 2215
5765 4 2 1 1 642 1848 1018 1926
5766 4 2 1 1 193 528 1805 1878
5767 4 2 1 1 159 1602 812 1814
5768 4 2 1 1 869 1491 422 1888
5769 4 2 1 1 1196 1161 1172 1607
5770 4 2 1 1 815 1013 1665 1859
5771 4 2 1 1 569 1470 485 1836
5772 4 2 1 1 670 1785 1443 1908
5773 4 2 1 1 1402 1707 1810 2205
5774 4 2 1 1 271 1704 1781 2207
5775 4 2 1 1 1321 1679 1448 1877
5776 4 2 1 1 1290 1190 1173 1618
5777 4 2 1 1 1346 1636 2045 2142
5778 4 2 1 1 944 1812 464 1871
5779 4 2 1 1 421 450 406 1788
5780 4 2 1 1 1130 1523 1838 2133
5781 4 2 1 1 973 2013 1709 2200
5782 4 2 1 1 477 1571 408 1991
5783 4 2 1 1 799 2002 126 2009
5784 4 2 1 1 1474 2057 1637 2072
5785 4 2 1 1 1482 1804 474 1913
5786 4 2 1 1 1252 1639 1101 2050
5787 4 2 1 1 147 2042 1721 2167
5788 4 2 1 1 1017 663 221 1863
5789 4 2 1 1 328 326 327 1774
5790 4 2 1 1 889 515 829 1822
5791 4 2 1 1 1323 1617 1491 1868
5792 4 2 1 1 574 1444 874 2076
5793 4 2 1 1 48 58 59 1576
5794 4 2 1 1 487 1790 1841 1992
5795 4 2 1 1 1333 1964 1681 2181
5796 4 2 1 1 676 926 1597 1874
5797 4 2 1 1 1469 1679 1392 1977
5798 4 2 1 1 1344 1576 1498 2161
5799 4 2 1 1 1263 1525 1684 2127
5800 4 2 1 1 757 1805 1567 2217
5801 4 2 1 1 1443 1376 1785 1994
5802 4 2 1 1 1869 2043 1372 2217
5803 4 2 1 1 192 2021 1805 2149
5804 4 2 1 1 1447 1705 1563 2151
5805 4 2 1 1 1419 2079 1710 2106
5806 4 2 1 1 1633 1739 1990 2003
5807 4 2 1 1 1199 1528 1643 2141
5808 4 2 1 1 1503 1719 127 2002
5809 4 2 1 1 1557 1673 1302 2036
5810 4 2 1 1 385 762 761 1507
5811 4 2 1 1 1503 1342 1803 1912
5812 4 2 1 1 1517 1706 1303 2007
5813 4 2 1 1 1697 1875 1583 2145
5814 4 2 1 1 727 1032 958 1889
5815 4 2 1 1 220 552 219 1446
5816 4 2 1 1 1583 1875 1697 1955
5817 4 2 1 1 1439 1564 1473 2105
5818 4 2 1 1 1097 1098 1096 1689
5819 4 2 1 1 1357 1715 1509 2189
5820 4 2 1 1 908 1769 831 1862
5821 4 2 1 1 1453 1803 796 2120
5822 4 2 1 1 1335 1436 1735 2263
5823 4 2 1 1 1720 1930 1455 2249
5824 4 2 1 1 1526 2156 1443 2246
5825 4 2 1 1 1486 1333 1681 2181
5826 4 2 1 1 1348 1998 1689 1999
5827 4 2 1 1 1453 1742 1588 2146
5828 4 2 1 1 1440 1842 1541 1857
5829 4 2 1 1 1005 874 1444 1771
5830 4 2 1 1 1470 1697 1382 2006
5831 4 2 1 1 462 555 1477 1790
5832 4 2 1 1 366 356 1541 1847
5833 4 2 1 1 1469 1321 1820 2143
5834 4 2 1 1 1437 1889 1578 2017
5835 4 2 1 1 343 1488 828 2197
5836 4 2 1 1 37 1755 1486 1901
5837 4 2 1 1 1446 1653 1639 2050
5838 4 2 1 1 1619 1779 1309 1854
5839 4 2 1 1 1448 1992 1711 2251
5840 4 2 1 1 316 1594 748 2066
5841 4 2 1 1 877 686 722 1846
5842 4 2 1 1 701 68 1518 1997
5843 4 2 1 1 826 1921 1455 2249
5844 4 2 1 1 645 915 1900 2026
5845 4 2 1 1 1630 1865 96 2172
5846 4 2 1 1 1531 426 1759 2054
5847 4 2 1 1 1560 1363 1863 2081
5848 4 2 1 1 944 1626 1812 1871
5849 4 2 1 1 332 416 417 2098
5850 4 2 1 1 1397 2159 1511 2231
5851 4 2 1 1 1553 1629 1385 1995
5852 4 2 1 1 1483 1633 1148 1984
5853 4 2 1 1 1424 1699 1949 2180
5854 4 2 1 1 1137 1142 1143 1809
5855 4 2 1 1 1468 1878 1430 2104
5856 4 2 1 1 1457 421 1788 1915
5857 4 2 1 1 1822 1839 515 1991
5858 4 2 1 1 343 845 1837 2197
5859 4 2 1 1 221 930 1017 2202
5860 4 2 1 1 1624 1868 1234 2030
5861 4 2 1 1 180 1560 190 1863
5862 4 2 1 1 146 147 1721 2167
5863 4 2 1 1 343 1837 1488 2197
5864 4 2 1 1 1404 1739 1641 1990
5865 4 2 1 1 1560 1863 180 2081
5866 4 2 1 1 623 1442 808 2077
5867 4 2 1 1 1484 1547 1328 2165
5868 4 2 1 1 1450 2136 1815 2240
5869 4 2 1 1 901 876 555 1477
5870 4 2 1 1 1175 1139 1253 1462
5871 4 2 1 1 1370 1835 1434 2094
5872 4 2 1 1 1394 1698 1611 2176
5873 4 2 1 1 1790 1893 556 1920
5874 4 2 1 1 1626 1812 1412 2025
5875 4 2 1 1 238 246 241 1463
5876 4 2 1 1 1147 1923 1649 1984
5877 4 2 1 1 314 1934 315 2035
5878 4 2 1 1 739 351 1514 1977
5879 4 2 1 1 436 1621 434 1890
5880 4 2 1 1 1186 1199 1198 1564
5881 4 2 1 1 297 1826 1767 2169
5882 4 2 1 1 88 163 90 1675
5883 4 2 1 1 855 416 1509 1851
5884 4 2 1 1 207 1538 745 2044
5885 4 2 1 1 1536 1356 1970 2004
5886 4 2 1 1 1550 1583 1345 1955
5887 4 2 1 1 1099 1649 1910 1999
5888 4 2 1 1 111 106 108 1612
5889 4 2 1 1 682 1490 866 1746
5890 4 2 1 1 1775 2085 1604 2130
5891 4 2 1 1 1352 1913 1678 2181
5892 4 2 1 1 1453 1693 1355 2084
5893 4 2 1 1 1398 1692 1450 2224
5894 4 2 1 1 1536 1840 1456 1985
5895 4 2 1 1 1076 1642 39 1728
5896 4 2 1 1 1379 1645 1543 1929
5897 4 2 1 1 550 826 523 1766
5898 4 2 1 1 419 1493 512 2098
5899 4 2 1 1 1327 1544 1732 2220
5900 4 2 1 1 1206 1202 1656 1798
5901 4 2 1 1 909 673 54 1889
5902 4 2 1 1 1650 2063 1754 2173
5903 4 2 1 1 1411 1700 1695 2040
5904 4 2 1 1 1609 1350 2027 2158
5905 4 2 1 1 733 1894 138 1931
5906 4 2 1 1 1188 1216 1178 2007
5907 4 2 1 1 1279 1220 1222 1713
5908 4 2 1 1 1339 1846 1908 2178
5909 4 2 1 1 177 1575 1737 2022
5910 4 2 1 1 1348 1586 1998 1999
5911 4 2 1 1 128 257 1719 2024
5912 4 2 1 1 1402 1810 1662 2205
5913 4 2 1 1 1267 1821 1529 2000
5914 4 2 1 1 1370 1791 1666 2193
5915 4 2 1 1 304 297 287 1958
5916 4 2 1 1 1414 1880 1712 2124
5917 4 2 1 1 33 1526 1691 2233
5918 4 2 1 1 1443 1597 1376 1994
5919 4 2 1 1 1140 1573 1283 1664
5920 4 2 1 1 127 1719 1503 2024
5921 4 2 1 1 1374 1541 1842 1857
5922 4 2 1 1 332 1945 416 2098
5923 4 2 1 1 359 800 362 1949
5924 4 2 1 1 968 1818 1508 2191
5925 4 2 1 1 1120 1852 1670 1970
5926 4 2 1 1 383 379 1541 2026
5927 4 2 1 1 1443 2156 1861 2246
5928 4 2 1 1 1716 1856 155 1995
5929 4 2 1 1 1370 1434 1791 2094
5930 4 2 1 1 663 615 1579 1797
5931 4 2 1 1 844 815 1013 1665
5932 4 2 1 1 469 931 748 1738
5933 4 2 1 1 1379 1896 1651 2057
5934 4 2 1 1 692 1610 693 1959
5935 4 2 1 1 1306 1127 1525 1844
5936 4 2 1 1 195 464 667 1812
5937 4 2 1 1 552 1792 1446 1904
5938 4 2 1 1 123 1460 823 2213
5939 4 2 1 1 1493 1920 512 2098
5940 4 2 1 1 1579 1351 1914 1953
5941 4 2 1 1 1354 1585 1587 1957
5942 4 2 1 1 675 1861 1553 2226
5943 4 2 1 1 1715 1774 327 2144
5944 4 2 1 1 715 906 469 1738
5945 4 2 1 1 689 1808 941 1964
5946 4 2 1 1 1228 1674 1620 2101
5947 4 2 1 1 539 749 1572 1892
5948 4 2 1 1 1303 1706 1517 2221
5949 4 2 1 1 502 110 158 1885
5950 4 2 1 1 1697 1784 1345 1955
5951 4 2 1 1 913 1599 1792 2243
5952 4 2 1 1 638 2075 1422 2108
5953 4 2 1 1 1335 1500 1515 1944
5954 4 2 1 1 896 1448 641 1992
5955 4 2 1 1 1208 1574 1210 1794
5956 4 2 1 1 1451 1625 1353 2157
5957 4 2 1 1 1397 1980 1511 2159
5958 4 2 1 1 638 1913 1422 2075
5959 4 2 1 1 714 621 1050 1953
5960 4 2 1 1 1397 1798 1758 2231
5961 4 2 1 1 709 313 711 1452
5962 4 2 1 1 1382 1663 1442 1836
5963 4 2 1 1 622 1479 962 1961
5964 4 2 1 1 828 1488 1884 2197
5965 4 2 1 1 101 1693 1769 2208
5966 4 2 1 1 106 108 1612 1882
5967 4 2 1 1 694 695 1843 2102
5968 4 2 1 1 53 1597 964 1861
5969 4 2 1 1 66 1700 1695 1947
5970 4 2 1 1 1324 2060 1855 2240
5971 4 2 1 1 758 284 282 1510
5972 4 2 1 1 1044 1694 664 2123
5973 4 2 1 1 1671 2018 1451 2107
5974 4 2 1 1 814 478 853 1831
5975 4 2 1 1 104 1693 769 1882
5976 4 2 1 1 1566 2018 1671 2107
5977 4 2 1 1 439 819 1632 1714
5978 4 2 1 1 1541 1655 1462 1969
5979 4 2 1 1 1122 1773 1119 1943
5980 4 2 1 1 1320 1780 1464 2206
5981 4 2 1 1 252 1468 1907 2104
5982 4 2 1 1 1766 1905 1461 2142
5983 4 2 1 1 350 1820 1679 2260
5984 4 2 1 1 1053 571 875 1697
5985 4 2 1 1 1356 1822 1571 1991
5986 4 2 1 1 435 436 434 1890
5987 4 2 1 1 211 1743 145 1833
5988 4 2 1 1 404 990 942 2157
5989 4 2 1 1 850 590 1527 1935
5990 4 2 1 1 331 334 914 1458
5991 4 2 1 1 741 1714 1514 1951
5992 4 2 1 1 1531 1388 1673 2232
5993 4 2 1 1 1400 1431 1783 2091
5994 4 2 1 1 1671 2018 1566 2207
5995 4 2 1 1 1394 1698 1627 2200
5996 4 2 1 1 1891 2067 1723 2198
5997 4 2 1 1 826 825 523 1921
5998 4 2 1 1 1306 1289 1844 1933
5999 4 2 1 1 1444 1360 1875 2145
6000 4 2 1 1 1385 1716 1619 2037
6001 4 2 1 1 826 1766 550 2162
6002 4 2 1 1 1391 1439 1826 2169
6003 4 2 1 1 790 1432 892 2152
6004 4 2 1 1 1813 1867 882 2165
6005 4 2 1 1 1541 1364 1748 1969
6006 4 2 1 1 1375 1890 1520 2242
6007 4 2 1 1 1443 1908 1613 2246
6008 4 2 1 1 1649 1909 1696 2101
6009 4 2 1 1 304 747 455 1958
6010 4 2 1 1 1416 2014 1744 2214
6011 4 2 1 1 800 1699 362 1949
6012 4 2 1 1 1382 1442 1824 2212
6013 4 2 1 1 404 1496 367 1972
6014 4 2 1 1 1491 1590 1340 1903
6015 4 2 1 1 1005 1771 1444 2006
6016 4 2 1 1 498 465 1752 2086
6017 4 2 1 1 1610 1780 693 1959
6018 4 2 1 1 1434 1749 1666 2250
6019 4 2 1 1 1496 1625 1389 1972
6020 4 2 1 1 1420 1675 1727 2269
6021 4 2 1 1 1493 1658 1581 2225
6022 4 2 1 1 1121 1684 1943 2087
6023 4 2 1 1 1311 1891 1545 1911
6024 4 2 1 1 297 1767 287 1958
6025 4 2 1 1 638 654 1681 1913
6026 4 2 1 1 193 528 471 1805
6027 4 2 1 1 331 1715 330 1945
6028 4 2 1 1 1373 1578 1560 1871
6029 4 2 1 1 420 405 390 2215
6030 4 2 1 1 1320 1585 1780 2206
6031 4 2 1 1 1232 1234 1624 1986
6032 4 2 1 1 1440 1374 1659 1842
6033 4 2 1 1 1519 1634 1467 2076
6034 4 2 1 1 210 1686 617 1968
6035 4 2 1 1 1496 1516 1383 1942
6036 4 2 1 1 799 1552 2002 2009
6037 4 2 1 1 540 781 1479 1979
6038 4 2 1 1 1181 1555 1705 1974
6039 4 2 1 1 973 1709 648 2200
6040 4 2 1 1 91 92 93 2049
6041 4 2 1 1 1070 1613 1758 2010
6042 4 2 1 1 1538 1686 1410 1799
6043 4 2 1 1 1627 1709 648 2080
6044 4 2 1 1 1401 1861 2156 2246
6045 4 2 1 1 698 52 1454 1808
6046 4 2 1 1 1640 1718 1318 1923
6047 4 2 1 1 1475 1567 1400 1898
6048 4 2 1 1 1612 1803 1453 2146
6049 4 2 1 1 1464 1361 1683 2206
6050 4 2 1 1 1546 1695 1414 2040
6051 4 2 1 1 1808 1954 619 1964
6052 4 2 1 1 302 722 1634 1846
6053 4 2 1 1 1320 1707 1610 1780
6054 4 2 1 1 1610 1707 1413 1780
6055 4 2 1 1 1387 1727 1675 2269
6056 4 2 1 1 897 1793 637 1800
6057 4 2 1 1 105 117 112 2084
6058 4 2 1 1 201 199 197 1524
6059 4 2 1 1 1467 1519 1360 2179
6060 4 2 1 1 1152 1483 1148 2101
6061 4 2 1 1 1546 1320 1683 2058
6062 4 2 1 1 180 179 190 1560
6063 4 2 1 1 164 714 90 1734
6064 4 2 1 1 1457 1522 1709 1746
6065 4 2 1 1 1422 1678 1913 2181
6066 4 2 1 1 1454 1808 1333 1954
6067 4 2 1 1 813 435 433 1890
6068 4 2 1 1 1622 1719 257 2024
6069 4 2 1 1 353 1663 1847 2229
6070 4 2 1 1 1399 1623 1622 2113
6071 4 2 1 1 779 1737 1599 2022
6072 4 2 1 1 1646 2253 1427 2259
6073 4 2 1 1 455 454 304 1772
6074 4 2 1 1 1454 1856 698 1954
6075 4 2 1 1 1560 1578 1420 2110
6076 4 2 1 1 1361 1746 1699 2065
6077 4 2 1 1 1362 1561 1720 2160
6078 4 2 1 1 1331 2047 1432 2152
6079 4 2 1 1 503 1053 1784 2097
6080 4 2 1 1 1204 1207 1506 2011
6081 4 2 1 1 1524 1638 1412 2173
6082 4 2 1 1 336 1513 1976 1987
6083 4 2 1 1 1421 1605 1555 2199
6084 4 2 1 1 1082 1083 1081 1736
6085 4 2 1 1 1450 1716 1619 2222
6086 4 2 1 1 1589 1751 1307 1975
6087 4 2 1 1 1356 1677 1670 1828
6088 4 2 1 1 386 1791 1733 2015
6089 4 2 1 1 540 962 541 1479
6090 4 2 1 1 48 1576 63 1874
6091 4 2 1 1 1525 1933 1877 2127
6092 4 2 1 1 1619 1716 1385 2222
6093 4 2 1 1 1672 2094 1835 2125
6094 4 2 1 1 539 1892 1572 2079
6095 4 2 1 1 1434 1823 1749 2250
6096 4 2 1 1 183 182 181 1685
6097 4 2 1 1 1616 1891 1532 2198
6098 4 2 1 1 1641 1404 1924 1930
6099 4 2 1 1 1481 1326 1764 2255
6100 4 2 1 1 758 1778 1510 2201
6101 4 2 1 1 1522 1548 1361 2261
6102 4 2 1 1 273 1603 187 1980
6103 4 2 1 1 666 548 1475 1898
6104 4 2 1 1 57 1804 1698 1936
6105 4 2 1 1 138 1931 1894 2092
6106 4 2 1 1 1148 1150 1633 2003
6107 4 2 1 1 1333 1725 1954 2136
6108 4 2 1 1 88 1675 1734 2049
6109 4 2 1 1 694 695 625 1843
6110 4 2 1 1 623 1663 965 1836
6111 4 2 1 1 1383 1516 1839 1942
6112 4 2 1 1 1335 1599 1500 1944
6113 4 2 1 1 1070 1691 1613 2010
6114 4 2 1 1 967 1595 1064 1855
6115 4 2 1 1 1344 1618 1727 1989
6116 4 2 1 1 1525 1684 1448 2251
6117 4 2 1 1 375 376 806 1823
6118 4 2 1 1 404 775 367 1496
6119 4 2 1 1 1529 1633 1337 1984
6120 4 2 1 1 343 828 339 2197
6121 4 2 1 1 1117 1828 1635 1956
6122 4 2 1 1 1326 1816 1829 2115
6123 4 2 1 1 264 1505 554 1935
6124 4 2 1 1 1394 1755 1698 2176
6125 4 2 1 1 1232 1203 1210 1624
6126 4 2 1 1 1428 1852 1488 1879
6127 4 2 1 1 1471 1557 1682 2232
6128 4 2 1 1 1518 1849 1661 1947
6129 4 2 1 1 1382 1444 1771 2006
6130 4 2 1 1 53 964 696 1861
6131 4 2 1 1 1783 1898 1702 1909
6132 4 2 1 1 1596 2109 1326 2117
6133 4 2 1 1 1541 1748 1655 1969
6134 4 2 1 1 939 1518 83 1849
6135 4 2 1 1 855 416 734 1509
6136 4 2 1 1 1240 1072 1281 1787
6137 4 2 1 1 1586 1999 1696 2074
6138 4 2 1 1 1319 1571 1536 1840
6139 4 2 1 1 798 591 1031 2065
6140 4 2 1 1 1050 713 1734 1953
6141 4 2 1 1 778 975 1714 1951
6142 4 2 1 1 813 1520 435 1890
6143 4 2 1 1 1414 1703 1546 2040
6144 4 2 1 1 1541 1748 1364 1847
6145 4 2 1 1 1389 1625 1496 1858
6146 4 2 1 1 1161 1137 1478 2050
6147 4 2 1 1 1188 1522 1216 2007
6148 4 2 1 1 965 389 640 1663
6149 4 2 1 1 1368 1754 1524 2173
6150 4 2 1 1 698 1454 75 1856
6151 4 2 1 1 270 275 1704 1925
6152 4 2 1 1 1389 1616 1625 1858
6153 4 2 1 1 1578 1871 1373 1889
6154 4 2 1 1 1330 1602 1849 2128
6155 4 2 1 1 1067 1486 2100 2181
6156 4 2 1 1 1422 1678 1482 1913
6157 4 2 1 1 1341 1699 1457 1915
6158 4 2 1 1 1385 1717 1553 2244
6159 4 2 1 1 1430 1718 1468 2104
6160 4 2 1 1 917 652 1508 1928
6161 4 2 1 1 757 471 549 1567
6162 4 2 1 1 1209 1723 1891 2067
6163 4 2 1 1 1372 1665 1447 1859
6164 4 2 1 1 929 1855 1485 1862
6165 4 2 1 1 657 2104 1430 2187
6166 4 2 1 1 160 124 1741 2224
6167 4 2 1 1 1729 520 1954 1964
6168 4 2 1 1 1305 1211 1212 1753
6169 4 2 1 1 1403 1559 1503 2257
6170 4 2 1 1 678 677 1006 1546
6171 4 2 1 1 92 116 1530 1953
6172 4 2 1 1 1635 1943 1773 2218
6173 4 2 1 1 458 808 484 1788
6174 4 2 1 1 853 557 912 1531
6175 4 2 1 1 1261 1262 1592 2119
6176 4 2 1 1 1101 1653 1809 2050
6177 4 2 1 1 1143 1478 2064 2090
6178 4 2 1 1 1357 1509 1582 2189
6179 4 2 1 1 525 908 929 1485
6180 4 2 1 1 1506 2116 1659 2236
6181 4 2 1 1 1412 1638 1524 1812
6182 4 2 1 1 1399 1761 1750 2099
6183 4 2 1 1 1384 1695 1546 2040
6184 4 2 1 1 1679 1877 1392 1962
6185 4 2 1 1 21 2135 1936 2248
6186 4 2 1 1 1617 1973 1487 2126
6187 4 2 1 1 761 1853 1507 1963
6188 4 2 1 1 86 532 531 1895
6189 4 2 1 1 1540 1785 1376 1994
6190 4 2 1 1 1426 1936 1681 2135
6191 4 2 1 1 63 1874 1576 1937
6192 4 2 1 1 1642 1394 1755 1870
6193 4 2 1 1 1103 1757 1501 1883
6194 4 2 1 1 1352 1678 1761 2100
6195 4 2 1 1 168 659 130 1622
6196 4 2 1 1 126 2002 1719 2009
6197 4 2 1 1 1558 1902 1479 2237
6198 4 2 1 1 405 391 390 1699
6199 4 2 1 1 1414 1695 1700 2040
6200 4 2 1 1 686 1634 1519 2076
6201 4 2 1 1 1736 2056 1887 2068
6202 4 2 1 1 1319 1557 1713 2242
6203 4 2 1 1 1749 1972 1516 2069
6204 4 2 1 1 1202 1613 32 1747
6205 4 2 1 1 1386 1636 1461 2142
6206 4 2 1 1 1141 1973 1465 2011
6207 4 2 1 1 1211 1577 1212 1753
6208 4 2 1 1 1337 1633 1529 2083
6209 4 2 1 1 591 1683 1031 2065
6210 4 2 1 1 1439 1473 1772 2105
6211 4 2 1 1 1477 1359 1790 1920
6212 4 2 1 1 1341 1598 2180 2215
6213 4 2 1 1 1335 1515 1500 2204
6214 4 2 1 1 1325 1470 1827 2097
6215 4 2 1 1 521 865 1584 1995
6216 4 2 1 1 1004 886 1898 1950
6217 4 2 1 1 1660 1477 2016 2251
6218 4 2 1 1 1576 1830 59 1937
6219 4 2 1 1 48 63 699 1874
6220 4 2 1 1 1632 1982 1621 2103
6221 4 2 1 1 1192 1523 1260 2055
6222 4 2 1 1 372 1749 373 2250
6223 4 2 1 1 968 1508 1818 2170
6224 4 2 1 1 1101 1809 1137 2050
6225 4 2 1 1 2159 2195 1511 2231
6226 4 2 1 1 1482 1678 1352 1913
6227 4 2 1 1 1486 1755 37 2100
6228 4 2 1 1 1493 1581 1381 2016
6229 4 2 1 1 896 841 348 1448
6230 4 2 1 1 1332 2109 1481 2255
6231 4 2 1 1 1176 1178 1264 1494
6232 4 2 1 1 1534 1742 1355 2031
6233 4 2 1 1 66 45 27 1695
6234 4 2 1 1 1403 1552 1533 2257
6235 4 2 1 1 1041 631 738 1849
6236 4 2 1 1 372 370 373 1749
6237 4 2 1 1 1614 1950 516 2092
6238 4 2 1 1 615 597 1579 1914
6239 4 2 1 1 1161 1478 1938 2050
6240 4 2 1 1 1380 1645 1604 1929
6241 4 2 1 1 1604 1645 1379 1929
6242 4 2 1 1 1072 1240 1239 1580
6243 4 2 1 1 1451 1616 1532 2198
6244 4 2 1 1 1339 1846 1756 1908
6245 4 2 1 1 1125 1858 1245 2153
6246 4 2 1 1 1536 1673 1319 1840
6247 4 2 1 1 401 915 384 2192
6248 4 2 1 1 16 1583 863 1875
6249 4 2 1 1 750 394 774 1535
6250 4 2 1 1 1618 1727 1652 2252
6251 4 2 1 1 1661 1849 83 1947
6252 4 2 1 1 501 693 1780 1959
6253 4 2 1 1 577 656 579 1671
6254 4 2 1 1 1692 1855 1460 2240
6255 4 2 1 1 1543 1637 1215 2005
6256 4 2 1 1 1350 1866 1609 2027
6257 4 2 1 1 1423 1726 1505 2129
6258 4 2 1 1 936 556 1893 1920
6259 4 2 1 1 1557 1713 1222 2111
6260 4 2 1 1 1940 2105 1564 2134
6261 4 2 1 1 1650 1981 1266 2033
6262 4 2 1 1 1361 1683 1490 1746
6263 4 2 1 1 1611 1899 679 1966
6264 4 2 1 1 758 1510 282 2201
6265 4 2 1 1 1103 1732 1501 2230
6266 4 2 1 1 252 1468 208 1907
6267 4 2 1 1 1338 1758 1495 1917
6268 4 2 1 1 1325 1709 1627 2080
6269 4 2 1 1 1102 1653 1101 1883
6270 4 2 1 1 1887 2056 1349 2068
6271 4 2 1 1 1254 1647 1142 2139
6272 4 2 1 1 153 145 156 1743
6273 4 2 1 1 1315 1487 1282 1798
6274 4 2 1 1 1323 1668 1617 1864
6275 4 2 1 1 1225 1619 1725 1815
6276 4 2 1 1 1213 1231 1218 1644
6277 4 2 1 1 1259 1257 1673 1985
6278 4 2 1 1 852 81 73 1995
6279 4 2 1 1 1568 1990 1739 2003
6280 4 2 1 1 1537 1362 2052 2190
6281 4 2 1 1 1644 2203 1231 2228
6282 4 2 1 1 1118 1635 1117 1670
6283 4 2 1 1 548 549 471 1898
6284 4 2 1 1 783 1764 1030 2117
6285 4 2 1 1 523 1565 524 1766
6286 4 2 1 1 1346 1641 1739 1990
6287 4 2 1 1 469 1594 307 1795
6288 4 2 1 1 1309 1619 1225 1815
6289 4 2 1 1 1412 1817 1626 1873
6290 4 2 1 1 1403 1533 1742 2256
6291 4 2 1 1 588 657 1047 1718
6292 4 2 1 1 1475 1649 1430 2267
6293 4 2 1 1 156 746 161 1743
6294 4 2 1 1 343 1488 1837 2241
6295 4 2 1 1 404 1625 990 2157
6296 4 2 1 1 1477 1660 1331 2251
6297 4 2 1 1 1448 1684 1525 1877
6298 4 2 1 1 1319 1471 2155 2232
6299 4 2 1 1 416 1851 417 2098
6300 4 2 1 1 1531 1682 529 2054
6301 4 2 1 1 1518 83 1849 1947
6302 4 2 1 1 167 2075 1048 2108
6303 4 2 1 1 432 1471 1890 2137
6304 4 2 1 1 84 1459 1937 1960
6305 4 2 1 1 1580 1993 1360 2271
6306 4 2 1 1 1129 1660 1554 2089
6307 4 2 1 1 1359 2016 1477 2251
6308 4 2 1 1 438 1632 440 2103
6309 4 2 1 1 1268 1497 1189 2230
6310 4 2 1 1 2010 2116 1467 2175
6311 4 2 1 1 512 419 901 1493
6312 4 2 1 1 901 512 1493 1920
6313 4 2 1 1 1377 1646 1965 2051
6314 4 2 1 1 1103 1732 1105 2174
6315 4 2 1 1 1366 1744 1968 2214
6316 4 2 1 1 1395 1559 1736 2056
6317 4 2 1 1 1387 1609 1530 2049
6318 4 2 1 1 158 903 502 1859
6319 4 2 1 1 1564 1975 2134 2253
6320 4 2 1 1 12 49 11 1861
6321 4 2 1 1 1726 1845 1378 2140
6322 4 2 1 1 783 1014 1816 2117
6323 4 2 1 1 935 1830 65 1889
6324 4 2 1 1 1369 1612 1588 2019
6325 4 2 1 1 1670 1970 1356 2004
6326 4 2 1 1 1485 1573 1355 2060
6327 4 2 1 1 1247 1676 1585 2206
6328 4 2 1 1 1484 1807 732 1924
6329 4 2 1 1 895 1544 782 2044
6330 4 2 1 1 489 1549 998 1914
6331 4 2 1 1 1299 1184 1183 1957
6332 4 2 1 1 1272 1140 1664 1742
6333 4 2 1 1 208 981 205 1799
6334 4 2 1 1 1387 1694 1609 2049
6335 4 2 1 1 368 889 829 1516
6336 4 2 1 1 92 1734 1530 2049
6337 4 2 1 1 1377 1751 1656 2270
6338 4 2 1 1 319 1535 750 1834
6339 4 2 1 1 889 1839 1516 1942
6340 4 2 1 1 1093 1563 1586 1983
6341 4 2 1 1 1499 1322 1872 2191
6342 4 2 1 1 511 608 1690 2025
6343 4 2 1 1 1349 1533 1552 2257
6344 4 2 1 1 694 1610 691 2102
6345 4 2 1 1 1500 1599 1335 2022
6346 4 2 1 1 1200 1794 1723 2067
6347 4 2 1 1 1322 1818 1864 2070
6348 4 2 1 1 969 936 556 1893
6349 4 2 1 1 979 285 296 1801
6350 4 2 1 1 1200 1643 1723 1794
6351 4 2 1 1 1130 1192 1298 1838
6352 4 2 1 1 1539 2052 1362 2190
6353 4 2 1 1 1207 1506 2011 2236
6354 4 2 1 1 1445 1348 1685 1897
6355 4 2 1 1 828 1884 339 2197
6356 4 2 1 1 42 186 76 2248
6357 4 2 1 1 201 1061 1012 2025
6358 4 2 1 1 1295 1619 1309 1854
6359 4 2 1 1 1460 1855 2060 2240
6360 4 2 1 1 1148 1633 1149 1984
6361 4 2 1 1 693 1610 499 1780
6362 4 2 1 1 1690 1778 1510 2121
6363 4 2 1 1 1175 1289 1177 1724
6364 4 2 1 1 762 385 858 2147
6365 4 2 1 1 662 1484 732 1924
6366 4 2 1 1 1010 1663 623 2077
6367 4 2 1 1 88 1734 89 2049
6368 4 2 1 1 813 888 441 1520
6369 4 2 1 1 43 872 1777 1965
6370 4 2 1 1 1462 1655 1541 2026
6371 4 2 1 1 888 1520 813 1978
6372 4 2 1 1 1581 1658 1381 2264
6373 4 2 1 1 1351 1630 1549 1953
6374 4 2 1 1 1259 1113 1257 1985
6375 4 2 1 1 1332 1688 2109 2255
6376 4 2 1 1 612 1710 508 2106
6377 4 2 1 1 898 1818 1668 2170
6378 4 2 1 1 343 341 845 2197
6379 4 2 1 1 421 406 405 1915
6380 4 2 1 1 915 1441 2026 2192
6381 4 2 1 1 319 321 1786 1834
6382 4 2 1 1 1476 1614 1343 2092
6383 4 2 1 1 1493 1773 1581 2016
6384 4 2 1 1 1479 1759 1367 1979
6385 4 2 1 1 877 687 685 1519
6386 4 2 1 1 394 1535 315 1934
6387 4 2 1 1 157 1552 799 2009
6388 4 2 1 1 1369 1721 1542 1882
6389 4 2 1 1 1954 2136 1725 2222
6390 4 2 1 1 889 368 364 1516
6391 4 2 1 1 1478 1409 1809 2262
6392 4 2 1 1 1482 1913 474 2075
6393 4 2 1 1 540 541 1733 1979
6394 4 2 1 1 574 1875 1444 2076
6395 4 2 1 1 4 1817 1765 2088
6396 4 2 1 1 1627 2200 1698 2248
6397 4 2 1 1 1517 1303 1870 2007
6398 4 2 1 1 551 1766 524 1905
6399 4 2 1 1 780 557 426 1759
6400 4 2 1 1 157 1741 1552 2009
6401 4 2 1 1 1401 2156 1526 2246
6402 4 2 1 1 1386 1810 1796 2205
6403 4 2 1 1 1401 2179 1519 2246
6404 4 2 1 1 88 1675 90 1734
6405 4 2 1 1 1546 1703 1384 2040
6406 4 2 1 1 868 1551 789 1748
6407 4 2 1 1 986 1686 634 1760
6408 4 2 1 1 1160 1139 1175 2041
6409 4 2 1 1 360 655 1819 1949
6410 4 2 1 1 1439 1569 1528 2184
6411 4 2 1 1 1332 1704 1592 2255
6412 4 2 1 1 1319 1536 1571 1970
6413 4 2 1 1 1631 1727 1273 1989
6414 4 2 1 1 1189 1480 1291 2230
6415 4 2 1 1 428 1682 429 2137
6416 4 2 1 1 1439 1928 1569 2184
6417 4 2 1 1 1378 1754 1524 2245
6418 4 2 1 1 366 324 356 1847
6419 4 2 1 1 1909 1984 1483 2101
6420 4 2 1 1 1590 1903 402 2066
6421 4 2 1 1 1113 1257 1558 1902
6422 4 2 1 1 717 1609 93 2172
6423 4 2 1 1 664 1584 604 2123
6424 4 2 1 1 1394 1611 1642 2176
6425 4 2 1 1 1370 2109 1596 2193
6426 4 2 1 1 1450 2136 1398 2224
6427 4 2 1 1 68 701 1700 1947
6428 4 2 1 1 1293 1635 1119 1773
6429 4 2 1 1 1562 2119 1754 2245
6430 4 2 1 1 295 1917 1918 2195
6431 4 2 1 1 1292 1159 2116 2236
6432 4 2 1 1 37 1486 1271 1901
6433 4 2 1 1 1394 1642 1755 2176
6434 4 2 1 1 922 882 1867 2165
6435 4 2 1 1 785 515 1839 1991
6436 4 2 1 1 1114 1628 1536 2004
6437 4 2 1 1 1168 1557 1302 2036
6438 4 2 1 1 783 1030 1014 2117
6439 4 2 1 1 258 247 1572 1907
6440 4 2 1 1 725 1630 96 2172
6441 4 2 1 1 1592 1704 1332 1886
6442 4 2 1 1 1372 1859 1447 2151
6443 4 2 1 1 829 374 1749 1822
6444 4 2 1 1 637 1800 1793 1939
6445 4 2 1 1 16 863 1028 1875
6446 4 2 1 1 982 603 1025 1687
6447 4 2 1 1 69 66 1695 1947
6448 4 2 1 1 424 415 414 1561
6449 4 2 1 1 1572 1829 259 2079
6450 4 2 1 1 264 2038 1505 2129
6451 4 2 1 1 1261 1287 1262 2119
6452 4 2 1 1 124 1919 1741 2224
6453 4 2 1 1 524 1766 1565 1905
6454 4 2 1 1 19 18 1550 1955
6455 4 2 1 1 1416 1704 1592 2214
6456 4 2 1 1 1592 1704 1423 2214
6457 4 2 1 1 1401 1691 1526 2233
6458 4 2 1 1 709 711 710 1818
6459 4 2 1 1 771 244 239 1466
6460 4 2 1 1 547 1466 771 1813
6461 4 2 1 1 505 1482 474 2075
6462 4 2 1 1 652 1499 596 2191
6463 4 2 1 1 1146 1649 1696 2101
6464 4 2 1 1 610 608 1626 1873
6465 4 2 1 1 984 835 422 1590
6466 4 2 1 1 1410 1799 1686 1904
6467 4 2 1 1 551 524 887 1905
6468 4 2 1 1 1114 1536 1628 1985
6469 4 2 1 1 1494 1325 2007 2212
6470 4 2 1 1 1417 2189 1774 2209
6471 4 2 1 1 1383 1828 1648 1956
6472 4 2 1 1 994 581 1855 1862
6473 4 2 1 1 1150 1149 1633 1948
6474 4 2 1 1 28 1701 29 1996
6475 4 2 1 1 177 175 1575 2022
6476 4 2 1 1 260 397 308 1720
6477 4 2 1 1 1125 1858 1574 2067
6478 4 2 1 1 1267 1529 1171 2000
6479 4 2 1 1 1367 1558 1479 2237
6480 4 2 1 1 403 456 1848 2066
6481 4 2 1 1 1280 1187 1545 1891
6482 4 2 1 1 1479 1710 1362 1961
6483 4 2 1 1 1518 1997 1380 2131
6484 4 2 1 1 946 722 686 1634
6485 4 2 1 1 1562 1592 1423 2214
6486 4 2 1 1 1544 1829 782 2044
6487 4 2 1 1 960 1800 637 1939
6488 4 2 1 1 865 604 1584 2123
6489 4 2 1 1 192 991 1878 2021
6490 4 2 1 1 640 1663 389 1771
6491 4 2 1 1 666 1702 1475 2187
6492 4 2 1 1 1556 1581 1381 2264
6493 4 2 1 1 837 472 226 2034
6494 4 2 1 1 724 224 1547 1867
6495 4 2 1 1 1523 1669 1351 2055
6496 4 2 1 1 1196 2039 1607 2055
6497 4 2 1 1 1116 1670 1117 2004
6498 4 2 1 1 1103 1501 1757 2230
6499 4 2 1 1 1550 1681 1333 1964
6500 4 2 1 1 137 138 1608 1931
6501 4 2 1 1 1410 1799 1600 2177
6502 4 2 1 1 1414 1703 1712 1880
6503 4 2 1 1 1324 1664 1573 2060
6504 4 2 1 1 1635 1670 1118 1943
6505 4 2 1 1 1155 1636 1157 2045
6506 4 2 1 1 1377 1965 1777 2051
6507 4 2 1 1 1332 1688 1532 2109
6508 4 2 1 1 1572 2079 1892 2190
6509 4 2 1 1 228 224 227 1547
6510 4 2 1 1 79 1804 80 1811
6511 4 2 1 1 1848 1926 1381 2192
6512 4 2 1 1 451 477 408 1991
6513 4 2 1 1 228 1702 229 2032
6514 4 2 1 1 1468 1907 1718 2182
6515 4 2 1 1 1495 2195 2159 2231
6516 4 2 1 1 1446 1410 1686 1904
6517 4 2 1 1 1385 1856 1629 2222
6518 4 2 1 1 1272 1742 1664 2256
6519 4 2 1 1 311 776 378 1569
6520 4 2 1 1 596 652 595 1499
6521 4 2 1 1 427 1682 428 2054
6522 4 2 1 1 1468 1799 208 1907
6523 4 2 1 1 1427 1626 1782 2247
6524 4 2 1 1 151 169 1500 2167
6525 4 2 1 1 1370 1481 2109 2193
6526 4 2 1 1 1050 713 714 1734
6527 4 2 1 1 915 2026 384 2192
6528 4 2 1 1 1596 2109 1481 2193
6529 4 2 1 1 1587 2093 1163 2188
6530 4 2 1 1 1319 1673 1536 2111
6531 4 2 1 1 1471 1687 1319 2155
6532 4 2 1 1 264 830 1505 2038
6533 4 2 1 1 1334 1607 1549 2204
6534 4 2 1 1 1386 1632 1621 2103
6535 4 2 1 1 528 666 548 1475
6536 4 2 1 1 1271 1901 1486 2028
6537 4 2 1 1 104 106 105 1882
6538 4 2 1 1 539 1572 258 2079
6539 4 2 1 1 917 1508 959 1928
6540 4 2 1 1 1324 1855 1692 2240
6541 4 2 1 1 1398 1815 2136 2240
6542 4 2 1 1 1564 1940 1473 2105
6543 4 2 1 1 1322 1499 1603 2270
6544 4 2 1 1 1366 1883 1653 1946
6545 4 2 1 1 1096 1101 1252 1639
6546 4 2 1 1 1453 1612 1369 1882
6547 4 2 1 1 109 108 1882 1885
6548 4 2 1 1 1144 1262 1287 2119
6549 4 2 1 1 882 1867 1813 2034
6550 4 2 1 1 1427 1817 1626 2247
6551 4 2 1 1 1374 1842 1440 1857
6552 4 2 1 1 1504 2145 1360 2271
6553 4 2 1 1 737 1623 168 1906
6554 4 2 1 1 1327 1732 1544 2115
6555 4 2 1 1 328 1715 329 1942
6556 4 2 1 1 1611 1966 920 2013
6557 4 2 1 1 10 53 11 1994
6558 4 2 1 1 1321 1679 1469 1820
6559 4 2 1 1 146 142 109 1721
6560 4 2 1 1 1416 1592 1704 2255
6561 4 2 1 1 1083 1555 1181 1974
6562 4 2 1 1 1510 1650 1371 1981
6563 4 2 1 1 475 1792 1600 1897
6564 4 2 1 1 1526 1691 1401 2246
6565 4 2 1 1 994 823 581 1862
6566 4 2 1 1 218 1579 714 2081
6567 4 2 1 1 1541 1900 1374 2026
6568 4 2 1 1 1417 1574 2189 2209
6569 4 2 1 1 227 1547 224 1783
6570 4 2 1 1 1350 1573 1485 2027
6571 4 2 1 1 437 441 1054 1982
6572 4 2 1 1 1179 1745 1676 2180
6573 4 2 1 1 1478 1137 1809 2050
6574 4 2 1 1 1513 1773 1359 2218
6575 4 2 1 1 771 547 244 1466
6576 4 2 1 1 1427 1782 1626 1873
6577 4 2 1 1 297 306 1826 2169
6578 4 2 1 1 1343 1608 1476 2092
6579 4 2 1 1 264 265 2038 2129
6580 4 2 1 1 167 513 697 2075
6581 4 2 1 1 1308 1624 1234 2030
6582 4 2 1 1 1067 1486 37 2100
6583 4 2 1 1 1596 1654 1326 2109
6584 4 2 1 1 308 1720 1561 2249
6585 4 2 1 1 1356 1677 1828 1839
6586 4 2 1 1 1137 1143 1161 1478
6587 4 2 1 1 1629 1856 1454 2222
6588 4 2 1 1 777 351 349 1977
6589 4 2 1 1 1390 1593 1520 2242
6590 4 2 1 1 1154 1502 1168 2036
6591 4 2 1 1 1672 1902 1113 1985
6592 4 2 1 1 1478 1647 1143 2064
6593 4 2 1 1 1572 2115 1480 2182
6594 4 2 1 1 1089 1534 1838 2031
6595 4 2 1 1 1366 1946 1653 2211
6596 4 2 1 1 1263 1304 1933 2127
6597 4 2 1 1 1456 1628 1536 1985
6598 4 2 1 1 776 378 1569 1928
6599 4 2 1 1 792 892 790 1432
6600 4 2 1 1 491 1658 642 1926
6601 4 2 1 1 511 607 608 2025
6602 4 2 1 1 1357 1582 1509 2225
6603 4 2 1 1 1043 728 588 1640
6604 4 2 1 1 264 265 830 2038
6605 4 2 1 1 1117 1635 1118 1943
6606 4 2 1 1 1307 1589 1236 1751
6607 4 2 1 1 21 20 2135 2248
6608 4 2 1 1 1333 1954 1808 1964
6609 4 2 1 1 315 1535 1786 2035
6610 4 2 1 1 850 590 890 1527
6611 4 2 1 1 539 749 258 1572
6612 4 2 1 1 595 279 1499 1965
6613 4 2 1 1 1499 1508 1347 2270
6614 4 2 1 1 1350 1530 1669 2158
6615 4 2 1 1 1320 1703 1546 2150
6616 4 2 1 1 625 1662 1843 1850
6617 4 2 1 1 341 1837 845 2197
6618 4 2 1 1 1623 1330 1814 1849
6619 4 2 1 1 954 828 1879 1884
6620 4 2 1 1 837 226 1474 2034
6621 4 2 1 1 1424 1819 1464 1949
6622 4 2 1 1 1388 1601 1558 2036
6623 4 2 1 1 1354 1752 1464 1819
6624 4 2 1 1 1521 1745 1184 1933
6625 4 2 1 1 1660 2016 1881 2251
6626 4 2 1 1 1272 1664 1533 2256
6627 4 2 1 1 521 865 604 1584
6628 4 2 1 1 1044 1895 1694 2123
6629 4 2 1 1 151 169 170 1500
6630 4 2 1 1 527 1859 1614 1894
6631 4 2 1 1 1163 2093 1796 2188
6632 4 2 1 1 672 1756 877 1846
6633 4 2 1 1 1368 1524 1754 2245
6634 4 2 1 1 735 321 1834 2144
6635 4 2 1 1 1859 1894 1447 2151
6636 4 2 1 1 1440 1541 1842 1847
6637 4 2 1 1 1254 1142 1164 2139
6638 4 2 1 1 1442 1382 1836 2212
6639 4 2 1 1 1818 1864 1668 2170
6640 4 2 1 1 1663 1847 1364 2077
6641 4 2 1 1 1068 1303 1517 2221
6642 4 2 1 1 1455 1346 1766 2162
6643 4 2 1 1 1364 1551 1748 1969
6644 4 2 1 1 301 303 309 1776
6645 4 2 1 1 332 330 416 1945
6646 4 2 1 1 1741 2075 167 2108
6647 4 2 1 1 400 1841 1655 2152
6648 4 2 1 1 681 920 1966 2013
6649 4 2 1 1 1031 655 371 1949
6650 4 2 1 1 1738 1857 907 1900
6651 4 2 1 1 252 981 208 1468
6652 4 2 1 1 447 1687 545 1978
6653 4 2 1 1 1513 1945 1458 1987
6654 4 2 1 1 1391 1528 1569 2138
6655 4 2 1 1 276 289 288 1511
6656 4 2 1 1 1373 1871 1626 1889
6657 4 2 1 1 1452 1864 1487 2126
6658 4 2 1 1 122 799 157 1552
6659 4 2 1 1 1626 1817 1427 1873
6660 4 2 1 1 287 1767 285 2121
6661 4 2 1 1 821 436 438 1621
6662 4 2 1 1 101 102 1693 2208
6663 4 2 1 1 1213 1218 1543 1644
6664 4 2 1 1 1145 1189 1268 1497
6665 4 2 1 1 744 336 333 1513
6666 4 2 1 1 1332 1566 1545 1886
6667 4 2 1 1 1015 1738 907 1900
6668 4 2 1 1 1368 1566 1510 2201
6669 4 2 1 1 1578 1830 935 1889
6670 4 2 1 1 1141 1487 1235 1973
6671 4 2 1 1 1378 1562 1505 2262
6672 4 2 1 1 1344 1989 1727 2223
6673 4 2 1 1 462 487 555 1790
6674 4 2 1 1 766 979 945 1801
6675 4 2 1 1 773 1934 1023 2170
6676 4 2 1 1 1155 1158 1157 1636
6677 4 2 1 1 1450 1619 1815 2136
6678 4 2 1 1 1514 1951 1469 1977
6679 4 2 1 1 645 915 535 1900
6680 4 2 1 1 1101 1653 1131 1809
6681 4 2 1 1 365 980 1820 2260
6682 4 2 1 1 1398 1533 1815 2240
6683 4 2 1 1 1451 2157 1353 2198
6684 4 2 1 1 1361 1464 1676 2206
6685 4 2 1 1 1508 1864 1818 2170
6686 4 2 1 1 562 1518 1849 2128
6687 4 2 1 1 652 2023 1499 2191
6688 4 2 1 1 825 1921 826 2249
6689 4 2 1 1 1245 1246 1616 2067
6690 4 2 1 1 778 975 538 1714
6691 4 2 1 1 1278 1255 1135 1539
6692 4 2 1 1 190 1560 179 1871
6693 4 2 1 1 999 1879 343 2241
6694 4 2 1 1 1067 1271 37 1486
6695 4 2 1 1 1456 1749 1434 1823
6696 4 2 1 1 461 1935 850 2140
6697 4 2 1 1 1423 1704 1592 1886
6698 4 2 1 1 1398 2136 1729 2224
6699 4 2 1 1 1280 1891 1311 1911
6700 4 2 1 1 578 807 1825 2096
6701 4 2 1 1 538 498 465 1752
6702 4 2 1 1 744 1513 333 1945
6703 4 2 1 1 760 385 1507 2147
6704 4 2 1 1 1516 1822 1749 2069
6705 4 2 1 1 553 535 1489 1900
6706 4 2 1 1 1308 1232 1234 1624
6707 4 2 1 1 442 1471 432 2155
6708 4 2 1 1 633 492 635 1677
6709 4 2 1 1 1332 1545 1566 2107
6710 4 2 1 1 1161 1607 1196 1938
6711 4 2 1 1 825 826 827 2249
6712 4 2 1 1 350 354 349 1469
6713 4 2 1 1 1200 1723 1209 2067
6714 4 2 1 1 1876 1967 1629 2179
6715 4 2 1 1 1037 231 732 1484
6716 4 2 1 1 1489 1594 1340 2066
6717 4 2 1 1 1299 1676 1179 1745
6718 4 2 1 1 177 1737 176 2022
6719 4 2 1 1 842 881 132 1605
6720 4 2 1 1 1357 1582 1956 2189
6721 4 2 1 1 1537 1710 1036 1961
6722 4 2 1 1 873 1714 439 2227
6723 4 2 1 1 701 1518 563 1997
6724 4 2 1 1 1070 1758 1204 2010
6725 4 2 1 1 489 597 490 1914
6726 4 2 1 1 1558 1601 1362 2000
6727 4 2 1 1 1104 1102 1103 1501
6728 4 2 1 1 676 1874 1597 1994
6729 4 2 1 1 1490 1966 1611 2013
6730 4 2 1 1 717 1866 1609 2172
6731 4 2 1 1 1512 1663 1382 2239
6732 4 2 1 1 368 367 364 1972
6733 4 2 1 1 1410 1689 1757 2177
6734 4 2 1 1 297 768 1767 1826
6735 4 2 1 1 1396 1672 1654 2094
6736 4 2 1 1 501 693 499 1780
6737 4 2 1 1 1399 2113 1622 2171
6738 4 2 1 1 679 1611 24 1899
6739 4 2 1 1 1553 1995 1584 2123
6740 4 2 1 1 1379 1645 1604 2085
6741 4 2 1 1 99 493 113 1630
6742 4 2 1 1 1405 1884 1488 2197
6743 4 2 1 1 964 1597 926 1895
6744 4 2 1 1 1246 1616 1532 2125
6745 4 2 1 1 249 895 782 2044
6746 4 2 1 1 1278 1902 1539 2000
6747 4 2 1 1 492 543 477 1991
6748 4 2 1 1 1460 1403 1731 2213
6749 4 2 1 1 1614 1950 1567 2043
6750 4 2 1 1 1371 1690 1940 2173
6751 4 2 1 1 1371 1801 1510 1981
6752 4 2 1 1 1497 1757 1468 2182
6753 4 2 1 1 1322 1656 1603 2234
6754 4 2 1 1 1371 1690 1510 2121
6755 4 2 1 1 220 219 188 1737
6756 4 2 1 1 1510 1650 1368 2173
6757 4 2 1 1 1595 1716 1324 1855
6758 4 2 1 1 1228 1620 1753 2005
6759 4 2 1 1 1411 2040 1728 2203
6760 4 2 1 1 455 1772 1473 2059
6761 4 2 1 1 1379 1651 1604 1929
6762 4 2 1 1 1532 1688 1332 1911
6763 4 2 1 1 874 574 1005 1444
6764 4 2 1 1 1268 1757 1497 2230
6765 4 2 1 1 636 1793 1549 1939
6766 4 2 1 1 1164 1638 1754 2063
6767 4 2 1 1 829 374 370 1749
6768 4 2 1 1 784 1800 960 1939
6769 4 2 1 1 250 246 1463 2062
6770 4 2 1 1 1347 1508 1499 2023
6771 4 2 1 1 1378 1527 1647 2262
6772 4 2 1 1 1621 1632 1386 2188
6773 4 2 1 1 315 750 319 1535
6774 4 2 1 1 682 1490 681 1966
6775 4 2 1 1 1393 1878 1468 2021
6776 4 2 1 1 1151 1601 1258 1948
6777 4 2 1 1 246 1720 251 1924
6778 4 2 1 1 1526 1597 1443 2156
6779 4 2 1 1 1548 1740 1490 2058
6780 4 2 1 1 295 298 1917 2195
6781 4 2 1 1 1602 729 1932 2210
6782 4 2 1 1 1488 1852 1390 1879
6783 4 2 1 1 420 1915 405 2215
6784 4 2 1 1 1536 1571 1456 1840
6785 4 2 1 1 1280 1545 1311 1891
6786 4 2 1 1 928 1839 889 1942
6787 4 2 1 1 387 316 388 2066
6788 4 2 1 1 1079 1227 1615 1887
6789 4 2 1 1 1585 1952 1247 2206
6790 4 2 1 1 142 109 1721 1885
6791 4 2 1 1 598 1625 2096 2157
6792 4 2 1 1 1471 1890 1520 1978
6793 4 2 1 1 1724 1824 1176 2041
6794 4 2 1 1 1478 1809 1647 2262
6795 4 2 1 1 1464 1361 1949 2065
6796 4 2 1 1 1377 1498 2114 2259
6797 4 2 1 1 1502 2045 1157 2142
6798 4 2 1 1 1600 1799 1410 1904
6799 4 2 1 1 1364 1842 1541 1847
6800 4 2 1 1 887 446 883 1988
6801 4 2 1 1 653 917 652 1508
6802 4 2 1 1 907 1738 517 1857
6803 4 2 1 1 1385 1584 2037 2244
6804 4 2 1 1 1402 1810 1707 1880
6805 4 2 1 1 936 1893 969 1920
6806 4 2 1 1 1345 1697 1580 2008
6807 4 2 1 1 277 2018 1671 2207
6808 4 2 1 1 1699 2180 1424 2215
6809 4 2 1 1 1481 1326 2109 2117
6810 4 2 1 1 1448 1893 1790 2251
6811 4 2 1 1 1569 2170 1934 2184
6812 4 2 1 1 1675 1734 1420 2110
6813 4 2 1 1 343 1879 1488 2241
6814 4 2 1 1 1348 1586 1685 1944
6815 4 2 1 1 1359 1790 1893 2251
6816 4 2 1 1 1520 1978 1390 2242
6817 4 2 1 1 1590 1888 1491 2264
6818 4 2 1 1 1640 1807 237 2053
6819 4 2 1 1 1420 1734 1675 2269
6820 4 2 1 1 1495 1917 467 2195
6821 4 2 1 1 63 48 59 1576
6822 4 2 1 1 1034 672 877 1846
6823 4 2 1 1 344 1837 1962 1977
6824 4 2 1 1 895 2014 1544 2044
6825 4 2 1 1 1580 1360 2145 2271
6826 4 2 1 1 777 349 354 1951
6827 4 2 1 1 432 1471 2137 2155
6828 4 2 1 1 1337 1702 1547 2032
6829 4 2 1 1 1495 467 1917 2178
6830 4 2 1 1 1034 971 672 1846
6831 4 2 1 1 1635 1828 1458 1956
6832 4 2 1 1 1459 1874 1597 1895
6833 4 2 1 1 1373 1871 1449 2164
6834 4 2 1 1 1736 1349 2056 2068
6835 4 2 1 1 1261 1688 1911 2174
6836 4 2 1 1 784 170 169 1500
6837 4 2 1 1 1294 1231 2203 2228
6838 4 2 1 1 1473 1564 1371 1940
6839 4 2 1 1 330 331 329 1715
6840 4 2 1 1 1102 1501 1104 1946
6841 4 2 1 1 1251 1705 1563 2019
6842 4 2 1 1 218 663 1579 2081
6843 4 2 1 1 562 1518 939 1849
6844 4 2 1 1 1512 1382 1787 2239
6845 4 2 1 1 1372 1705 1563 2074
6846 4 2 1 1 380 1541 379 2026
6847 4 2 1 1 327 329 328 1715
6848 4 2 1 1 1228 1620 1674 1753
6849 4 2 1 1 1546 1695 1384 2258
6850 4 2 1 1 1575 2022 175 2263
6851 4 2 1 1 788 1847 357 2077
6852 4 2 1 1 1569 1928 1439 2169
6853 4 2 1 1 822 250 1040 1892
6854 4 2 1 1 865 852 74 1553
6855 4 2 1 1 1513 1920 1893 2218
6856 4 2 1 1 1304 1521 1184 1933
6857 4 2 1 1 245 1763 244 1971
6858 4 2 1 1 1765 2114 1498 2259
6859 4 2 1 1 380 413 1541 2026
6860 4 2 1 1 1353 1496 1625 1858
6861 4 2 1 1 768 767 945 1826
6862 4 2 1 1 247 782 1829 2044
6863 4 2 1 1 1337 1640 1807 2083
6864 4 2 1 1 1217 1740 1548 2163
6865 4 2 1 1 1614 1859 527 2043
6866 4 2 1 1 507 259 1829 2079
6867 4 2 1 1 1377 1499 1751 2270
6868 4 2 1 1 1272 1664 1296 1815
6869 4 2 1 1 1406 1685 1586 1944
6870 4 2 1 1 1202 1242 1656 1747
6871 4 2 1 1 117 1731 112 2084
6872 4 2 1 1 1239 1072 1580 2271
6873 4 2 1 1 382 1699 391 2065
6874 4 2 1 1 1391 1826 1786 2035
6875 4 2 1 1 17 940 18 1955
6876 4 2 1 1 1651 1929 1379 2057
6877 4 2 1 1 1158 1249 1796 1810
6878 4 2 1 1 789 868 794 1551
6879 4 2 1 1 295 291 298 2195
6880 4 2 1 1 1082 1762 1750 2166
6881 4 2 1 1 1629 1876 72 1967
6882 4 2 1 1 63 84 706 1874
6883 4 2 1 1 1632 2086 1662 2205
6884 4 2 1 1 41 1712 1703 1880
6885 4 2 1 1 686 1519 46 2076
6886 4 2 1 1 1205 1204 1207 1506
6887 4 2 1 1 1145 1497 1268 1910
6888 4 2 1 1 642 457 1018 1848
6889 4 2 1 1 543 1025 477 1571
6890 4 2 1 1 1013 158 1665 1859
6891 4 2 1 1 1356 1516 1648 2069
6892 4 2 1 1 981 1468 252 2104
6893 4 2 1 1 918 167 1048 2108
6894 4 2 1 1 95 717 93 2172
6895 4 2 1 1 641 896 348 1448
6896 4 2 1 1 852 1553 865 1995
6897 4 2 1 1 520 619 1954 1964
6898 4 2 1 1 682 681 1490 2013
6899 4 2 1 1 1358 1624 1535 1868
6900 4 2 1 1 815 1859 1665 1869
6901 4 2 1 1 1763 1775 1418 2130
6902 4 2 1 1 679 920 1611 1966
6903 4 2 1 1 243 1049 460 2130
6904 4 2 1 1 674 1861 675 2226
6905 4 2 1 1 1345 1580 1697 2145
6906 4 2 1 1 24 50 77 1899
6907 4 2 1 1 1706 2007 1325 2212
6908 4 2 1 1 1387 1675 1734 2269
6909 4 2 1 1 486 884 746 1645
6910 4 2 1 1 1643 1723 1438 1981
6911 4 2 1 1 1895 2123 1597 2156
6912 4 2 1 1 1328 1474 1637 2072
6913 4 2 1 1 780 1021 557 1979
6914 4 2 1 1 242 1763 240 1775
6915 4 2 1 1 46 1028 626 1875
6916 4 2 1 1 1379 1896 1568 2072
6917 4 2 1 1 1545 1566 1368 1886
6918 4 2 1 1 1440 1842 1364 1847
6919 4 2 1 1 1646 1347 2023 2105
6920 4 2 1 1 736 831 908 1769
6921 4 2 1 1 1069 1548 1703 2163
6922 4 2 1 1 1694 1730 1387 2158
6923 4 2 1 1 652 595 1499 2023
6924 4 2 1 1 1594 1903 1340 2066
6925 4 2 1 1 1553 1717 1401 2156
6926 4 2 1 1 558 1602 729 1932
6927 4 2 1 1 1328 1633 1484 1990
6928 4 2 1 1 173 779 1599 2022
6929 4 2 1 1 201 1012 1524 2025
6930 4 2 1 1 1378 1524 1726 2245
6931 4 2 1 1 1385 2037 1584 2265
6932 4 2 1 1 1554 1340 1973 2219
6933 4 2 1 1 1636 1896 1346 2045
6934 4 2 1 1 998 1549 488 1939
6935 4 2 1 1 1395 1503 1605 2199
6936 4 2 1 1 1037 231 1484 2165
6937 4 2 1 1 259 1572 247 1829
6938 4 2 1 1 663 172 180 2081
6939 4 2 1 1 664 604 1044 2123
6940 4 2 1 1 170 151 1500 1941
6941 4 2 1 1 269 267 268 1744
6942 4 2 1 1 183 1685 181 1897
6943 4 2 1 1 1604 1645 1380 2268
6944 4 2 1 1 1476 1833 1431 2091
6945 4 2 1 1 1370 1825 1666 2096
6946 4 2 1 1 485 1470 904 1827
6947 4 2 1 1 1893 1976 1513 2218
6948 4 2 1 1 1244 1755 1517 1870
6949 4 2 1 1 786 515 889 1839
6950 4 2 1 1 1386 1461 1850 1988
6951 4 2 1 1 1477 1381 1660 2016
6952 4 2 1 1 1477 1841 1790 2251
6953 4 2 1 1 1482 1399 1761 2068
6954 4 2 1 1 1799 2021 1600 2177
6955 4 2 1 1 1316 1548 1247 1952
6956 4 2 1 1 1164 1754 1165 2063
6957 4 2 1 1 296 768 945 1767
6958 4 2 1 1 898 968 1818 2170
6959 4 2 1 1 840 350 1679 2260
6960 4 2 1 1 1784 2097 1426 2248
6961 4 2 1 1 1622 1349 1806 2009
6962 4 2 1 1 1483 1400 1909 2101
6963 4 2 1 1 1346 1641 1466 1971
6964 4 2 1 1 570 571 569 2006
6965 4 2 1 1 1489 1848 1441 1900
6966 4 2 1 1 1232 1624 1582 1986
6967 4 2 1 1 785 1839 1677 1991
6968 4 2 1 1 517 907 906 1738
6969 4 2 1 1 379 366 356 1541
6970 4 2 1 1 1188 1217 1073 1522
6971 4 2 1 1 297 306 768 1826
6972 4 2 1 1 1708 1978 888 2241
6973 4 2 1 1 1345 1901 2221 2271
6974 4 2 1 1 1641 1813 1484 1990
6975 4 2 1 1 1508 1322 1818 1864
6976 4 2 1 1 891 227 1783 1898
6977 4 2 1 1 1940 2063 1817 2134
6978 4 2 1 1 1264 1824 1706 2071
6979 4 2 1 1 1592 1911 1688 2174
6980 4 2 1 1 1359 1893 1448 2251
6981 4 2 1 1 610 608 609 1626
6982 4 2 1 1 1187 1266 1167 1650
6983 4 2 1 1 177 1737 1575 2082
6984 4 2 1 1 259 258 247 1572
6985 4 2 1 1 1509 1715 734 2144
6986 4 2 1 1 702 698 52 1454
6987 4 2 1 1 1450 1729 2136 2224
6988 4 2 1 1 1358 1509 1582 2225
6989 4 2 1 1 487 1841 423 1992
6990 4 2 1 1 679 681 920 1966
6991 4 2 1 1 1261 1911 1592 2174
6992 4 2 1 1 973 648 894 2200
6993 4 2 1 1 233 237 1807 2053
6994 4 2 1 1 1327 1829 1544 2044
6995 4 2 1 1 1636 1796 1386 1810
6996 4 2 1 1 901 1493 504 1926
6997 4 2 1 1 889 1516 364 1942
6998 4 2 1 1 524 1565 430 1905
6999 4 2 1 1 1358 1581 1556 2264
7000 4 2 1 1 328 363 1774 1942
7001 4 2 1 1 475 948 1792 1897
7002 4 2 1 1 1476 1608 1365 2254
7003 4 2 1 1 1387 1530 1609 2158
7004 4 2 1 1 712 1495 467 2195
7005 4 2 1 1 382 362 1699 1949
7006 4 2 1 1 1359 1684 1472 2218
7007 4 2 1 1 925 2013 973 2200
7008 4 2 1 1 181 1685 150 1941
7009 4 2 1 1 282 284 283 1510
7010 4 2 1 1 181 150 838 1941
7011 4 2 1 1 1481 2109 1596 2117
7012 4 2 1 1 382 390 391 1699
7013 4 2 1 1 1541 1857 1374 1900
7014 4 2 1 1 1543 1644 1218 1929
7015 4 2 1 1 12 1861 674 2226
7016 4 2 1 1 295 1918 291 2195
7017 4 2 1 1 151 1500 1941 2167
7018 4 2 1 1 1756 1861 1401 2246
7019 4 2 1 1 598 990 1625 2157
7020 4 2 1 1 1400 1898 1783 1909
7021 4 2 1 1 1302 1557 1222 2111
7022 4 2 1 1 1031 1949 371 2065
7023 4 2 1 1 1741 2108 160 2224
7024 4 2 1 1 1111 1672 1628 1835
7025 4 2 1 1 1256 1558 1257 1902
7026 4 2 1 1 1013 158 844 1665
7027 4 2 1 1 1081 1226 1887 2056
7028 4 2 1 1 1336 2123 1895 2156
7029 4 2 1 1 1455 2162 826 2249
7030 4 2 1 1 1481 1764 809 1925
7031 4 2 1 1 1058 910 1766 1971
7032 4 2 1 1 1272 1086 1140 1742
7033 4 2 1 1 1405 1976 1884 2197
7034 4 2 1 1 589 2082 650 2202
7035 4 2 1 1 821 446 436 1621
7036 4 2 1 1 1467 2116 1787 2175
7037 4 2 1 1 336 335 333 1987
7038 4 2 1 1 438 440 1632 1982
7039 4 2 1 1 361 703 975 1752
7040 4 2 1 1 1646 2023 2059 2105
7041 4 2 1 1 1329 1787 2116 2175
7042 4 2 1 1 1586 1983 1944 1998
7043 4 2 1 1 944 727 1626 1871
7044 4 2 1 1 176 1737 779 2022
7045 4 2 1 1 1687 1879 545 1978
7046 4 2 1 1 1405 1488 2087 2197
7047 4 2 1 1 238 250 246 1463
7048 4 2 1 1 73 81 75 1856
7049 4 2 1 1 254 1606 733 1931
7050 4 2 1 1 1463 1807 1640 2083
7051 4 2 1 1 1109 1672 1111 1835
7052 4 2 1 1 1260 1523 2039 2055
7053 4 2 1 1 1367 1759 1531 1979
7054 4 2 1 1 1072 1270 1281 1467
7055 4 2 1 1 1796 2020 1157 2142
7056 4 2 1 1 1350 1573 1832 1838
7057 4 2 1 1 343 1837 845 2241
7058 4 2 1 1 301 1776 309 2186
7059 4 2 1 1 1108 1654 2125 2132
7060 4 2 1 1 1687 1831 1319 2155
7061 4 2 1 1 327 1774 326 2144
7062 4 2 1 1 1346 2045 1502 2142
7063 4 2 1 1 1468 1757 1497 2177
7064 4 2 1 1 552 992 1792 1904
7065 4 2 1 1 314 394 315 1934
7066 4 2 1 1 1406 1586 1563 1983
7067 4 2 1 1 1357 1851 1493 2225
7068 4 2 1 1 1462 1364 1969 2041
7069 4 2 1 1 652 653 1508 2191
7070 4 2 1 1 1405 1670 1635 1943
7071 4 2 1 1 1392 2087 1684 2127
7072 4 2 1 1 1411 1728 2099 2203
7073 4 2 1 1 711 449 1668 1903
7074 4 2 1 1 1841 1992 1790 2251
7075 4 2 1 1 1698 1755 1352 2176
7076 4 2 1 1 666 1475 528 2187
7077 4 2 1 1 602 505 474 2075
7078 4 2 1 1 247 249 782 2044
7079 4 2 1 1 1208 1210 1203 1794
7080 4 2 1 1 269 268 270 1704
7081 4 2 1 1 770 128 257 1719
7082 4 2 1 1 1656 1751 1236 1916
7083 4 2 1 1 1143 2064 1172 2090
7084 4 2 1 1 931 1738 1015 1900
7085 4 2 1 1 1366 1653 1760 2211
7086 4 2 1 1 1622 1719 1349 2009
7087 4 2 1 1 1702 1898 1475 1909
7088 4 2 1 1 1320 1959 1610 2150
7089 4 2 1 1 1359 1881 2016 2251
7090 4 2 1 1 615 218 663 1579
7091 4 2 1 1 1611 1394 2013 2200
7092 4 2 1 1 1211 1577 1762 2166
7093 4 2 1 1 1703 1880 1707 1952
7094 4 2 1 1 523 428 1565 1921
7095 4 2 1 1 1532 1671 1451 2107
7096 4 2 1 1 99 96 1630 1865
7097 4 2 1 1 1337 1640 1923 2267
7098 4 2 1 1 982 545 1687 1879
7099 4 2 1 1 2 5 1646 2051
7100 4 2 1 1 181 838 1685 1941
7101 4 2 1 1 1675 1937 85 2168
7102 4 2 1 1 875 503 1053 1784
7103 4 2 1 1 231 732 1484 2032
7104 4 2 1 1 886 1950 1614 2043
7105 4 2 1 1 75 698 702 1454
7106 4 2 1 1 1389 1972 1749 2069
7107 4 2 1 1 1367 1531 1673 1840
7108 4 2 1 1 1782 1873 1427 2059
7109 4 2 1 1 1638 2063 1412 2173
7110 4 2 1 1 720 1781 1566 2207
7111 4 2 1 1 295 1917 1795 1918
7112 4 2 1 1 1485 1324 1595 2027
7113 4 2 1 1 1568 1896 1379 2057
7114 4 2 1 1 1623 1661 1330 1849
7115 4 2 1 1 1205 1758 1506 2010
7116 4 2 1 1 1123 1128 1300 1581
7117 4 2 1 1 1171 1948 1601 2000
7118 4 2 1 1 1437 1765 1498 2259
7119 4 2 1 1 1012 1778 1524 2025
7120 4 2 1 1 1485 1865 1350 1866
7121 4 2 1 1 79 474 80 1804
7122 4 2 1 1 1662 2103 1632 2205
7123 4 2 1 1 1376 1597 1526 2012
7124 4 2 1 1 1076 1077 1678 1761
7125 4 2 1 1 1470 1382 1836 2006
7126 4 2 1 1 737 738 1623 1814
7127 4 2 1 1 1681 1936 688 2135
7128 4 2 1 1 963 883 646 1988
7129 4 2 1 1 1388 1759 1561 2054
7130 4 2 1 1 1602 1814 1330 1849
7131 4 2 1 1 1205 1281 2010 2116
7132 4 2 1 1 563 701 562 1518
7133 4 2 1 1 1214 1215 1637 2005
7134 4 2 1 1 723 302 722 1634
7135 4 2 1 1 1510 1778 1690 2173
7136 4 2 1 1 1453 1355 1731 2084
7137 4 2 1 1 1244 1517 1303 1870
7138 4 2 1 1 15 1028 46 1876
7139 4 2 1 1 271 1781 720 2207
7140 4 2 1 1 1483 1633 1328 2003
7141 4 2 1 1 1372 1696 1674 2074
7142 4 2 1 1 446 820 434 1905
7143 4 2 1 1 641 1022 1790 1893
7144 4 2 1 1 1452 1864 1818 2070
7145 4 2 1 1 559 812 1602 2128
7146 4 2 1 1 419 504 901 1493
7147 4 2 1 1 175 177 1575 2263
7148 4 2 1 1 1841 2026 1441 2192
7149 4 2 1 1 287 1958 1767 2121
7150 4 2 1 1 740 739 351 1514
7151 4 2 1 1 1620 2005 1637 2235
7152 4 2 1 1 1724 1844 1591 1969
7153 4 2 1 1 1477 1841 1441 2192
7154 4 2 1 1 1498 1576 1376 2161
7155 4 2 1 1 1381 1658 1590 2264
7156 4 2 1 1 884 746 1645 2131
7157 4 2 1 1 210 1538 207 1799
7158 4 2 1 1 1369 1588 1534 2095
7159 4 2 1 1 507 1816 1002 2106
7160 4 2 1 1 397 1720 260 2062
7161 4 2 1 1 977 1888 1658 2112
7162 4 2 1 1 1255 1539 1278 1902
7163 4 2 1 1 1588 1974 1087 2095
7164 4 2 1 1 1329 1659 1506 2116
7165 4 2 1 1 1578 1618 1344 2017
7166 4 2 1 1 735 1834 1509 2144
7167 4 2 1 1 208 1799 207 1907
7168 4 2 1 1 1103 1501 1102 1883
7169 4 2 1 1 383 380 379 2026
7170 4 2 1 1 76 665 19 1784
7171 4 2 1 1 1341 1724 1494 2061
7172 4 2 1 1 1570 1629 1401 2179
7173 4 2 1 1 1322 1864 1508 2270
7174 4 2 1 1 1191 1631 1286 1730
7175 4 2 1 1 1618 1420 1727 2252
7176 4 2 1 1 764 767 761 1853
7177 4 2 1 1 1535 1624 1391 2138
7178 4 2 1 1 12 674 13 2226
7179 4 2 1 1 1411 1802 1695 1947
7180 4 2 1 1 1337 1633 1483 1984
7181 4 2 1 1 1150 1151 1149 1948
7182 4 2 1 1 1371 1940 1650 2173
7183 4 2 1 1 1196 1260 2039 2055
7184 4 2 1 1 1458 1828 1677 1839
7185 4 2 1 1 142 844 158 1665
7186 4 2 1 1 1499 2023 1508 2191
7187 4 2 1 1 432 2137 1682 2155
7188 4 2 1 1 817 1819 975 1951
7189 4 2 1 1 1329 1492 2001 2175
7190 4 2 1 1 4 1765 1817 2134
7191 4 2 1 1 1554 1660 1381 2089
7192 4 2 1 1 927 1567 886 2043
7193 4 2 1 1 359 360 1819 1949
7194 4 2 1 1 418 1658 491 1851
7195 4 2 1 1 350 355 354 1820
7196 4 2 1 1 1235 1617 1265 1973
7197 4 2 1 1 1662 1810 1386 2205
7198 4 2 1 1 733 1606 1894 1931
7199 4 2 1 1 1329 1467 1787 2175
7200 4 2 1 1 1471 1978 1520 2242
7201 4 2 1 1 1721 1882 1369 1885
7202 4 2 1 1 1430 1718 1640 1923
7203 4 2 1 1 510 181 1685 1897
7204 4 2 1 1 1483 1328 1637 2003
7205 4 2 1 1 240 242 243 1763
7206 4 2 1 1 1537 2079 1419 2190
7207 4 2 1 1 1360 1875 1583 1876
7208 4 2 1 1 1477 1331 1841 2251
7209 4 2 1 1 1429 1761 1811 2099
7210 4 2 1 1 1498 1377 2114 2266
7211 4 2 1 1 55 69 66 1695
7212 4 2 1 1 568 1473 864 1873
7213 4 2 1 1 1167 1650 1266 2033
7214 4 2 1 1 1226 1077 1081 1887
7215 4 2 1 1 316 313 307 1594
7216 4 2 1 1 1180 1512 1824 2071
7217 4 2 1 1 107 109 108 1882
7218 4 2 1 1 1009 783 1544 1764
7219 4 2 1 1 1704 1744 1423 2214
7220 4 2 1 1 475 1600 731 1897
7221 4 2 1 1 344 739 1837 1977
7222 4 2 1 1 960 897 637 1800
7223 4 2 1 1 540 1733 392 1979
7224 4 2 1 1 1590 2066 1489 2219
7225 4 2 1 1 1559 1974 1588 2146
7226 4 2 1 1 1339 1908 1495 2178
7227 4 2 1 1 80 1811 1482 2171
7228 4 2 1 1 771 1813 1466 2034
7229 4 2 1 1 1568 1346 1896 2045
7230 4 2 1 1 14 15 46 1876
7231 4 2 1 1 1342 1803 1612 2146
7232 4 2 1 1 1306 1525 1263 1933
7233 4 2 1 1 1484 1633 1404 1990
7234 4 2 1 1 1416 1744 1704 2214
7235 4 2 1 1 92 94 93 1530
7236 4 2 1 1 193 1805 192 1878
7237 4 2 1 1 1733 1823 396 1979
7238 4 2 1 1 1652 1727 1420 2252
7239 4 2 1 1 1392 1469 1977 2118
7240 4 2 1 1 1176 1264 1180 1824
7241 4 2 1 1 510 183 181 1897
7242 4 2 1 1 1371 1801 1767 2121
7243 4 2 1 1 1271 36 1901 2028
7244 4 2 1 1 498 1752 500 1780
7245 4 2 1 1 741 1514 777 1951
7246 4 2 1 1 227 229 228 1702
7247 4 2 1 1 1089 1087 1090 1534
7248 4 2 1 1 1414 1703 1880 2150
7249 4 2 1 1 1353 1625 1496 1963
7250 4 2 1 1 1520 1890 1471 2242
7251 4 2 1 1 1183 1585 1247 1676
7252 4 2 1 1 2 1646 189 2059
7253 4 2 1 1 338 1976 1884 1987
7254 4 2 1 1 1333 1808 1550 1964
7255 4 2 1 1 70 77 78 1802
7256 4 2 1 1 1443 1613 1526 2246
7257 4 2 1 1 1322 1872 1818 2070
7258 4 2 1 1 1240 1580 2071 2221
7259 4 2 1 1 1091 1983 1657 2095
7260 4 2 1 1 958 933 1626 1782
7261 4 2 1 1 1707 1880 1703 2150
7262 4 2 1 1 1195 1779 1194 1832
7263 4 2 1 1 775 363 367 1496
7264 4 2 1 1 1140 1573 1664 2031
7265 4 2 1 1 1327 1480 2115 2182
7266 4 2 1 1 1147 1149 1529 1984
7267 4 2 1 1 1503 1559 1403 2146
7268 4 2 1 1 1395 1559 1503 2199
7269 4 2 1 1 787 432 1682 2155
7270 4 2 1 1 1502 1157 2020 2142
7271 4 2 1 1 1552 1741 1349 2009
7272 4 2 1 1 1098 1883 1101 2029
7273 4 2 1 1 87 1960 88 2049
7274 4 2 1 1 1346 1739 1568 1990
7275 4 2 1 1 1345 1580 2145 2221
7276 4 2 1 1 605 114 525 1866
7277 4 2 1 1 1485 1595 1324 1855
7278 4 2 1 1 586 1959 1683 2238
7279 4 2 1 1 446 1621 821 1988
7280 4 2 1 1 1612 1882 108 1885
7281 4 2 1 1 1069 1217 1548 2163
7282 4 2 1 1 1125 1112 1648 2153
7283 4 2 1 1 585 501 1780 1959
7284 4 2 1 1 1523 1607 1334 2039
7285 4 2 1 1 589 590 1935 2202
7286 4 2 1 1 1383 1496 1774 2209
7287 4 2 1 1 68 67 701 1947
7288 4 2 1 1 718 1781 1726 2154
7289 4 2 1 1 922 1867 882 2034
7290 4 2 1 1 2109 2125 1654 2132
7291 4 2 1 1 1989 2017 1618 2088
7292 4 2 1 1 1211 1100 1577 2166
7293 4 2 1 1 799 1552 121 2002
7294 4 2 1 1 1551 1748 868 2077
7295 4 2 1 1 737 1814 1623 1906
7296 4 2 1 1 1689 1910 1757 2177
7297 4 2 1 1 2 1782 2051 2059
7298 4 2 1 1 625 459 1662 1850
7299 4 2 1 1 837 226 211 1474
7300 4 2 1 1 1227 1297 1615 1815
7301 4 2 1 1 1209 1723 1266 1891
7302 4 2 1 1 1367 1456 1823 1840
7303 4 2 1 1 741 351 777 1514
7304 4 2 1 1 1149 1148 1150 1633
7305 4 2 1 1 283 1510 284 2121
7306 4 2 1 1 1388 1561 1921 2054
7307 4 2 1 1 1248 1585 1182 1707
7308 4 2 1 1 209 212 1783 2091
7309 4 2 1 1 1560 1680 1363 2252
7310 4 2 1 1 80 1482 505 2171
7311 4 2 1 1 1248 1585 1707 1952
7312 4 2 1 1 1126 1532 1891 1911
7313 4 2 1 1 1373 1618 1578 2017
7314 4 2 1 1 1654 1107 1789 2132
7315 4 2 1 1 205 204 1799 2021
7316 4 2 1 1 389 1771 1663 2229
7317 4 2 1 1 1519 1756 1339 1846
7318 4 2 1 1 2 2051 1646 2059
7319 4 2 1 1 772 422 869 1491
7320 4 2 1 1 1264 1180 1824 2071
7321 4 2 1 1 1456 1628 1749 2069
7322 4 2 1 1 1740 2058 1548 2163
7323 4 2 1 1 382 1949 1699 2065
7324 4 2 1 1 137 1931 1608 2210
7325 4 2 1 1 438 444 821 2103
7326 4 2 1 1 37 1271 36 1901
7327 4 2 1 1 1691 1519 2179 2246
7328 4 2 1 1 1125 1245 1858 2067
7329 4 2 1 1 748 316 469 1594
7330 4 2 1 1 1399 1811 1761 2099
7331 4 2 1 1 899 1495 1908 2178
7332 4 2 1 1 1266 1643 1200 2033
7333 4 2 1 1 1320 1546 1703 2058
7334 4 2 1 1 1489 1848 1590 2219
7335 4 2 1 1 1371 1690 1473 1940
7336 4 2 1 1 1260 1523 1317 2039
7337 4 2 1 1 321 320 1786 2147
7338 4 2 1 1 617 1686 986 1968
7339 4 2 1 1 1389 1749 1628 2069
7340 4 2 1 1 1128 1124 1129 2089
7341 4 2 1 1 1141 2011 1465 2236
7342 4 2 1 1 382 362 390 1699
7343 4 2 1 1 1194 1779 1573 1832
7344 4 2 1 1 931 1015 553 1900
7345 4 2 1 1 1226 1272 1227 1533
7346 4 2 1 1 1673 1840 1536 1985
7347 4 2 1 1 1180 1824 1512 2041
7348 4 2 1 1 314 1569 1934 2035
7349 4 2 1 1 56 670 1785 1994
7350 4 2 1 1 1064 1595 605 1855
7351 4 2 1 1 1340 1973 1617 2126
7352 4 2 1 1 1083 1559 1084 2056
7353 4 2 1 1 1651 1880 1402 2124
7354 4 2 1 1 626 46 1875 2076
7355 4 2 1 1 524 523 430 1565
7356 4 2 1 1 1364 1462 1842 2041
7357 4 2 1 1 1345 2221 2145 2271
7358 4 2 1 1 794 1551 497 1915
7359 4 2 1 1 94 93 1530 2172
7360 4 2 1 1 1087 1090 1534 2095
7361 4 2 1 1 1331 1881 1525 2251
7362 4 2 1 1 662 732 1063 1924
7363 4 2 1 1 570 569 1836 2006
7364 4 2 1 1 1622 1623 1395 2024
7365 4 2 1 1 1076 1080 1077 1761
7366 4 2 1 1 1169 1667 2078 2093
7367 4 2 1 1 676 926 53 1597
7368 4 2 1 1 438 1621 436 1982
7369 4 2 1 1 1613 1691 1339 2010
7370 4 2 1 1 400 423 1841 2152
7371 4 2 1 1 1363 1579 2081 2252
7372 4 2 1 1 469 307 715 1795
7373 4 2 1 1 1520 1593 1390 2196
7374 4 2 1 1 782 1544 783 1829
7375 4 2 1 1 752 1950 1476 2092
7376 4 2 1 1 899 1908 971 2178
7377 4 2 1 1 1628 2004 1648 2069
7378 4 2 1 1 598 2096 599 2157
7379 4 2 1 1 1546 1703 1414 2150
7380 4 2 1 1 1156 1651 1896 2057
7381 4 2 1 1 88 1960 1675 2049
7382 4 2 1 1 1267 1149 1171 1529
7383 4 2 1 1 1297 1271 1079 1615
7384 4 2 1 1 1565 1682 1388 1921
7385 4 2 1 1 1834 1888 751 2112
7386 4 2 1 1 1695 1700 1411 1947
7387 4 2 1 1 903 1859 527 1894
7388 4 2 1 1 1511 1603 1397 2234
7389 4 2 1 1 1481 1825 576 2193
7390 4 2 1 1 1609 1866 1350 2172
7391 4 2 1 1 636 113 493 1793
7392 4 2 1 1 1171 1529 1948 2000
7393 4 2 1 1 1267 1147 1149 1529
7394 4 2 1 1 1484 1633 1337 2083
7395 4 2 1 1 1591 1745 1197 2061
7396 4 2 1 1 1427 1782 1646 2259
7397 4 2 1 1 44 1629 72 1967
7398 4 2 1 1 1592 1911 1261 2119
7399 4 2 1 1 283 1801 1510 2121
7400 4 2 1 1 1758 2010 1339 2175
7401 4 2 1 1 1321 1820 1598 2260
7402 4 2 1 1 717 95 1866 2172
7403 4 2 1 1 1083 1211 1181 1555
7404 4 2 1 1 982 954 545 1879
7405 4 2 1 1 1722 1852 1221 2078
7406 4 2 1 1 760 320 385 2147
7407 4 2 1 1 1184 1521 1301 1957
7408 4 2 1 1 737 168 131 1906
7409 4 2 1 1 1381 1658 1493 1926
7410 4 2 1 1 1249 1587 1163 2205
7411 4 2 1 1 414 397 452 1961
7412 4 2 1 1 1277 1120 1970 2111
7413 4 2 1 1 1436 1797 1579 1914
7414 4 2 1 1 1325 1827 2080 2097
7415 4 2 1 1 1171 1601 1258 2000
7416 4 2 1 1 1179 2180 1676 2261
7417 4 2 1 1 794 1860 1551 1915
7418 4 2 1 1 817 354 1819 1951
7419 4 2 1 1 1378 1647 1638 2139
7420 4 2 1 1 1368 1650 1545 2119
7421 4 2 1 1 476 657 1430 2187
7422 4 2 1 1 1484 231 2032 2165
7423 4 2 1 1 1817 1940 1412 2063
7424 4 2 1 1 1124 1660 1129 2089
7425 4 2 1 1 1409 1478 1809 2050
7426 4 2 1 1 910 1766 1971 2162
7427 4 2 1 1 981 2021 1468 2104
7428 4 2 1 1 1194 1283 1573 1779
7429 4 2 1 1 84 1937 85 1960
7430 4 2 1 1 904 485 569 1470
7431 4 2 1 1 1413 1632 1587 2205
7432 4 2 1 1 1600 1792 475 1904
7433 4 2 1 1 1047 1718 657 2104
7434 4 2 1 1 831 1862 1769 2084
7435 4 2 1 1 347 840 350 1679
7436 4 2 1 1 1664 1815 1533 2240
7437 4 2 1 1 1256 1902 1278 2000
7438 4 2 1 1 1327 1544 1829 2115
7439 4 2 1 1 1405 2087 1976 2197
7440 4 2 1 1 209 212 224 1783
7441 4 2 1 1 1494 1824 1442 2212
7442 4 2 1 1 1301 1221 1667 2127
7443 4 2 1 1 1347 1751 1975 2105
7444 4 2 1 1 1340 1465 1973 2126
7445 4 2 1 1 1264 1494 1178 2007
7446 4 2 1 1 1132 1631 2046 2073
7447 4 2 1 1 1329 2001 1634 2175
7448 4 2 1 1 56 10 670 1994
7449 4 2 1 1 1466 1328 1813 1990
7450 4 2 1 1 1320 1683 1548 2206
7451 4 2 1 1 683 803 1709 1746
7452 4 2 1 1 439 873 819 1714
7453 4 2 1 1 516 1950 752 2092
7454 4 2 1 1 732 1807 1484 2032
7455 4 2 1 1 1179 2061 1745 2180
7456 4 2 1 1 1384 1490 1740 2058
7457 4 2 1 1 892 792 871 1711
7458 4 2 1 1 1393 1445 1805 2149
7459 4 2 1 1 1350 1630 1530 2172
7460 4 2 1 1 1580 2145 2221 2271
7461 4 2 1 1 418 491 419 1851
7462 4 2 1 1 849 342 340 1472
7463 4 2 1 1 1180 1176 1824 2041
7464 4 2 1 1 398 1791 1596 2193
7465 4 2 1 1 1632 1413 2086 2205
7466 4 2 1 1 1509 1834 735 2112
7467 4 2 1 1 1333 1729 1954 1964
7468 4 2 1 1 1221 1722 1667 2127
7469 4 2 1 1 946 1634 686 2076
7470 4 2 1 1 1386 1796 1636 2142
7471 4 2 1 1 216 2129 264 2140
7472 4 2 1 1 1591 1844 1289 1933
7473 4 2 1 1 68 1700 67 1947
7474 4 2 1 1 1623 1906 1395 2024
7475 4 2 1 1 1610 1996 691 2102
7476 4 2 1 1 1044 532 1694 1895
7477 4 2 1 1 562 701 939 1518
7478 4 2 1 1 337 1976 338 1987
7479 4 2 1 1 392 540 541 1733
7480 4 2 1 1 1162 1593 1220 2020
7481 4 2 1 1 630 1802 1661 1947
7482 4 2 1 1 1117 1119 1635 1943
7483 4 2 1 1 1406 1721 1665 2042
7484 4 2 1 1 1380 1712 1644 2228
7485 4 2 1 1 772 774 773 1491
7486 4 2 1 1 1342 1605 1503 2199
7487 4 2 1 1 1179 1768 2180 2261
7488 4 2 1 1 345 1679 347 1977
7489 4 2 1 1 1015 907 413 1900
7490 4 2 1 1 169 960 784 1800
7491 4 2 1 1 1488 1722 1390 1852
7492 4 2 1 1 1242 1236 1656 1751
7493 4 2 1 1 1634 2001 1492 2175
7494 4 2 1 1 1328 1484 1813 1990
7495 4 2 1 1 103 101 102 1693
7496 4 2 1 1 1296 1309 1225 1815
7497 4 2 1 1 644 860 1009 2014
7498 4 2 1 1 1098 1101 1096 2029
7499 4 2 1 1 1024 659 168 1623
7500 4 2 1 1 1524 1812 201 2025
7501 4 2 1 1 1453 2120 1403 2146
7502 4 2 1 1 1325 2080 1627 2097
7503 4 2 1 1 1145 1649 1497 1910
7504 4 2 1 1 1514 1714 741 2227
7505 4 2 1 1 1603 1965 1540 2266
7506 4 2 1 1 1397 1603 1511 1980
7507 4 2 1 1 1334 1549 1939 2204
7508 4 2 1 1 944 667 464 1812
7509 4 2 1 1 1460 1731 1355 1862
7510 4 2 1 1 1069 1217 1316 1548
7511 4 2 1 1 124 157 1741 1919
7512 4 2 1 1 1621 1890 1375 1905
7513 4 2 1 1 1657 1983 1563 2095
7514 4 2 1 1 1298 1194 1573 1832
7515 4 2 1 1 89 713 92 1734
7516 4 2 1 1 1584 1694 1336 2123
7517 4 2 1 1 1251 2019 1563 2095
7518 4 2 1 1 1076 1728 1075 1761
7519 4 2 1 1 1339 1691 1467 2010
7520 4 2 1 1 507 542 1816 1829
7521 4 2 1 1 187 1540 71 1980
7522 4 2 1 1 1591 1969 1844 2047
7523 4 2 1 1 1893 1920 1359 2218
7524 4 2 1 1 1396 1733 1479 2237
7525 4 2 1 1 1101 1883 1653 2029
7526 4 2 1 1 1388 1673 1557 2036
7527 4 2 1 1 1171 1258 1601 1948
7528 4 2 1 1 1113 1256 1257 1902
7529 4 2 1 1 844 1665 152 1869
7530 4 2 1 1 1410 1904 1446 2029
7531 4 2 1 1 1497 2182 1480 2230
7532 4 2 1 1 1936 2135 1426 2248
7533 4 2 1 1 429 1682 432 2137
7534 4 2 1 1 209 1833 144 2091
7535 4 2 1 1 1344 1830 1578 2017
7536 4 2 1 1 787 432 429 1682
7537 4 2 1 1 1556 1581 1358 1986
7538 4 2 1 1 41 1065 40 1712
7539 4 2 1 1 1073 39 1642 1740
7540 4 2 1 1 1265 1556 1134 1973
7541 4 2 1 1 145 143 1833 1932
7542 4 2 1 1 1209 1266 1280 1891
7543 4 2 1 1 686 685 46 1519
7544 4 2 1 1 138 1608 1931 2092
7545 4 2 1 1 1228 1753 1212 2005
7546 4 2 1 1 130 131 168 2024
7547 4 2 1 1 419 1851 1493 2098
7548 4 2 1 1 602 474 1913 2075
7549 4 2 1 1 181 152 1685 1869
7550 4 2 1 1 786 785 515 1839
7551 4 2 1 1 458 421 497 1788
7552 4 2 1 1 1345 1470 1697 2008
7553 4 2 1 1 1401 1967 1519 2179
7554 4 2 1 1 1090 1657 1534 2095
7555 4 2 1 1 296 285 287 1767
7556 4 2 1 1 1662 2086 1632 2103
7557 4 2 1 1 1501 1327 1757 2230
7558 4 2 1 1 1532 2107 1451 2198
7559 4 2 1 1 1186 1266 1200 2033
7560 4 2 1 1 844 815 1665 1869
7561 4 2 1 1 152 1665 844 2042
7562 4 2 1 1 1387 1669 1530 2158
7563 4 2 1 1 1247 1676 2206 2261
7564 4 2 1 1 559 564 812 2128
7565 4 2 1 1 85 1937 1675 1960
7566 4 2 1 1 1514 1407 1708 2196
7567 4 2 1 1 1505 264 2129 2140
7568 4 2 1 1 505 1806 1482 2075
7569 4 2 1 1 1297 1271 1615 2028
7570 4 2 1 1 857 554 830 1760
7571 4 2 1 1 1526 2046 2012 2073
7572 4 2 1 1 1240 1580 1787 2071
7573 4 2 1 1 1019 47 689 2135
7574 4 2 1 1 603 1687 443 2155
7575 4 2 1 1 1417 1582 1509 2189
7576 4 2 1 1 1269 1586 1093 2074
7577 4 2 1 1 707 1675 85 2168
7578 4 2 1 1 563 1997 1518 2131
7579 4 2 1 1 787 1682 529 2155
7580 4 2 1 1 1404 1633 1484 2083
7581 4 2 1 1 1068 1303 1244 1517
7582 4 2 1 1 669 1785 670 1908
7583 4 2 1 1 1387 1675 1727 2223
7584 4 2 1 1 1385 1584 1995 2265
7585 4 2 1 1 1391 1643 1528 2141
7586 4 2 1 1 1010 1847 1663 2077
7587 4 2 1 1 1313 1135 1291 1480
7588 4 2 1 1 88 90 89 1734
7589 4 2 1 1 1281 1467 1270 2010
7590 4 2 1 1 648 1627 518 2200
7591 4 2 1 1 1474 1867 837 2034
7592 4 2 1 1 1338 1758 1506 2011
7593 4 2 1 1 1842 1927 1374 2236
7594 4 2 1 1 850 461 590 1935
7595 4 2 1 1 392 1733 381 1823
7596 4 2 1 1 1019 654 1681 1964
7597 4 2 1 1 487 462 423 1841
7598 4 2 1 1 1119 1773 1635 1943
7599 4 2 1 1 484 483 1788 1827
7600 4 2 1 1 1355 1460 1862 2060
7601 4 2 1 1 1590 1848 1489 2066
7602 4 2 1 1 1727 1989 1631 2223
7603 4 2 1 1 1683 1746 1361 2065
7604 4 2 1 1 1725 1815 1619 2136
7605 4 2 1 1 1521 1933 1304 2127
7606 4 2 1 1 1370 1654 1596 2109
7607 4 2 1 1 1351 1549 1914 1953
7608 4 2 1 1 1683 1959 1546 2238
7609 4 2 1 1 816 694 625 1662
7610 4 2 1 1 978 1677 785 1839
7611 4 2 1 1 1540 1777 1377 1965
7612 4 2 1 1 358 817 354 1819
7613 4 2 1 1 179 172 165 2081
7614 4 2 1 1 237 1640 238 1807
7615 4 2 1 1 1261 1911 1311 2119
7616 4 2 1 1 1638 1680 1449 2164
7617 4 2 1 1 1186 1200 1643 2033
7618 4 2 1 1 1510 1801 1371 2121
7619 4 2 1 1 251 1924 1720 1930
7620 4 2 1 1 1325 1517 1870 2007
7621 4 2 1 1 646 1049 243 1850
7622 4 2 1 1 53 676 1597 1994
7623 4 2 1 1 1325 1706 1517 2007
7624 4 2 1 1 596 595 279 1499
7625 4 2 1 1 254 136 134 1931
7626 4 2 1 1 213 1898 1783 1950
7627 4 2 1 1 456 1489 1848 2066
7628 4 2 1 1 879 1920 1513 2098
7629 4 2 1 1 1366 1686 1968 2038
7630 4 2 1 1 1607 2039 1523 2055
7631 4 2 1 1 811 1816 1596 2106
7632 4 2 1 1 1415 1609 2027 2158
7633 4 2 1 1 309 317 517 1776
7634 4 2 1 1 1433 1917 1795 2186
7635 4 2 1 1 1272 1296 1227 1815
7636 4 2 1 1 917 653 959 1508
7637 4 2 1 1 774 1491 869 1888
7638 4 2 1 1 1139 1129 1253 1927
7639 4 2 1 1 896 805 1711 1992
7640 4 2 1 1 1204 1758 1798 2011
7641 4 2 1 1 1562 2211 1505 2262
7642 4 2 1 1 1471 1375 1890 2137
7643 4 2 1 1 1597 1874 1459 2012
7644 4 2 1 1 1069 1548 1316 1952
7645 4 2 1 1 1300 1986 1581 2089
7646 4 2 1 1 1104 1946 1501 2174
7647 4 2 1 1 1338 1452 2070 2126
7648 4 2 1 1 1665 152 1869 2042
7649 4 2 1 1 403 1590 402 2066
7650 4 2 1 1 428 427 429 1682
7651 4 2 1 1 112 1731 166 2084
7652 4 2 1 1 341 1962 1837 2197
7653 4 2 1 1 1401 1526 1717 2233
7654 4 2 1 1 1497 1757 1268 1910
7655 4 2 1 1 649 1866 1595 2048
7656 4 2 1 1 1140 1664 1742 2031
7657 4 2 1 1 1221 1722 1118 1852
7658 4 2 1 1 1386 1796 1621 2188
7659 4 2 1 1 937 1843 1604 2130
7660 4 2 1 1 389 1663 353 2229
7661 4 2 1 1 245 242 244 1763
7662 4 2 1 1 731 1897 1600 2149
7663 4 2 1 1 806 814 912 1823
7664 4 2 1 1 1253 1129 1124 1660
7665 4 2 1 1 1263 1122 1684 1881
7666 4 2 1 1 1077 1080 1081 1736
7667 4 2 1 1 528 1475 1878 2187
7668 4 2 1 1 720 1566 1781 2201
7669 4 2 1 1 879 1513 744 2098
7670 4 2 1 1 336 1976 335 1987
7671 4 2 1 1 1532 1891 2107 2198
7672 4 2 1 1 1409 1760 1653 2211
7673 4 2 1 1 392 396 1733 1823
7674 4 2 1 1 260 1720 246 2062
7675 4 2 1 1 1302 1279 1222 1557
7676 4 2 1 1 1389 1648 1516 2069
7677 4 2 1 1 1189 1267 1313 1821
7678 4 2 1 1 1587 2188 1632 2216
7679 4 2 1 1 1537 1419 1710 2190
7680 4 2 1 1 1214 1637 1620 2005
7681 4 2 1 1 916 1646 5 2051
7682 4 2 1 1 1482 1806 505 2171
7683 4 2 1 1 361 360 655 1819
7684 4 2 1 1 910 550 1058 1766
7685 4 2 1 1 1616 1353 2067 2198
7686 4 2 1 1 1398 1741 1552 1919
7687 4 2 1 1 1381 1581 1556 2089
7688 4 2 1 1 1327 1829 1572 2115
7689 4 2 1 1 1280 1187 1311 1545
7690 4 2 1 1 1293 1635 1773 2148
7691 4 2 1 1 1703 1548 2058 2163
7692 4 2 1 1 1146 1148 1984 2101
7693 4 2 1 1 1103 1098 1757 1883
7694 4 2 1 1 1468 1327 1907 2182
7695 4 2 1 1 1760 1935 1409 2082
7696 4 2 1 1 1126 1532 1246 1891
7697 4 2 1 1 145 211 156 1743
7698 4 2 1 1 1339 1691 1613 2246
7699 4 2 1 1 1453 1731 1403 2120
7700 4 2 1 1 277 1671 987 1925
7701 4 2 1 1 1363 1647 1478 2064
7702 4 2 1 1 791 789 794 1860
7703 4 2 1 1 400 383 1655 2026
7704 4 2 1 1 1141 1138 1465 1973
7705 4 2 1 1 1662 2086 1413 2205
7706 4 2 1 1 1605 1606 1342 1912
7707 4 2 1 1 1190 1727 1618 1989
7708 4 2 1 1 544 964 1895 2123
7709 4 2 1 1 1456 1822 1356 2069
7710 4 2 1 1 1235 1487 1315 1916
7711 4 2 1 1 1548 1247 1952 2206
7712 4 2 1 1 400 448 423 2152
7713 4 2 1 1 1428 1879 1488 1884
7714 4 2 1 1 1934 2170 1323 2184
7715 4 2 1 1 345 1962 1679 1977
7716 4 2 1 1 1093 1983 1586 1998
7717 4 2 1 1 919 1692 983 1919
7718 4 2 1 1 438 440 444 2103
7719 4 2 1 1 1336 1895 1597 2156
7720 4 2 1 1 1617 1864 1589 2030
7721 4 2 1 1 1366 1760 1686 2038
7722 4 2 1 1 928 786 889 1839
7723 4 2 1 1 1731 1862 166 2084
7724 4 2 1 1 1363 1652 1579 2252
7725 4 2 1 1 1432 1969 1591 2047
7726 4 2 1 1 1514 1667 1407 2196
7727 4 2 1 1 258 225 247 1907
7728 4 2 1 1 199 248 200 2154
7729 4 2 1 1 1067 2100 1678 2181
7730 4 2 1 1 1890 1905 820 2137
7731 4 2 1 1 1243 1526 33 2233
7732 4 2 1 1 305 776 311 2169
7733 4 2 1 1 1395 1623 1622 2185
7734 4 2 1 1 370 372 369 1972
7735 4 2 1 1 1347 1975 1564 2105
7736 4 2 1 1 1430 2053 476 2187
7737 4 2 1 1 839 769 897 1542
7738 4 2 1 1 385 761 760 1507
7739 4 2 1 1 1588 2146 1742 2256
7740 4 2 1 1 217 1057 1869 2043
7741 4 2 1 1 1079 1678 1077 1887
7742 4 2 1 1 1415 1584 2037 2265
7743 4 2 1 1 1664 1742 1533 2256
7744 4 2 1 1 1782 2051 1646 2259
7745 4 2 1 1 1568 2057 1379 2072
7746 4 2 1 1 67 1700 66 1947
7747 4 2 1 1 740 1708 1514 2227
7748 4 2 1 1 1568 1739 1346 2045
7749 4 2 1 1 822 1537 250 1892
7750 4 2 1 1 1772 2059 2023 2105
7751 4 2 1 1 1548 1683 1320 2058
7752 4 2 1 1 1275 1193 1730 1854
7753 4 2 1 1 1578 1889 1373 2017
7754 4 2 1 1 1091 1563 1983 2095
7755 4 2 1 1 423 1992 1841 2152
7756 4 2 1 1 431 1890 820 2137
7757 4 2 1 1 414 781 424 1759
7758 4 2 1 1 1135 1789 1107 2132
7759 4 2 1 1 1459 1336 1895 2012
7760 4 2 1 1 92 89 1734 2049
7761 4 2 1 1 141 1476 752 2091
7762 4 2 1 1 38 1755 1244 1870
7763 4 2 1 1 1426 2097 1627 2248
7764 4 2 1 1 662 1037 732 1484
7765 4 2 1 1 1364 1512 1824 2041
7766 4 2 1 1 1621 1407 1982 2188
7767 4 2 1 1 1133 1973 1556 2089
7768 4 2 1 1 1558 1902 1256 2000
7769 4 2 1 1 1557 1673 1388 2232
7770 4 2 1 1 1337 1909 1702 2267
7771 4 2 1 1 496 1690 1778 2025
7772 4 2 1 1 1215 1637 1543 2057
7773 4 2 1 1 481 1825 807 2193
7774 4 2 1 1 1103 1105 1104 2174
7775 4 2 1 1 145 153 143 1932
7776 4 2 1 1 596 1499 279 2191
7777 4 2 1 1 1540 1785 71 1980
7778 4 2 1 1 344 1837 341 1962
7779 4 2 1 1 295 1795 307 1918
7780 4 2 1 1 1392 1837 1514 1977
7781 4 2 1 1 933 1626 1782 1873
7782 4 2 1 1 788 868 1748 2077
7783 4 2 1 1 1327 2115 1572 2182
7784 4 2 1 1 1148 1483 1250 2003
7785 4 2 1 1 909 935 65 1889
7786 4 2 1 1 1525 1877 1684 2127
7787 4 2 1 1 707 163 1675 2168
7788 4 2 1 1 1247 2206 1548 2261
7789 4 2 1 1 1861 1967 1401 2226
7790 4 2 1 1 565 886 1614 2043
7791 4 2 1 1 1659 1842 1374 2236
7792 4 2 1 1 675 964 976 2123
7793 4 2 1 1 274 720 280 1566
7794 4 2 1 1 897 1542 769 2208
7795 4 2 1 1 1115 1828 1648 2004
7796 4 2 1 1 1276 1787 1512 2071
7797 4 2 1 1 1642 1352 1755 2176
7798 4 2 1 1 1473 1873 568 2059
7799 4 2 1 1 843 1803 905 1912
7800 4 2 1 1 1503 1403 2002 2120
7801 4 2 1 1 1380 1644 1929 2228
7802 4 2 1 1 746 156 214 1743
7803 4 2 1 1 1319 1831 1571 1840
7804 4 2 1 1 1500 1335 1735 2022
7805 4 2 1 1 1395 1622 1736 2185
7806 4 2 1 1 1430 1923 1640 2267
7807 4 2 1 1 810 1733 541 2015
7808 4 2 1 1 1550 1784 1426 2135
7809 4 2 1 1 1730 2073 1854 2244
7810 4 2 1 1 1107 1654 1108 2132
7811 4 2 1 1 1345 2145 1901 2271
7812 4 2 1 1 1363 2081 1560 2252
7813 4 2 1 1 1638 1817 1412 2063
7814 4 2 1 1 1388 1921 1682 2054
7815 4 2 1 1 595 594 279 1965
7816 4 2 1 1 1076 1642 1761 2100
7817 4 2 1 1 1650 1940 1167 2063
7818 4 2 1 1 927 549 886 1567
7819 4 2 1 1 246 260 251 1720
7820 4 2 1 1 1382 1512 1787 2071
7821 4 2 1 1 968 880 1818 2191
7822 4 2 1 1 769 1693 104 2208
7823 4 2 1 1 1473 1690 1371 1958
7824 4 2 1 1 1360 1444 1875 2076
7825 4 2 1 1 78 70 1802 1811
7826 4 2 1 1 1190 1618 1314 1989
7827 4 2 1 1 1694 1960 708 2049
7828 4 2 1 1 1597 1861 1443 2156
7829 4 2 1 1 1616 1835 1370 2125
7830 4 2 1 1 88 707 163 1675
7831 4 2 1 1 1153 1285 1568 2003
7832 4 2 1 1 1741 1398 2108 2224
7833 4 2 1 1 1403 1503 2002 2257
7834 4 2 1 1 1302 1168 1279 1557
7835 4 2 1 1 1133 1556 1134 2089
7836 4 2 1 1 154 1856 651 1954
7837 4 2 1 1 649 717 1866 2048
7838 4 2 1 1 1330 1661 1518 1849
7839 4 2 1 1 1219 1817 1638 2063
7840 4 2 1 1 1471 1390 1978 2242
7841 4 2 1 1 1149 1171 1529 1948
7842 4 2 1 1 1230 1228 1674 1753
7843 4 2 1 1 442 432 443 2155
7844 4 2 1 1 1362 1710 1537 1961
7845 4 2 1 1 337 338 335 1987
7846 4 2 1 1 1574 1858 1496 2209
7847 4 2 1 1 1515 1944 1500 2194
7848 4 2 1 1 518 1627 2097 2248
7849 4 2 1 1 1225 1725 1619 2122
7850 4 2 1 1 1507 2147 1963 2209
7851 4 2 1 1 1460 1398 1919 2240
7852 4 2 1 1 204 1600 475 1904
7853 4 2 1 1 1704 1886 1781 2207
7854 4 2 1 1 1530 1387 1734 2269
7855 4 2 1 1 1111 1835 1628 2153
7856 4 2 1 1 980 1598 801 1820
7857 4 2 1 1 785 1677 635 1991
7858 4 2 1 1 403 456 457 1848
7859 4 2 1 1 1609 1866 717 2048
7860 4 2 1 1 408 477 478 1571
7861 4 2 1 1 1306 1127 1263 1525
7862 4 2 1 1 898 711 449 1668
7863 4 2 1 1 181 1685 182 1869
7864 4 2 1 1 1200 1208 1794 2067
7865 4 2 1 1 1005 1771 399 2001
7866 4 2 1 1 1094 1983 1093 1998
7867 4 2 1 1 1069 1703 1548 1952
7868 4 2 1 1 1236 1589 1235 1916
7869 4 2 1 1 1318 1718 1640 1892
7870 4 2 1 1 1620 1365 2005 2235
7871 4 2 1 1 1407 1632 2188 2216
7872 4 2 1 1 1245 1209 1246 2067
7873 4 2 1 1 1293 1117 1635 1956
7874 4 2 1 1 1496 1383 1774 1942
7875 4 2 1 1 1273 1631 1191 1727
7876 4 2 1 1 820 1890 434 1905
7877 4 2 1 1 1427 1817 1765 2134
7878 4 2 1 1 427 529 1682 2054
7879 4 2 1 1 1377 1603 1656 2266
7880 4 2 1 1 704 1959 586 2238
7881 4 2 1 1 1662 1843 1402 2102
7882 4 2 1 1 1087 1086 1085 1588
7883 4 2 1 1 1584 1415 2037 2244
7884 4 2 1 1 71 187 43 1540
7885 4 2 1 1 907 1857 413 1900
7886 4 2 1 1 337 335 1976 1987
7887 4 2 1 1 767 759 760 1826
7888 4 2 1 1 1053 904 1470 2097
7889 4 2 1 1 1607 1938 1335 2204
7890 4 2 1 1 720 1566 274 2207
7891 4 2 1 1 489 178 1735 2263
7892 4 2 1 1 300 1492 302 2186
7893 4 2 1 1 1521 1745 1321 2143
7894 4 2 1 1 930 890 590 1527
7895 4 2 1 1 1530 1669 1387 2269
7896 4 2 1 1 1575 1797 1436 2263
7897 4 2 1 1 620 998 493 1549
7898 4 2 1 1 1500 1334 1800 1939
7899 4 2 1 1 1411 1700 1518 1947
7900 4 2 1 1 207 745 223 2044
7901 4 2 1 1 660 1641 547 1813
7902 4 2 1 1 1494 1178 1768 2061
7903 4 2 1 1 1153 1739 1568 2045
7904 4 2 1 1 843 905 953 1912
7905 4 2 1 1 993 250 1537 2062
7906 4 2 1 1 144 141 2091 2254
7907 4 2 1 1 85 1675 88 1960
7908 4 2 1 1 1478 1335 1938 2050
7909 4 2 1 1 1103 1104 1501 2174
7910 4 2 1 1 72 75 702 1876
7911 4 2 1 1 207 210 745 1538
7912 4 2 1 1 991 193 192 1878
7913 4 2 1 1 664 575 1584 2048
7914 4 2 1 1 1248 1247 1585 1952
7915 4 2 1 1 96 725 99 1630
7916 4 2 1 1 251 1720 261 1930
7917 4 2 1 1 1490 1966 682 2238
7918 4 2 1 1 1481 1671 1332 1925
7919 4 2 1 1 1579 1652 1420 2252
7920 4 2 1 1 1752 1819 1354 1951
7921 4 2 1 1 314 311 1569 2035
7922 4 2 1 1 1585 1676 1464 2206
7923 4 2 1 1 836 211 145 1833
7924 4 2 1 1 1765 2088 1817 2247
7925 4 2 1 1 1172 2055 1607 2090
7926 4 2 1 1 1104 1592 1946 2174
7927 4 2 1 1 1366 1501 1883 1946
7928 4 2 1 1 1595 1716 967 2265
7929 4 2 1 1 141 1476 2091 2254
7930 4 2 1 1 210 526 617 1686
7931 4 2 1 1 1339 1492 1846 2178
7932 4 2 1 1 1581 1358 2225 2264
7933 4 2 1 1 126 127 1719 2002
7934 4 2 1 1 1285 2003 1637 2057
7935 4 2 1 1 1128 1300 1581 2089
7936 4 2 1 1 1591 1724 1341 2061
7937 4 2 1 1 343 845 1060 2241
7938 4 2 1 1 264 1505 1935 2140
7939 4 2 1 1 1408 1510 1801 1981
7940 4 2 1 1 1564 1643 1371 2033
7941 4 2 1 1 1355 1769 1485 1862
7942 4 2 1 1 1249 1182 1587 2205
7943 4 2 1 1 1399 1623 1661 2185
7944 4 2 1 1 1564 2105 1975 2253
7945 4 2 1 1 392 381 396 1823
7946 4 2 1 1 1713 1970 1120 2111
7947 4 2 1 1 1512 2116 1659 2239
7948 4 2 1 1 1631 1989 1132 2046
7949 4 2 1 1 1323 1864 1617 2030
7950 4 2 1 1 1404 1739 1633 1948
7951 4 2 1 1 475 1792 992 1904
7952 4 2 1 1 1659 2116 1329 2239
7953 4 2 1 1 1537 1710 1419 2079
7954 4 2 1 1 807 1791 410 2193
7955 4 2 1 1 430 1565 428 2137
7956 4 2 1 1 1385 1553 1995 2244
7957 4 2 1 1 993 1537 601 2062
7958 4 2 1 1 443 603 447 1687
7959 4 2 1 1 1530 1734 1387 2049
7960 4 2 1 1 441 888 950 1708
7961 4 2 1 1 555 876 462 1477
7962 4 2 1 1 766 765 1770 1853
7963 4 2 1 1 1084 1559 1085 2256
7964 4 2 1 1 480 1481 576 2193
7965 4 2 1 1 150 1941 1685 2042
7966 4 2 1 1 280 1566 720 2201
7967 4 2 1 1 1205 2010 1506 2116
7968 4 2 1 1 674 696 675 1861
7969 4 2 1 1 1501 1732 1327 2230
7970 4 2 1 1 1198 1564 1975 2134
7971 4 2 1 1 639 903 527 1894
7972 4 2 1 1 169 1800 1500 2167
7973 4 2 1 1 108 846 1612 1885
7974 4 2 1 1 295 307 294 1918
7975 4 2 1 1 1126 1108 1246 1532
7976 4 2 1 1 1344 1498 1989 2161
7977 4 2 1 1 1429 1728 1642 1761
7978 4 2 1 1 1539 1710 1419 2190
7979 4 2 1 1 475 731 948 1897
7980 4 2 1 1 114 605 1595 1866
7981 4 2 1 1 111 905 796 1803
7982 4 2 1 1 32 1202 1070 1613
7983 4 2 1 1 39 1642 1740 2163
7984 4 2 1 1 815 1859 1869 2043
7985 4 2 1 1 103 1693 105 2084
7986 4 2 1 1 724 561 224 1867
7987 4 2 1 1 938 1834 751 2112
7988 4 2 1 1 1166 1219 1817 2134
7989 4 2 1 1 1449 1812 1638 2164
7990 4 2 1 1 1358 1582 1624 1986
7991 4 2 1 1 1270 1691 1467 1993
7992 4 2 1 1 917 959 378 1928
7993 4 2 1 1 418 534 491 1658
7994 4 2 1 1 1621 1982 1632 2188
7995 4 2 1 1 1355 1742 1664 2031
7996 4 2 1 1 173 779 171 1599
7997 4 2 1 1 1341 2180 1699 2215
7998 4 2 1 1 1522 1740 1073 1870
7999 4 2 1 1 70 77 1802 1899
8000 4 2 1 1 1773 1943 1359 2218
8001 4 2 1 1 1114 1628 1111 1985
8002 4 2 1 1 1392 1514 1667 2118
8003 4 2 1 1 1204 1758 1205 2010
8004 4 2 1 1 1546 1959 704 2238
8005 4 2 1 1 340 1976 1472 2197
8006 4 2 1 1 1581 2225 1658 2264
8007 4 2 1 1 1703 1952 1707 2150
8008 4 2 1 1 682 1490 683 2013
8009 4 2 1 1 1302 1673 1557 2111
8010 4 2 1 1 1718 1907 1572 2182
8011 4 2 1 1 737 974 738 1814
8012 4 2 1 1 1104 1592 1262 1946
8013 4 2 1 1 797 1803 522 2120
8014 4 2 1 1 931 907 1015 1738
8015 4 2 1 1 1685 1869 152 2042
8016 4 2 1 1 944 464 727 1871
8017 4 2 1 1 128 1719 127 2024
8018 4 2 1 1 707 85 1937 2168
8019 4 2 1 1 474 1804 1000 1913
8020 4 2 1 1 910 550 1766 2162
8021 4 2 1 1 1440 1659 1512 1842
8022 4 2 1 1 1134 1556 1133 1973
8023 4 2 1 1 730 1932 729 2210
8024 4 2 1 1 144 209 836 1833
8025 4 2 1 1 1401 1629 1553 2226
8026 4 2 1 1 1146 1649 1099 1696
8027 4 2 1 1 968 1508 653 2191
8028 4 2 1 1 1099 1649 1145 1910
8029 4 2 1 1 1367 1672 1985 2237
8030 4 2 1 1 763 761 762 1963
8031 4 2 1 1 474 505 80 1482
8032 4 2 1 1 1346 1466 1763 1971
8033 4 2 1 1 363 326 328 1774
8034 4 2 1 1 342 340 1472 2197
8035 4 2 1 1 1375 1461 1905 2142
8036 4 2 1 1 1622 1623 1399 2185
8037 4 2 1 1 1544 2115 1732 2220
8038 4 2 1 1 1102 1883 1501 1946
8039 4 2 1 1 565 1614 527 2043
8040 4 2 1 1 206 1799 204 1904
8041 4 2 1 1 1373 1889 1626 2247
8042 4 2 1 1 679 1899 25 1966
8043 4 2 1 1 70 1802 55 1899
8044 4 2 1 1 1277 1536 1259 2111
8045 4 2 1 1 1716 1856 1385 2222
8046 4 2 1 1 1407 1593 1520 2196
8047 4 2 1 1 1743 1833 1474 2235
8048 4 2 1 1 1399 1661 1623 2113
8049 4 2 1 1 899 1495 712 2159
8050 4 2 1 1 1377 2114 2253 2259
8051 4 2 1 1 1019 689 941 1964
8052 4 2 1 1 1367 1840 1673 1985
8053 4 2 1 1 735 1509 734 2144
8054 4 2 1 1 181 1685 152 2042
8055 4 2 1 1 344 346 739 1977
8056 4 2 1 1 1306 1289 1127 1844
8057 4 2 1 1 1378 1562 1754 2245
8058 4 2 1 1 1569 2035 311 2169
8059 4 2 1 1 1359 1943 1684 2218
8060 4 2 1 1 1323 1589 1508 1864
8061 4 2 1 1 1425 1693 1542 2208
8062 4 2 1 1 1336 2012 1730 2073
8063 4 2 1 1 170 171 151 1941
8064 4 2 1 1 1514 1708 1407 2227
8065 4 2 1 1 1311 1545 1187 2119
8066 4 2 1 1 1213 1543 1215 2005
8067 4 2 1 1 213 1950 1783 2091
8068 4 2 1 1 39 1728 1642 2163
8069 4 2 1 1 1481 480 2117 2193
8070 4 2 1 1 944 1626 609 1812
8071 4 2 1 1 735 855 1509 2112
8072 4 2 1 1 1589 1236 1751 1916
8073 4 2 1 1 630 1661 1802 2113
8074 4 2 1 1 198 200 215 2140
8075 4 2 1 1 1392 1722 2087 2127
8076 4 2 1 1 124 122 157 1919
8077 4 2 1 1 255 160 2108 2224
8078 4 2 1 1 1330 1661 1623 2185
8079 4 2 1 1 60 684 22 2200
8080 4 2 1 1 60 22 1698 2200
8081 4 2 1 1 510 1897 1685 2243
8082 4 2 1 1 794 497 902 1915
8083 4 2 1 1 997 1843 1049 1850
8084 4 2 1 1 1273 1132 1631 1989
8085 4 2 1 1 1233 1582 1210 1956
8086 4 2 1 1 1279 1557 1168 2020
8087 4 2 1 1 1331 1992 1841 2251
8088 4 2 1 1 1604 1380 1929 2124
8089 4 2 1 1 1975 2105 1751 2253
8090 4 2 1 1 701 83 939 1518
8091 4 2 1 1 481 578 807 1825
8092 4 2 1 1 611 1778 1012 2025
8093 4 2 1 1 1339 1756 1519 2246
8094 4 2 1 1 1638 1812 1412 2164
8095 4 2 1 1 1270 1467 1691 2010
8096 4 2 1 1 398 1596 1791 2015
8097 4 2 1 1 1134 1986 1300 2089
8098 4 2 1 1 1261 1262 1104 1592
8099 4 2 1 1 1525 1881 1684 2251
8100 4 2 1 1 366 380 413 1541
8101 4 2 1 1 1464 1780 1585 2206
8102 4 2 1 1 1186 1643 1564 2033
8103 4 2 1 1 1530 1630 1351 1953
8104 4 2 1 1 1450 1856 1716 2222
8105 4 2 1 1 1045 2080 1827 2097
8106 4 2 1 1 1560 1863 1449 1871
8107 4 2 1 1 388 316 748 2066
8108 4 2 1 1 1638 1164 1754 2139
8109 4 2 1 1 507 612 508 2106
8110 4 2 1 1 1525 1844 1591 1933
8111 4 2 1 1 782 895 783 1544
8112 4 2 1 1 1038 896 805 1711
8113 4 2 1 1 1176 1724 1177 2061
8114 4 2 1 1 1322 1589 1864 2270
8115 4 2 1 1 1174 1652 1190 1727
8116 4 2 1 1 601 993 1036 1537
8117 4 2 1 1 1377 1646 1499 1965
8118 4 2 1 1 1556 1617 1340 1973
8119 4 2 1 1 1205 1292 1281 2116
8120 4 2 1 1 1531 1831 1682 2232
8121 4 2 1 1 1549 1793 1334 1939
8122 4 2 1 1 1304 1184 1197 1933
8123 4 2 1 1 392 1733 396 1979
8124 4 2 1 1 1352 1486 1681 2181
8125 4 2 1 1 183 185 184 2149
8126 4 2 1 1 504 491 642 1926
8127 4 2 1 1 1168 1502 1157 2020
8128 4 2 1 1 22 21 57 1698
8129 4 2 1 1 300 302 1492 2178
8130 4 2 1 1 1757 2182 1497 2230
8131 4 2 1 1 807 878 1666 2096
8132 4 2 1 1 1122 1123 1773 1881
8133 4 2 1 1 14 72 1876 1967
8134 4 2 1 1 1318 1718 1572 2182
8135 4 2 1 1 1476 1365 1833 2254
8136 4 2 1 1 462 1477 876 2192
8137 4 2 1 1 688 654 1681 2135
8138 4 2 1 1 5 54 673 2051
8139 4 2 1 1 516 463 1894 2092
8140 4 2 1 1 477 1025 478 1571
8141 4 2 1 1 1133 1554 1138 1973
8142 4 2 1 1 1293 1237 1117 1956
8143 4 2 1 1 122 1919 123 2213
8144 4 2 1 1 1072 1270 1467 1993
8145 4 2 1 1 1476 1950 1614 2092
8146 4 2 1 1 1112 1115 1648 2004
8147 4 2 1 1 1342 1503 2146 2199
8148 4 2 1 1 344 845 341 1837
8149 4 2 1 1 1151 1150 1153 1739
8150 4 2 1 1 1238 1132 1989 2046
8151 4 2 1 1 518 2097 186 2248
8152 4 2 1 1 470 539 258 2079
8153 4 2 1 1 1337 2053 1640 2267
8154 4 2 1 1 1073 1216 1522 1870
8155 4 2 1 1 855 734 735 1509
8156 4 2 1 1 1542 1793 1334 2133
8157 4 2 1 1 1352 1681 1913 2181
8158 4 2 1 1 1058 647 245 1971
8159 4 2 1 1 359 360 358 1819
8160 4 2 1 1 1259 1277 1114 1536
8161 4 2 1 1 389 353 323 2229
8162 4 2 1 1 1096 1639 1252 1998
8163 4 2 1 1 1469 1819 1951 2143
8164 4 2 1 1 1548 1683 1361 2206
8165 4 2 1 1 1361 1699 1768 2180
8166 4 2 1 1 1785 1908 669 2159
8167 4 2 1 1 712 899 467 1495
8168 4 2 1 1 763 1853 761 1963
8169 4 2 1 1 278 274 1566 2207
8170 4 2 1 1 393 410 807 1791
8171 4 2 1 1 1798 1916 1487 2070
8172 4 2 1 1 688 1681 654 1936
8173 4 2 1 1 1239 1580 1240 2221
8174 4 2 1 1 1602 1932 1608 2210
8175 4 2 1 1 1216 1522 1870 2007
8176 4 2 1 1 701 83 1518 1947
8177 4 2 1 1 691 694 530 1610
8178 4 2 1 1 1125 1245 1112 2153
8179 4 2 1 1 1671 1925 277 2207
8180 4 2 1 1 636 1549 998 1939
8181 4 2 1 1 1483 1909 1337 1984
8182 4 2 1 1 1434 1733 1791 2094
8183 4 2 1 1 1070 1204 1205 2010
8184 4 2 1 1 166 1731 118 1862
8185 4 2 1 1 98 99 100 1865
8186 4 2 1 1 1419 1480 1789 2190
8187 4 2 1 1 935 1830 1578 2168
8188 4 2 1 1 1831 2155 1682 2232
8189 4 2 1 1 1109 1108 1107 1654
8190 4 2 1 1 381 392 386 1733
8191 4 2 1 1 1091 1251 1563 2095
8192 4 2 1 1 1377 2114 1751 2253
8193 4 2 1 1 1520 1708 1390 1978
8194 4 2 1 1 691 1610 692 1996
8195 4 2 1 1 1195 1309 1779 1854
8196 4 2 1 1 1394 1740 1522 1870
8197 4 2 1 1 191 184 2149 2217
8198 4 2 1 1 1155 1896 1636 2045
8199 4 2 1 1 1301 1223 1221 2127
8200 4 2 1 1 1327 1480 2182 2230
8201 4 2 1 1 1663 1771 1382 2239
8202 4 2 1 1 1252 1101 1137 2050
8203 4 2 1 1 1064 967 605 1595
8204 4 2 1 1 1101 1131 1137 1809
8205 4 2 1 1 1730 1854 1415 2244
8206 4 2 1 1 1370 1481 1825 2109
8207 4 2 1 1 288 289 290 1511
8208 4 2 1 1 684 1698 22 2200
8209 4 2 1 1 1466 1328 1990 2072
8210 4 2 1 1 322 321 2144 2147
8211 4 2 1 1 1174 1669 1192 2055
8212 4 2 1 1 671 672 971 1908
8213 4 2 1 1 1111 1114 1112 1628
8214 4 2 1 1 1644 1750 1330 2166
8215 4 2 1 1 977 1658 534 2112
8216 4 2 1 1 485 1827 484 1836
8217 4 2 1 1 1228 1214 1620 2005
8218 4 2 1 1 601 1537 1036 1961
8219 4 2 1 1 843 522 905 1803
8220 4 2 1 1 403 422 402 1590
8221 4 2 1 1 1301 1184 1223 1521
8222 4 2 1 1 496 1778 611 2025
8223 4 2 1 1 1447 1894 1606 2151
8224 4 2 1 1 1344 1989 1498 2017
8225 4 2 1 1 353 1663 1010 1847
8226 4 2 1 1 1556 1986 1134 2089
8227 4 2 1 1 1550 1808 1583 1955
8228 4 2 1 1 529 426 1531 2054
8229 4 2 1 1 527 1614 516 1894
8230 4 2 1 1 94 92 116 1530
8231 4 2 1 1 398 1596 411 2193
8232 4 2 1 1 181 510 1685 2243
8233 4 2 1 1 1330 1750 1661 2185
8234 4 2 1 1 1499 1603 1377 1965
8235 4 2 1 1 1250 1483 1637 2003
8236 4 2 1 1 1378 2140 1845 2262
8237 4 2 1 1 895 1009 1544 2014
8238 4 2 1 1 1167 1940 1650 2033
8239 4 2 1 1 1196 1607 1172 2055
8240 4 2 1 1 1109 1108 1654 2125
8241 4 2 1 1 1256 1255 1278 1902
8242 4 2 1 1 1516 1822 1356 1839
8243 4 2 1 1 163 2110 1675 2168
8244 4 2 1 1 897 769 856 2208
8245 4 2 1 1 1085 1559 1083 1974
8246 4 2 1 1 535 456 1489 1848
8247 4 2 1 1 1406 1500 1944 2194
8248 4 2 1 1 1527 1935 590 2202
8249 4 2 1 1 181 150 1685 2042
8250 4 2 1 1 1405 1943 1635 2218
8251 4 2 1 1 797 522 125 2120
8252 4 2 1 1 1575 1335 2022 2263
8253 4 2 1 1 1696 1909 1400 2101
8254 4 2 1 1 516 1894 1614 2092
8255 4 2 1 1 386 1733 810 2015
8256 4 2 1 1 1407 1520 1708 2196
8257 4 2 1 1 1584 1415 2048 2265
8258 4 2 1 1 1005 874 1771 2001
8259 4 2 1 1 1506 2116 2010 2175
8260 4 2 1 1 1323 1589 1864 2030
8261 4 2 1 1 1192 1130 1260 1523
8262 4 2 1 1 1238 1989 1498 2046
8263 4 2 1 1 1259 1536 1985 2111
8264 4 2 1 1 855 1851 1509 2112
8265 4 2 1 1 1539 1789 1480 2190
8266 4 2 1 1 1085 1087 1588 1974
8267 4 2 1 1 1195 1194 1193 1832
8268 4 2 1 1 1324 1573 1779 2027
8269 4 2 1 1 413 802 366 1857
8270 4 2 1 1 226 1922 1474 2034
8271 4 2 1 1 1525 1933 1591 2047
8272 4 2 1 1 38 1073 39 1642
8273 4 2 1 1 1554 1927 1138 2236
8274 4 2 1 1 1595 2027 1324 2037
8275 4 2 1 1 879 336 744 1513
8276 4 2 1 1 1517 1345 1901 2008
8277 4 2 1 1 1601 1739 1404 1948
8278 4 2 1 1 21 1936 1698 2248
8279 4 2 1 1 1382 1771 1663 2006
8280 4 2 1 1 1712 2203 1644 2228
8281 4 2 1 1 472 837 1867 2034
8282 4 2 1 1 566 2023 1772 2059
8283 4 2 1 1 1276 1512 1787 2116
8284 4 2 1 1 1683 1546 2058 2238
8285 4 2 1 1 1176 1177 1178 2061
8286 4 2 1 1 573 1035 1697 1875
8287 4 2 1 1 712 2159 1495 2195
8288 4 2 1 1 195 667 197 1812
8289 4 2 1 1 1311 1911 1545 2119
8290 4 2 1 1 1682 2155 1471 2232
8291 4 2 1 1 1288 1092 1515 2039
8292 4 2 1 1 1256 1257 1558 2036
8293 4 2 1 1 1184 1745 1197 1933
8294 4 2 1 1 557 529 426 1531
8295 4 2 1 1 1698 1936 1426 2248
8296 4 2 1 1 958 944 727 1626
8297 4 2 1 1 1114 1259 1536 1985
8298 4 2 1 1 1374 1842 1462 1927
8299 4 2 1 1 970 1641 660 1930
8300 4 2 1 1 1818 2070 1872 2183
8301 4 2 1 1 288 1511 290 2183
8302 4 2 1 1 1632 1714 1407 2227
8303 4 2 1 1 1333 1486 2028 2181
8304 4 2 1 1 319 352 321 1834
8305 4 2 1 1 121 799 122 1552
8306 4 2 1 1 1275 1854 1730 2073
8307 4 2 1 1 1279 1162 1220 2020
8308 4 2 1 1 423 448 1992 2152
8309 4 2 1 1 1714 1752 1354 1951
8310 4 2 1 1 1713 1852 1120 1970
8311 4 2 1 1 1364 1847 1748 2077
8312 4 2 1 1 854 529 1831 2155
8313 4 2 1 1 1263 1127 1122 1881
8314 4 2 1 1 293 911 656 2018
8315 4 2 1 1 1369 1657 1563 2095
8316 4 2 1 1 1348 1944 1639 1998
8317 4 2 1 1 32 33 1243 1526
8318 4 2 1 1 559 812 558 1602
8319 4 2 1 1 1179 1768 2061 2180
8320 4 2 1 1 1166 1817 1219 2063
8321 4 2 1 1 1039 714 218 1579
8322 4 2 1 1 1093 1563 1136 2074
8323 4 2 1 1 1725 2122 1570 2222
8324 4 2 1 1 1487 1864 1452 2070
8325 4 2 1 1 580 495 581 1855
8326 4 2 1 1 1498 2114 1747 2266
8327 4 2 1 1 1174 1191 1669 1727
8328 4 2 1 1 1512 1659 1440 2239
8329 4 2 1 1 731 475 202 1600
8330 4 2 1 1 1329 2116 1787 2239
8331 4 2 1 1 1109 1111 1110 1835
8332 4 2 1 1 17 863 16 1583
8333 4 2 1 1 1715 1774 1383 1942
8334 4 2 1 1 1407 1714 1632 2216
8335 4 2 1 1 1402 1701 1996 2102
8336 4 2 1 1 1622 1399 1736 2185
8337 4 2 1 1 523 825 428 1921
8338 4 2 1 1 447 545 514 1978
8339 4 2 1 1 201 1012 199 1524
8340 4 2 1 1 1552 1919 122 2213
8341 4 2 1 1 1584 1995 1553 2244
8342 4 2 1 1 1206 1315 1798 1916
8343 4 2 1 1 1567 1400 1898 1950
8344 4 2 1 1 941 1808 619 1964
8345 4 2 1 1 1377 1540 1965 2266
8346 4 2 1 1 1595 2048 1415 2265
8347 4 2 1 1 1517 2008 1901 2221
8348 4 2 1 1 1730 2012 1631 2073
8349 4 2 1 1 1628 1672 1434 1835
8350 4 2 1 1 202 731 1600 2149
8351 4 2 1 1 1245 1858 1616 2153
8352 4 2 1 1 733 1606 1020 1894
8353 4 2 1 1 1334 1793 1542 1800
8354 4 2 1 1 750 315 394 1535
8355 4 2 1 1 862 1481 809 1925
8356 4 2 1 1 568 455 864 1473
8357 4 2 1 1 1105 1732 1103 2230
8358 4 2 1 1 683 1709 973 2013
8359 4 2 1 1 87 85 88 1960
8360 4 2 1 1 1656 1747 1242 2114
8361 4 2 1 1 462 1841 1477 2192
8362 4 2 1 1 1352 1804 1482 1913
8363 4 2 1 1 1832 2027 1350 2158
8364 4 2 1 1 1200 1209 1208 2067
8365 4 2 1 1 1674 2074 1696 2101
8366 4 2 1 1 1407 1667 1514 2216
8367 4 2 1 1 1327 2182 1757 2230
8368 4 2 1 1 569 1053 904 1470
8369 4 2 1 1 1512 1787 2116 2239
8370 4 2 1 1 1067 1077 1079 1678
8371 4 2 1 1 1596 1816 811 2117
8372 4 2 1 1 683 989 803 1746
8373 4 2 1 1 1153 1150 1285 2003
8374 4 2 1 1 1365 1743 1543 2235
8375 4 2 1 1 228 724 1547 2165
8376 4 2 1 1 1572 1718 1318 1892
8377 4 2 1 1 1544 1326 2115 2220
8378 4 2 1 1 1484 1328 1813 2165
8379 4 2 1 1 1320 1703 1548 2058
8380 4 2 1 1 1537 1961 601 2062
8381 4 2 1 1 1632 2086 440 2103
8382 4 2 1 1 1331 1711 2047 2152
8383 4 2 1 1 1205 1506 1292 2116
8384 4 2 1 1 977 835 1658 1888
8385 4 2 1 1 1234 1868 1617 2030
8386 4 2 1 1 31 1238 1498 2046
8387 4 2 1 1 1638 1412 1817 2164
8388 4 2 1 1 1659 2116 1159 2236
8389 4 2 1 1 634 986 617 1686
8390 4 2 1 1 930 1527 590 2202
8391 4 2 1 1 1376 2012 1526 2046
8392 4 2 1 1 1901 2008 1345 2221
8393 4 2 1 1 881 843 1001 1912
8394 4 2 1 1 1218 1644 1231 2228
8395 4 2 1 1 127 522 842 1503
8396 4 2 1 1 1425 1793 1542 2133
8397 4 2 1 1 1609 1694 1387 2158
8398 4 2 1 1 1508 1864 1589 2270
8399 4 2 1 1 1508 1818 1322 2191
8400 4 2 1 1 36 1074 35 1504
8401 4 2 1 1 554 857 961 1760
8402 4 2 1 1 1246 1532 1108 2125
8403 4 2 1 1 1802 2099 1811 2113
8404 4 2 1 1 1807 2032 233 2053
8405 4 2 1 1 52 17 1583 1808
8406 4 2 1 1 964 926 544 1895
8407 4 2 1 1 1399 1811 2099 2113
8408 4 2 1 1 1526 1401 1717 2156
8409 4 2 1 1 102 769 104 2208
8410 4 2 1 1 582 527 1859 2043
8411 4 2 1 1 214 156 211 1743
8412 4 2 1 1 1026 1686 526 1904
8413 4 2 1 1 57 1698 21 1936
8414 4 2 1 1 1384 1703 1546 2058
8415 4 2 1 1 1655 1841 1331 2152
8416 4 2 1 1 1476 1400 1950 2091
8417 4 2 1 1 114 1595 649 1866
8418 4 2 1 1 345 347 346 1977
8419 4 2 1 1 823 166 118 1862
8420 4 2 1 1 1596 1654 1370 2094
8421 4 2 1 1 1735 1939 1549 2204
8422 4 2 1 1 1319 1840 1673 2232
8423 4 2 1 1 1393 1805 2021 2149
8424 4 2 1 1 98 1769 736 1865
8425 4 2 1 1 1322 2070 1916 2234
8426 4 2 1 1 635 1677 492 1991
8427 4 2 1 1 1596 2117 411 2193
8428 4 2 1 1 1301 1957 1667 2093
8429 4 2 1 1 30 31 1238 1498
8430 4 2 1 1 1422 1615 1887 2181
8431 4 2 1 1 935 700 1830 2168
8432 4 2 1 1 1409 1760 1505 1935
8433 4 2 1 1 1106 1688 1261 2174
8434 4 2 1 1 144 2091 1833 2254
8435 4 2 1 1 1364 1842 1512 2041
8436 4 2 1 1 1357 1956 1582 2148
8437 4 2 1 1 1359 1477 1790 2251
8438 4 2 1 1 558 729 730 1932
8439 4 2 1 1 1557 1319 1713 2111
8440 4 2 1 1 1190 1273 1727 1989
8441 4 2 1 1 1388 1531 1759 2054
8442 4 2 1 1 1180 1276 1160 1512
8443 4 2 1 1 1000 1062 1913 1936
8444 4 2 1 1 1628 1672 1111 1985
8445 4 2 1 1 1482 1761 1678 2068
8446 4 2 1 1 882 922 988 2165
8447 4 2 1 1 1719 2002 1503 2257
8448 4 2 1 1 1140 1283 1296 1664
8449 4 2 1 1 575 604 664 1584
8450 4 2 1 1 1083 1082 1211 1762
8451 4 2 1 1 1622 1736 1399 2068
8452 4 2 1 1 741 778 1714 1951
8453 4 2 1 1 626 1875 574 2076
8454 4 2 1 1 1374 1738 1489 1900
8455 4 2 1 1 894 925 973 2200
8456 4 2 1 1 1491 1358 1868 2264
8457 4 2 1 1 102 104 1693 2208
8458 4 2 1 1 1257 1673 1558 2036
8459 4 2 1 1 1323 1864 1508 2170
8460 4 2 1 1 1201 1235 1589 2030
8461 4 2 1 1 1076 1761 1678 2100
8462 4 2 1 1 126 799 121 2002
8463 4 2 1 1 874 1634 946 2076
8464 4 2 1 1 119 1731 117 2120
8465 4 2 1 1 67 45 66 1700
8466 4 2 1 1 997 1049 624 1850
8467 4 2 1 1 1012 1524 1778 2154
8468 4 2 1 1 1318 1821 1529 1923
8469 4 2 1 1 46 685 14 1967
8470 4 2 1 1 987 1671 577 1825
8471 4 2 1 1 1391 2035 1569 2169
8472 4 2 1 1 412 1596 2015 2106
8473 4 2 1 1 938 735 1834 2112
8474 4 2 1 1 123 823 120 2213
8475 4 2 1 1 1027 1677 978 1987
8476 4 2 1 1 809 1764 1481 2117
8477 4 2 1 1 1388 1558 1673 2036
8478 4 2 1 1 1218 1929 1644 2228
8479 4 2 1 1 103 104 105 1693
8480 4 2 1 1 290 1918 1511 2195
8481 4 2 1 1 450 483 934 2080
8482 4 2 1 1 978 635 785 1677
8483 4 2 1 1 173 176 779 2022
8484 4 2 1 1 1547 2032 231 2165
8485 4 2 1 1 1110 1616 1246 2125
8486 4 2 1 1 853 529 1531 1831
8487 4 2 1 1 826 2162 263 2249
8488 4 2 1 1 1632 1407 1982 2227
8489 4 2 1 1 589 1029 650 2082
8490 4 2 1 1 445 1662 459 2103
8491 4 2 1 1 1627 1709 1394 2200
8492 4 2 1 1 1027 633 635 1677
8493 4 2 1 1 1382 1663 1836 2006
8494 4 2 1 1 1562 1946 1592 2214
8495 4 2 1 1 809 1481 480 2117
8496 4 2 1 1 1273 1238 1132 1989
8497 4 2 1 1 204 202 1600 2021
8498 4 2 1 1 1082 1750 1078 2166
8499 4 2 1 1 344 1962 346 1977
8500 4 2 1 1 1364 1824 1724 2041
8501 4 2 1 1 1082 1080 1078 1750
8502 4 2 1 1 324 317 323 2229
8503 4 2 1 1 1415 2037 1595 2265
8504 4 2 1 1 61 28 29 1996
8505 4 2 1 1 1845 2140 1527 2262
8506 4 2 1 1 1288 1094 1252 1938
8507 4 2 1 1 1596 1396 2015 2106
8508 4 2 1 1 1324 2027 1779 2037
8509 4 2 1 1 301 300 302 2186
8510 4 2 1 1 1386 1796 2188 2205
8511 4 2 1 1 216 1726 2129 2140
8512 4 2 1 1 56 71 9 1785
8513 4 2 1 1 1005 399 874 2001
8514 4 2 1 1 1510 1368 1778 2173
8515 4 2 1 1 30 2114 1765 2253
8516 4 2 1 1 289 290 1511 2195
8517 4 2 1 1 1347 1928 1508 2023
8518 4 2 1 1 1192 1669 1193 1832
8519 4 2 1 1 980 801 365 1820
8520 4 2 1 1 1242 1751 1656 2114
8521 4 2 1 1 1309 1295 1225 1619
8522 4 2 1 1 463 527 516 1894
8523 4 2 1 1 542 783 1816 1829
8524 4 2 1 1 1372 1674 1614 2151
8525 4 2 1 1 1335 1500 1735 2204
8526 4 2 1 1 1606 1894 1343 2151
8527 4 2 1 1 1157 1168 1154 1502
8528 4 2 1 1 450 1788 483 2080
8529 4 2 1 1 445 816 459 1662
8530 4 2 1 1 279 222 273 1965
8531 4 2 1 1 732 1807 241 1924
8532 4 2 1 1 1207 2011 1141 2236
8533 4 2 1 1 1534 1355 1838 2031
8534 4 2 1 1 1305 1181 1211 1555
8535 4 2 1 1 1518 1661 1411 1947
8536 4 2 1 1 1351 2055 1652 2090
8537 4 2 1 1 1254 1647 1680 2064
8538 4 2 1 1 1298 1192 1194 1832
8539 4 2 1 1 1369 1534 1657 2095
8540 4 2 1 1 1916 2070 1798 2234
8541 4 2 1 1 1765 2253 2114 2259
8542 4 2 1 1 1113 1672 1109 1902
8543 4 2 1 1 1079 1226 1227 1887
8544 4 2 1 1 1085 1084 1083 1559
8545 4 2 1 1 1104 1261 1592 2174
8546 4 2 1 1 1332 1925 1671 2207
8547 4 2 1 1 1319 2155 1831 2232
8548 4 2 1 1 1341 1768 1699 2180
8549 4 2 1 1 865 1553 675 2123
8550 4 2 1 1 1550 1345 1784 1955
8551 4 2 1 1 815 1869 1057 2043
8552 4 2 1 1 819 440 439 1632
8553 4 2 1 1 1500 1334 1939 2204
8554 4 2 1 1 441 435 813 1520
8555 4 2 1 1 1027 1884 1677 1987
8556 4 2 1 1 1616 1858 1245 2067
8557 4 2 1 1 280 278 274 1566
8558 4 2 1 1 1217 1312 1740 2163
8559 4 2 1 1 1349 1736 1622 2068
8560 4 2 1 1 665 1784 875 1955
8561 4 2 1 1 1062 654 1913 1936
8562 4 2 1 1 1681 1913 654 1936
8563 4 2 1 1 1115 1116 1117 2004
8564 4 2 1 1 1591 1844 1525 2047
8565 4 2 1 1 1242 1206 1202 1656
8566 4 2 1 1 1772 2023 1347 2105
8567 4 2 1 1 612 1036 508 1710
8568 4 2 1 1 1396 1654 1596 2094
8569 4 2 1 1 191 2149 1805 2217
8570 4 2 1 1 643 1968 1744 2014
8571 4 2 1 1 748 1489 456 2066
8572 4 2 1 1 1355 2031 1664 2060
8573 4 2 1 1 228 231 1547 2032
8574 4 2 1 1 53 926 964 1597
8575 4 2 1 1 1626 1889 1782 2247
8576 4 2 1 1 137 138 139 1608
8577 4 2 1 1 1089 1838 1298 2031
8578 4 2 1 1 1491 1868 1556 2264
8579 4 2 1 1 327 734 1715 2144
8580 4 2 1 1 1707 1810 1241 1880
8581 4 2 1 1 1515 1938 1607 2204
8582 4 2 1 1 162 1716 1995 2265
8583 4 2 1 1 1408 2018 1566 2107
8584 4 2 1 1 288 1872 1511 2183
8585 4 2 1 1 1282 1315 1235 1487
8586 4 2 1 1 1729 2108 1398 2224
8587 4 2 1 1 733 463 138 1894
8588 4 2 1 1 495 253 967 1716
8589 4 2 1 1 319 750 352 1834
8590 4 2 1 1 627 888 1978 2241
8591 4 2 1 1 1280 1126 1891 1911
8592 4 2 1 1 132 1605 134 1906
8593 4 2 1 1 1285 1637 1215 2057
8594 4 2 1 1 1451 2096 1625 2157
8595 4 2 1 1 1423 1781 1704 1886
8596 4 2 1 1 500 585 501 1780
8597 4 2 1 1 1580 1382 1787 2071
8598 4 2 1 1 277 987 862 1925
8599 4 2 1 1 776 454 567 1772
8600 4 2 1 1 1797 2202 616 2263
8601 4 2 1 1 270 1704 272 1925
8602 4 2 1 1 1498 2046 1989 2161
8603 4 2 1 1 1352 1755 1486 2100
8604 4 2 1 1 838 1685 1941 2243
8605 4 2 1 1 498 500 499 1780
8606 4 2 1 1 1505 1726 1378 2140
8607 4 2 1 1 85 707 88 1675
8608 4 2 1 1 1781 1886 1566 2207
8609 4 2 1 1 1157 1502 1154 2045
8610 4 2 1 1 1399 1661 1750 2185
8611 4 2 1 1 1376 1874 1597 2012
8612 4 2 1 1 1419 2079 1572 2190
8613 4 2 1 1 415 308 414 1561
8614 4 2 1 1 775 404 942 1963
8615 4 2 1 1 1620 1674 1400 2101
8616 4 2 1 1 134 881 254 1605
8617 4 2 1 1 1619 1854 1295 2122
8618 4 2 1 1 1629 1967 1401 2179
8619 4 2 1 1 223 208 207 1907
8620 4 2 1 1 577 1825 579 2096
8621 4 2 1 1 1332 1688 1592 1911
8622 4 2 1 1 121 1552 122 2213
8623 4 2 1 1 1218 1929 1651 2057
8624 4 2 1 1 1674 2074 1705 2151
8625 4 2 1 1 253 495 494 1716
8626 4 2 1 1 1559 2146 1503 2199
8627 4 2 1 1 1470 904 1827 2097
8628 4 2 1 1 1250 1637 1285 2003
8629 4 2 1 1 2012 2046 1631 2073
8630 4 2 1 1 1674 1696 1400 2101
8631 4 2 1 1 1286 1631 1132 2073
8632 4 2 1 1 278 1566 2018 2207
8633 4 2 1 1 130 1622 257 2024
8634 4 2 1 1 1506 2010 1758 2175
8635 4 2 1 1 1569 1934 1323 2184
8636 4 2 1 1 1328 1813 2034 2072
8637 4 2 1 1 146 1721 756 2167
8638 4 2 1 1 1416 1544 2014 2220
8639 4 2 1 1 16 52 17 1583
8640 4 2 1 1 1382 1824 1512 2071
8641 4 2 1 1 641 1790 487 1992
8642 4 2 1 1 1460 1855 1862 2060
8643 4 2 1 1 1404 1633 1739 1990
8644 4 2 1 1 1106 1261 1688 1911
8645 4 2 1 1 1379 1922 1775 2072
8646 4 2 1 1 1453 1803 2120 2146
8647 4 2 1 1 1375 1471 1890 2242
8648 4 2 1 1 1538 2014 745 2044
8649 4 2 1 1 577 578 1825 2096
8650 4 2 1 1 456 553 535 1489
8651 4 2 1 1 1545 1408 1891 1981
8652 4 2 1 1 1422 2075 1741 2108
8653 4 2 1 1 683 803 973 1709
8654 4 2 1 1 1459 1895 1597 2012
8655 4 2 1 1 857 986 1760 2038
8656 4 2 1 1 618 1538 210 1968
8657 4 2 1 1 1095 1689 1097 1998
8658 4 2 1 1 1529 2000 2052 2160
8659 4 2 1 1 1228 1620 1152 2101
8660 4 2 1 1 788 356 357 1847
8661 4 2 1 1 500 498 703 1752
8662 4 2 1 1 1610 1707 1320 2150
8663 4 2 1 1 1486 1352 2100 2181
8664 4 2 1 1 1328 1466 1813 2072
8665 4 2 1 1 1369 1885 1612 2019
8666 4 2 1 1 787 427 529 1682
8667 4 2 1 1 290 1511 1918 2183
8668 4 2 1 1 1142 1254 1143 1647
8669 4 2 1 1 1096 1639 1998 2029
8670 4 2 1 1 1133 1129 1554 2089
8671 4 2 1 1 1586 1269 1999 2074
8672 4 2 1 1 1019 537 654 1964
8673 4 2 1 1 692 691 693 1610
8674 4 2 1 1 253 1716 162 2265
8675 4 2 1 1 109 839 146 1721
8676 4 2 1 1 994 929 908 1862
8677 4 2 1 1 671 1756 672 1908
8678 4 2 1 1 1542 1334 1800 2194
8679 4 2 1 1 233 237 238 1807
8680 4 2 1 1 314 312 311 2035
8681 4 2 1 1 1012 199 1524 2154
8682 4 2 1 1 1674 1372 2074 2151
8683 4 2 1 1 899 467 1495 2178
8684 4 2 1 1 895 900 2014 2044
8685 4 2 1 1 1338 1452 1918 2070
8686 4 2 1 1 659 2113 629 2171
8687 4 2 1 1 1703 1241 1880 1952
8688 4 2 1 1 181 1685 838 2243
8689 4 2 1 1 1733 2015 1791 2094
8690 4 2 1 1 1662 1850 459 2103
8691 4 2 1 1 1419 1829 1572 2079
8692 4 2 1 1 1074 1725 1504 2028
8693 4 2 1 1 1320 1707 1585 1952
8694 4 2 1 1 653 1508 968 2170
8695 4 2 1 1 1417 1786 1507 2147
8696 4 2 1 1 1201 1589 1307 1975
8697 4 2 1 1 1612 1885 1447 2019
8698 4 2 1 1 146 149 147 2167
8699 4 2 1 1 161 558 153 1932
8700 4 2 1 1 310 2001 399 2229
8701 4 2 1 1 1110 1835 1111 2153
8702 4 2 1 1 257 1622 851 1806
8703 4 2 1 1 625 624 459 1850
8704 4 2 1 1 1093 1586 1095 1998
8705 4 2 1 1 958 1032 933 1782
8706 4 2 1 1 1180 1276 1512 2071
8707 4 2 1 1 1351 2055 1669 2269
8708 4 2 1 1 137 136 138 1931
8709 4 2 1 1 894 648 518 2200
8710 4 2 1 1 1613 1339 1758 2010
8711 4 2 1 1 1027 633 1677 1884
8712 4 2 1 1 1518 1700 1380 1997
8713 4 2 1 1 811 1596 412 2106
8714 4 2 1 1 776 1772 567 1928
8715 4 2 1 1 1600 1689 1410 2177
8716 4 2 1 1 1200 1266 1209 1723
8717 4 2 1 1 1543 1637 2005 2235
8718 4 2 1 1 792 793 1598 1860
8719 4 2 1 1 192 202 2021 2149
8720 4 2 1 1 1633 1948 1529 2083
8721 4 2 1 1 1332 1886 1545 1911
8722 4 2 1 1 1179 1197 1745 2061
8723 4 2 1 1 455 1473 568 2059
8724 4 2 1 1 1770 1853 1353 2198
8725 4 2 1 1 797 796 1803 2120
8726 4 2 1 1 1071 2114 30 2253
8727 4 2 1 1 1673 1840 1531 2232
8728 4 2 1 1 254 733 136 1931
8729 4 2 1 1 1322 1487 1916 2070
8730 4 2 1 1 676 706 926 1874
8731 4 2 1 1 1199 1643 1200 2141
8732 4 2 1 1 981 658 2021 2104
8733 4 2 1 1 1478 1363 2064 2090
8734 4 2 1 1 896 641 804 1992
8735 4 2 1 1 1416 2174 1501 2214
8736 4 2 1 1 1083 1084 1081 2056
8737 4 2 1 1 1886 1911 1592 2119
8738 4 2 1 1 1000 1913 1804 1936
8739 4 2 1 1 118 166 112 1731
8740 4 2 1 1 1043 1718 749 1892
8741 4 2 1 1 1333 2028 1615 2181
8742 4 2 1 1 38 37 1755 2100
8743 4 2 1 1 26 1899 1695 2258
8744 4 2 1 1 1490 1384 1966 2058
8745 4 2 1 1 1544 1764 1326 2220
8746 4 2 1 1 1805 1878 1393 2021
8747 4 2 1 1 1188 1522 1768 2261
8748 4 2 1 1 1089 1130 1298 1838
8749 4 2 1 1 1365 1753 1620 2005
8750 4 2 1 1 1170 1957 1301 2093
8751 4 2 1 1 1393 1689 1910 1999
8752 4 2 1 1 1492 1339 1846 2175
8753 4 2 1 1 1561 1921 415 2249
8754 4 2 1 1 228 1547 231 2165
8755 4 2 1 1 1586 1944 1348 1998
8756 4 2 1 1 1468 2021 1878 2104
8757 4 2 1 1 1123 1119 1122 1773
8758 4 2 1 1 430 523 428 1565
8759 4 2 1 1 1661 2099 1802 2113
8760 4 2 1 1 1520 1390 1708 2196
8761 4 2 1 1 1660 1881 1331 2251
8762 4 2 1 1 72 73 75 1629
8763 4 2 1 1 1092 1094 1288 1515
8764 4 2 1 1 1075 1076 39 1728
8765 4 2 1 1 217 1057 815 1869
8766 4 2 1 1 445 440 2086 2103
8767 4 2 1 1 1431 1620 1637 2235
8768 4 2 1 1 213 1783 212 2091
8769 4 2 1 1 659 1024 629 2113
8770 4 2 1 1 267 1744 2038 2129
8771 4 2 1 1 1146 1909 1649 2101
8772 4 2 1 1 217 2043 1869 2217
8773 4 2 1 1 1172 2064 1652 2090
8774 4 2 1 1 1351 1669 1530 2269
8775 4 2 1 1 278 2018 277 2207
8776 4 2 1 1 1570 1401 1717 2233
8777 4 2 1 1 1569 1934 1535 2138
8778 4 2 1 1 1219 1638 1817 2088
8779 4 2 1 1 181 182 152 1869
8780 4 2 1 1 1485 1324 2027 2060
8781 4 2 1 1 25 679 24 1899
8782 4 2 1 1 138 139 1608 2092
8783 4 2 1 1 18 689 19 1550
8784 4 2 1 1 1113 1109 1255 1902
8785 4 2 1 1 1473 1873 2059 2105
8786 4 2 1 1 896 804 805 1992
8787 4 2 1 1 1427 2059 1873 2105
8788 4 2 1 1 965 623 389 1663
8789 4 2 1 1 1393 1689 1600 2177
8790 4 2 1 1 1096 1998 1689 2029
8791 4 2 1 1 28 1700 955 1701
8792 4 2 1 1 1721 1800 756 2167
8793 4 2 1 1 1272 1086 1742 2256
8794 4 2 1 1 730 1608 1932 2210
8795 4 2 1 1 463 138 1894 2092
8796 4 2 1 1 1392 1684 1877 2127
8797 4 2 1 1 1487 2011 1798 2070
8798 4 2 1 1 253 155 162 1716
8799 4 2 1 1 1430 1640 2053 2267
8800 4 2 1 1 164 218 714 2081
8801 4 2 1 1 1581 1986 1300 2148
8802 4 2 1 1 1356 1839 1822 1991
8803 4 2 1 1 937 1843 695 2102
8804 4 2 1 1 1392 1667 1521 2118
8805 4 2 1 1 1708 1390 1978 2241
8806 4 2 1 1 1488 1722 1852 2087
8807 4 2 1 1 1570 1717 1385 2122
8808 4 2 1 1 1473 1427 1873 2105
8809 4 2 1 1 611 1012 1061 2025
8810 4 2 1 1 1459 1895 1694 1960
8811 4 2 1 1 1298 1283 1140 1573
8812 4 2 1 1 275 809 1764 1925
8813 4 2 1 1 1535 2035 1569 2138
8814 4 2 1 1 1833 1932 143 2254
8815 4 2 1 1 25 1966 1899 2258
8816 4 2 1 1 1735 2022 1335 2263
8817 4 2 1 1 1582 1986 1358 2225
8818 4 2 1 1 1535 1934 1569 2035
8819 4 2 1 1 641 487 804 1992
8820 4 2 1 1 1329 2001 1776 2229
8821 4 2 1 1 1074 1504 36 2028
8822 4 2 1 1 598 599 990 2157
8823 4 2 1 1 1196 1260 1317 2039
8824 4 2 1 1 104 769 107 1882
8825 4 2 1 1 857 830 986 2038
8826 4 2 1 1 1224 1725 1225 2122
8827 4 2 1 1 660 546 547 1641
8828 4 2 1 1 431 432 1890 2137
8829 4 2 1 1 1183 1248 1247 1585
8830 4 2 1 1 1668 1818 1452 1864
8831 4 2 1 1 1976 2087 1472 2197
8832 4 2 1 1 1210 1233 1232 1582
8833 4 2 1 1 1492 1917 300 2178
8834 4 2 1 1 1120 1221 1852 2078
8835 4 2 1 1 1725 2136 1619 2222
8836 4 2 1 1 1450 2136 1954 2222
8837 4 2 1 1 1604 1929 1651 2124
8838 4 2 1 1 1420 1727 1652 2269
8839 4 2 1 1 177 176 175 2022
8840 4 2 1 1 316 307 469 1594
8841 4 2 1 1 1320 1780 1610 1959
8842 4 2 1 1 614 651 519 1954
8843 4 2 1 1 1326 1481 1764 2117
8844 4 2 1 1 1424 1745 1676 2143
8845 4 2 1 1 1180 1512 1160 2041
8846 4 2 1 1 248 718 200 2154
8847 4 2 1 1 649 114 605 1595
8848 4 2 1 1 1719 2002 1552 2009
8849 4 2 1 1 1593 1796 1375 2020
8850 4 2 1 1 37 1244 38 1755
8851 4 2 1 1 1080 1076 1075 1761
8852 4 2 1 1 839 756 146 1721
8853 4 2 1 1 1355 1573 1838 2031
8854 4 2 1 1 1332 1592 1886 1911
8855 4 2 1 1 1600 2021 202 2149
8856 4 2 1 1 870 1578 533 2110
8857 4 2 1 1 1378 1845 1527 2262
8858 4 2 1 1 1641 970 1971 2162
8859 4 2 1 1 650 1029 177 2082
8860 4 2 1 1 1419 1789 1539 2190
8861 4 2 1 1 867 580 919 1692
8862 4 2 1 1 1545 1911 1886 2119
8863 4 2 1 1 300 1917 1492 2186
8864 4 2 1 1 676 699 1874 1994
8865 4 2 1 1 803 391 406 1746
8866 4 2 1 1 1340 1903 1590 2066
8867 4 2 1 1 1320 1952 1585 2206
8868 4 2 1 1 1199 1186 1200 1643
8869 4 2 1 1 1359 1472 1893 2218
8870 4 2 1 1 1199 1528 1201 1975
8871 4 2 1 1 1402 1610 1996 2150
8872 4 2 1 1 1240 2071 1284 2221
8873 4 2 1 1 1335 1737 1575 2022
8874 4 2 1 1 1100 1212 1211 1577
8875 4 2 1 1 566 567 1772 2023
8876 4 2 1 1 1573 2027 1324 2060
8877 4 2 1 1 1533 2056 1226 2256
8878 4 2 1 1 1440 1847 1663 2229
8879 4 2 1 1 82 707 85 1937
8880 4 2 1 1 1389 1516 1972 2069
8881 4 2 1 1 1251 1087 1974 2095
8882 4 2 1 1 1162 1593 1796 2093
8883 4 2 1 1 1141 1235 1265 1973
8884 4 2 1 1 126 1719 770 2009
8885 4 2 1 1 1592 1416 2174 2255
8886 4 2 1 1 589 1935 961 2082
8887 4 2 1 1 1529 1948 2000 2160
8888 4 2 1 1 922 472 837 1867
8889 4 2 1 1 658 1878 2021 2104
8890 4 2 1 1 647 1763 245 1971
8891 4 2 1 1 1400 1475 1898 1909
8892 4 2 1 1 431 432 433 1890
8893 4 2 1 1 1396 1710 2015 2106
8894 4 2 1 1 1290 1618 1680 2088
8895 4 2 1 1 1402 1707 1610 2150
8896 4 2 1 1 425 428 1921 2054
8897 4 2 1 1 1094 1515 1092 1983
8898 4 2 1 1 271 719 720 1781
8899 4 2 1 1 1354 1951 1819 2143
8900 4 2 1 1 1504 1901 36 2028
8901 4 2 1 1 1475 1430 2187 2267
8902 4 2 1 1 1 1604 937 2102
8903 4 2 1 1 286 1690 511 1958
8904 4 2 1 1 582 1859 815 2043
8905 4 2 1 1 1103 1098 1268 1757
8906 4 2 1 1 396 1823 912 1979
8907 4 2 1 1 857 1760 830 2038
8908 4 2 1 1 1063 732 241 1924
8909 4 2 1 1 1260 1130 1317 1523
8910 4 2 1 1 1348 1944 1685 2243
8911 4 2 1 1 1399 2099 1661 2113
8912 4 2 1 1 1639 1653 1446 2029
8913 4 2 1 1 295 299 1795 1917
8914 4 2 1 1 32 31 1747 2046
8915 4 2 1 1 1123 1773 1581 2148
8916 4 2 1 1 1402 1996 1610 2102
8917 4 2 1 1 141 752 148 2091
8918 4 2 1 1 234 214 226 1922
8919 4 2 1 1 398 411 1596 2015
8920 4 2 1 1 1340 1489 2066 2219
8921 4 2 1 1 1109 1835 1110 2125
8922 4 2 1 1 1284 1706 1303 2221
8923 4 2 1 1 1406 1944 1515 2194
8924 4 2 1 1 820 431 434 1890
8925 4 2 1 1 1385 1856 1716 1995
8926 4 2 1 1 1470 1382 2008 2212
8927 4 2 1 1 1380 1701 2124 2268
8928 4 2 1 1 484 483 458 1788
8929 4 2 1 1 1568 1896 1156 2045
8930 4 2 1 1 875 1035 51 1955
8931 4 2 1 1 1382 1470 1836 2212
8932 4 2 1 1 144 141 148 2091
8933 4 2 1 1 190 179 726 1871
8934 4 2 1 1 1385 1995 1584 2244
8935 4 2 1 1 1077 1678 1067 2100
8936 4 2 1 1 1270 1691 1070 2010
8937 4 2 1 1 1272 1533 1226 2256
8938 4 2 1 1 897 856 637 1793
8939 4 2 1 1 720 1781 593 2201
8940 4 2 1 1 114 649 717 1866
8941 4 2 1 1 1146 1649 1909 1984
8942 4 2 1 1 1442 1827 1788 2212
8943 4 2 1 1 1232 1582 1233 1986
8944 4 2 1 1 1190 1290 1314 1618
8945 4 2 1 1 1248 1316 1247 1952
8946 4 2 1 1 31 1498 1747 2046
8947 4 2 1 1 718 1726 200 2154
8948 4 2 1 1 1476 1950 752 2091
8949 4 2 1 1 565 886 516 1614
8950 4 2 1 1 480 809 576 1481
8951 4 2 1 1 1604 1402 2102 2124
8952 4 2 1 1 1604 1701 1 2268
8953 4 2 1 1 1422 1913 1681 2181
8954 4 2 1 1 1203 1794 1624 2141
8955 4 2 1 1 1416 1764 1544 2220
8956 4 2 1 1 627 1978 1879 2241
8957 4 2 1 1 1162 1796 1163 2093
8958 4 2 1 1 29 1996 1701 2102
8959 4 2 1 1 1254 1143 1647 2064
8960 4 2 1 1 723 1634 874 2001
8961 4 2 1 1 1380 1997 1645 2131
8962 4 2 1 1 1341 1591 2061 2180
8963 4 2 1 1 1030 783 861 1764
8964 4 2 1 1 1096 1097 1689 1998
8965 4 2 1 1 1513 1359 1920 2218
8966 4 2 1 1 255 2108 256 2224
8967 4 2 1 1 921 1771 389 2229
8968 4 2 1 1 1392 1977 1514 2118
8969 4 2 1 1 1604 1402 1843 2102
8970 4 2 1 1 271 272 270 1704
8971 4 2 1 1 895 1009 783 1544
8972 4 2 1 1 160 124 157 1741
8973 4 2 1 1 1521 1321 1745 1933
8974 4 2 1 1 439 1632 440 1982
8975 4 2 1 1 1237 1233 1210 1956
8976 4 2 1 1 1364 1748 1551 2077
8977 4 2 1 1 774 772 869 1491
8978 4 2 1 1 759 2035 1826 2169
8979 4 2 1 1 1324 1716 1595 2037
8980 4 2 1 1 283 285 1801 2121
8981 4 2 1 1 1533 1887 1226 2056
8982 4 2 1 1 512 1920 879 2098
8983 4 2 1 1 1393 1805 1475 1878
8984 4 2 1 1 120 122 123 2213
8985 4 2 1 1 773 898 1668 2170
8986 4 2 1 1 1167 1165 1187 1650
8987 4 2 1 1 1146 1984 1909 2101
8988 4 2 1 1 886 516 1614 1950
8989 4 2 1 1 272 1704 271 2207
8990 4 2 1 1 155 253 494 1716
8991 4 2 1 1 31 1747 1498 2114
8992 4 2 1 1 1342 1503 1803 2146
8993 4 2 1 1 1242 1071 1236 1751
8994 4 2 1 1 21 688 1936 2135
8995 4 2 1 1 1249 1241 1707 1810
8996 4 2 1 1 1326 1688 2220 2255
8997 4 2 1 1 1414 1712 1703 2040
8998 4 2 1 1 884 2131 1645 2268
8999 4 2 1 1 455 566 1772 2059
9000 4 2 1 1 1373 2017 1889 2247
9001 4 2 1 1 1233 1986 1582 2148
9002 4 2 1 1 950 1708 740 2227
9003 4 2 1 1 1329 2229 1776 2239
9004 4 2 1 1 545 447 982 1687
9005 4 2 1 1 471 757 191 1805
9006 4 2 1 1 308 1561 415 2249
9007 4 2 1 1 1322 1487 1864 1916
9008 4 2 1 1 497 1551 868 2077
9009 4 2 1 1 1377 1646 2051 2259
9010 4 2 1 1 1170 1587 1957 2093
9011 4 2 1 1 509 2159 712 2195
9012 4 2 1 1 1581 1986 1582 2225
9013 4 2 1 1 1275 1195 1193 1854
9014 4 2 1 1 1557 1319 2111 2232
9015 4 2 1 1 1734 1953 1530 2269
9016 4 2 1 1 1465 1338 2011 2126
9017 4 2 1 1 1430 1878 1475 2187
9018 4 2 1 1 1114 1536 1277 2004
9019 4 2 1 1 1329 2001 2229 2239
9020 4 2 1 1 430 1905 1565 2137
9021 4 2 1 1 1399 1750 1661 2099
9022 4 2 1 1 419 417 1851 2098
9023 4 2 1 1 1153 1568 1156 2045
9024 4 2 1 1 1275 1717 1854 2073
9025 4 2 1 1 1140 1298 1573 2031
9026 4 2 1 1 1336 2073 1730 2244
9027 4 2 1 1 710 898 968 1818
9028 4 2 1 1 857 220 961 1760
9029 4 2 1 1 1097 1689 1095 1999
9030 4 2 1 1 1036 1537 822 2079
9031 4 2 1 1 1297 1725 1074 2028
9032 4 2 1 1 1901 2145 1504 2271
9033 4 2 1 1 97 1865 1866 2172
9034 4 2 1 1 233 1807 732 2032
9035 4 2 1 1 1592 1688 1332 2255
9036 4 2 1 1 1399 1482 1811 2171
9037 4 2 1 1 98 736 97 1865
9038 4 2 1 1 846 953 1612 1912
9039 4 2 1 1 1221 1667 1722 2078
9040 4 2 1 1 1 1701 1604 2102
9041 4 2 1 1 312 311 2035 2169
9042 4 2 1 1 514 1879 627 1978
9043 4 2 1 1 862 576 809 1481
9044 4 2 1 1 154 698 1856 1954
9045 4 2 1 1 1325 1827 1470 2212
9046 4 2 1 1 234 753 486 2085
9047 4 2 1 1 737 738 168 1623
9048 4 2 1 1 620 998 1549 1914
9049 4 2 1 1 1577 1753 1365 2005
9050 4 2 1 1 226 472 235 2034
9051 4 2 1 1 1498 1765 1437 2017
9052 4 2 1 1 44 72 14 1967
9053 4 2 1 1 692 693 587 1959
9054 4 2 1 1 1236 1307 1201 1589
9055 4 2 1 1 975 817 361 1819
9056 4 2 1 1 935 1578 870 2168
9057 4 2 1 1 999 954 828 1879
9058 4 2 1 1 919 867 1692 2224
9059 4 2 1 1 662 1063 262 1924
9060 4 2 1 1 1366 1562 1946 2211
9061 4 2 1 1 1359 1684 1881 2251
9062 4 2 1 1 1548 1703 1320 1952
9063 4 2 1 1 1286 1730 1631 2073
9064 4 2 1 1 1767 1826 1439 2169
9065 4 2 1 1 232 233 2032 2053
9066 4 2 1 1 797 796 905 1803
9067 4 2 1 1 1504 1725 1333 2028
9068 4 2 1 1 544 976 964 2123
9069 4 2 1 1 1351 1652 2055 2269
9070 4 2 1 1 1283 1309 1296 1779
9071 4 2 1 1 1411 2099 1750 2203
9072 4 2 1 1 3 1241 1810 1880
9073 4 2 1 1 1125 1210 1208 1574
9074 4 2 1 1 239 236 235 1775
9075 4 2 1 1 1188 1073 1216 1522
9076 4 2 1 1 1131 1262 1562 1946
9077 4 2 1 1 453 648 1709 2080
9078 4 2 1 1 1497 1430 1649 1923
9079 4 2 1 1 1515 1335 1938 2204
9080 4 2 1 1 400 384 383 2026
9081 4 2 1 1 1556 1868 1358 2264
9082 4 2 1 1 1368 1510 1778 2201
9083 4 2 1 1 445 2086 1662 2103
9084 4 2 1 1 490 1797 616 2263
9085 4 2 1 1 1425 1769 1693 2208
9086 4 2 1 1 1323 1508 1589 2184
9087 4 2 1 1 173 170 174 2022
9088 4 2 1 1 1477 1926 876 2192
9089 4 2 1 1 19 665 18 1955
9090 4 2 1 1 1442 1836 1827 2212
9091 4 2 1 1 1169 1667 1221 2078
9092 4 2 1 1 476 588 237 1640
9093 4 2 1 1 1682 2137 1471 2155
9094 4 2 1 1 916 1777 1965 2051
9095 4 2 1 1 1027 635 978 1677
9096 4 2 1 1 1259 1985 1673 2111
9097 4 2 1 1 1447 1563 1705 2019
9098 4 2 1 1 1459 2012 1874 2161
9099 4 2 1 1 1280 1311 1126 1911
9100 4 2 1 1 994 1855 929 1862
9101 4 2 1 1 724 224 228 1547
9102 4 2 1 1 1381 1477 1926 2016
9103 4 2 1 1 1298 1838 1573 2031
9104 4 2 1 1 1377 2253 1751 2259
9105 4 2 1 1 1382 1580 2008 2071
9106 4 2 1 1 342 1472 1962 2197
9107 4 2 1 1 1121 1118 1221 1722
9108 4 2 1 1 1581 1986 1556 2089
9109 4 2 1 1 1154 1168 1258 2036
9110 4 2 1 1 1614 1674 1343 2151
9111 4 2 1 1 744 1513 1945 2098
9112 4 2 1 1 35 36 1504 2271
9113 4 2 1 1 1345 1504 1901 2145
9114 4 2 1 1 218 615 1039 1579
9115 4 2 1 1 386 398 1791 2015
9116 4 2 1 1 220 188 961 2082
9117 4 2 1 1 21 20 688 2135
9118 4 2 1 1 1745 2061 1591 2180
9119 4 2 1 1 228 231 724 2165
9120 4 2 1 1 1705 2074 1372 2151
9121 4 2 1 1 606 1646 1003 2023
9122 4 2 1 1 816 1662 445 2086
9123 4 2 1 1 1227 1297 1079 1615
9124 4 2 1 1 729 558 812 1602
9125 4 2 1 1 891 1783 213 1898
9126 4 2 1 1 300 721 302 2178
9127 4 2 1 1 822 993 250 1537
9128 4 2 1 1 748 553 456 1489
9129 4 2 1 1 267 2038 265 2129
9130 4 2 1 1 582 815 1057 2043
9131 4 2 1 1 70 55 77 1899
9132 4 2 1 1 1230 1705 1674 2074
9133 4 2 1 1 1322 1864 1487 2070
9134 4 2 1 1 235 1775 236 1922
9135 4 2 1 1 582 565 527 2043
9136 4 2 1 1 1481 1370 1825 2193
9137 4 2 1 1 572 1697 571 2006
9138 4 2 1 1 1192 1191 1193 1669
9139 4 2 1 1 1924 2083 1463 2160
9140 4 2 1 1 41 1703 1241 1880
9141 4 2 1 1 831 1769 101 2084
9142 4 2 1 1 1726 1781 1423 2245
9143 4 2 1 1 1097 1910 1689 1999
9144 4 2 1 1 480 411 2117 2193
9145 4 2 1 1 43 8 71 1540
9146 4 2 1 1 696 11 53 1861
9147 4 2 1 1 630 1661 83 1947
9148 4 2 1 1 292 1818 880 1872
9149 4 2 1 1 1212 1577 1100 2005
9150 4 2 1 1 1112 1114 1115 2004
9151 4 2 1 1 1299 1179 1676 2261
9152 4 2 1 1 1045 632 2080 2097
9153 4 2 1 1 759 312 2035 2169
9154 4 2 1 1 947 773 1023 2170
9155 4 2 1 1 464 195 190 1871
9156 4 2 1 1 795 400 1655 2152
9157 4 2 1 1 26 55 1695 1899
9158 4 2 1 1 1591 1745 1321 1933
9159 4 2 1 1 1467 1339 2010 2175
9160 4 2 1 1 1665 1859 1372 1869
9161 4 2 1 1 1353 1858 1616 2067
9162 4 2 1 1 185 183 731 2149
9163 4 2 1 1 795 383 395 1655
9164 4 2 1 1 1332 1566 1886 2207
9165 4 2 1 1 1645 1379 1922 2085
9166 4 2 1 1 1466 1990 1568 2072
9167 4 2 1 1 137 1608 730 2210
9168 4 2 1 1 1629 1967 44 2226
9169 4 2 1 1 1338 1495 1758 2231
9170 4 2 1 1 1655 1748 1432 1969
9171 4 2 1 1 1208 1125 1574 2067
9172 4 2 1 1 1677 1884 1405 1987
9173 4 2 1 1 1499 1322 2191 2270
9174 4 2 1 1 618 745 1538 2014
9175 4 2 1 1 30 31 1498 2114
9176 4 2 1 1 995 960 637 1939
9177 4 2 1 1 5 1782 54 2051
9178 4 2 1 1 901 555 936 1920
9179 4 2 1 1 1466 1813 1641 1990
9180 4 2 1 1 334 1027 978 1987
9181 4 2 1 1 1384 2058 1740 2163
9182 4 2 1 1 1228 1229 1674 2101
9183 4 2 1 1 404 957 990 1625
9184 4 2 1 1 254 1001 847 1912
9185 4 2 1 1 1123 1581 1300 2148
9186 4 2 1 1 1318 1892 1537 2190
9187 4 2 1 1 1386 1621 1988 2103
9188 4 2 1 1 1355 1693 1769 2084
9189 4 2 1 1 1322 1872 2070 2234
9190 4 2 1 1 1709 2013 1394 2200
9191 4 2 1 1 1165 1650 1167 2063
9192 4 2 1 1 1564 2134 2105 2253
9193 4 2 1 1 267 473 265 2038
9194 4 2 1 1 515 451 1822 1991
9195 4 2 1 1 1357 2148 1582 2225
9196 4 2 1 1 1086 1140 1742 2031
9197 4 2 1 1 139 730 137 1608
9198 4 2 1 1 326 1774 858 2147
9199 4 2 1 1 1443 1861 1756 2246
9200 4 2 1 1 1092 1657 1515 2039
9201 4 2 1 1 1422 1887 1678 2181
9202 4 2 1 1 1493 1851 1658 2225
9203 4 2 1 1 1121 1722 1221 2127
9204 4 2 1 1 805 1711 1992 2152
9205 4 2 1 1 977 751 1888 2112
9206 4 2 1 1 790 395 789 1748
9207 4 2 1 1 1299 1676 1247 2261
9208 4 2 1 1 882 1813 771 2034
9209 4 2 1 1 1350 1865 1630 2172
9210 4 2 1 1 1409 1505 1760 2211
9211 4 2 1 1 557 853 529 1531
9212 4 2 1 1 1306 1197 1289 1933
9213 4 2 1 1 183 1897 731 2149
9214 4 2 1 1 577 579 578 2096
9215 4 2 1 1 108 110 846 1885
9216 4 2 1 1 1528 1975 1589 2030
9217 4 2 1 1 1332 1886 1704 2207
9218 4 2 1 1 1094 1096 1252 1998
9219 4 2 1 1 1765 2017 2088 2247
9220 4 2 1 1 220 857 634 1760
9221 4 2 1 1 1376 1747 1498 2046
9222 4 2 1 1 1070 1270 33 1691
9223 4 2 1 1 483 1788 1827 2080
9224 4 2 1 1 899 1908 1495 2159
9225 4 2 1 1 1474 1328 1867 2034
9226 4 2 1 1 372 818 1666 2250
9227 4 2 1 1 1322 1656 1916 2270
9228 4 2 1 1 1641 1971 1346 2162
9229 4 2 1 1 1256 1258 1257 2036
9230 4 2 1 1 959 1508 653 2170
9231 4 2 1 1 418 1851 855 2112
9232 4 2 1 1 409 1746 866 2065
9233 4 2 1 1 603 854 1831 2155
9234 4 2 1 1 21 22 684 1698
9235 4 2 1 1 1575 2202 1797 2263
9236 4 2 1 1 1076 1678 1077 2100
9237 4 2 1 1 1576 1937 1874 2161
9238 4 2 1 1 1366 1760 2038 2211
9239 4 2 1 1 799 126 770 2009
9240 4 2 1 1 1240 1787 1276 2071
9241 4 2 1 1 1358 1491 1888 2264
9242 4 2 1 1 488 1735 784 1939
9243 4 2 1 1 1308 1624 2030 2141
9244 4 2 1 1 1643 1794 1200 2141
9245 4 2 1 1 571 1035 875 1697
9246 4 2 1 1 1348 1998 1639 2029
9247 4 2 1 1 990 957 598 1625
9248 4 2 1 1 751 352 750 1834
9249 4 2 1 1 1450 1619 2136 2222
9250 4 2 1 1 1481 1925 1332 2255
9251 4 2 1 1 1542 1800 1721 2194
9252 4 2 1 1 20 76 19 2135
9253 4 2 1 1 1112 1111 1628 2153
9254 4 2 1 1 858 775 762 1963
9255 4 2 1 1 1531 1831 1319 1840
9256 4 2 1 1 1316 1217 1247 1548
9257 4 2 1 1 322 326 858 2147
9258 4 2 1 1 851 1806 1622 2171
9259 4 2 1 1 1173 1190 1174 1652
9260 4 2 1 1 1323 1668 1864 2170
9261 4 2 1 1 865 675 976 2123
9262 4 2 1 1 255 160 256 2108
9263 4 2 1 1 1643 1981 1371 2033
9264 4 2 1 1 1604 2124 1701 2268
9265 4 2 1 1 1467 1360 1993 2179
9266 4 2 1 1 38 1642 1076 2100
9267 4 2 1 1 648 632 518 1627
9268 4 2 1 1 1233 1300 1986 2148
9269 4 2 1 1 1357 1493 1851 2098
9270 4 2 1 1 1354 1957 1587 2216
9271 4 2 1 1 507 542 1002 1816
9272 4 2 1 1 952 951 2154 2201
9273 4 2 1 1 730 1608 139 2254
9274 4 2 1 1 690 1996 29 2102
9275 4 2 1 1 1989 2046 1631 2161
9276 4 2 1 1 1328 1637 2003 2072
9277 4 2 1 1 1148 1152 1250 1483
9278 4 2 1 1 1066 1717 1275 2073
9279 4 2 1 1 1126 1246 1280 1891
9280 4 2 1 1 1162 1169 1220 1593
9281 4 2 1 1 916 1965 1646 2051
9282 4 2 1 1 459 1850 479 2103
9283 4 2 1 1 243 460 240 2130
9284 4 2 1 1 1195 1295 1309 1854
9285 4 2 1 1 1501 2174 1416 2220
9286 4 2 1 1 1199 2030 1528 2141
9287 4 2 1 1 1372 1869 1859 2043
9288 4 2 1 1 1386 1632 2103 2205
9289 4 2 1 1 119 1731 2120 2213
9290 4 2 1 1 970 660 262 1930
9291 4 2 1 1 1071 1751 2114 2253
9292 4 2 1 1 1378 2139 1562 2262
9293 4 2 1 1 780 1759 781 1979
9294 4 2 1 1 1575 650 2082 2202
9295 4 2 1 1 191 184 185 2149
9296 4 2 1 1 1401 1553 2156 2226
9297 4 2 1 1 1387 1734 1675 2049
9298 4 2 1 1 1118 1670 1120 1852
9299 4 2 1 1 1860 1915 996 2215
9300 4 2 1 1 1495 1338 1917 2195
9301 4 2 1 1 797 905 522 1803
9302 4 2 1 1 239 242 240 1775
9303 4 2 1 1 556 1790 1022 1893
9304 4 2 1 1 1427 2134 1765 2253
9305 4 2 1 1 1287 1261 1311 2119
9306 4 2 1 1 977 835 534 1658
9307 4 2 1 1 1110 1835 1616 2125
9308 4 2 1 1 21 42 20 2248
9309 4 2 1 1 1197 1745 1591 1933
9310 4 2 1 1 957 598 1625 2096
9311 4 2 1 1 237 588 728 1640
9312 4 2 1 1 1036 1710 622 1961
9313 4 2 1 1 1294 2203 1712 2228
9314 4 2 1 1 1466 2034 1813 2072
9315 4 2 1 1 103 831 101 2084
9316 4 2 1 1 1380 2124 1604 2268
9317 4 2 1 1 986 634 857 1760
9318 4 2 1 1 1419 1829 1816 2115
9319 4 2 1 1 216 1726 718 2129
9320 4 2 1 1 1812 1871 1626 2164
9321 4 2 1 1 1105 2132 1106 2174
9322 4 2 1 1 709 1818 710 2183
9323 4 2 1 1 1235 1236 1201 1589
9324 4 2 1 1 1337 1923 1529 1984
9325 4 2 1 1 78 79 80 1811
9326 4 2 1 1 226 235 1922 2034
9327 4 2 1 1 1569 2035 1391 2138
9328 4 2 1 1 1044 532 664 1694
9329 4 2 1 1 685 687 13 1967
9330 4 2 1 1 565 516 527 1614
9331 4 2 1 1 1146 1152 1148 2101
9332 4 2 1 1 1485 1355 1862 2060
9333 4 2 1 1 315 1786 318 2035
9334 4 2 1 1 826 550 1052 2162
9335 4 2 1 1 1341 1494 1768 2061
9336 4 2 1 1 1241 1703 1069 1952
9337 4 2 1 1 82 63 59 1937
9338 4 2 1 1 1384 1899 1611 1966
9339 4 2 1 1 1769 1862 1355 2084
9340 4 2 1 1 916 1777 872 1965
9341 4 2 1 1 1427 1765 1817 2247
9342 4 2 1 1 576 1825 481 2193
9343 4 2 1 1 658 1878 991 2021
9344 4 2 1 1 844 152 815 1869
9345 4 2 1 1 512 879 744 2098
9346 4 2 1 1 489 178 488 1735
9347 4 2 1 1 879 936 969 1920
9348 4 2 1 1 1406 1944 1586 1983
9349 4 2 1 1 1664 2031 1573 2060
9350 4 2 1 1 878 818 807 1666
9351 4 2 1 1 1599 1737 1335 2022
9352 4 2 1 1 1264 1706 1284 2071
9353 4 2 1 1 278 1566 280 2018
9354 4 2 1 1 1288 1196 1092 2039
9355 4 2 1 1 1639 1938 1335 2050
9356 4 2 1 1 873 741 1714 2227
9357 4 2 1 1 1169 1301 1221 1667
9358 4 2 1 1 117 119 118 1731
9359 4 2 1 1 913 171 779 1599
9360 4 2 1 1 264 1935 461 2140
9361 4 2 1 1 829 407 374 1822
9362 4 2 1 1 1144 1562 1754 2139
9363 4 2 1 1 1421 1814 1602 2210
9364 4 2 1 1 545 1879 514 1978
9365 4 2 1 1 1066 1854 1717 2122
9366 4 2 1 1 720 951 593 1781
9367 4 2 1 1 1162 1169 1593 2093
9368 4 2 1 1 922 472 1867 2034
9369 4 2 1 1 593 1781 951 2201
9370 4 2 1 1 1667 1722 1392 2127
9371 4 2 1 1 1053 503 904 2097
9372 4 2 1 1 546 1641 970 1971
9373 4 2 1 1 1353 1625 1963 2157
9374 4 2 1 1 30 1498 1765 2114
9375 4 2 1 1 1376 1874 2012 2161
9376 4 2 1 1 56 1785 9 1994
9377 4 2 1 1 3 1880 1651 2228
9378 4 2 1 1 676 9 699 1994
9379 4 2 1 1 1401 2156 1861 2226
9380 4 2 1 1 1861 2156 1553 2226
9381 4 2 1 1 1093 1091 1563 1983
9382 4 2 1 1 256 2108 1729 2224
9383 4 2 1 1 1395 1736 1762 2185
9384 4 2 1 1 1231 1644 2166 2203
9385 4 2 1 1 1386 2103 1662 2205
9386 4 2 1 1 1075 1078 1080 1750
9387 4 2 1 1 1390 1488 1879 2241
9388 4 2 1 1 956 293 281 2018
9389 4 2 1 1 352 751 938 1834
9390 4 2 1 1 632 1627 648 2080
9391 4 2 1 1 430 428 429 2137
9392 4 2 1 1 1411 1712 2040 2203
9393 4 2 1 1 1117 1119 1293 1635
9394 4 2 1 1 82 1830 700 2168
9395 4 2 1 1 1666 1791 1434 2250
9396 4 2 1 1 40 1069 41 1703
9397 4 2 1 1 1215 1285 1250 1637
9398 4 2 1 1 1404 2083 1924 2160
9399 4 2 1 1 1599 1348 1792 2243
9400 4 2 1 1 140 516 752 2092
9401 4 2 1 1 1418 1604 1843 2130
9402 4 2 1 1 1194 1283 1298 1573
9403 4 2 1 1 1144 1165 1164 1754
9404 4 2 1 1 27 26 1695 2258
9405 4 2 1 1 1717 2156 1553 2244
9406 4 2 1 1 1500 1800 1334 2194
9407 4 2 1 1 1535 1323 1868 2138
9408 4 2 1 1 1540 1980 1603 2266
9409 4 2 1 1 1136 1563 1251 1705
9410 4 2 1 1 898 449 773 1668
9411 4 2 1 1 1351 1530 1953 2269
9412 4 2 1 1 1326 2220 1764 2255
9413 4 2 1 1 1302 1673 1257 2036
9414 4 2 1 1 802 517 317 1857
9415 4 2 1 1 36 2221 1901 2271
9416 4 2 1 1 865 74 675 1553
9417 4 2 1 1 1227 1225 1297 1815
9418 4 2 1 1 254 847 1606 1912
9419 4 2 1 1 493 998 636 1549
9420 4 2 1 1 36 1901 1504 2271
9421 4 2 1 1 1412 1812 1524 2025
9422 4 2 1 1 1105 1732 2132 2174
9423 4 2 1 1 1699 1949 1361 2065
9424 4 2 1 1 38 1755 1642 2100
9425 4 2 1 1 1133 1554 1973 2089
9426 4 2 1 1 536 485 484 1836
9427 4 2 1 1 1507 1853 1353 1963
9428 4 2 1 1 514 627 888 1978
9429 4 2 1 1 1515 1657 1092 1983
9430 4 2 1 1 1321 1679 1820 2260
9431 4 2 1 1 754 884 486 1645
9432 4 2 1 1 82 1937 1830 2168
9433 4 2 1 1 1366 1946 1562 2214
9434 4 2 1 1 724 1867 1547 2165
9435 4 2 1 1 1951 2118 1354 2216
9436 4 2 1 1 880 1872 1818 2191
9437 4 2 1 1 1521 1667 1392 2127
9438 4 2 1 1 1624 1794 1391 2141
9439 4 2 1 1 550 523 524 1766
9440 4 2 1 1 884 885 2131 2268
9441 4 2 1 1 1535 1391 1786 2035
9442 4 2 1 1 1559 1084 2056 2256
9443 4 2 1 1 267 1744 473 2038
9444 4 2 1 1 1323 1934 1569 2138
9445 4 2 1 1 1505 2038 1760 2211
9446 4 2 1 1 36 1239 2221 2271
9447 4 2 1 1 1228 1212 1214 2005
9448 4 2 1 1 878 372 818 1666
9449 4 2 1 1 846 953 111 1612
9450 4 2 1 1 1337 1807 1484 2083
9451 4 2 1 1 1173 1652 1172 2064
9452 4 2 1 1 556 641 1022 1790
9453 4 2 1 1 229 2032 1702 2053
9454 4 2 1 1 130 257 128 2024
9455 4 2 1 1 362 800 390 1699
9456 4 2 1 1 688 47 654 2135
9457 4 2 1 1 1661 1750 1411 2099
9458 4 2 1 1 730 1932 1608 2254
9459 4 2 1 1 1349 1622 1806 2068
9460 4 2 1 1 1798 2011 1338 2070
9461 4 2 1 1 483 1045 934 1827
9462 4 2 1 1 573 863 1035 1875
9463 4 2 1 1 1220 1593 1169 2078
9464 4 2 1 1 238 237 728 1640
9465 4 2 1 1 412 1596 411 2015
9466 4 2 1 1 554 961 589 1935
9467 4 2 1 1 698 75 154 1856
9468 4 2 1 1 805 1992 448 2152
9469 4 2 1 1 1783 1950 1400 2091
9470 4 2 1 1 1212 1753 1577 2005
9471 4 2 1 1 1191 1273 1286 1631
9472 4 2 1 1 1120 1852 1713 2078
9473 4 2 1 1 1590 1848 1381 2219
9474 4 2 1 1 379 788 395 1748
9475 4 2 1 1 884 1645 754 2268
9476 4 2 1 1 1095 1689 1998 1999
9477 4 2 1 1 1265 1134 1133 1973
9478 4 2 1 1 1522 1361 1768 2261
9479 4 2 1 1 1385 1716 2037 2265
9480 4 2 1 1 507 470 259 2079
9481 4 2 1 1 49 1756 671 1908
9482 4 2 1 1 1274 1636 1651 1810
9483 4 2 1 1 914 786 928 1839
9484 4 2 1 1 1292 1207 1159 2236
9485 4 2 1 1 1387 1669 1727 2269
9486 4 2 1 1 191 1805 757 2217
9487 4 2 1 1 628 1802 70 1811
9488 4 2 1 1 418 419 417 1851
9489 4 2 1 1 851 1622 659 2171
9490 4 2 1 1 1393 2021 1468 2177
9491 4 2 1 1 810 541 923 2015
9492 4 2 1 1 650 177 1575 2082
9493 4 2 1 1 518 1627 632 2097
9494 4 2 1 1 1007 1806 513 2009
9495 4 2 1 1 1387 1960 1694 2049
9496 4 2 1 1 1854 2073 1717 2244
9497 4 2 1 1 1733 1396 2015 2094
9498 4 2 1 1 318 320 760 1786
9499 4 2 1 1 24 920 23 1611
9500 4 2 1 1 1131 1809 1562 2139
9501 4 2 1 1 1396 2094 1733 2237
9502 4 2 1 1 345 346 1962 1977
9503 4 2 1 1 1874 1937 1459 2161
9504 4 2 1 1 1206 1656 1236 1916
9505 4 2 1 1 1420 2081 1579 2252
9506 4 2 1 1 1604 2102 1701 2124
9507 4 2 1 1 1373 1680 1618 2088
9508 4 2 1 1 1508 2191 1322 2270
9509 4 2 1 1 137 136 1931 2210
9510 4 2 1 1 977 938 751 2112
9511 4 2 1 1 1251 1974 1705 2019
9512 4 2 1 1 1262 1144 1131 1562
9513 4 2 1 1 82 59 1830 1937
9514 4 2 1 1 1580 2008 2071 2221
9515 4 2 1 1 1757 1910 1497 2177
9516 4 2 1 1 1144 1754 1164 2139
9517 4 2 1 1 1612 1803 1342 1912
9518 4 2 1 1 1012 248 199 2154
9519 4 2 1 1 188 1737 177 2082
9520 4 2 1 1 934 1827 1045 2080
9521 4 2 1 1 1600 1792 1348 1897
9522 4 2 1 1 1493 1926 1477 2016
9523 4 2 1 1 1397 1656 1798 2234
9524 4 2 1 1 321 320 319 1786
9525 4 2 1 1 584 1848 915 2192
9526 4 2 1 1 684 21 1698 2248
9527 4 2 1 1 1046 1853 763 2157
9528 4 2 1 1 630 69 1802 1947
9529 4 2 1 1 215 200 216 1726
9530 4 2 1 1 1293 1119 1123 1773
9531 4 2 1 1 783 1014 542 1816
9532 4 2 1 1 1559 1342 1974 2146
9533 4 2 1 1 43 222 872 1965
9534 4 2 1 1 1397 1495 2159 2231
9535 4 2 1 1 1348 1689 1998 2029
9536 4 2 1 1 1299 1197 1184 1745
9537 4 2 1 1 972 1546 2238 2258
9538 4 2 1 1 920 24 679 1611
9539 4 2 1 1 733 138 136 1931
9540 4 2 1 1 1427 1646 2059 2105
9541 4 2 1 1 1741 1919 1398 2224
9542 4 2 1 1 1674 1705 1343 2151
9543 4 2 1 1 1406 1500 1941 1944
9544 4 2 1 1 1314 1618 1290 2088
9545 4 2 1 1 1393 2021 1600 2149
9546 4 2 1 1 1359 1893 1790 1920
9547 4 2 1 1 1169 2078 1593 2093
9548 4 2 1 1 669 56 670 1785
9549 4 2 1 1 1310 2134 1975 2253
9550 4 2 1 1 1366 1501 1946 2214
9551 4 2 1 1 99 725 493 1630
9552 4 2 1 1 1619 2037 1854 2122
9553 4 2 1 1 1348 1599 1944 2243
9554 4 2 1 1 1055 623 808 2077
9555 4 2 1 1 1036 822 508 2079
9556 4 2 1 1 319 318 315 1786
9557 4 2 1 1 1743 1833 1365 1932
9558 4 2 1 1 1113 1111 1672 1985
9559 4 2 1 1 1404 1484 1924 2083
9560 4 2 1 1 351 741 740 1514
9561 4 2 1 1 272 1925 1704 2207
9562 4 2 1 1 1009 861 783 1764
9563 4 2 1 1 1469 1951 2118 2143
9564 4 2 1 1 592 586 1683 2238
9565 4 2 1 1 1131 1562 1144 2139
9566 4 2 1 1 1793 1800 1334 1939
9567 4 2 1 1 311 378 314 1569
9568 4 2 1 1 1366 2038 1505 2211
9569 4 2 1 1 251 262 1924 1930
9570 4 2 1 1 1287 1187 1165 2119
9571 4 2 1 1 1416 2220 2174 2255
9572 4 2 1 1 656 1671 277 2018
9573 4 2 1 1 1084 1226 2056 2256
9574 4 2 1 1 952 593 951 2201
9575 4 2 1 1 1141 1465 1138 2236
9576 4 2 1 1 967 1716 253 2265
9577 4 2 1 1 1299 1179 1197 1745
9578 4 2 1 1 215 1726 216 2140
9579 4 2 1 1 1415 2027 1595 2037
9580 4 2 1 1 1274 1651 1636 1896
9581 4 2 1 1 1725 2028 1615 2136
9582 4 2 1 1 1353 1496 1858 2209
9583 4 2 1 1 1169 1301 1667 2093
9584 4 2 1 1 1813 1867 1328 2034
9585 4 2 1 1 1223 1184 1304 1521
9586 4 2 1 1 233 232 237 2053
9587 4 2 1 1 71 1785 668 1980
9588 4 2 1 1 735 321 352 1834
9589 4 2 1 1 1540 1397 1785 1980
9590 4 2 1 1 411 412 811 1596
9591 4 2 1 1 1482 1422 1913 2075
9592 4 2 1 1 437 438 436 1982
9593 4 2 1 1 1073 38 1244 1870
9594 4 2 1 1 671 49 672 1756
9595 4 2 1 1 1337 1484 1807 2032
9596 4 2 1 1 1474 1922 1379 2072
9597 4 2 1 1 1096 1095 1097 1998
9598 4 2 1 1 1138 1554 1129 1927
9599 4 2 1 1 1648 2004 1356 2069
9600 4 2 1 1 618 210 617 1968
9601 4 2 1 1 1368 1566 1781 1886
9602 4 2 1 1 174 2022 1735 2263
9603 4 2 1 1 1495 1338 2195 2231
9604 4 2 1 1 1351 1953 1734 2269
9605 4 2 1 1 1321 1521 1877 1933
9606 4 2 1 1 115 664 708 1694
9607 4 2 1 1 1071 1751 1242 2114
9608 4 2 1 1 93 717 115 1609
9609 4 2 1 1 84 85 86 1960
9610 4 2 1 1 1559 1974 1342 2199
9611 4 2 1 1 200 1726 215 2140
9612 4 2 1 1 252 208 225 1907
9613 4 2 1 1 1328 2034 1474 2072
9614 4 2 1 1 723 303 302 2001
9615 4 2 1 1 49 671 670 1908
9616 4 2 1 1 1148 1250 1150 2003
9617 4 2 1 1 286 511 747 1958
9618 4 2 1 1 1353 1507 1963 2209
9619 4 2 1 1 19 1550 689 2135
9620 4 2 1 1 1133 1129 1138 1554
9621 4 2 1 1 530 499 693 1610
9622 4 2 1 1 1405 1976 1513 1987
9623 4 2 1 1 575 521 1584 2265
9624 4 2 1 1 1368 2154 1524 2245
9625 4 2 1 1 82 707 1937 2168
9626 4 2 1 1 1230 1305 1228 1753
9627 4 2 1 1 1282 1487 1141 2011
9628 4 2 1 1 497 794 868 1551
9629 4 2 1 1 1221 1118 1120 1852
9630 4 2 1 1 1318 1821 1480 2190
9631 4 2 1 1 1214 1213 1215 2005
9632 4 2 1 1 1581 1358 1986 2225
9633 4 2 1 1 1570 2122 1224 2233
9634 4 2 1 1 1293 1956 1635 2148
9635 4 2 1 1 332 331 330 1945
9636 4 2 1 1 1714 1951 1354 2216
9637 4 2 1 1 1328 1867 1813 2165
9638 4 2 1 1 389 1010 353 1663
9639 4 2 1 1 61 677 28 1996
9640 4 2 1 1 1877 1933 1521 2127
9641 4 2 1 1 1322 1864 1589 1916
9642 4 2 1 1 1225 1074 1297 1725
9643 4 2 1 1 1397 1747 1656 2266
9644 4 2 1 1 1201 1528 1199 2030
9645 4 2 1 1 779 176 219 1737
9646 4 2 1 1 247 1907 223 2044
9647 4 2 1 1 2132 2174 1732 2220
9648 4 2 1 1 126 125 127 2002
9649 4 2 1 1 1553 1336 2123 2244
9650 4 2 1 1 913 1792 948 2243
9651 4 2 1 1 420 996 1915 2215
9652 4 2 1 1 675 1553 74 2226
9653 4 2 1 1 31 1202 32 1747
9654 4 2 1 1 1337 1807 1640 2053
9655 4 2 1 1 700 935 870 2168
9656 4 2 1 1 177 188 176 1737
9657 4 2 1 1 1593 1390 2078 2242
9658 4 2 1 1 1726 1524 2154 2245
9659 4 2 1 1 659 851 257 1622
9660 4 2 1 1 1688 2174 2132 2220
9661 4 2 1 1 979 283 285 1801
9662 4 2 1 1 250 833 246 2062
9663 4 2 1 1 921 640 389 1771
9664 4 2 1 1 679 62 1966 2258
9665 4 2 1 1 1546 1966 1384 2058
9666 4 2 1 1 1076 1077 1067 2100
9667 4 2 1 1 295 298 299 1917
9668 4 2 1 1 430 820 1905 2137
9669 4 2 1 1 933 610 1626 1873
9670 4 2 1 1 1117 1118 1119 1943
9671 4 2 1 1 1012 1778 952 2154
9672 4 2 1 1 749 1047 252 1718
9673 4 2 1 1 1781 2154 951 2201
9674 4 2 1 1 1359 1881 1773 2016
9675 4 2 1 1 1268 1189 1291 2230
9676 4 2 1 1 552 824 992 1904
9677 4 2 1 1 1437 1889 2017 2247
9678 4 2 1 1 1354 2118 1951 2143
9679 4 2 1 1 995 784 960 1939
9680 4 2 1 1 266 216 718 2129
9681 4 2 1 1 363 858 326 1774
9682 4 2 1 1 1197 1591 1289 1933
9683 4 2 1 1 140 139 2092 2254
9684 4 2 1 1 1567 1805 1445 2217
9685 4 2 1 1 584 1926 1848 2192
9686 4 2 1 1 1010 389 623 1663
9687 4 2 1 1 1385 1995 1716 2265
9688 4 2 1 1 2078 2093 1667 2196
9689 4 2 1 1 1469 1951 1514 2118
9690 4 2 1 1 1518 1435 2128 2131
9691 4 2 1 1 1997 2131 885 2268
9692 4 2 1 1 286 496 1690 2121
9693 4 2 1 1 983 919 580 1692
9694 4 2 1 1 57 1000 1804 1936
9695 4 2 1 1 34 1570 1224 2233
9696 4 2 1 1 1381 1926 1493 2016
9697 4 2 1 1 685 686 877 1519
9698 4 2 1 1 1641 1930 970 2162
9699 4 2 1 1 661 660 547 1813
9700 4 2 1 1 1694 1895 1336 2123
9701 4 2 1 1 1721 2042 1406 2167
9702 4 2 1 1 741 740 1514 2227
9703 4 2 1 1 1509 1834 1417 2144
9704 4 2 1 1 1509 1358 1834 2112
9705 4 2 1 1 549 927 757 1567
9706 4 2 1 1 899 712 509 2159
9707 4 2 1 1 1331 1992 1711 2152
9708 4 2 1 1 260 308 261 1720
9709 4 2 1 1 1164 1165 1166 2063
9710 4 2 1 1 1321 1877 1525 1933
9711 4 2 1 1 795 400 383 1655
9712 4 2 1 1 76 186 503 1784
9713 4 2 1 1 55 70 69 1802
9714 4 2 1 1 322 321 325 2144
9715 4 2 1 1 536 570 569 1836
9716 4 2 1 1 680 682 1966 2238
9717 4 2 1 1 1241 41 1069 1703
9718 4 2 1 1 598 579 599 2096
9719 4 2 1 1 1661 1802 1411 1947
9720 4 2 1 1 1363 1680 1647 2064
9721 4 2 1 1 380 366 379 1541
9722 4 2 1 1 1577 1330 1762 2166
9723 4 2 1 1 1362 1539 2000 2052
9724 4 2 1 1 1116 1120 1118 1670
9725 4 2 1 1 407 515 451 1822
9726 4 2 1 1 773 947 898 2170
9727 4 2 1 1 1648 1828 1356 2004
9728 4 2 1 1 701 563 68 1997
9729 4 2 1 1 1190 1314 1273 1989
9730 4 2 1 1 718 951 1781 2154
9731 4 2 1 1 97 525 114 1866
9732 4 2 1 1 734 330 327 1715
9733 4 2 1 1 1181 1705 1251 1974
9734 4 2 1 1 603 854 1056 1831
9735 4 2 1 1 476 1640 237 2053
9736 4 2 1 1 264 554 461 1935
9737 4 2 1 1 1568 1990 1328 2072
9738 4 2 1 1 1094 1093 1095 1998
9739 4 2 1 1 1546 1384 1966 2258
9740 4 2 1 1 1201 1589 1975 2030
9741 4 2 1 1 1066 1275 1717 1854
9742 4 2 1 1 171 1599 913 2243
9743 4 2 1 1 1382 1824 1706 2212
9744 4 2 1 1 192 1805 191 2149
9745 4 2 1 1 497 1055 808 2077
9746 4 2 1 1 1588 2019 1974 2095
9747 4 2 1 1 1507 1417 2147 2209
9748 4 2 1 1 1228 1214 1152 1620
9749 4 2 1 1 1679 1962 1392 1977
9750 4 2 1 1 1319 1531 1840 2232
9751 4 2 1 1 1403 1742 2146 2256
9752 4 2 1 1 570 1836 965 2006
9753 4 2 1 1 1225 1619 1295 2122
9754 4 2 1 1 1201 1975 1528 2030
9755 4 2 1 1 1543 2005 1365 2235
9756 4 2 1 1 308 261 1720 2249
9757 4 2 1 1 1344 1830 1576 1937
9758 4 2 1 1 1403 2256 1559 2257
9759 4 2 1 1 2 1873 1782 2059
9760 4 2 1 1 39 1076 38 1642
9761 4 2 1 1 1158 1249 1163 1796
9762 4 2 1 1 882 988 1813 2165
9763 4 2 1 1 1597 1895 1336 2012
9764 4 2 1 1 1162 1796 1593 2020
9765 4 2 1 1 788 357 868 2077
9766 4 2 1 1 765 1033 766 1770
9767 4 2 1 1 1122 1124 1123 1881
9768 4 2 1 1 128 127 129 2024
9769 4 2 1 1 592 586 591 1683
9770 4 2 1 1 583 552 992 1792
9771 4 2 1 1 426 424 1759 2054
9772 4 2 1 1 1030 1764 809 2117
9773 4 2 1 1 232 2032 229 2053
9774 4 2 1 1 1557 2111 1673 2232
9775 4 2 1 1 613 1000 1062 1913
9776 4 2 1 1 875 665 503 1784
9777 4 2 1 1 1531 1319 1831 2232
9778 4 2 1 1 572 573 571 1697
9779 4 2 1 1 765 1853 1046 2157
9780 4 2 1 1 1288 1161 1196 1938
9781 4 2 1 1 1371 1767 1958 2121
9782 4 2 1 1 1049 1843 997 2130
9783 4 2 1 1 938 735 352 1834
9784 4 2 1 1 870 935 533 1578
9785 4 2 1 1 1724 1969 1364 2041
9786 4 2 1 1 1350 1485 1866 2027
9787 4 2 1 1 972 2238 1966 2258
9788 4 2 1 1 547 771 882 1813
9789 4 2 1 1 128 126 127 1719
9790 4 2 1 1 1389 1835 1616 2153
9791 4 2 1 1 1378 1754 1562 2139
9792 4 2 1 1 1680 2088 1373 2164
9793 4 2 1 1 870 533 165 2110
9794 4 2 1 1 180 190 194 1863
9795 4 2 1 1 270 268 271 1704
9796 4 2 1 1 163 164 90 2110
9797 4 2 1 1 609 944 610 1626
9798 4 2 1 1 832 2202 1575 2263
9799 4 2 1 1 1532 1911 1332 2107
9800 4 2 1 1 1368 1781 1566 2201
9801 4 2 1 1 1163 1587 1170 2093
9802 4 2 1 1 160 255 124 2224
9803 4 2 1 1 325 326 322 2144
9804 4 2 1 1 1254 1290 1173 1680
9805 4 2 1 1 913 583 948 1792
9806 4 2 1 1 1336 1553 2156 2244
9807 4 2 1 1 1892 2079 1537 2190
9808 4 2 1 1 7 43 872 1777
9809 4 2 1 1 576 987 577 1825
9810 4 2 1 1 1357 1635 1956 2148
9811 4 2 1 1 1429 1811 1802 2099
9812 4 2 1 1 1325 1788 1827 2212
9813 4 2 1 1 1206 1315 1282 1798
9814 4 2 1 1 256 1964 1729 2108
9815 4 2 1 1 1529 2000 1821 2052
9816 4 2 1 1 1692 1919 1398 2240
9817 4 2 1 1 1482 1399 2068 2171
9818 4 2 1 1 1276 1787 1281 2116
9819 4 2 1 1 1401 1570 2179 2233
9820 4 2 1 1 513 1007 697 1806
9821 4 2 1 1 1346 1971 1766 2162
9822 4 2 1 1 16 1028 15 1876
9823 4 2 1 1 1361 1676 2180 2261
9824 4 2 1 1 1592 2174 1688 2255
9825 4 2 1 1 251 261 262 1930
9826 4 2 1 1 569 485 536 1836
9827 4 2 1 1 305 306 297 2169
9828 4 2 1 1 171 1941 1599 2243
9829 4 2 1 1 1511 2195 1338 2231
9830 4 2 1 1 1254 1680 1173 2064
9831 4 2 1 1 1068 1517 1901 2221
9832 4 2 1 1 121 2002 1552 2213
9833 4 2 1 1 1460 1919 1552 2213
9834 4 2 1 1 1174 1192 1260 2055
9835 4 2 1 1 1383 1774 1715 2189
9836 4 2 1 1 118 1731 119 2213
9837 4 2 1 1 1177 1591 1197 2061
9838 4 2 1 1 1338 1798 1758 2011
9839 4 2 1 1 1334 1523 2039 2133
9840 4 2 1 1 705 596 279 2191
9841 4 2 1 1 972 1966 62 2258
9842 4 2 1 1 1329 1771 2001 2239
9843 4 2 1 1 697 1806 505 2075
9844 4 2 1 1 1120 1222 1713 2111
9845 4 2 1 1 175 832 177 2263
9846 4 2 1 1 1205 1207 1292 1506
9847 4 2 1 1 1066 1224 2122 2233
9848 4 2 1 1 682 683 681 2013
9849 4 2 1 1 1347 1508 2184 2270
9850 4 2 1 1 73 72 44 1629
9851 4 2 1 1 690 61 29 1996
9852 4 2 1 1 1378 1638 1754 2139
9853 4 2 1 1 281 278 280 2018
9854 4 2 1 1 1136 1563 1705 2074
9855 4 2 1 1 1685 1944 1941 2243
9856 4 2 1 1 866 592 1683 2238
9857 4 2 1 1 715 1795 299 2186
9858 4 2 1 1 1384 1703 2058 2163
9859 4 2 1 1 275 861 860 1764
9860 4 2 1 1 386 392 810 1733
9861 4 2 1 1 1751 1916 1656 2270
9862 4 2 1 1 1374 1857 1738 1900
9863 4 2 1 1 425 427 428 2054
9864 4 2 1 1 1732 2115 1326 2220
9865 4 2 1 1 1415 1779 2027 2037
9866 4 2 1 1 375 373 1749 2250
9867 4 2 1 1 1092 1657 1091 1983
9868 4 2 1 1 723 946 874 1634
9869 4 2 1 1 1525 1321 1933 2047
9870 4 2 1 1 1115 1125 1112 1648
9871 4 2 1 1 1361 2180 1768 2261
9872 4 2 1 1 398 410 1791 2193
9873 4 2 1 1 539 1043 749 1892
9874 4 2 1 1 678 1546 972 2258
9875 4 2 1 1 101 736 98 1769
9876 4 2 1 1 1511 1918 1338 2195
9877 4 2 1 1 1591 1933 1321 2047
9878 4 2 1 1 1334 2039 1515 2194
9879 4 2 1 1 1249 1182 1163 1587
9880 4 2 1 1 1306 1263 1304 1933
9881 4 2 1 1 453 648 973 1709
9882 4 2 1 1 993 822 1036 1537
9883 4 2 1 1 1024 631 1016 2113
9884 4 2 1 1 1177 1724 1591 2061
9885 4 2 1 1 757 1567 927 2217
9886 4 2 1 1 613 474 1000 1913
9887 4 2 1 1 387 388 1903 2066
9888 4 2 1 1 310 1776 303 2001
9889 4 2 1 1 202 475 204 1600
9890 4 2 1 1 1529 1821 1318 2052
9891 4 2 1 1 496 758 611 1778
9892 4 2 1 1 1 29 955 1701
9893 4 2 1 1 1528 2030 1589 2184
9894 4 2 1 1 630 1802 628 2113
9895 4 2 1 1 1524 1368 1778 2154
9896 4 2 1 1 1792 1897 948 2243
9897 4 2 1 1 1353 1858 1574 2209
9898 4 2 1 1 161 560 559 2128
9899 4 2 1 1 1209 1280 1246 1891
9900 4 2 1 1 542 782 783 1829
9901 4 2 1 1 807 578 878 2096
9902 4 2 1 1 1582 1986 1581 2148
9903 4 2 1 1 1390 1879 1687 1978
9904 4 2 1 1 1369 1882 1612 1885
9905 4 2 1 1 296 297 768 1767
9906 4 2 1 1 1382 1706 1824 2071
9907 4 2 1 1 1323 1589 2030 2184
9908 4 2 1 1 438 439 440 1982
9909 4 2 1 1 230 233 732 2032
9910 4 2 1 1 1523 1425 1838 2133
9911 4 2 1 1 503 1784 186 2097
9912 4 2 1 1 34 1993 1570 2233
9913 4 2 1 1 1498 1376 2046 2161
9914 4 2 1 1 1172 1652 2055 2090
9915 4 2 1 1 1278 1821 1267 2000
9916 4 2 1 1 637 1793 636 1939
9917 4 2 1 1 1661 1411 1802 2099
9918 4 2 1 1 1601 1362 2000 2160
9919 4 2 1 1 1375 1565 1905 2137
9920 4 2 1 1 1106 2132 1688 2174
9921 4 2 1 1 1182 1249 1241 1707
9922 4 2 1 1 1106 1107 1108 2132
9923 4 2 1 1 1619 1385 2037 2122
9924 4 2 1 1 1432 2047 1711 2152
9925 4 2 1 1 59 700 82 1830
9926 4 2 1 1 1202 31 1242 1747
9927 4 2 1 1 52 940 17 1808
9928 4 2 1 1 1368 1524 1778 2173
9929 4 2 1 1 687 877 672 1756
9930 4 2 1 1 1304 1223 1521 2127
9931 4 2 1 1 1570 2122 1385 2222
9932 4 2 1 1 1713 2078 1390 2242
9933 4 2 1 1 1580 1345 2008 2221
9934 4 2 1 1 1272 1226 1084 2256
9935 4 2 1 1 140 141 139 2254
9936 4 2 1 1 1481 2117 1596 2193
9937 4 2 1 1 1545 1911 1891 2107
9938 4 2 1 1 1696 1999 1269 2074
9939 4 2 1 1 146 756 149 2167
9940 4 2 1 1 1562 2139 1809 2262
9941 4 2 1 1 421 902 497 1915
9942 4 2 1 1 1720 1924 1463 2160
9943 4 2 1 1 1356 1822 1516 2069
9944 4 2 1 1 160 1741 167 2108
9945 4 2 1 1 1155 1156 1896 2045
9946 4 2 1 1 1121 1684 1122 1943
9947 4 2 1 1 1203 1232 1308 1624
9948 4 2 1 1 1251 1974 2019 2095
9949 4 2 1 1 1252 1938 1639 2050
9950 4 2 1 1 765 763 1046 1853
9951 4 2 1 1 1339 1908 1756 2246
9952 4 2 1 1 1412 1940 1690 2173
9953 4 2 1 1 861 809 1030 1764
9954 4 2 1 1 1406 1515 1944 1983
9955 4 2 1 1 832 616 2202 2263
9956 4 2 1 1 868 789 788 1748
9957 4 2 1 1 968 653 880 2191
9958 4 2 1 1 1511 2070 1872 2234
9959 4 2 1 1 1851 1945 1357 2098
9960 4 2 1 1 1082 1081 1080 1736
9961 4 2 1 1 805 804 448 1992
9962 4 2 1 1 869 422 835 1888
9963 4 2 1 1 1377 2051 1777 2259
9964 4 2 1 1 336 337 335 1976
9965 4 2 1 1 919 1692 1919 2224
9966 4 2 1 1 1095 1586 1269 1999
9967 4 2 1 1 651 154 155 1856
9968 4 2 1 1 1532 1891 1911 2107
9969 4 2 1 1 691 1996 690 2102
9970 4 2 1 1 952 2154 1778 2201
9971 4 2 1 1 49 12 687 1756
9972 4 2 1 1 1434 1835 1672 2094
9973 4 2 1 1 1378 1505 2140 2262
9974 4 2 1 1 1358 1868 1556 1986
9975 4 2 1 1 1347 2184 1589 2270
9976 4 2 1 1 1513 1357 1945 2098
9977 4 2 1 1 1406 1515 1983 2194
9978 4 2 1 1 589 650 590 2202
9979 4 2 1 1 785 635 492 1991
9980 4 2 1 1 1673 1985 1536 2111
9981 4 2 1 1 133 132 134 1906
9982 4 2 1 1 1642 1755 1352 2100
9983 4 2 1 1 1614 1894 1859 2151
9984 4 2 1 1 937 1604 755 2130
9985 4 2 1 1 257 851 1007 1806
9986 4 2 1 1 206 824 526 1904
9987 4 2 1 1 482 480 411 2117
9988 4 2 1 1 1326 2109 1654 2132
9989 4 2 1 1 766 764 765 1853
9990 4 2 1 1 1018 1848 584 1926
9991 4 2 1 1 409 391 1746 2065
9992 4 2 1 1 1219 1254 1638 1680
9993 4 2 1 1 1389 1628 1835 2153
9994 4 2 1 1 1357 1509 1851 2225
9995 4 2 1 1 541 810 392 1733
9996 4 2 1 1 1527 2140 1935 2262
9997 4 2 1 1 1357 1581 1773 2148
9998 4 2 1 1 1880 2124 1651 2228
9999 4 2 1 1 815 582 1013 1859
10000 4 2 1 1 899 671 971 1908
10001 4 2 1 1 1560 1420 2081 2110
10002 4 2 1 1 860 861 1009 1764
10003 4 2 1 1 1326 1688 2109 2132
10004 4 2 1 1 511 286 496 1690
10005 4 2 1 1 1673 2111 1319 2232
10006 4 2 1 1 974 159 812 1814
10007 4 2 1 1 1485 1855 1324 2060
10008 4 2 1 1 1128 1134 1300 2089
10009 4 2 1 1 1669 1832 1350 2158
10010 4 2 1 1 792 793 980 1598
10011 4 2 1 1 1376 1597 1874 1994
10012 4 2 1 1 1553 2123 1584 2244
10013 4 2 1 1 299 1795 1917 2186
10014 4 2 1 1 1626 1412 1812 2164
10015 4 2 1 1 992 475 948 1792
10016 4 2 1 1 166 1862 831 2084
10017 4 2 1 1 876 1926 584 2192
10018 4 2 1 1 1243 1066 1275 2073
10019 4 2 1 1 1281 1276 1240 1787
10020 4 2 1 1 1537 1892 822 2079
10021 4 2 1 1 941 619 520 1964
10022 4 2 1 1 1342 2146 1559 2199
10023 4 2 1 1 1854 2037 1385 2122
10024 4 2 1 1 1224 1074 1225 1725
10025 4 2 1 1 1460 1919 1692 2240
10026 4 2 1 1 1632 2188 1587 2205
10027 4 2 1 1 1500 1406 1941 2167
10028 4 2 1 1 737 133 1814 1906
10029 4 2 1 1 260 261 251 1720
10030 4 2 1 1 2174 2220 1688 2255
10031 4 2 1 1 942 1046 763 2157
10032 4 2 1 1 1449 1871 1812 2164
10033 4 2 1 1 628 1802 1811 2113
10034 4 2 1 1 832 1575 177 2263
10035 4 2 1 1 1358 1888 1834 2112
10036 4 2 1 1 1367 1479 1979 2237
10037 4 2 1 1 1219 1680 1638 2088
10038 4 2 1 1 1022 348 849 1893
10039 4 2 1 1 1409 1935 1505 2262
10040 4 2 1 1 1698 1804 1352 1936
10041 4 2 1 1 923 1710 612 2106
10042 4 2 1 1 1492 1846 1634 2175
10043 4 2 1 1 205 203 204 2021
10044 4 2 1 1 636 998 488 1939
10045 4 2 1 1 1347 1589 1975 2270
10046 4 2 1 1 855 418 416 1851
10047 4 2 1 1 375 373 374 1749
10048 4 2 1 1 2 5 916 1646
10049 4 2 1 1 130 659 257 1622
10050 4 2 1 1 854 787 529 2155
10051 4 2 1 1 663 1017 615 1797
10052 4 2 1 1 142 158 110 1885
10053 4 2 1 1 1097 1099 1910 1999
10054 4 2 1 1 1021 396 912 1979
10055 4 2 1 1 1509 1358 2112 2225
10056 4 2 1 1 1085 1251 1087 1974
10057 4 2 1 1 1406 1941 1685 1944
10058 4 2 1 1 678 704 972 1546
10059 4 2 1 1 600 2104 657 2187
10060 4 2 1 1 816 625 459 1662
10061 4 2 1 1 1480 1419 1789 2115
10062 4 2 1 1 1596 1370 1791 2094
10063 4 2 1 1 1538 1968 618 2014
10064 4 2 1 1 679 1966 25 2258
10065 4 2 1 1 1362 2062 2052 2160
10066 4 2 1 1 575 521 604 1584
10067 4 2 1 1 1105 1106 1104 2174
10068 4 2 1 1 545 627 514 1879
10069 4 2 1 1 520 1729 256 1964
10070 4 2 1 1 1311 1187 1287 2119
10071 4 2 1 1 1355 1573 2031 2060
10072 4 2 1 1 1624 1868 1358 1986
10073 4 2 1 1 966 574 874 2076
10074 4 2 1 1 65 59 58 1830
10075 4 2 1 1 1323 2138 1569 2184
10076 4 2 1 1 929 1064 605 1855
10077 4 2 1 1 1158 1162 1157 1796
10078 4 2 1 1 1841 1992 1331 2152
10079 4 2 1 1 499 500 501 1780
10080 4 2 1 1 1526 2012 1597 2156
10081 4 2 1 1 1328 1547 1867 2165
10082 4 2 1 1 252 1718 1047 2104
10083 4 2 1 1 1771 2229 2001 2239
10084 4 2 1 1 1231 2166 1078 2203
10085 4 2 1 1 1545 1332 1911 2107
10086 4 2 1 1 1524 1412 2025 2173
10087 4 2 1 1 1783 1898 1400 1950
10088 4 2 1 1 1282 1798 1487 2011
10089 4 2 1 1 78 628 70 1811
10090 4 2 1 1 134 132 881 1605
10091 4 2 1 1 254 1020 733 1606
10092 4 2 1 1 1326 1688 2132 2220
10093 4 2 1 1 978 785 786 1839
10094 4 2 1 1 1062 654 613 1913
10095 4 2 1 1 1047 1043 588 1718
10096 4 2 1 1 1206 1798 1656 1916
10097 4 2 1 1 1451 1770 2157 2198
10098 4 2 1 1 1338 1918 1917 2195
10099 4 2 1 1 102 101 100 2208
10100 4 2 1 1 1717 1854 1385 2122
10101 4 2 1 1 649 1595 967 2265
10102 4 2 1 1 1337 1984 1909 2267
10103 4 2 1 1 1542 1793 1425 2208
10104 4 2 1 1 873 741 778 1714
10105 4 2 1 1 1353 1853 1770 2157
10106 4 2 1 1 1534 1838 1425 2133
10107 4 2 1 1 196 850 890 1845
10108 4 2 1 1 632 1627 2080 2097
10109 4 2 1 1 4 1817 1219 2134
10110 4 2 1 1 1614 1894 1343 2092
10111 4 2 1 1 1206 1204 1202 1798
10112 4 2 1 1 33 1691 1270 2233
10113 4 2 1 1 97 1866 95 2172
10114 4 2 1 1 1235 1141 1282 1487
10115 4 2 1 1 34 1270 1691 2233
10116 4 2 1 1 915 645 384 2026
10117 4 2 1 1 34 1691 1270 1993
10118 4 2 1 1 891 212 213 1783
10119 4 2 1 1 1604 2085 755 2130
10120 4 2 1 1 1162 1157 1796 2020
10121 4 2 1 1 1416 1592 2174 2214
10122 4 2 1 1 714 713 90 1734
10123 4 2 1 1 73 1629 44 2226
10124 4 2 1 1 972 1546 704 2238
10125 4 2 1 1 1385 1854 1717 2244
10126 4 2 1 1 735 938 855 2112
10127 4 2 1 1 1326 1732 1789 2115
10128 4 2 1 1 1656 1751 1377 2114
10129 4 2 1 1 1381 2016 1581 2089
10130 4 2 1 1 623 536 484 1836
10131 4 2 1 1 1042 1968 986 2038
10132 4 2 1 1 1287 1165 1754 2119
10133 4 2 1 1 974 564 1041 1849
10134 4 2 1 1 1066 1295 1854 2122
10135 4 2 1 1 398 411 410 2193
10136 4 2 1 1 1333 1954 1729 2136
10137 4 2 1 1 1078 1750 1075 2203
10138 4 2 1 1 1216 1870 1303 2007
10139 4 2 1 1 1700 1701 1380 1997
10140 4 2 1 1 310 399 921 2229
10141 4 2 1 1 1572 1829 1419 2115
10142 4 2 1 1 993 833 250 2062
10143 4 2 1 1 1574 1794 1208 2067
10144 4 2 1 1 1637 2057 2003 2072
10145 4 2 1 1 1884 1976 1405 1987
10146 4 2 1 1 1652 2064 1363 2090
10147 4 2 1 1 1199 1308 2030 2141
10148 4 2 1 1 1731 1355 1862 2084
10149 4 2 1 1 1379 1929 1543 2057
10150 4 2 1 1 1402 1880 1707 2150
10151 4 2 1 1 1347 1975 1751 2270
10152 4 2 1 1 57 1000 943 1804
10153 4 2 1 1 1409 1527 1935 2262
10154 4 2 1 1 1331 1525 1844 2047
10155 4 2 1 1 1619 1324 1779 2037
10156 4 2 1 1 1404 1948 1633 2083
10157 4 2 1 1 446 887 820 1905
10158 4 2 1 1 828 954 633 1884
10159 4 2 1 1 1535 1868 1624 2138
10160 4 2 1 1 1373 1626 1871 2164
10161 4 2 1 1 680 682 681 1966
10162 4 2 1 1 1180 1264 1284 2071
10163 4 2 1 1 910 1971 970 2162
10164 4 2 1 1 966 626 574 2076
10165 4 2 1 1 1278 1539 1821 2000
10166 4 2 1 1 1957 2093 1587 2216
10167 4 2 1 1 1500 1939 1735 2204
10168 4 2 1 1 1220 1120 1222 1713
10169 4 2 1 1 1356 1677 1839 1991
10170 4 2 1 1 780 426 424 1759
10171 4 2 1 1 365 871 980 2260
10172 4 2 1 1 1375 1502 2020 2142
10173 4 2 1 1 1020 254 847 1606
10174 4 2 1 1 83 630 631 1661
10175 4 2 1 1 841 347 345 1679
10176 4 2 1 1 80 505 506 2171
10177 4 2 1 1 1334 1500 2194 2204
10178 4 2 1 1 1206 1242 1236 1656
10179 4 2 1 1 369 404 367 1972
10180 4 2 1 1 1391 1794 1643 2141
10181 4 2 1 1 1357 1773 1635 2148
10182 4 2 1 1 540 780 781 1979
10183 4 2 1 1 1367 1823 1733 1979
10184 4 2 1 1 521 1995 1584 2265
10185 4 2 1 1 1480 1821 1539 2190
10186 4 2 1 1 321 322 320 2147
10187 4 2 1 1 637 636 995 1939
10188 4 2 1 1 850 1845 215 2140
10189 4 2 1 1 1899 1966 1384 2258
10190 4 2 1 1 1399 1622 2068 2171
10191 4 2 1 1 56 668 71 1785
10192 4 2 1 1 348 345 342 1962
10193 4 2 1 1 1156 1896 1568 2057
10194 4 2 1 1 618 745 210 1538
10195 4 2 1 1 1176 1175 1724 2041
10196 4 2 1 1 850 198 215 1845
10197 4 2 1 1 871 1038 805 1711
10198 4 2 1 1 919 983 123 1919
10199 4 2 1 1 987 656 577 1671
10200 4 2 1 1 460 1049 997 2130
10201 4 2 1 1 1795 1917 1338 1918
10202 4 2 1 1 1515 2194 1500 2204
10203 4 2 1 1 1038 1711 871 2260
10204 4 2 1 1 1463 2052 2062 2160
10205 4 2 1 1 1407 1593 2093 2188
10206 4 2 1 1 1219 1817 4 2088
10207 4 2 1 1 31 1242 1747 2114
10208 4 2 1 1 462 876 1011 2192
10209 4 2 1 1 1750 1330 2166 2185
10210 4 2 1 1 1114 1111 1259 1985
10211 4 2 1 1 663 180 221 1863
10212 4 2 1 1 1645 1997 1380 2268
10213 4 2 1 1 567 1928 1772 2023
10214 4 2 1 1 455 566 454 1772
10215 4 2 1 1 1344 1937 1576 2161
10216 4 2 1 1 1066 2122 1717 2233
10217 4 2 1 1 1336 1597 2012 2156
10218 4 2 1 1 795 790 892 2152
10219 4 2 1 1 478 1056 853 1831
10220 4 2 1 1 1380 2124 1712 2228
10221 4 2 1 1 1342 1974 1588 2019
10222 4 2 1 1 933 610 958 1626
10223 4 2 1 1 735 325 321 2144
10224 4 2 1 1 1361 2206 1676 2261
10225 4 2 1 1 1452 2070 1818 2183
10226 4 2 1 1 1762 2166 1330 2185
10227 4 2 1 1 1275 1730 1286 2073
10228 4 2 1 1 922 882 472 2034
10229 4 2 1 1 1608 2092 139 2254
10230 4 2 1 1 447 603 982 1687
10231 4 2 1 1 1110 1245 1616 2153
10232 4 2 1 1 1535 1391 2035 2138
10233 4 2 1 1 1336 2073 1717 2156
10234 4 2 1 1 824 1026 526 1904
10235 4 2 1 1 198 215 1845 2140
10236 4 2 1 1 1405 1976 2087 2218
10237 4 2 1 1 621 1914 620 1953
10238 4 2 1 1 1472 2087 1976 2218
10239 4 2 1 1 1606 1343 1894 1931
10240 4 2 1 1 851 505 1806 2171
10241 4 2 1 1 1555 1342 1974 2199
10242 4 2 1 1 1365 1608 1932 2254
10243 4 2 1 1 618 1968 643 2014
10244 4 2 1 1 1529 1463 2083 2160
10245 4 2 1 1 1409 1505 2211 2262
10246 4 2 1 1 679 25 62 2258
10247 4 2 1 1 1071 1307 1236 1751
10248 4 2 1 1 1110 1616 1835 2153
10249 4 2 1 1 835 642 491 1658
10250 4 2 1 1 1872 2070 1511 2183
10251 4 2 1 1 1303 1706 1264 2007
10252 4 2 1 1 1285 1568 2003 2057
10253 4 2 1 1 1556 2089 1973 2219
10254 4 2 1 1 1293 1237 1956 2148
10255 4 2 1 1 1674 1229 2074 2101
10256 4 2 1 1 1626 1817 1412 2164
10257 4 2 1 1 621 620 949 1953
10258 4 2 1 1 1596 2015 1396 2094
10259 4 2 1 1 1156 1218 1651 2057
10260 4 2 1 1 1398 1815 1615 2136
10261 4 2 1 1 1582 1956 1233 2148
10262 4 2 1 1 26 25 1899 2258
10263 4 2 1 1 1323 2030 1528 2184
10264 4 2 1 1 971 1034 721 1846
10265 4 2 1 1 719 718 951 1781
10266 4 2 1 1 1269 1095 1093 1586
10267 4 2 1 1 1706 2071 2008 2221
10268 4 2 1 1 1582 2148 1581 2225
10269 4 2 1 1 1357 1581 2148 2225
10270 4 2 1 1 1667 2093 1957 2216
10271 4 2 1 1 1599 1941 1500 1944
10272 4 2 1 1 1244 1303 1216 1870
10273 4 2 1 1 1514 1977 1469 2118
10274 4 2 1 1 174 1735 178 2263
10275 4 2 1 1 1344 1631 1989 2223
10276 4 2 1 1 1567 2043 927 2217
10277 4 2 1 1 317 1776 310 2229
10278 4 2 1 1 148 1950 213 2091
10279 4 2 1 1 928 889 364 1942
10280 4 2 1 1 1500 1406 2167 2194
10281 4 2 1 1 6 58 7 1777
10282 4 2 1 1 1338 1918 1511 2070
10283 4 2 1 1 1123 1293 1773 2148
10284 4 2 1 1 1456 1749 1822 2069
10285 4 2 1 1 34 33 1270 2233
10286 4 2 1 1 1142 1647 1809 2139
10287 4 2 1 1 1818 1872 1322 2191
10288 4 2 1 1 1515 2039 1657 2194
10289 4 2 1 1 694 691 690 2102
10290 4 2 1 1 716 301 309 2186
10291 4 2 1 1 1362 1961 1537 2062
10292 4 2 1 1 309 303 310 1776
10293 4 2 1 1 278 277 274 2207
10294 4 2 1 1 973 803 453 1709
10295 4 2 1 1 689 619 941 1808
10296 4 2 1 1 1212 1100 1213 2005
10297 4 2 1 1 1973 2089 1554 2219
10298 4 2 1 1 622 612 923 1710
10299 4 2 1 1 1589 2184 1508 2270
10300 4 2 1 1 1245 1246 1110 1616
10301 4 2 1 1 984 422 403 1590
10302 4 2 1 1 1144 1287 1754 2119
10303 4 2 1 1 151 1941 150 2167
10304 4 2 1 1 483 1827 934 2080
10305 4 2 1 1 1353 1963 1496 2209
10306 4 2 1 1 459 624 479 1850
10307 4 2 1 1 113 1793 856 2208
10308 4 2 1 1 1776 2001 310 2229
10309 4 2 1 1 756 1800 169 2167
10310 4 2 1 1 1508 1323 2170 2184
10311 4 2 1 1 328 364 363 1942
10312 4 2 1 1 1116 1118 1117 1670
10313 4 2 1 1 1050 116 713 1953
10314 4 2 1 1 546 660 970 1641
10315 4 2 1 1 1352 1804 1698 2176
10316 4 2 1 1 87 708 1960 2049
10317 4 2 1 1 1368 1545 1886 2119
10318 4 2 1 1 846 111 108 1612
10319 4 2 1 1 602 1913 638 2075
10320 4 2 1 1 1556 1381 2219 2264
10321 4 2 1 1 1894 1931 1343 2092
10322 4 2 1 1 1347 1508 1928 2184
10323 4 2 1 1 638 537 918 2108
10324 4 2 1 1 1415 2027 1832 2158
10325 4 2 1 1 444 440 445 2103
10326 4 2 1 1 1011 401 462 2192
10327 4 2 1 1 1463 1529 2052 2160
10328 4 2 1 1 1079 1077 1226 1887
10329 4 2 1 1 1356 1828 1670 2004
10330 4 2 1 1 1336 2012 1526 2156
10331 4 2 1 1 231 230 732 2032
10332 4 2 1 1 168 738 1024 1623
10333 4 2 1 1 251 241 246 1924
10334 4 2 1 1 552 1026 824 1904
10335 4 2 1 1 1596 1791 1370 2193
10336 4 2 1 1 1485 2027 1573 2060
10337 4 2 1 1 291 1918 290 2195
10338 4 2 1 1 1726 2154 1781 2245
10339 4 2 1 1 1380 1997 1701 2268
10340 4 2 1 1 744 1945 332 2098
10341 4 2 1 1 1239 1240 1284 2221
10342 4 2 1 1 1360 1570 1993 2179
10343 4 2 1 1 1236 1235 1315 1916
10344 4 2 1 1 1174 1191 1192 1669
10345 4 2 1 1 946 723 722 1634
10346 4 2 1 1 1234 1617 1235 2030
10347 4 2 1 1 1480 1327 2115 2230
10348 4 2 1 1 979 766 956 1801
10349 4 2 1 1 1068 1284 1303 2221
10350 4 2 1 1 193 191 192 1805
10351 4 2 1 1 824 475 992 1904
10352 4 2 1 1 166 908 831 1862
10353 4 2 1 1 325 327 326 2144
10354 4 2 1 1 1381 1660 2016 2089
10355 4 2 1 1 112 117 118 1731
10356 4 2 1 1 1179 1768 1178 2061
10357 4 2 1 1 1090 1657 1092 2039
10358 4 2 1 1 1308 1203 1624 2141
10359 4 2 1 1 892 871 805 1711
10360 4 2 1 1 480 576 481 2193
10361 4 2 1 1 584 535 915 1848
10362 4 2 1 1 1299 1247 1179 2261
10363 4 2 1 1 1344 1578 1830 2168
10364 4 2 1 1 306 312 759 2169
10365 4 2 1 1 1059 229 1702 2053
10366 4 2 1 1 1404 1924 1720 2160
10367 4 2 1 1 96 1865 97 2172
10368 4 2 1 1 592 591 866 1683
10369 4 2 1 1 1583 1875 1360 2145
10370 4 2 1 1 1528 1569 2138 2184
10371 4 2 1 1 1879 1978 1390 2241
10372 4 2 1 1 1004 1898 213 1950
10373 4 2 1 1 536 965 570 1836
10374 4 2 1 1 318 759 312 2035
10375 4 2 1 1 375 806 381 1823
10376 4 2 1 1 196 197 198 1845
10377 4 2 1 1 1095 1998 1586 1999
10378 4 2 1 1 467 300 1917 2178
10379 4 2 1 1 263 2162 1930 2249
10380 4 2 1 1 474 79 1000 1804
10381 4 2 1 1 1353 2157 1770 2198
10382 4 2 1 1 1850 1988 479 2103
10383 4 2 1 1 1341 1699 1915 2215
10384 4 2 1 1 876 1018 584 1926
10385 4 2 1 1 1373 1626 1817 2247
10386 4 2 1 1 1287 1165 1144 1754
10387 4 2 1 1 506 2113 1811 2171
10388 4 2 1 1 861 275 809 1764
10389 4 2 1 1 1722 2078 1667 2196
10390 4 2 1 1 1146 1696 1099 2101
10391 4 2 1 1 1323 1535 1934 2138
10392 4 2 1 1 959 653 968 2170
10393 4 2 1 1 1467 1993 1691 2179
10394 4 2 1 1 1044 544 1895 2123
10395 4 2 1 1 1326 1654 1789 2132
10396 4 2 1 1 1103 1757 1268 2230
10397 4 2 1 1 553 645 535 1900
10398 4 2 1 1 1256 1171 1258 2000
10399 4 2 1 1 205 207 208 1799
10400 4 2 1 1 1678 2100 1352 2181
10401 4 2 1 1 1809 2211 1562 2262
10402 4 2 1 1 600 1878 2104 2187
10403 4 2 1 1 722 1034 877 1846
10404 4 2 1 1 1590 2219 1381 2264
10405 4 2 1 1 1966 2058 1546 2238
10406 4 2 1 1 668 1785 669 2159
10407 4 2 1 1 1833 2091 1476 2254
10408 4 2 1 1 1628 2069 1648 2153
10409 4 2 1 1 715 299 716 2186
10410 4 2 1 1 1695 1899 1384 2258
10411 4 2 1 1 607 496 611 2025
10412 4 2 1 1 1429 1728 1761 2099
10413 4 2 1 1 774 869 751 1888
10414 4 2 1 1 918 160 167 2108
10415 4 2 1 1 302 721 722 1846
10416 4 2 1 1 1608 1343 1931 2092
10417 4 2 1 1 1533 1349 1887 2056
10418 4 2 1 1 113 856 100 2208
10419 4 2 1 1 827 826 263 2249
10420 4 2 1 1 232 233 230 2032
10421 4 2 1 1 1601 2000 1948 2160
10422 4 2 1 1 536 623 965 1836
10423 4 2 1 1 50 943 79 1804
10424 4 2 1 1 1596 1326 1816 2117
10425 4 2 1 1 1133 1128 1129 2089
10426 4 2 1 1 678 1006 704 1546
10427 4 2 1 1 1596 1791 2015 2094
10428 4 2 1 1 1103 1102 1098 1883
10429 4 2 1 1 1368 2154 1781 2201
10430 4 2 1 1 80 506 1811 2171
10431 4 2 1 1 453 450 934 2080
10432 4 2 1 1 234 1922 236 2085
10433 4 2 1 1 1475 1909 1649 2267
10434 4 2 1 1 1430 2104 1878 2187
10435 4 2 1 1 409 989 866 1746
10436 4 2 1 1 1424 1676 1745 2180
10437 4 2 1 1 203 205 981 2021
10438 4 2 1 1 217 927 1057 2043
10439 4 2 1 1 1468 2021 1799 2177
10440 4 2 1 1 1091 1657 1090 2095
10441 4 2 1 1 1807 1924 1484 2083
10442 4 2 1 1 566 606 567 2023
10443 4 2 1 1 1302 1259 1673 2111
10444 4 2 1 1 1109 1113 1111 1672
10445 4 2 1 1 1472 1976 1893 2218
10446 4 2 1 1 94 725 96 2172
10447 4 2 1 1 34 1691 1993 2233
10448 4 2 1 1 1333 1615 2028 2136
10449 4 2 1 1 204 203 202 2021
10450 4 2 1 1 1717 2073 1526 2156
10451 4 2 1 1 885 884 754 2268
10452 4 2 1 1 602 474 613 1913
10453 4 2 1 1 357 1847 1010 2077
10454 4 2 1 1 1696 2074 1229 2101
10455 4 2 1 1 593 280 720 2201
10456 4 2 1 1 45 955 28 1700
10457 4 2 1 1 201 197 667 1812
10458 4 2 1 1 300 298 467 1917
10459 4 2 1 1 1701 2102 1402 2124
10460 4 2 1 1 1751 1975 1589 2270
10461 4 2 1 1 1163 1182 1170 1587
10462 4 2 1 1 1289 1197 1177 1591
10463 4 2 1 1 442 447 514 1978
10464 4 2 1 1 742 1837 1708 2241
10465 4 2 1 1 1045 1827 904 2097
10466 4 2 1 1 1409 1809 1653 2050
10467 4 2 1 1 1551 1860 1341 1915
10468 4 2 1 1 1372 1614 2043 2151
10469 4 2 1 1 1263 1684 1121 2127
10470 4 2 1 1 1120 1713 1220 2078
10471 4 2 1 1 1180 1240 1276 2071
10472 4 2 1 1 1750 2166 1762 2185
10473 4 2 1 1 374 373 370 1749
10474 4 2 1 1 1091 1251 1136 1563
10475 4 2 1 1 737 133 159 1814
10476 4 2 1 1 247 223 249 2044
10477 4 2 1 1 429 427 787 1682
10478 4 2 1 1 394 1023 774 1934
10479 4 2 1 1 349 346 347 1977
10480 4 2 1 1 570 572 571 2006
10481 4 2 1 1 215 216 264 2140
10482 4 2 1 1 683 973 925 2013
10483 4 2 1 1 944 609 667 1812
10484 4 2 1 1 1182 1248 1183 1585
10485 4 2 1 1 1350 1832 1573 2027
10486 4 2 1 1 120 823 118 2213
10487 4 2 1 1 1484 2032 1547 2165
10488 4 2 1 1 518 2200 1627 2248
10489 4 2 1 1 1540 1397 1980 2266
10490 4 2 1 1 1059 2053 1702 2187
10491 4 2 1 1 1501 2174 1946 2214
10492 4 2 1 1 649 2048 1595 2265
10493 4 2 1 1 806 912 396 1823
10494 4 2 1 1 1526 2012 1336 2073
10495 4 2 1 1 1272 1140 1296 1664
10496 4 2 1 1 518 632 186 2097
10497 4 2 1 1 430 431 820 2137
10498 4 2 1 1 1362 1720 2062 2160
10499 4 2 1 1 1264 1303 1284 1706
10500 4 2 1 1 698 619 1808 1954
10501 4 2 1 1 1589 1916 1751 2270
10502 4 2 1 1 287 297 296 1767
10503 4 2 1 1 401 1841 462 2192
10504 4 2 1 1 890 221 194 1863
10505 4 2 1 1 745 2014 900 2044
10506 4 2 1 1 824 204 475 1904
10507 4 2 1 1 14 72 15 1876
10508 4 2 1 1 192 202 203 2021
10509 4 2 1 1 899 971 467 2178
10510 4 2 1 1 1336 2156 1717 2244
10511 4 2 1 1 1537 2052 1362 2062
10512 4 2 1 1 273 187 276 1980
10513 4 2 1 1 1779 1832 1415 2027
10514 4 2 1 1 390 1699 800 2215
10515 4 2 1 1 1403 1533 2256 2257
10516 4 2 1 1 840 1679 841 2260
10517 4 2 1 1 1393 1600 2021 2177
10518 4 2 1 1 249 900 895 2044
10519 4 2 1 1 650 1575 832 2202
10520 4 2 1 1 39 40 1728 2163
10521 4 2 1 1 1086 1084 1085 2256
10522 4 2 1 1 317 309 310 1776
10523 4 2 1 1 128 770 126 1719
10524 4 2 1 1 1382 2008 1706 2071
10525 4 2 1 1 1207 1141 1138 2236
10526 4 2 1 1 270 272 275 1925
10527 4 2 1 1 840 347 841 1679
10528 4 2 1 1 306 759 1826 2169
10529 4 2 1 1 1593 2020 1375 2242
10530 4 2 1 1 824 206 204 1904
10531 4 2 1 1 1690 1958 286 2121
10532 4 2 1 1 784 488 174 1735
10533 4 2 1 1 1588 1974 1342 2146
10534 4 2 1 1 1388 1531 2054 2232
10535 4 2 1 1 1941 2042 150 2167
10536 4 2 1 1 1336 1553 2123 2156
10537 4 2 1 1 1372 2043 1859 2151
10538 4 2 1 1 3 1274 1651 1810
10539 4 2 1 1 1286 1273 1132 1631
10540 4 2 1 1 27 678 26 2258
10541 4 2 1 1 1304 1263 1223 2127
10542 4 2 1 1 1041 939 631 1849
10543 4 2 1 1 1391 1826 2035 2169
10544 4 2 1 1 84 82 85 1937
10545 4 2 1 1 1043 1040 728 1892
10546 4 2 1 1 1219 1254 1164 1638
10547 4 2 1 1 1574 1858 1353 2067
10548 4 2 1 1 1409 1653 1809 2211
10549 4 2 1 1 332 744 333 1945
10550 4 2 1 1 1603 1872 1322 2234
10551 4 2 1 1 927 886 565 2043
10552 4 2 1 1 1373 2088 2017 2247
10553 4 2 1 1 638 613 654 1913
10554 4 2 1 1 1880 1712 2124 2228
10555 4 2 1 1 1779 1854 1619 2037
10556 4 2 1 1 217 927 2043 2217
10557 4 2 1 1 765 1770 1853 2157
10558 4 2 1 1 1059 1702 666 2187
10559 4 2 1 1 329 327 330 1715
10560 4 2 1 1 507 259 542 1829
10561 4 2 1 1 54 1782 1032 1889
10562 4 2 1 1 1293 1233 1237 2148
10563 4 2 1 1 1218 1543 1929 2057
10564 4 2 1 1 1941 1944 1599 2243
10565 4 2 1 1 620 489 998 1914
10566 4 2 1 1 1278 1267 1171 2000
10567 4 2 1 1 1401 2179 1691 2233
10568 4 2 1 1 1723 1891 1408 1981
10569 4 2 1 1 1334 1657 2039 2194
10570 4 2 1 1 640 1771 1005 2006
10571 4 2 1 1 1032 727 893 1889
10572 4 2 1 1 1403 2146 1559 2256
10573 4 2 1 1 1407 2216 1514 2227
10574 4 2 1 1 1069 1703 40 2163
10575 4 2 1 1 876 901 504 1926
10576 4 2 1 1 236 1922 1775 2085
10577 4 2 1 1 1658 1888 1358 2112
10578 4 2 1 1 1336 1526 2073 2156
10579 4 2 1 1 933 1032 54 1782
10580 4 2 1 1 1181 1230 1251 1705
10581 4 2 1 1 705 273 288 1872
10582 4 2 1 1 1568 1328 1990 2003
10583 4 2 1 1 1090 1091 1092 1657
10584 4 2 1 1 103 102 104 1693
10585 4 2 1 1 1369 1563 2019 2095
10586 4 2 1 1 1319 1536 1970 2111
10587 4 2 1 1 1104 1106 1261 2174
10588 4 2 1 1 1528 2138 1323 2184
10589 4 2 1 1 957 878 598 2096
10590 4 2 1 1 899 669 1908 2159
10591 4 2 1 1 1257 1302 1259 1673
10592 4 2 1 1 1105 1135 1107 2132
10593 4 2 1 1 1326 2132 1732 2220
10594 4 2 1 1 1632 1982 1407 2188
10595 4 2 1 1 942 763 1963 2157
10596 4 2 1 1 688 654 1062 1936
10597 4 2 1 1 1172 1652 1174 2055
10598 4 2 1 1 1923 1984 1337 2267
10599 4 2 1 1 1322 1916 1589 2270
10600 4 2 1 1 1723 2067 1353 2198
10601 4 2 1 1 668 56 669 1785
10602 4 2 1 1 1667 2118 1514 2216
10603 4 2 1 1 1706 2008 1517 2221
10604 4 2 1 1 613 638 602 1913
10605 4 2 1 1 1806 2068 1622 2171
10606 4 2 1 1 1347 1975 1589 2184
10607 4 2 1 1 210 207 206 1799
10608 4 2 1 1 606 1003 595 2023
10609 4 2 1 1 1217 1312 1073 1740
10610 4 2 1 1 1253 1289 1175 1844
10611 4 2 1 1 948 1897 510 2243
10612 4 2 1 1 26 25 55 1899
10613 4 2 1 1 546 970 910 1971
10614 4 2 1 1 652 1928 567 2023
10615 4 2 1 1 236 1775 859 2085
10616 4 2 1 1 1121 1122 1119 1943
10617 4 2 1 1 325 735 734 2144
10618 4 2 1 1 1375 1905 1890 2137
10619 4 2 1 1 1176 1175 1177 1724
10620 4 2 1 1 1044 544 532 1895
10621 4 2 1 1 1559 2256 2056 2257
10622 4 2 1 1 733 1020 639 1894
10623 4 2 1 1 1584 2123 1336 2244
10624 4 2 1 1 1703 1320 1952 2150
10625 4 2 1 1 1750 2166 1644 2203
10626 4 2 1 1 895 900 1009 2014
10627 4 2 1 1 650 177 832 1575
10628 4 2 1 1 261 1930 1720 2249
10629 4 2 1 1 910 1052 550 2162
10630 4 2 1 1 550 551 1058 1766
10631 4 2 1 1 797 117 796 2120
10632 4 2 1 1 902 420 996 1915
10633 4 2 1 1 524 430 820 1905
10634 4 2 1 1 1511 1338 2070 2231
10635 4 2 1 1 87 88 89 2049
10636 4 2 1 1 1334 2194 1515 2204
10637 4 2 1 1 952 1778 758 2201
10638 4 2 1 1 283 979 956 1801
10639 4 2 1 1 1732 2115 1327 2230
10640 4 2 1 1 626 573 574 1875
10641 4 2 1 1 534 418 855 2112
10642 4 2 1 1 1328 2003 1568 2072
10643 4 2 1 1 1853 1963 763 2157
10644 4 2 1 1 740 950 742 1708
10645 4 2 1 1 1344 1937 1675 2168
10646 4 2 1 1 253 162 468 2265
10647 4 2 1 1 607 609 608 2025
10648 4 2 1 1 711 387 449 1903
10649 4 2 1 1 1576 1874 1376 2161
10650 4 2 1 1 515 785 451 1991
10651 4 2 1 1 469 906 931 1738
10652 4 2 1 1 1450 1729 1954 2136
10653 4 2 1 1 778 538 819 1714
10654 4 2 1 1 1347 1528 1975 2184
10655 4 2 1 1 1859 2043 1614 2151
10656 4 2 1 1 1403 1552 2002 2213
10657 4 2 1 1 1027 338 1884 1987
10658 4 2 1 1 1633 1990 1328 2003
10659 4 2 1 1 611 952 1012 1778
10660 4 2 1 1 1340 2066 1590 2219
10661 4 2 1 1 1821 2000 1539 2052
10662 4 2 1 1 1796 2093 1593 2188
10663 4 2 1 1 148 752 1950 2091
10664 4 2 1 1 1194 1195 1283 1779
10665 4 2 1 1 64 1701 1997 2268
10666 4 2 1 1 63 82 84 1937
10667 4 2 1 1 1102 1101 1098 1883
10668 4 2 1 1 1505 2129 1726 2140
10669 4 2 1 1 57 1062 1000 1936
10670 4 2 1 1 1733 1979 1479 2237
10671 4 2 1 1 1367 1979 1733 2237
10672 4 2 1 1 1373 2088 1817 2164
10673 4 2 1 1 1322 1916 1656 2234
10674 4 2 1 1 1333 2028 1725 2136
10675 4 2 1 1 1707 1880 1241 1952
10676 4 2 1 1 1174 1172 1173 1652
10677 4 2 1 1 1670 1852 1428 1970
10678 4 2 1 1 1110 1246 1108 2125
10679 4 2 1 1 360 371 655 1949
10680 4 2 1 1 1198 1975 1310 2134
10681 4 2 1 1 1326 1789 1732 2132
10682 4 2 1 1 968 880 710 1818
10683 4 2 1 1 1042 986 473 2038
10684 4 2 1 1 171 838 1941 2243
10685 4 2 1 1 149 2042 147 2167
10686 4 2 1 1 1116 1114 1277 2004
10687 4 2 1 1 1036 612 622 1710
10688 4 2 1 1 1573 1832 1779 2027
10689 4 2 1 1 1675 1960 1937 2223
10690 4 2 1 1 575 1584 2048 2265
10691 4 2 1 1 742 1708 888 2241
10692 4 2 1 1 402 1903 388 2066
10693 4 2 1 1 710 880 292 1818
10694 4 2 1 1 1993 2179 1570 2233
10695 4 2 1 1 386 810 398 2015
10696 4 2 1 1 260 246 833 2062
10697 4 2 1 1 1155 1153 1156 2045
10698 4 2 1 1 1656 1916 1798 2234
10699 4 2 1 1 971 1846 721 2178
10700 4 2 1 1 614 520 619 1954
10701 4 2 1 1 342 1962 341 2197
10702 4 2 1 1 1234 1265 1235 1617
10703 4 2 1 1 1375 2020 1796 2142
10704 4 2 1 1 1299 1183 1247 1676
10705 4 2 1 1 365 801 355 1820
10706 4 2 1 1 1154 1739 1153 2045
10707 4 2 1 1 39 40 1075 1728
10708 4 2 1 1 230 229 232 2032
10709 4 2 1 1 1193 1191 1286 1730
10710 4 2 1 1 201 1812 609 2025
10711 4 2 1 1 487 423 804 1992
10712 4 2 1 1 416 418 417 1851
10713 4 2 1 1 1593 2078 1390 2196
10714 4 2 1 1 26 55 66 1695
10715 4 2 1 1 1047 749 1043 1718
10716 4 2 1 1 327 325 734 2144
10717 4 2 1 1 149 151 150 2167
10718 4 2 1 1 666 229 227 1702
10719 4 2 1 1 1595 1866 1485 2027
10720 4 2 1 1 1589 1975 1528 2184
10721 4 2 1 1 1529 2083 1948 2160
10722 4 2 1 1 473 267 643 1744
10723 4 2 1 1 1658 2225 1358 2264
10724 4 2 1 1 1275 1193 1286 1730
10725 4 2 1 1 1010 623 1055 2077
10726 4 2 1 1 1323 1528 2030 2138
10727 4 2 1 1 1657 1983 1515 2194
10728 4 2 1 1 1619 2122 1725 2222
10729 4 2 1 1 1480 1789 1732 2115
10730 4 2 1 1 1455 1921 1561 2249
10731 4 2 1 1 178 489 490 2263
10732 4 2 1 1 566 567 454 1772
10733 4 2 1 1 1373 1817 1626 2164
10734 4 2 1 1 1128 1133 1134 2089
10735 4 2 1 1 1317 1090 1092 2039
10736 4 2 1 1 216 265 264 2129
10737 4 2 1 1 801 1598 793 2215
10738 4 2 1 1 1388 2054 1682 2232
10739 4 2 1 1 892 1711 805 2152
10740 4 2 1 1 1386 2188 1632 2205
10741 4 2 1 1 1408 1545 1891 2107
10742 4 2 1 1 1368 1778 2154 2201
10743 4 2 1 1 1685 1941 1406 2042
10744 4 2 1 1 601 1961 397 2062
10745 4 2 1 1 656 277 278 2018
10746 4 2 1 1 1334 2039 1657 2133
10747 4 2 1 1 337 1976 340 2197
10748 4 2 1 1 710 1818 292 2183
10749 4 2 1 1 28 955 29 1701
10750 4 2 1 1 1556 1973 1340 2219
10751 4 2 1 1 1165 1167 1166 2063
10752 4 2 1 1 60 920 925 2013
10753 4 2 1 1 1675 1937 1344 2223
10754 4 2 1 1 36 1068 1901 2221
10755 4 2 1 1 684 1698 2200 2248
10756 4 2 1 1 562 1849 564 2128
10757 4 2 1 1 899 669 671 1908
10758 4 2 1 1 966 874 946 2076
10759 4 2 1 1 1472 1684 2087 2218
10760 4 2 1 1 286 1958 287 2121
10761 4 2 1 1 228 229 230 2032
10762 4 2 1 1 925 60 2013 2200
10763 4 2 1 1 269 643 267 1744
10764 4 2 1 1 981 658 203 2021
10765 4 2 1 1 1093 1091 1136 1563
10766 4 2 1 1 1798 2070 1338 2231
10767 4 2 1 1 1344 1989 1631 2161
10768 4 2 1 1 1229 1099 1696 2101
10769 4 2 1 1 1618 2017 1373 2088
10770 4 2 1 1 846 847 953 1912
10771 4 2 1 1 1264 1178 1216 2007
10772 4 2 1 1 1389 1858 1648 2153
10773 4 2 1 1 275 862 809 1925
10774 4 2 1 1 666 891 548 1898
10775 4 2 1 1 1417 1509 2144 2189
10776 4 2 1 1 1557 1375 2020 2242
10777 4 2 1 1 715 295 299 1795
10778 4 2 1 1 1818 1872 292 2183
10779 4 2 1 1 922 1867 724 2165
10780 4 2 1 1 1487 2070 1452 2126
10781 4 2 1 1 1685 1897 1348 2243
10782 4 2 1 1 1443 1756 1908 2246
10783 4 2 1 1 756 897 960 1800
10784 4 2 1 1 792 791 793 1860
10785 4 2 1 1 969 849 848 1893
10786 4 2 1 1 1397 2231 1511 2234
10787 4 2 1 1 741 777 778 1951
10788 4 2 1 1 157 799 513 2009
10789 4 2 1 1 617 986 1042 1968
10790 4 2 1 1 1616 1858 1389 2153
10791 4 2 1 1 859 2085 1775 2130
10792 4 2 1 1 1099 1146 1145 1649
10793 4 2 1 1 1361 1548 2206 2261
10794 4 2 1 1 1171 1151 1258 1948
10795 4 2 1 1 1338 1758 1798 2231
10796 4 2 1 1 1524 2025 1778 2173
10797 4 2 1 1 1141 1133 1138 1973
10798 4 2 1 1 1318 1537 2052 2190
10799 4 2 1 1 1045 485 904 1827
10800 4 2 1 1 5 673 6 2051
10801 4 2 1 1 299 1917 300 2186
10802 4 2 1 1 573 1035 571 1697
10803 4 2 1 1 1437 1777 2051 2259
10804 4 2 1 1 1463 1924 1807 2083
10805 4 2 1 1 402 387 388 1903
10806 4 2 1 1 206 205 204 1799
10807 4 2 1 1 755 2085 1604 2268
10808 4 2 1 1 1365 1932 1833 2254
10809 4 2 1 1 186 42 518 2248
10810 4 2 1 1 859 755 2085 2130
10811 4 2 1 1 1334 1515 2039 2204
10812 4 2 1 1 1348 1897 1792 2243
10813 4 2 1 1 705 1872 880 2191
10814 4 2 1 1 1598 1341 1860 2215
10815 4 2 1 1 245 244 546 1971
10816 4 2 1 1 906 907 931 1738
10817 4 2 1 1 38 1067 37 2100
10818 4 2 1 1 292 880 705 1872
10819 4 2 1 1 1349 1552 2009 2257
10820 4 2 1 1 1499 2191 1508 2270
10821 4 2 1 1 1131 1102 1262 1946
10822 4 2 1 1 1377 1965 1603 2266
10823 4 2 1 1 1392 1962 1837 1977
10824 4 2 1 1 1059 232 229 2053
10825 4 2 1 1 1387 1675 1960 2049
10826 4 2 1 1 479 1850 646 1988
10827 4 2 1 1 286 284 496 2121
10828 4 2 1 1 286 287 285 2121
10829 4 2 1 1 1294 1065 1712 2203
10830 4 2 1 1 413 907 802 1857
10831 4 2 1 1 1370 2109 1532 2125
10832 4 2 1 1 1337 2032 1807 2053
10833 4 2 1 1 1774 2144 1715 2189
10834 4 2 1 1 1131 1142 1809 2139
10835 4 2 1 1 1396 1672 2094 2237
10836 4 2 1 1 1312 39 1740 2163
10837 4 2 1 1 828 338 339 1884
10838 4 2 1 1 914 978 786 1839
10839 4 2 1 1 1385 2037 1854 2244
10840 4 2 1 1 587 586 704 1959
10841 4 2 1 1 1276 1292 1159 2116
10842 4 2 1 1 53 10 676 1994
10843 4 2 1 1 61 692 677 1996
10844 4 2 1 1 289 291 290 2195
10845 4 2 1 1 289 509 712 2195
10846 4 2 1 1 674 12 696 1861
10847 4 2 1 1 1528 2138 1391 2141
10848 4 2 1 1 1201 1199 1308 2030
10849 4 2 1 1 1386 1850 1662 2103
10850 4 2 1 1 1294 1231 1065 2203
10851 4 2 1 1 1146 1147 1145 1649
10852 4 2 1 1 739 346 351 1977
10853 4 2 1 1 1937 1960 1459 2223
10854 4 2 1 1 529 427 426 2054
10855 4 2 1 1 1514 2216 1714 2227
10856 4 2 1 1 515 407 829 1822
10857 4 2 1 1 1381 1554 2089 2219
10858 4 2 1 1 455 568 566 2059
10859 4 2 1 1 1329 2116 1506 2175
10860 4 2 1 1 271 720 274 2207
10861 4 2 1 1 1371 1940 1564 2033
10862 4 2 1 1 1404 1601 1948 2160
10863 4 2 1 1 1155 1274 1636 1896
10864 4 2 1 1 1614 1343 1894 2151
10865 4 2 1 1 605 967 649 1595
10866 4 2 1 1 1706 1284 2071 2221
10867 4 2 1 1 481 807 410 2193
10868 4 2 1 1 277 1925 272 2207
10869 4 2 1 1 1935 2140 1505 2262
10870 4 2 1 1 514 888 813 1978
10871 4 2 1 1 1169 1170 1301 2093
10872 4 2 1 1 592 704 586 2238
10873 4 2 1 1 1645 2131 1997 2268
10874 4 2 1 1 1162 1158 1163 1796
10875 4 2 1 1 101 831 736 1769
10876 4 2 1 1 540 392 396 1979
10877 4 2 1 1 1572 1907 1327 2182
10878 4 2 1 1 778 817 975 1951
10879 4 2 1 1 744 332 417 2098
10880 4 2 1 1 634 526 1026 1686
10881 4 2 1 1 1552 1403 2002 2257
10882 4 2 1 1 1214 1215 1250 1637
10883 4 2 1 1 1480 2115 1732 2230
10884 4 2 1 1 1649 1984 1923 2267
10885 4 2 1 1 497 868 1055 2077
10886 4 2 1 1 772 449 402 1903
10887 4 2 1 1 1358 1888 1658 2264
10888 4 2 1 1 618 900 745 2014
10889 4 2 1 1 1349 2056 1533 2257
10890 4 2 1 1 1481 1764 1925 2255
10891 4 2 1 1 1719 2009 1552 2257
10892 4 2 1 1 801 980 793 1598
10893 4 2 1 1 1336 1717 2073 2244
10894 4 2 1 1 1371 1958 1690 2121
10895 4 2 1 1 1778 2025 1690 2173
10896 4 2 1 1 661 1813 988 2165
10897 4 2 1 1 652 596 653 2191
10898 4 2 1 1 950 888 742 1708
10899 4 2 1 1 1260 1196 1172 2055
10900 4 2 1 1 1358 1658 2112 2225
10901 4 2 1 1 1146 1147 1649 1984
10902 4 2 1 1 425 428 825 1921
10903 4 2 1 1 1179 1188 1178 1768
10904 4 2 1 1 121 122 120 2213
10905 4 2 1 1 27 26 66 1695
10906 4 2 1 1 125 2002 119 2120
10907 4 2 1 1 1060 999 343 2241
10908 4 2 1 1 1180 1160 1176 2041
10909 4 2 1 1 1389 1648 2069 2153
10910 4 2 1 1 691 530 693 1610
10911 4 2 1 1 935 909 893 1889
10912 4 2 1 1 1389 2069 1628 2153
10913 4 2 1 1 1578 2110 870 2168
10914 4 2 1 1 1106 1126 1261 1911
10915 4 2 1 1 1112 1110 1111 2153
10916 4 2 1 1 1269 1229 1696 2074
10917 4 2 1 1 2003 2057 1568 2072
10918 4 2 1 1 1868 2030 1624 2138
10919 4 2 1 1 793 1598 1860 2215
10920 4 2 1 1 1390 1852 1722 2078
10921 4 2 1 1 1350 1866 1865 2172
10922 4 2 1 1 668 1980 1785 2159
10923 4 2 1 1 298 300 299 1917
10924 4 2 1 1 1396 1902 1672 2237
10925 4 2 1 1 882 988 661 1813
10926 4 2 1 1 1120 1277 1222 2111
10927 4 2 1 1 955 1701 1700 1997
10928 4 2 1 1 1405 1513 1976 2218
10929 4 2 1 1 6 1777 916 2051
10930 4 2 1 1 240 859 236 1775
10931 4 2 1 1 1401 1967 1629 2226
10932 4 2 1 1 550 524 551 1766
10933 4 2 1 1 154 651 614 1954
10934 4 2 1 1 114 717 95 1866
10935 4 2 1 1 65 935 700 1830
10936 4 2 1 1 90 713 89 1734
10937 4 2 1 1 328 329 928 1942
10938 4 2 1 1 344 739 845 1837
10939 4 2 1 1 1370 1835 2094 2125
10940 4 2 1 1 106 107 108 1882
10941 4 2 1 1 1069 1312 1217 2163
10942 4 2 1 1 1691 2179 1993 2233
10943 4 2 1 1 691 692 61 1996
10944 4 2 1 1 1617 1868 1323 2030
10945 4 2 1 1 234 236 753 2085
10946 4 2 1 1 409 382 391 2065
10947 4 2 1 1 1078 2166 1750 2203
10948 4 2 1 1 1450 1954 1856 2222
10949 4 2 1 1 1856 1954 1454 2222
10950 4 2 1 1 119 2120 2002 2213
10951 4 2 1 1 975 703 538 1752
10952 4 2 1 1 333 335 334 1987
10953 4 2 1 1 213 148 752 1950
10954 4 2 1 1 1552 2002 1719 2257
10955 4 2 1 1 852 865 521 1995
10956 4 2 1 1 119 2002 121 2213
10957 4 2 1 1 1381 2089 1556 2219
10958 4 2 1 1 1121 1263 1122 1684
10959 4 2 1 1 1437 1782 2247 2259
10960 4 2 1 1 1717 2122 1570 2233
10961 4 2 1 1 97 114 95 1866
10962 4 2 1 1 531 544 926 1895
10963 4 2 1 1 292 1872 288 2183
10964 4 2 1 1 1427 2247 1782 2259
10965 4 2 1 1 539 822 1892 2079
10966 4 2 1 1 6 872 916 1777
10967 4 2 1 1 556 555 487 1790
10968 4 2 1 1 1228 1305 1212 1753
10969 4 2 1 1 87 91 708 2049
10970 4 2 1 1 1397 1798 2231 2234
10971 4 2 1 1 346 344 345 1962
10972 4 2 1 1 1390 1713 1852 2078
10973 4 2 1 1 1706 2008 1382 2212
10974 4 2 1 1 382 371 362 1949
10975 4 2 1 1 1269 1093 1136 2074
10976 4 2 1 1 1168 1302 1257 2036
10977 4 2 1 1 1854 2037 1415 2244
10978 4 2 1 1 1821 2052 1539 2190
10979 4 2 1 1 41 1712 1880 2228
10980 4 2 1 1 1463 2052 1537 2062
10981 4 2 1 1 1073 1312 39 1740
10982 4 2 1 1 398 393 386 1791
10983 4 2 1 1 1649 1923 1430 2267
10984 4 2 1 1 669 670 671 1908
10985 4 2 1 1 1966 2238 1546 2258
10986 4 2 1 1 360 359 362 1949
10987 4 2 1 1 1097 1099 1145 1910
10988 4 2 1 1 498 538 703 1752
10989 4 2 1 1 1401 1691 2179 2246
10990 4 2 1 1 331 332 333 1945
10991 4 2 1 1 567 652 917 1928
10992 4 2 1 1 148 209 144 2091
10993 4 2 1 1 1604 2085 1645 2268
10994 4 2 1 1 1511 1872 1603 2234
10995 4 2 1 1 1162 1163 1169 2093
10996 4 2 1 1 1370 2094 1654 2125
10997 4 2 1 1 1334 2039 1607 2204
10998 4 2 1 1 452 622 962 1961
10999 4 2 1 1 36 1239 1068 2221
11000 4 2 1 1 1501 1732 2174 2220
11001 4 2 1 1 1681 1352 1913 1936
11002 4 2 1 1 1233 1956 1237 2148
11003 4 2 1 1 471 191 193 1805
11004 4 2 1 1 656 987 277 1671
11005 4 2 1 1 185 192 191 2149
11006 4 2 1 1 599 765 1046 2157
11007 4 2 1 1 802 907 517 1857
11008 4 2 1 1 1817 2088 1373 2247
11009 4 2 1 1 664 985 575 2048
11010 4 2 1 1 615 616 490 1797
11011 4 2 1 1 70 628 630 1802
11012 4 2 1 1 1109 1110 1108 2125
11013 4 2 1 1 506 628 1811 2113
11014 4 2 1 1 409 866 798 2065
11015 4 2 1 1 143 1932 730 2254
11016 4 2 1 1 593 952 758 2201
11017 4 2 1 1 240 859 1775 2130
11018 4 2 1 1 18 51 17 1955
11019 4 2 1 1 664 532 708 1694
11020 4 2 1 1 1704 1925 1332 2207
11021 4 2 1 1 1365 1833 1743 2235
11022 4 2 1 1 1223 1121 1221 2127
11023 4 2 1 1 1243 33 1066 2233
11024 4 2 1 1 181 838 510 2243
11025 4 2 1 1 1127 1289 1253 1844
11026 4 2 1 1 1664 2060 1324 2240
11027 4 2 1 1 340 337 848 1976
11028 4 2 1 1 870 2110 163 2168
11029 4 2 1 1 149 150 2042 2167
11030 4 2 1 1 562 2128 560 2131
11031 4 2 1 1 1344 1618 1989 2017
11032 4 2 1 1 972 680 62 1966
11033 4 2 1 1 1368 2119 1886 2245
11034 4 2 1 1 61 690 691 1996
11035 4 2 1 1 1560 2081 1420 2252
11036 4 2 1 1 1325 1827 1788 2080
11037 4 2 1 1 1624 2138 2030 2141
11038 4 2 1 1 516 140 463 2092
11039 4 2 1 1 369 368 370 1972
11040 4 2 1 1 1805 2149 1445 2217
11041 4 2 1 1 227 224 212 1783
11042 4 2 1 1 439 1982 1054 2227
11043 4 2 1 1 1200 1794 1203 2141
11044 4 2 1 1 1154 1151 1153 1739
11045 4 2 1 1 149 756 169 2167
11046 4 2 1 1 1228 1229 1230 1674
11047 4 2 1 1 659 629 506 2171
11048 4 2 1 1 1595 2037 1716 2265
11049 4 2 1 1 1332 1925 1704 2255
11050 4 2 1 1 241 732 233 1807
11051 4 2 1 1 162 521 468 1995
11052 4 2 1 1 715 307 295 1795
11053 4 2 1 1 1066 1295 1275 1854
11054 4 2 1 1 1081 1084 1226 2056
11055 4 2 1 1 371 1949 382 2065
11056 4 2 1 1 634 617 526 1686
11057 4 2 1 1 675 74 674 2226
11058 4 2 1 1 1593 2093 2078 2196
11059 4 2 1 1 866 682 592 2238
11060 4 2 1 1 353 356 324 1847
11061 4 2 1 1 425 825 415 1921
11062 4 2 1 1 995 636 488 1939
11063 4 2 1 1 534 835 491 1658
11064 4 2 1 1 937 1 755 1604
11065 4 2 1 1 1012 952 248 2154
11066 4 2 1 1 19 689 47 2135
11067 4 2 1 1 537 1964 256 2108
11068 4 2 1 1 827 308 415 2249
11069 4 2 1 1 804 423 448 1992
11070 4 2 1 1 217 1869 182 2217
11071 4 2 1 1 294 291 295 1918
11072 4 2 1 1 1037 661 988 2165
11073 4 2 1 1 1437 2051 1782 2259
11074 4 2 1 1 629 2113 506 2171
11075 4 2 1 1 503 665 76 1784
11076 4 2 1 1 73 44 74 2226
11077 4 2 1 1 181 152 150 2042
11078 4 2 1 1 556 487 641 1790
11079 4 2 1 1 1772 1928 1347 2023
11080 4 2 1 1 1247 1548 1217 2261
11081 4 2 1 1 1827 1836 1470 2212
11082 4 2 1 1 1608 1931 1421 2210
11083 4 2 1 1 450 458 483 1788
11084 4 2 1 1 707 870 163 2168
11085 4 2 1 1 1607 2039 1515 2204
11086 4 2 1 1 339 337 340 2197
11087 4 2 1 1 1013 903 158 1859
11088 4 2 1 1 1269 1696 1099 1999
11089 4 2 1 1 144 1833 143 2254
11090 4 2 1 1 988 922 724 2165
11091 4 2 1 1 1682 2054 1531 2232
11092 4 2 1 1 112 103 105 2084
11093 4 2 1 1 1427 2105 2134 2253
11094 4 2 1 1 934 1045 632 2080
11095 4 2 1 1 572 640 1005 2006
11096 4 2 1 1 626 966 46 2076
11097 4 2 1 1 228 230 231 2032
11098 4 2 1 1 524 820 887 1905
11099 4 2 1 1 1500 2167 1800 2194
11100 4 2 1 1 658 991 203 2021
11101 4 2 1 1 472 771 235 2034
11102 4 2 1 1 1004 891 213 1898
11103 4 2 1 1 15 702 16 1876
11104 4 2 1 1 1412 1690 2025 2173
11105 4 2 1 1 109 110 108 1885
11106 4 2 1 1 519 867 255 2224
11107 4 2 1 1 435 434 433 1890
11108 4 2 1 1 1387 1960 1675 2223
11109 4 2 1 1 10 56 9 1994
11110 4 2 1 1 1368 1886 1781 2245
11111 4 2 1 1 997 1843 937 2130
11112 4 2 1 1 1588 1369 2019 2095
11113 4 2 1 1 1188 1768 1179 2261
11114 4 2 1 1 684 2200 518 2248
11115 4 2 1 1 1475 1702 1909 2267
11116 4 2 1 1 1248 1182 1241 1707
11117 4 2 1 1 145 143 144 1833
11118 4 2 1 1 599 1770 765 2157
11119 4 2 1 1 1378 1647 2139 2262
11120 4 2 1 1 649 967 468 2265
11121 4 2 1 1 1781 1886 1423 2245
11122 4 2 1 1 1407 2093 1667 2216
11123 4 2 1 1 798 1031 371 2065
11124 4 2 1 1 51 665 875 1955
11125 4 2 1 1 1218 1215 1543 2057
11126 4 2 1 1 755 1604 1 2268
11127 4 2 1 1 1362 2052 2000 2160
11128 4 2 1 1 1774 2147 1417 2209
11129 4 2 1 1 616 1797 1017 2202
11130 4 2 1 1 1147 1148 1149 1984
11131 4 2 1 1 96 97 95 2172
11132 4 2 1 1 216 200 718 1726
11133 4 2 1 1 680 1966 972 2238
11134 4 2 1 1 1804 1913 1352 1936
11135 4 2 1 1 1667 1957 1521 2118
11136 4 2 1 1 68 45 67 1700
11137 4 2 1 1 767 768 759 1826
11138 4 2 1 1 521 468 1995 2265
11139 4 2 1 1 960 169 756 1800
11140 4 2 1 1 157 167 160 1741
11141 4 2 1 1 630 69 70 1802
11142 4 2 1 1 556 1022 969 1893
11143 4 2 1 1 1198 1199 1201 1975
11144 4 2 1 1 706 699 63 1874
11145 4 2 1 1 1011 876 584 2192
11146 4 2 1 1 723 874 399 2001
11147 4 2 1 1 1038 840 841 2260
11148 4 2 1 1 420 902 405 1915
11149 4 2 1 1 528 1878 600 2187
11150 4 2 1 1 458 450 421 1788
11151 4 2 1 1 484 485 483 1827
11152 4 2 1 1 162 1995 468 2265
11153 4 2 1 1 1230 1674 1229 2074
11154 4 2 1 1 1469 2118 1521 2143
11155 4 2 1 1 461 850 215 2140
11156 4 2 1 1 397 260 833 2062
11157 4 2 1 1 1415 1854 1779 2037
11158 4 2 1 1 423 401 400 1841
11159 4 2 1 1 1720 1924 1404 1930
11160 4 2 1 1 7 872 6 1777
11161 4 2 1 1 562 939 564 1849
11162 4 2 1 1 1393 1910 1689 2177
11163 4 2 1 1 1624 1391 2138 2141
11164 4 2 1 1 488 784 995 1939
11165 4 2 1 1 256 520 519 1729
11166 4 2 1 1 1407 2093 1593 2196
11167 4 2 1 1 1018 457 584 1848
11168 4 2 1 1 1398 1919 1692 2224
11169 4 2 1 1 1068 37 36 1901
11170 4 2 1 1 845 739 742 1837
11171 4 2 1 1 1651 2124 1929 2228
11172 4 2 1 1 689 940 619 1808
11173 4 2 1 1 901 936 512 1920
11174 4 2 1 1 357 353 1010 1847
11175 4 2 1 1 11 696 12 1861
11176 4 2 1 1 789 395 788 1748
11177 4 2 1 1 1707 1952 1320 2150
11178 4 2 1 1 243 242 647 1763
11179 4 2 1 1 1158 1636 1274 1810
11180 4 2 1 1 1183 1184 1170 1957
11181 4 2 1 1 31 1132 1238 2046
11182 4 2 1 1 582 527 903 1859
11183 4 2 1 1 148 213 212 2091
11184 4 2 1 1 1631 2012 1459 2161
11185 4 2 1 1 1052 263 826 2162
11186 4 2 1 1 64 1 1701 2268
11187 4 2 1 1 498 466 465 2086
11188 4 2 1 1 791 794 996 1860
11189 4 2 1 1 1371 1981 1650 2033
11190 4 2 1 1 1392 1877 1521 2127
11191 4 2 1 1 1349 2009 1719 2257
11192 4 2 1 1 1208 1245 1125 2067
11193 4 2 1 1 1143 1173 1172 2064
11194 4 2 1 1 1204 1798 1282 2011
11195 4 2 1 1 1485 1862 1855 2060
11196 4 2 1 1 218 172 663 2081
11197 4 2 1 1 1085 1083 1181 1974
11198 4 2 1 1 337 336 848 1976
11199 4 2 1 1 1651 1929 1218 2228
11200 4 2 1 1 1390 2078 1722 2196
11201 4 2 1 1 1105 1103 1291 2230
11202 4 2 1 1 245 647 242 1763
11203 4 2 1 1 1042 643 618 1968
11204 4 2 1 1 468 967 253 2265
11205 4 2 1 1 1490 1683 2058 2238
11206 4 2 1 1 919 1919 124 2224
11207 4 2 1 1 1113 1259 1111 1985
11208 4 2 1 1 4 1765 2134 2253
11209 4 2 1 1 202 185 731 2149
11210 4 2 1 1 743 950 740 2227
11211 4 2 1 1 731 510 948 1897
11212 4 2 1 1 768 306 759 1826
11213 4 2 1 1 451 492 477 1991
11214 4 2 1 1 152 844 147 2042
11215 4 2 1 1 1137 1131 1142 1809
11216 4 2 1 1 188 219 176 1737
11217 4 2 1 1 304 287 747 1958
11218 4 2 1 1 445 440 465 2086
11219 4 2 1 1 1243 1286 1132 2073
11220 4 2 1 1 646 624 1049 1850
11221 4 2 1 1 1943 2087 1684 2218
11222 4 2 1 1 1341 1915 1860 2215
11223 4 2 1 1 1440 2229 1663 2239
11224 4 2 1 1 1603 1980 1397 2266
11225 4 2 1 1 147 149 150 2042
11226 4 2 1 1 1702 2032 1337 2053
11227 4 2 1 1 977 869 835 1888
11228 4 2 1 1 446 821 883 1988
11229 4 2 1 1 1039 597 621 1914
11230 4 2 1 1 1004 549 548 1898
11231 4 2 1 1 1785 1980 1397 2159
11232 4 2 1 1 813 442 514 1978
11233 4 2 1 1 1747 2114 1656 2266
11234 4 2 1 1 649 468 2048 2265
11235 4 2 1 1 1781 2154 1368 2245
11236 4 2 1 1 949 725 116 1953
11237 4 2 1 1 96 98 97 1865
11238 4 2 1 1 192 203 991 2021
11239 4 2 1 1 107 106 104 1882
11240 4 2 1 1 453 934 648 2080
11241 4 2 1 1 236 239 240 1775
11242 4 2 1 1 238 241 233 1807
11243 4 2 1 1 1440 1776 2229 2239
11244 4 2 1 1 1619 1385 2122 2222
11245 4 2 1 1 748 456 388 2066
11246 4 2 1 1 1404 1948 2083 2160
11247 4 2 1 1 1319 1970 1713 2111
11248 4 2 1 1 1296 1225 1227 1815
11249 4 2 1 1 637 113 636 1793
11250 4 2 1 1 666 528 924 2187
11251 4 2 1 1 1930 2162 1455 2249
11252 4 2 1 1 909 54 1032 1889
11253 4 2 1 1 1371 1650 1940 2033
11254 4 2 1 1 138 140 139 2092
11255 4 2 1 1 372 373 818 2250
11256 4 2 1 1 718 248 951 2154
11257 4 2 1 1 1463 2062 1720 2160
11258 4 2 1 1 1368 1754 2119 2245
11259 4 2 1 1 1460 2060 1664 2240
11260 4 2 1 1 1241 1248 1707 1952
11261 4 2 1 1 1163 1170 1169 2093
11262 4 2 1 1 1048 167 697 2075
11263 4 2 1 1 1232 1134 1234 1986
11264 4 2 1 1 35 1993 1072 2271
11265 4 2 1 1 1194 1192 1193 1832
11266 4 2 1 1 1232 1233 1300 1986
11267 4 2 1 1 34 1224 1066 2233
11268 4 2 1 1 32 1132 31 2046
11269 4 2 1 1 358 361 817 1819
11270 4 2 1 1 1239 1580 2221 2271
11271 4 2 1 1 1728 2040 1384 2163
11272 4 2 1 1 535 457 456 1848
11273 4 2 1 1 314 315 312 2035
11274 4 2 1 1 958 610 944 1626
11275 4 2 1 1 575 2048 468 2265
11276 4 2 1 1 1054 950 743 2227
11277 4 2 1 1 444 459 479 2103
11278 4 2 1 1 426 425 424 2054
11279 4 2 1 1 344 341 342 1962
11280 4 2 1 1 603 443 854 2155
11281 4 2 1 1 235 236 234 1922
11282 4 2 1 1 346 349 351 1977
11283 4 2 1 1 1005 921 399 1771
11284 4 2 1 1 165 2081 164 2110
11285 4 2 1 1 251 262 1063 1924
11286 4 2 1 1 424 781 780 1759
11287 4 2 1 1 1156 1568 1285 2057
11288 4 2 1 1 151 149 169 2167
11289 4 2 1 1 666 1059 229 1702
11290 4 2 1 1 1403 2120 1731 2213
11291 4 2 1 1 832 490 616 2263
11292 4 2 1 1 1407 1714 2216 2227
11293 4 2 1 1 1631 2046 2012 2161
11294 4 2 1 1 845 1837 742 2241
11295 4 2 1 1 1224 1225 1295 2122
11296 4 2 1 1 863 626 1028 1875
11297 4 2 1 1 264 461 215 2140
11298 4 2 1 1 1029 589 961 2082
11299 4 2 1 1 602 697 505 2075
11300 4 2 1 1 290 1918 294 2183
11301 4 2 1 1 851 505 697 1806
11302 4 2 1 1 698 619 52 1808
11303 4 2 1 1 1473 2059 1772 2105
11304 4 2 1 1 1190 1273 1191 1727
11305 4 2 1 1 544 531 532 1895
11306 4 2 1 1 1086 1089 1140 2031
11307 4 2 1 1 419 512 417 2098
11308 4 2 1 1 778 819 873 1714
11309 4 2 1 1 1946 2174 1592 2214
11310 4 2 1 1 585 586 501 1959
11311 4 2 1 1 1027 338 633 1884
11312 4 2 1 1 398 410 393 1791
11313 4 2 1 1 763 764 761 1853
11314 4 2 1 1 143 730 139 2254
11315 4 2 1 1 1511 2070 1918 2183
11316 4 2 1 1 642 1018 504 1926
11317 4 2 1 1 1652 1363 2064 2252
11318 4 2 1 1 1406 1721 2167 2194
11319 4 2 1 1 1157 1154 1155 2045
11320 4 2 1 1 916 872 594 1965
11321 4 2 1 1 1281 1270 1205 2010
11322 4 2 1 1 795 448 400 2152
11323 4 2 1 1 112 166 831 2084
11324 4 2 1 1 601 1036 622 1961
11325 4 2 1 1 753 2085 755 2268
11326 4 2 1 1 423 462 401 1841
11327 4 2 1 1 99 98 96 1865
11328 4 2 1 1 561 724 922 1867
11329 4 2 1 1 1918 2070 1452 2183
11330 4 2 1 1 575 468 521 2265
11331 4 2 1 1 936 879 512 1920
11332 4 2 1 1 1370 1654 2109 2125
11333 4 2 1 1 263 1930 261 2249
11334 4 2 1 1 2012 2046 1376 2161
11335 4 2 1 1 823 994 166 1862
11336 4 2 1 1 709 710 292 2183
11337 4 2 1 1 1044 976 544 2123
11338 4 2 1 1 151 171 838 1941
11339 4 2 1 1 1476 2092 1608 2254
11340 4 2 1 1 142 110 109 1885
11341 4 2 1 1 94 95 93 2172
11342 4 2 1 1 41 1294 1712 2228
11343 4 2 1 1 377 393 818 2250
11344 4 2 1 1 479 646 883 1988
11345 4 2 1 1 537 520 256 1964
11346 4 2 1 1 1366 1968 1744 2038
11347 4 2 1 1 125 119 797 2120
11348 4 2 1 1 806 396 381 1823
11349 4 2 1 1 15 72 702 1876
11350 4 2 1 1 999 545 954 1879
11351 4 2 1 1 62 678 972 2258
11352 4 2 1 1 726 727 464 1871
11353 4 2 1 1 2 933 1782 1873
11354 4 2 1 1 1715 2144 1509 2189
11355 4 2 1 1 625 695 997 1843
11356 4 2 1 1 1099 1269 1229 1696
11357 4 2 1 1 970 1930 263 2162
11358 4 2 1 1 741 743 740 2227
11359 4 2 1 1 1474 2034 1922 2072
11360 4 2 1 1 1337 1702 2053 2267
11361 4 2 1 1 922 837 561 1867
11362 4 2 1 1 119 125 121 2002
11363 4 2 1 1 1061 201 609 2025
11364 4 2 1 1 1448 1790 1992 2251
11365 4 2 1 1 369 367 368 1972
11366 4 2 1 1 1407 1667 2093 2196
11367 4 2 1 1 318 319 320 1786
11368 4 2 1 1 1094 1092 1093 1983
11369 4 2 1 1 1 937 695 2102
11370 4 2 1 1 506 851 659 2171
11371 4 2 1 1 719 951 720 1781
11372 4 2 1 1 577 578 481 1825
11373 4 2 1 1 137 730 729 2210
11374 4 2 1 1 1482 2068 1806 2171
11375 4 2 1 1 44 1967 13 2226
11376 4 2 1 1 1437 1782 1889 2247
11377 4 2 1 1 852 162 81 1995
11378 4 2 1 1 729 159 135 2210
11379 4 2 1 1 1377 1656 2114 2266
11380 4 2 1 1 153 730 143 1932
11381 4 2 1 1 171 913 838 2243
11382 4 2 1 1 355 350 365 1820
11383 4 2 1 1 290 291 294 1918
11384 4 2 1 1 1344 1830 1937 2168
11385 4 2 1 1 731 183 510 1897
11386 4 2 1 1 403 402 388 2066
11387 4 2 1 1 764 763 765 1853
11388 4 2 1 1 601 397 833 2062
11389 4 2 1 1 174 488 178 1735
11390 4 2 1 1 1213 1218 1215 1543
11391 4 2 1 1 851 506 505 2171
11392 4 2 1 1 144 836 145 1833
11393 4 2 1 1 1408 1891 1723 2198
11394 4 2 1 1 30 1765 4 2253
11395 4 2 1 1 1344 1937 2161 2223
11396 4 2 1 1 589 590 461 1935
11397 4 2 1 1 1027 335 338 1987
11398 4 2 1 1 472 882 771 2034
11399 4 2 1 1 1703 1384 2040 2163
11400 4 2 1 1 69 67 66 1947
11401 4 2 1 1 1131 1144 1142 2139
11402 4 2 1 1 193 600 528 1878
11403 4 2 1 1 539 822 1040 1892
11404 4 2 1 1 1459 2161 1937 2223
11405 4 2 1 1 1320 1548 1952 2206
11406 4 2 1 1 1279 1168 1157 2020
11407 4 2 1 1 1408 2107 1891 2198
11408 4 2 1 1 722 721 1034 1846
11409 4 2 1 1 575 649 468 2048
11410 4 2 1 1 1199 1200 1203 2141
11411 4 2 1 1 1800 2167 1721 2194
11412 4 2 1 1 997 937 460 2130
11413 4 2 1 1 1344 2161 1631 2223
11414 4 2 1 1 1093 1092 1091 1983
11415 4 2 1 1 150 151 838 1941
11416 4 2 1 1 280 593 282 2201
11417 4 2 1 1 1475 2187 1702 2267
11418 4 2 1 1 539 470 822 2079
11419 4 2 1 1 1051 955 68 1997
11420 4 2 1 1 247 225 223 1907
11421 4 2 1 1 913 948 510 2243
11422 4 2 1 1 1490 2058 1966 2238
11423 4 2 1 1 1775 1922 1379 2085
11424 4 2 1 1 292 288 290 2183
11425 4 2 1 1 1073 1244 1216 1870
11426 4 2 1 1 1459 1631 2161 2223
11427 4 2 1 1 1201 1234 1235 2030
11428 4 2 1 1 968 898 947 2170
11429 4 2 1 1 1403 2002 2120 2213
11430 4 2 1 1 1406 2042 1941 2167
11431 4 2 1 1 581 495 1064 1855
11432 4 2 1 1 593 758 282 2201
11433 4 2 1 1 283 284 285 2121
11434 4 2 1 1 3 1651 1218 2228
11435 4 2 1 1 952 611 758 1778
11436 4 2 1 1 1353 1963 1853 2157
11437 4 2 1 1 130 129 131 2024
11438 4 2 1 1 506 629 628 2113
11439 4 2 1 1 576 577 481 1825
11440 4 2 1 1 399 310 303 2001
11441 4 2 1 1 2070 2231 1798 2234
11442 4 2 1 1 803 409 391 1746
11443 4 2 1 1 92 91 89 2049
11444 4 2 1 1 862 272 277 1925
11445 4 2 1 1 259 247 782 1829
11446 4 2 1 1 599 911 765 1770
11447 4 2 1 1 865 976 604 2123
11448 4 2 1 1 1416 1764 2220 2255
11449 4 2 1 1 314 834 394 1934
11450 4 2 1 1 1176 1160 1175 2041
11451 4 2 1 1 637 856 113 1793
11452 4 2 1 1 1271 1074 36 2028
11453 4 2 1 1 1088 1765 1238 1989
11454 4 2 1 1 1231 1100 1078 2166
11455 4 2 1 1 1386 1988 1850 2103
11456 4 2 1 1 29 1701 1 2102
11457 4 2 1 1 1809 2139 1647 2262
11458 4 2 1 1 737 131 133 1906
11459 4 2 1 1 209 148 212 2091
11460 4 2 1 1 357 356 353 1847
11461 4 2 1 1 853 854 529 1831
11462 4 2 1 1 884 560 746 2131
11463 4 2 1 1 563 562 560 2131
11464 4 2 1 1 445 459 444 2103
11465 4 2 1 1 737 159 974 1814
11466 4 2 1 1 315 318 312 2035
11467 4 2 1 1 1302 1277 1259 2111
11468 4 2 1 1 165 172 164 2081
11469 4 2 1 1 618 643 644 2014
11470 4 2 1 1 464 190 726 1871
11471 4 2 1 1 361 358 360 1819
11472 4 2 1 1 1136 1705 1230 2074
11473 4 2 1 1 2 1782 5 2051
11474 4 2 1 1 1851 2112 1658 2225
11475 4 2 1 1 1008 1646 2023 2059
11476 4 2 1 1 1909 1984 1649 2267
11477 4 2 1 1 793 1860 996 2215
11478 4 2 1 1 476 600 657 2187
11479 4 2 1 1 86 87 708 1960
11480 4 2 1 1 2056 2256 1533 2257
11481 4 2 1 1 676 699 706 1874
11482 4 2 1 1 1437 2017 1765 2247
11483 4 2 1 1 342 341 340 2197
11484 4 2 1 1 811 1002 1816 2106
11485 4 2 1 1 470 507 508 2079
11486 4 2 1 1 398 412 411 2015
11487 4 2 1 1 217 815 182 1869
11488 4 2 1 1 639 527 463 1894
11489 4 2 1 1 602 638 1048 2075
11490 4 2 1 1 217 182 184 2217
11491 4 2 1 1 82 700 707 2168
11492 4 2 1 1 1050 621 949 1953
11493 4 2 1 1 1229 1228 1152 2101
11494 4 2 1 1 267 265 266 2129
11495 4 2 1 1 570 965 640 2006
11496 4 2 1 1 1603 1397 2234 2266
11497 4 2 1 1 924 1059 666 2187
11498 4 2 1 1 730 153 558 1932
11499 4 2 1 1 948 583 992 1792
11500 4 2 1 1 627 1879 999 2241
11501 4 2 1 1 1110 1112 1245 2153
11502 4 2 1 1 1765 2247 1427 2259
11503 4 2 1 1 1656 2234 1397 2266
11504 4 2 1 1 1380 1929 2124 2228
11505 4 2 1 1 993 601 833 2062
11506 4 2 1 1 1680 2064 1363 2252
11507 4 2 1 1 547 882 661 1813
11508 4 2 1 1 1294 1065 41 1712
11509 4 2 1 1 1071 30 4 2253
11510 4 2 1 1 687 672 49 1756
11511 4 2 1 1 25 24 77 1899
11512 4 2 1 1 902 421 405 1915
11513 4 2 1 1 34 1072 35 1993
11514 4 2 1 1 942 990 1046 2157
11515 4 2 1 1 375 377 373 2250
11516 4 2 1 1 1272 1084 1086 2256
11517 4 2 1 1 763 762 942 1963
11518 4 2 1 1 1309 1283 1195 1779
11519 4 2 1 1 817 777 354 1951
11520 4 2 1 1 434 431 433 1890
11521 4 2 1 1 930 616 1017 2202
11522 4 2 1 1 1313 1267 1278 1821
11523 4 2 1 1 886 752 516 1950
11524 4 2 1 1 609 201 667 1812
11525 4 2 1 1 1218 3 1274 1651
11526 4 2 1 1 1033 765 911 1770
11527 4 2 1 1 251 1063 241 1924
11528 4 2 1 1 439 1054 743 2227
11529 4 2 1 1 262 263 970 1930
11530 4 2 1 1 1318 2052 1821 2190
11531 4 2 1 1 184 191 757 2217
11532 4 2 1 1 1156 1651 1274 1896
11533 4 2 1 1 627 545 999 1879
11534 4 2 1 1 1179 1177 1197 2061
11535 4 2 1 1 845 742 1060 2241
11536 4 2 1 1 123 122 124 1919
11537 4 2 1 1 85 87 86 1960
11538 4 2 1 1 693 501 587 1959
11539 4 2 1 1 1203 1200 1208 1794
11540 4 2 1 1 776 917 378 1928
11541 4 2 1 1 1204 1206 1282 1798
11542 4 2 1 1 255 919 124 2224
11543 4 2 1 1 1774 2144 1417 2147
11544 4 2 1 1 770 1007 513 2009
11545 4 2 1 1 698 614 619 1954
11546 4 2 1 1 221 180 194 1863
11547 4 2 1 1 894 518 684 2200
11548 4 2 1 1 858 385 322 2147
11549 4 2 1 1 809 480 482 2117
11550 4 2 1 1 1097 1145 1268 1910
11551 4 2 1 1 1262 1102 1104 1946
11552 4 2 1 1 1008 2023 566 2059
11553 4 2 1 1 1153 1285 1156 1568
11554 4 2 1 1 339 341 343 2197
11555 4 2 1 1 65 700 59 1830
11556 4 2 1 1 1417 2144 1774 2189
11557 4 2 1 1 463 140 138 2092
11558 4 2 1 1 554 589 461 1935
11559 4 2 1 1 859 937 755 2130
11560 4 2 1 1 1123 1300 1233 2148
11561 4 2 1 1 701 67 83 1947
11562 4 2 1 1 1412 2063 1940 2173
11563 4 2 1 1 1437 2247 1765 2259
11564 4 2 1 1 1291 1103 1268 2230
11565 4 2 1 1 616 650 832 2202
11566 4 2 1 1 649 985 717 2048
11567 4 2 1 1 132 133 131 1906
11568 4 2 1 1 1229 1146 1099 2101
11569 4 2 1 1 680 681 679 1966
11570 4 2 1 1 943 1000 79 1804
11571 4 2 1 1 859 755 753 2085
11572 4 2 1 1 573 626 863 1875
11573 4 2 1 1 1603 2234 1656 2266
11574 4 2 1 1 686 46 966 2076
11575 4 2 1 1 212 891 227 1783
11576 4 2 1 1 709 290 294 2183
11577 4 2 1 1 182 815 152 1869
11578 4 2 1 1 1003 189 916 1646
11579 4 2 1 1 124 919 123 1919
11580 4 2 1 1 226 235 234 1922
11581 4 2 1 1 1521 2118 1957 2143
11582 4 2 1 1 144 143 141 2254
11583 4 2 1 1 873 439 743 2227
11584 4 2 1 1 185 202 192 2149
11585 4 2 1 1 920 681 925 2013
11586 4 2 1 1 448 892 805 2152
11587 4 2 1 1 1154 1153 1155 2045
11588 4 2 1 1 1940 2063 1650 2173
11589 4 2 1 1 1088 1765 1989 2017
11590 4 2 1 1 2 54 5 1782
11591 4 2 1 1 476 2053 1059 2187
11592 4 2 1 1 639 463 733 1894
11593 4 2 1 1 600 1878 658 2104
11594 4 2 1 1 1138 1129 1139 1927
11595 4 2 1 1 1292 1276 1281 2116
11596 4 2 1 1 615 1017 616 1797
11597 4 2 1 1 1663 2229 1771 2239
11598 4 2 1 1 1139 1138 1927 2236
11599 4 2 1 1 850 196 198 1845
11600 4 2 1 1 207 205 206 1799
11601 4 2 1 1 601 452 397 1961
11602 4 2 1 1 1243 1275 1286 2073
11603 4 2 1 1 1071 1242 30 2114
11604 4 2 1 1 910 970 1052 2162
11605 4 2 1 1 431 429 432 2137
11606 4 2 1 1 947 834 959 2170
11607 4 2 1 1 261 263 262 1930
11608 4 2 1 1 479 624 646 1850
11609 4 2 1 1 1509 2112 1851 2225
11610 4 2 1 1 705 288 292 1872
11611 4 2 1 1 41 1880 3 2228
11612 4 2 1 1 3 1241 1274 1810
11613 4 2 1 1 753 236 859 2085
11614 4 2 1 1 1341 2061 1768 2180
11615 4 2 1 1 753 755 754 2268
11616 4 2 1 1 994 581 929 1855
11617 4 2 1 1 13 44 14 1967
11618 4 2 1 1 1297 1074 1271 2028
11619 4 2 1 1 630 628 1016 2113
11620 4 2 1 1 1354 1957 2118 2143
11621 4 2 1 1 1156 1215 1218 2057
11622 4 2 1 1 51 18 665 1955
11623 4 2 1 1 924 476 1059 2187
11624 4 2 1 1 816 445 466 2086
11625 4 2 1 1 611 1061 607 2025
11626 4 2 1 1 1100 1082 1078 2166
11627 4 2 1 1 989 409 803 1746
11628 4 2 1 1 830 265 473 2038
11629 4 2 1 1 1255 1256 1113 1902
11630 4 2 1 1 323 317 310 2229
11631 4 2 1 1 630 83 69 1947
11632 4 2 1 1 126 121 125 2002
11633 4 2 1 1 1021 780 540 1979
11634 4 2 1 1 1142 1144 1164 2139
11635 4 2 1 1 432 787 443 2155
11636 4 2 1 1 612 507 1002 2106
11637 4 2 1 1 81 154 75 1856
11638 4 2 1 1 279 594 222 1965
11639 4 2 1 1 695 937 997 1843
11640 4 2 1 1 1008 1646 606 2023
11641 4 2 1 1 57 21 688 1936
11642 4 2 1 1 618 617 1042 1968
11643 4 2 1 1 137 135 136 2210
11644 4 2 1 1 1015 645 553 1900
11645 4 2 1 1 1127 1124 1122 1881
11646 4 2 1 1 2053 2187 1430 2267
11647 4 2 1 1 1317 1092 1196 2039
11648 4 2 1 1 166 994 908 1862
11649 4 2 1 1 1015 413 645 1900
11650 4 2 1 1 885 1051 68 1997
11651 4 2 1 1 187 71 668 1980
11652 4 2 1 1 173 175 176 2022
11653 4 2 1 1 797 119 117 2120
11654 4 2 1 1 1399 1811 2113 2171
11655 4 2 1 1 1323 2030 1868 2138
11656 4 2 1 1 1123 1233 1293 2148
11657 4 2 1 1 286 747 287 1958
11658 4 2 1 1 1072 34 1270 1993
11659 4 2 1 1 632 648 934 2080
11660 4 2 1 1 921 389 323 2229
11661 4 2 1 1 640 921 1005 1771
11662 4 2 1 1 380 383 384 2026
11663 4 2 1 1 694 690 695 2102
11664 4 2 1 1 843 953 1001 1912
11665 4 2 1 1 30 1242 31 2114
11666 4 2 1 1 775 942 762 1963
11667 4 2 1 1 1284 1240 1180 2071
11668 4 2 1 1 680 679 62 1966
11669 4 2 1 1 597 489 620 1914
11670 4 2 1 1 154 614 698 1954
11671 4 2 1 1 291 712 298 2195
11672 4 2 1 1 742 888 627 2241
11673 4 2 1 1 312 306 311 2169
11674 4 2 1 1 1174 1190 1191 1727
11675 4 2 1 1 293 656 278 2018
11676 4 2 1 1 1149 1151 1171 1948
11677 4 2 1 1 793 791 996 1860
11678 4 2 1 1 120 119 121 2213
11679 4 2 1 1 1223 1263 1121 2127
11680 4 2 1 1 320 322 385 2147
11681 4 2 1 1 1008 606 566 2023
11682 4 2 1 1 1310 1307 1751 1975
11683 4 2 1 1 1004 213 886 1950
11684 4 2 1 1 915 401 1011 2192
11685 4 2 1 1 1270 1070 1205 2010
11686 4 2 1 1 1216 1303 1264 2007
11687 4 2 1 1 955 1700 68 1997
11688 4 2 1 1 380 384 645 2026
11689 4 2 1 1 482 1014 1030 2117
11690 4 2 1 1 684 42 21 2248
11691 4 2 1 1 420 390 800 2215
11692 4 2 1 1 1008 1003 606 1646
11693 4 2 1 1 1078 1075 1065 2203
11694 4 2 1 1 1007 851 697 1806
11695 4 2 1 1 1069 40 1312 2163
11696 4 2 1 1 2030 2138 1528 2141
11697 4 2 1 1 827 263 261 2249
11698 4 2 1 1 130 128 129 2024
11699 4 2 1 1 64 1701 955 1997
11700 4 2 1 1 968 947 959 2170
11701 4 2 1 1 1136 1251 1230 1705
11702 4 2 1 1 1037 988 231 2165
11703 4 2 1 1 924 600 476 2187
11704 4 2 1 1 483 485 1045 1827
11705 4 2 1 1 873 743 741 2227
11706 4 2 1 1 745 249 223 2044
11707 4 2 1 1 640 572 570 2006
11708 4 2 1 1 900 644 1009 2014
11709 4 2 1 1 1957 2118 1667 2216
11710 4 2 1 1 828 633 338 1884
11711 4 2 1 1 41 3 1294 2228
11712 4 2 1 1 1045 904 632 2097
11713 4 2 1 1 25 77 55 1899
11714 4 2 1 1 1066 1224 1295 2122
11715 4 2 1 1 44 13 674 2226
11716 4 2 1 1 785 492 451 1991
11717 4 2 1 1 928 364 328 1942
11718 4 2 1 1 299 300 301 2186
11719 4 2 1 1 1204 1282 1207 2011
11720 4 2 1 1 652 606 595 2023
11721 4 2 1 1 1186 1167 1266 2033
11722 4 2 1 1 223 225 208 1907
11723 4 2 1 1 981 252 658 2104
11724 4 2 1 1 188 177 1029 2082
11725 4 2 1 1 1254 1173 1143 2064
11726 4 2 1 1 248 952 951 2154
11727 4 2 1 1 1278 1171 1256 2000
11728 4 2 1 1 594 872 222 1965
11729 4 2 1 1 1060 627 999 2241
11730 4 2 1 1 1427 2253 1765 2259
11731 4 2 1 1 513 799 770 2009
11732 4 2 1 1 1099 1097 1095 1999
11733 4 2 1 1 306 305 311 2169
11734 4 2 1 1 9 676 10 1994
11735 4 2 1 1 274 277 272 2207
11736 4 2 1 1 217 757 927 2217
11737 4 2 1 1 986 830 473 2038
11738 4 2 1 1 1310 1975 1751 2253
11739 4 2 1 1 80 506 628 1811
11740 4 2 1 1 439 438 437 1982
11741 4 2 1 1 923 412 2015 2106
11742 4 2 1 1 966 946 686 2076
11743 4 2 1 1 449 387 402 1903
11744 4 2 1 1 683 925 681 2013
11745 4 2 1 1 1405 2087 1943 2218
11746 4 2 1 1 35 1239 36 2271
11747 4 2 1 1 1409 2211 1809 2262
11748 4 2 1 1 1051 64 955 1997
11749 4 2 1 1 399 303 723 2001
11750 4 2 1 1 1511 2231 2070 2234
11751 4 2 1 1 259 782 542 1829
11752 4 2 1 1 619 940 52 1808
11753 4 2 1 1 564 939 1041 1849
11754 4 2 1 1 155 154 81 1856
11755 4 2 1 1 1043 539 1040 1892
11756 4 2 1 1 1172 1174 1260 2055
11757 4 2 1 1 403 388 456 2066
11758 4 2 1 1 600 991 658 1878
11759 4 2 1 1 1155 1156 1274 1896
11760 4 2 1 1 1121 1119 1118 1943
11761 4 2 1 1 582 1057 565 2043
11762 4 2 1 1 811 542 1014 1816
11763 4 2 1 1 1078 1065 1231 2203
11764 4 2 1 1 1087 1091 1090 2095
11765 4 2 1 1 1158 1155 1274 1636
11766 4 2 1 1 112 831 103 2084
11767 4 2 1 1 1162 1279 1157 2020
11768 4 2 1 1 1140 1089 1298 2031
11769 4 2 1 1 919 255 867 2224
11770 4 2 1 1 562 564 559 2128
11771 4 2 1 1 1139 1159 1138 2236
11772 4 2 1 1 175 173 174 2022
11773 4 2 1 1 1274 1241 1249 1810
11774 4 2 1 1 849 969 1022 1893
11775 4 2 1 1 977 751 869 1888
11776 4 2 1 1 724 231 988 2165
11777 4 2 1 1 439 437 1054 1982
11778 4 2 1 1 266 265 216 2129
11779 4 2 1 1 596 705 880 2191
11780 4 2 1 1 14 685 13 1967
11781 4 2 1 1 925 894 60 2200
11782 4 2 1 1 801 793 800 2215
11783 4 2 1 1 1261 1126 1311 1911
11784 4 2 1 1 932 1008 568 2059
11785 4 2 1 1 118 119 120 2213
11786 4 2 1 1 278 281 293 2018
11787 4 2 1 1 917 776 567 1928
11788 4 2 1 1 1027 334 335 1987
11789 4 2 1 1 568 864 932 1873
11790 4 2 1 1 1170 1184 1301 1957
11791 4 2 1 1 817 778 777 1951
11792 4 2 1 1 899 509 669 2159
11793 4 2 1 1 537 256 918 2108
11794 4 2 1 1 417 512 744 2098
11795 4 2 1 1 30 1238 1088 1765
11796 4 2 1 1 425 426 427 2054
11797 4 2 1 1 504 1018 876 1926
11798 4 2 1 1 563 885 68 1997
11799 4 2 1 1 452 601 622 1961
11800 4 2 1 1 162 852 521 1995
11801 4 2 1 1 102 856 769 2208
11802 4 2 1 1 682 680 592 2238
11803 4 2 1 1 528 600 924 2187
11804 4 2 1 1 431 430 429 2137
11805 4 2 1 1 883 821 479 1988
11806 4 2 1 1 410 411 480 2193
11807 4 2 1 1 1120 1220 1221 2078
11808 4 2 1 1 1207 1282 1141 2011
11809 4 2 1 1 165 163 870 2110
11810 4 2 1 1 1058 245 910 1971
11811 4 2 1 1 1188 1247 1217 2261
11812 4 2 1 1 232 476 237 2053
11813 4 2 1 1 1354 2118 1957 2216
11814 4 2 1 1 540 396 1021 1979
11815 4 2 1 1 579 598 578 2096
11816 4 2 1 1 163 165 164 2110
11817 4 2 1 1 1091 1087 1251 2095
11818 4 2 1 1 20 19 47 2135
11819 4 2 1 1 520 537 941 1964
11820 4 2 1 1 1218 1231 1294 2228
11821 4 2 1 1 684 518 42 2248
11822 4 2 1 1 904 503 186 2097
11823 4 2 1 1 1239 35 1072 2271
11824 4 2 1 1 274 272 271 2207
11825 4 2 1 1 652 567 606 2023
11826 4 2 1 1 218 164 172 2081
11827 4 2 1 1 1206 1236 1315 1916
11828 4 2 1 1 1008 189 1646 2059
11829 4 2 1 1 29 1 690 2102
11830 4 2 1 1 45 68 955 1700
11831 4 2 1 1 1702 2187 2053 2267
11832 4 2 1 1 684 60 894 2200
11833 4 2 1 1 1247 1188 1179 2261
11834 4 2 1 1 847 1001 953 1912
11835 4 2 1 1 457 535 584 1848
11836 4 2 1 1 187 668 276 1980
11837 4 2 1 1 1056 854 853 1831
11838 4 2 1 1 1067 38 1076 2100
11839 4 2 1 1 1003 1008 189 1646
11840 4 2 1 1 584 915 1011 2192
11841 4 2 1 1 604 976 1044 2123
11842 4 2 1 1 1274 1156 1218 1651
11843 4 2 1 1 308 827 261 2249
11844 4 2 1 1 94 96 95 2172
11845 4 2 1 1 878 578 598 2096
11846 4 2 1 1 560 562 559 2128
11847 4 2 1 1 793 996 420 2215
11848 4 2 1 1 371 382 798 2065
11849 4 2 1 1 582 903 1013 1859
11850 4 2 1 1 508 822 470 2079
11851 4 2 1 1 600 193 991 1878
11852 4 2 1 1 910 245 546 1971
11853 4 2 1 1 1002 542 811 1816
11854 4 2 1 1 249 745 900 2044
11855 4 2 1 1 1030 809 482 2117
11856 4 2 1 1 80 628 78 1811
11857 4 2 1 1 563 885 1997 2131
11858 4 2 1 1 977 534 938 2112
11859 4 2 1 1 1105 1107 1106 2132
11860 4 2 1 1 707 700 870 2168
11861 4 2 1 1 587 501 586 1959
11862 4 2 1 1 1088 1765 2017 2088
11863 4 2 1 1 160 918 256 2108
11864 4 2 1 1 1088 2017 1989 2088
11865 4 2 1 1 87 89 91 2049
11866 4 2 1 1 1055 357 1010 2077
11867 4 2 1 1 1 955 64 1701
11868 4 2 1 1 467 721 300 2178
11869 4 2 1 1 1052 970 263 2162
11870 4 2 1 1 47 688 20 2135
11871 4 2 1 1 1096 1094 1095 1998
11872 4 2 1 1 1156 1285 1215 2057
11873 4 2 1 1 1158 1274 1249 1810
11874 4 2 1 1 1252 1161 1288 1938
11875 4 2 1 1 608 932 864 1873
11876 4 2 1 1 930 590 650 2202
11877 4 2 1 1 1195 1275 1295 1854
11878 4 2 1 1 1212 1213 1214 2005
11879 4 2 1 1 1046 990 599 2157
11880 4 2 1 1 937 859 460 2130
11881 4 2 1 1 141 143 139 2254
11882 4 2 1 1 1114 1116 1115 2004
11883 4 2 1 1 1222 1277 1302 2111
11884 4 2 1 1 409 798 382 2065
11885 4 2 1 1 301 716 299 2186
11886 4 2 1 1 1185 2063 1940 2134
11887 4 2 1 1 1307 1071 1310 1751
11888 4 2 1 1 100 856 102 2208
11889 4 2 1 1 620 621 597 1914
11890 4 2 1 1 284 286 285 2121
11891 4 2 1 1 932 1873 2 2059
11892 4 2 1 1 240 460 859 2130
11893 4 2 1 1 941 537 1019 1964
11894 4 2 1 1 1146 1148 1147 1984
11895 4 2 1 1 1257 1258 1168 2036
11896 4 2 1 1 596 880 653 2191
11897 4 2 1 1 481 410 480 2193
11898 4 2 1 1 213 752 886 1950
11899 4 2 1 1 1300 1134 1232 1986
11900 4 2 1 1 357 1055 868 2077
11901 4 2 1 1 1219 1290 1254 1680
11902 4 2 1 1 854 443 787 2155
11903 4 2 1 1 834 1023 394 1934
11904 4 2 1 1 1141 1265 1133 1973
11905 4 2 1 1 1166 2063 1185 2134
11906 4 2 1 1 862 275 272 1925
11907 4 2 1 1 1057 927 565 2043
11908 4 2 1 1 929 581 1064 1855
11909 4 2 1 1 609 607 1061 2025
11910 4 2 1 1 252 1047 657 2104
11911 4 2 1 1 1219 1290 1680 2088
11912 4 2 1 1 534 855 938 2112
11913 4 2 1 1 1062 57 688 1936
11914 4 2 1 1 150 152 147 2042
11915 4 2 1 1 795 892 448 2152
11916 4 2 1 1 116 1050 949 1953
11917 4 2 1 1 932 568 1873 2059
11918 4 2 1 1 360 362 371 1949
11919 4 2 1 1 1150 1250 1285 2003
11920 4 2 1 1 344 342 345 1962
11921 4 2 1 1 1004 548 891 1898
11922 4 2 1 1 840 871 365 2260
11923 4 2 1 1 26 62 25 2258
11924 4 2 1 1 1209 1245 1208 2067
11925 4 2 1 1 466 445 465 2086
11926 4 2 1 1 341 339 340 2197
11927 4 2 1 1 1071 1310 1751 2253
11928 4 2 1 1 1069 1316 1248 1952
11929 4 2 1 1 1304 1197 1306 1933
11930 4 2 1 1 412 398 810 2015
11931 4 2 1 1 674 74 44 2226
11932 4 2 1 1 712 291 289 2195
11933 4 2 1 1 1185 1167 1940 2063
11934 4 2 1 1 600 658 657 2104
11935 4 2 1 1 811 412 1002 2106
11936 4 2 1 1 1008 2 189 2059
11937 4 2 1 1 1207 1138 1159 2236
11938 4 2 1 1 1032 893 909 1889
11939 4 2 1 1 810 923 412 2015
11940 4 2 1 1 649 575 985 2048
11941 4 2 1 1 632 904 186 2097
11942 4 2 1 1 64 1997 885 2268
11943 4 2 1 1 1220 1169 1221 2078
11944 4 2 1 1 1238 1273 1314 1989
11945 4 2 1 1 668 669 509 2159
11946 4 2 1 1 838 913 510 2243
11947 4 2 1 1 373 377 818 2250
11948 4 2 1 1 602 1048 697 2075
11949 4 2 1 1 1234 1201 1308 2030
11950 4 2 1 1 971 721 467 2178
11951 4 2 1 1 1016 629 1024 2113
11952 4 2 1 1 4 1765 1088 2088
11953 4 2 1 1 67 69 83 1947
11954 4 2 1 1 592 972 704 2238
11955 4 2 1 1 1177 1179 1178 2061
11956 4 2 1 1 1185 1940 1564 2134
11957 4 2 1 1 232 1059 476 2053
11958 4 2 1 1 1564 1940 1185 2033
11959 4 2 1 1 1029 961 188 2082
11960 4 2 1 1 64 755 1 2268
11961 4 2 1 1 900 618 644 2014
11962 4 2 1 1 628 629 1016 2113
11963 4 2 1 1 563 884 885 2131
11964 4 2 1 1 178 832 175 2263
11965 4 2 1 1 729 135 137 2210
11966 4 2 1 1 709 292 290 2183
11967 4 2 1 1 1201 1307 1198 1975
11968 4 2 1 1 754 64 885 2268
11969 4 2 1 1 1060 742 627 2241
11970 4 2 1 1 1198 1185 1564 2134
11971 4 2 1 1 1251 1085 1181 1974
11972 4 2 1 1 2 933 54 1782
11973 4 2 1 1 26 678 62 2258
11974 4 2 1 1 754 755 64 2268
11975 4 2 1 1 933 932 610 1873
11976 4 2 1 1 34 1066 33 2233
11977 4 2 1 1 1229 1152 1146 2101
11978 4 2 1 1 1136 1230 1229 2074
11979 4 2 1 1 1241 1069 1248 1952
11980 4 2 1 1 1167 1185 1940 2033
11981 4 2 1 1 793 420 800 2215
11982 4 2 1 1 1095 1269 1099 1999
11983 4 2 1 1 39 1312 40 2163
11984 4 2 1 1 1136 1229 1269 2074
11985 4 2 1 1 184 757 217 2217
11986 4 2 1 1 616 930 650 2202
11987 4 2 1 1 884 563 560 2131
11988 4 2 1 1 658 252 657 2104
11989 4 2 1 1 840 1038 871 2260
11990 4 2 1 1 412 612 1002 2106
11991 4 2 1 1 1068 1239 1284 2221
11992 4 2 1 1 921 323 310 2229
11993 4 2 1 1 923 612 412 2106
11994 4 2 1 1 64 1051 885 1997
11995 4 2 1 1 680 972 592 2238
11996 4 2 1 1 6 916 5 2051
11997 4 2 1 1 610 932 608 1873
11998 4 2 1 1 832 178 490 2263
11999 4 2 1 1 1308 1199 1203 2141
12000 4 2 1 1 1 695 690 2102
12001 4 2 1 1 2 932 933 1873
12002 4 2 1 1 4 2134 1310 2253
12003 4 2 1 1 1185 1186 1198 1564
12004 4 2 1 1 932 2 1008 2059
12005 4 2 1 1 1186 1564 1185 2033
12006 4 2 1 1 3 41 1241 1880
12007 4 2 1 1 1185 1166 1167 2063
12008 4 2 1 1 1314 1088 1238 1989
12009 4 2 1 1 1088 1314 1290 2088
12010 4 2 1 1 3 1218 1294 2228
12011 4 2 1 1 1071 4 1310 2253
12012 4 2 1 1 1198 1310 1185 2134
12013 4 2 1 1 1219 4 1088 2088
12014 4 2 1 1 1310 1198 1307 1975
12015 4 2 1 1 1008 566 568 2059
12016 4 2 1 1 1088 4 30 1765
12017 4 2 1 1 1185 1310 4 2134
12018 4 2 1 1 1167 1186 1185 2033
12019 4 2 1 1 1219 1088 1290 2088
12020 4 2 1 1 1088 1185 4 1219
12021 4 2 1 1 2018 1451 911 1671
12022 4 2 1 1 2018 911 1451 1770
12023 4 2 1 1 2210 1906 134 1421
12024 4 2 1 1 2181 1964 1615 1333
12025 4 2 1 1 1413 2216 1354 1587
12026 4 2 1 1 1354 2216 1413 1752
12027 4 2 1 1 1899 2040 1411 1695
12028 4 2 1 1 1411 2040 1899 1728
12029 4 2 1 1 2005 1435 1644 1543
12030 4 2 1 1 2005 1644 1435 1577
12031 4 2 1 1 2096 1616 1370 1451
12032 4 2 1 1 2096 1370 1616 1666
12033 4 2 1 1 1725 35 1570 1224
12034 4 2 1 1 1725 1570 35 1504
12035 4 2 1 1 1830 673 1889 1437
12036 4 2 1 1 1830 1889 673 65
12037 4 2 1 1 2137 1557 1565 1682
12038 4 2 1 1 2137 1565 1557 1375
12039 4 2 1 1 1985 1434 1456 1628
12040 4 2 1 1 1985 1456 1434 1367
12041 4 2 1 1 250 1640 238 728
12042 4 2 1 1 238 1640 250 1463
12043 4 2 1 1 2250 381 386 1434
12044 4 2 1 1 2250 386 381 377
12045 4 2 1 1 2196 1708 1392 1837
12046 4 2 1 1 1514 1392 1708 1837
12047 4 2 1 1 1982 441 2227 1520
12048 4 2 1 1 1982 2227 441 1054
12049 4 2 1 1 1882 1534 1542 1369
12050 4 2 1 1 1882 1542 1534 1693
12051 4 2 1 1 2087 1121 1118 1943
12052 4 2 1 1 2087 1118 1121 1722
12053 4 2 1 1 2210 133 134 1906
12054 4 2 1 1 2210 134 133 135
12055 4 2 1 1 2086 530 499 466
12056 4 2 1 1 2086 499 530 1610
12057 4 2 1 1 2170 378 1928 1569
12058 4 2 1 1 2170 1928 378 959
12059 4 2 1 1 441 2227 950 1054
12060 4 2 1 1 950 2227 441 1708
12061 4 2 1 1 1894 1020 502 1606
12062 4 2 1 1 1894 502 1020 639
12063 4 2 1 1 1938 1998 1252 1639
12064 4 2 1 1 1252 1998 1938 1094
12065 4 2 1 1 2196 1514 1392 1708
12066 4 2 1 1 2196 1392 1514 1667
12067 4 2 1 1 2075 1349 2068 1422
12068 4 2 1 1 2075 2068 1349 1806
12069 4 2 1 1 1823 376 814 1456
12070 4 2 1 1 1823 814 376 806
12071 4 2 1 1 2199 1083 1974 1555
12072 4 2 1 1 2199 1974 1083 1559
12073 4 2 1 1 2042 142 844 147
12074 4 2 1 1 2042 844 142 1665
12075 4 2 1 1 2176 943 50 1804
12076 4 2 1 1 2176 50 943 23
12077 4 2 1 1 2203 40 1075 1065
12078 4 2 1 1 2203 1075 40 1728
12079 4 2 1 1 2271 1570 1360 1504
12080 4 2 1 1 2271 1360 1570 1993
12081 4 2 1 1 2205 1585 1182 1587
12082 4 2 1 1 2205 1182 1585 1707
12083 4 2 1 1 1781 268 271 719
12084 4 2 1 1 1781 271 268 1704
12085 4 2 1 1 1690 864 1958 1473
12086 4 2 1 1 1690 1958 864 511
12087 4 2 1 1 1615 2108 2181 1422
12088 4 2 1 1 1615 2181 2108 1964
12089 4 2 1 1 1681 2181 2108 1422
12090 4 2 1 1 1681 2108 2181 1964
12091 4 2 1 1 1123 2089 1124 1128
12092 4 2 1 1 1124 2089 1123 2016
12093 4 2 1 1 1914 714 1039 1579
12094 4 2 1 1 1914 1039 714 621
12095 4 2 1 1 2194 1563 1983 1406
12096 4 2 1 1 2194 1983 1563 1657
12097 4 2 1 1 1848 984 403 1590
12098 4 2 1 1 1848 403 984 457
12099 4 2 1 1 2210 133 159 135
12100 4 2 1 1 2210 159 133 1814
12101 4 2 1 1 73 1995 1553 852
12102 4 2 1 1 1553 1995 73 1629
12103 4 2 1 1 1553 74 73 852
12104 4 2 1 1 73 74 1553 1629
12105 4 2 1 1 1856 73 1995 1629
12106 4 2 1 1 1856 1995 73 81
12107 4 2 1 1 1903 316 313 387
12108 4 2 1 1 1903 313 316 1594
12109 4 2 1 1 2215 359 1949 800
12110 4 2 1 1 2215 1949 359 1424
12111 4 2 1 1 2185 1080 1399 1736
12112 4 2 1 1 2185 1399 1080 1750
12113 4 2 1 1 1761 1399 1080 1736
12114 4 2 1 1 1761 1080 1399 1750
12115 4 2 1 1 8 1777 43 7
12116 4 2 1 1 43 1777 8 1540
12117 4 2 1 1 2212 1788 1494 1325
12118 4 2 1 1 2212 1494 1788 1442
12119 4 2 1 1 1934 378 314 834
12120 4 2 1 1 1934 314 378 1569
12121 4 2 1 1 1895 706 1459 1874
12122 4 2 1 1 1895 1459 706 531
12123 4 2 1 1 2080 1788 453 450
12124 4 2 1 1 2080 453 1788 1457
12125 4 2 1 1 406 453 1788 450
12126 4 2 1 1 406 1788 453 1457
12127 4 2 1 1 1922 486 2085 234
12128 4 2 1 1 1922 2085 486 1645
12129 4 2 1 1 1855 983 580 1692
12130 4 2 1 1 1855 580 983 581
12131 4 2 1 1 1863 195 196 1449
12132 4 2 1 1 1863 196 195 194
12133 4 2 1 1 2158 1193 1415 1730
12134 4 2 1 1 2158 1415 1193 1832
12135 4 2 1 1 12 1967 2226 13
12136 4 2 1 1 2226 1967 12 1861
12137 4 2 1 1 2186 715 1433 716
12138 4 2 1 1 2186 1433 715 1795
12139 4 2 1 1 1738 1433 715 716
12140 4 2 1 1 1738 715 1433 1795
12141 4 2 1 1 2163 1642 1384 1728
12142 4 2 1 1 2163 1384 1642 1740
12143 4 2 1 1 1697 569 1053 571
12144 4 2 1 1 1697 1053 569 1470
12145 4 2 1 1 183 2217 2149 184
12146 4 2 1 1 2149 2217 183 1445
12147 4 2 1 1 2139 1254 1638 1164
12148 4 2 1 1 2139 1638 1254 1647
12149 4 2 1 1 1958 864 455 1473
12150 4 2 1 1 1958 455 864 747
12151 4 2 1 1 1838 1865 1630 1350
12152 4 2 1 1 1630 1865 1838 1425
12153 4 2 1 1 2014 860 269 644
12154 4 2 1 1 2014 269 860 1416
12155 4 2 1 1 1822 889 1839 1516
12156 4 2 1 1 1822 1839 889 515
12157 4 2 1 1 179 2110 2081 165
12158 4 2 1 1 2081 2110 179 1560
12159 4 2 1 1 1938 1944 1998 1639
12160 4 2 1 1 1998 1944 1938 1515
12161 4 2 1 1 1605 1395 1421 1906
12162 4 2 1 1 1421 1395 1605 2199
12163 4 2 1 1 1033 2018 911 293
12164 4 2 1 1 911 2018 1033 1770
12165 4 2 1 1 879 1976 1893 848
12166 4 2 1 1 1893 1976 879 1513
12167 4 2 1 1 2196 1390 2241 1722
12168 4 2 1 1 2241 1390 2196 1708
12169 4 2 1 1 2241 1837 2196 1722
12170 4 2 1 1 2196 1837 2241 1708
12171 4 2 1 1 1912 881 254 1001
12172 4 2 1 1 1912 254 881 1605
12173 4 2 1 1 2055 1549 2090 1351
12174 4 2 1 1 2055 2090 1549 1607
12175 4 2 1 1 1436 2090 1549 1351
12176 4 2 1 1 1436 1549 2090 1607
12177 4 2 1 1 1815 1309 1779 1296
12178 4 2 1 1 1815 1779 1309 1619
12179 4 2 1 1 1794 2209 1417 1507
12180 4 2 1 1 1417 2209 1794 1574
12181 4 2 1 1 1808 18 689 940
12182 4 2 1 1 1808 689 18 1550
12183 4 2 1 1 2133 1317 1523 2039
12184 4 2 1 1 2133 1523 1317 1130
12185 4 2 1 1 1914 615 490 1797
12186 4 2 1 1 1914 490 615 597
12187 4 2 1 1 1460 1862 983 823
12188 4 2 1 1 1460 983 1862 1855
12189 4 2 1 1 581 983 1862 823
12190 4 2 1 1 581 1862 983 1855
12191 4 2 1 1 2002 522 127 1503
12192 4 2 1 1 2002 127 522 125
12193 4 2 1 1 2024 842 127 129
12194 4 2 1 1 2024 127 842 1503
12195 4 2 1 1 1837 2087 1722 1488
12196 4 2 1 1 1722 2087 1837 1392
12197 4 2 1 1 531 1960 84 86
12198 4 2 1 1 84 1960 531 1459
12199 4 2 1 1 1976 849 1472 1893
12200 4 2 1 1 1976 1472 849 340
12201 4 2 1 1 1824 2007 2212 1494
12202 4 2 1 1 2212 2007 1824 1706
12203 4 2 1 1 2140 1527 850 1845
12204 4 2 1 1 2140 850 1527 1935
12205 4 2 1 1 2263 1914 1735 489
12206 4 2 1 1 2263 1735 1914 1436
12207 4 2 1 1 1637 1152 1214 1620
12208 4 2 1 1 1637 1214 1152 1250
12209 4 2 1 1 2250 386 393 1791
12210 4 2 1 1 2250 393 386 377
12211 4 2 1 1 2210 134 136 1931
12212 4 2 1 1 2210 136 134 135
12213 4 2 1 1 911 1451 599 579
12214 4 2 1 1 911 599 1451 1770
12215 4 2 1 1 1777 48 8 1576
12216 4 2 1 1 1777 8 48 7
12217 4 2 1 1 1711 2251 2047 1448
12218 4 2 1 1 2047 2251 1711 1331
12219 4 2 1 1 1925 987 1481 1671
12220 4 2 1 1 1925 1481 987 862
12221 4 2 1 1 576 987 1481 862
12222 4 2 1 1 258 2079 259 470
12223 4 2 1 1 259 2079 258 1572
12224 4 2 1 1 2202 221 1527 1863
12225 4 2 1 1 2202 1527 221 930
12226 4 2 1 1 890 1527 221 1863
12227 4 2 1 1 890 221 1527 930
12228 4 2 1 1 1959 1006 704 587
12229 4 2 1 1 1959 704 1006 1546
12230 4 2 1 1 1964 654 638 537
12231 4 2 1 1 1964 638 654 1681
12232 4 2 1 1 2086 819 440 465
12233 4 2 1 1 2086 440 819 1632
12234 4 2 1 1 749 1907 252 225
12235 4 2 1 1 252 1907 749 1718
12236 4 2 1 1 1746 682 683 989
12237 4 2 1 1 1746 683 682 1490
12238 4 2 1 1 2027 2048 1866 1609
12239 4 2 1 1 1866 2048 2027 1595
12240 4 2 1 1 1115 1956 1117 1237
12241 4 2 1 1 1117 1956 1115 1828
12242 4 2 1 1 1804 22 2176 943
12243 4 2 1 1 1804 2176 22 1698
12244 4 2 1 1 23 2176 22 943
12245 4 2 1 1 23 22 2176 1698
12246 4 2 1 1 533 1889 935 893
12247 4 2 1 1 935 1889 533 1578
12248 4 2 1 1 1920 556 555 936
12249 4 2 1 1 1920 555 556 1790
12250 4 2 1 1 1863 1017 2202 221
12251 4 2 1 1 1863 2202 1017 1797
12252 4 2 1 1 1988 963 887 1461
12253 4 2 1 1 1988 887 963 883
12254 4 2 1 1 155 1995 81 162
12255 4 2 1 1 81 1995 155 1856
12256 4 2 1 1 2034 1775 2072 1466
12257 4 2 1 1 2034 2072 1775 1922
12258 4 2 1 1 929 1485 605 525
12259 4 2 1 1 929 605 1485 1855
12260 4 2 1 1 1953 493 725 1630
12261 4 2 1 1 1953 725 493 949
12262 4 2 1 1 1889 726 727 893
12263 4 2 1 1 1889 727 726 1871
12264 4 2 1 1 1938 2090 1335 1478
12265 4 2 1 1 1335 2090 1938 1607
12266 4 2 1 1 1661 738 2113 631
12267 4 2 1 1 1661 2113 738 1623
12268 4 2 1 1 1024 2113 738 631
12269 4 2 1 1 1024 738 2113 1623
12270 4 2 1 1 2202 1363 1863 1527
12271 4 2 1 1 2202 1863 1363 1797
12272 4 2 1 1 1965 1003 916 1646
12273 4 2 1 1 1965 916 1003 594
12274 4 2 1 1 2026 401 400 384
12275 4 2 1 1 2026 400 401 1841
12276 4 2 1 1 740 1837 742 739
12277 4 2 1 1 742 1837 740 1708
12278 4 2 1 1 1955 863 17 1583
12279 4 2 1 1 1955 17 863 51
12280 4 2 1 1 2009 2075 1349 1806
12281 4 2 1 1 1349 2075 2009 1741
12282 4 2 1 1 2024 132 131 1906
12283 4 2 1 1 2024 131 132 129
12284 4 2 1 1 1898 227 666 891
12285 4 2 1 1 1898 666 227 1702
12286 4 2 1 1 1874 48 8 699
12287 4 2 1 1 1874 8 48 1576
12288 4 2 1 1 957 1972 404 369
12289 4 2 1 1 404 1972 957 1625
12290 4 2 1 1 1607 2039 1938 1515
12291 4 2 1 1 1607 1938 2039 1196
12292 4 2 1 1 1288 1938 2039 1515
12293 4 2 1 1 1288 2039 1938 1196
12294 4 2 1 1 2065 591 866 798
12295 4 2 1 1 2065 866 591 1683
12296 4 2 1 1 1920 2016 1773 1493
12297 4 2 1 1 1773 2016 1920 1359
12298 4 2 1 1 2014 269 643 644
12299 4 2 1 1 2014 643 269 1744
12300 4 2 1 1 2025 511 496 1690
12301 4 2 1 1 2025 496 511 607
12302 4 2 1 1 1879 343 828 999
12303 4 2 1 1 1879 828 343 1488
12304 4 2 1 1 1948 1150 1739 1633
12305 4 2 1 1 1948 1739 1150 1151
12306 4 2 1 1 2189 2209 1383 1774
12307 4 2 1 1 1383 2209 2189 1574
12308 4 2 1 1 2229 353 324 1847
12309 4 2 1 1 2229 324 353 323
12310 4 2 1 1 2208 897 1793 856
12311 4 2 1 1 2208 1793 897 1542
12312 4 2 1 1 1894 903 502 639
12313 4 2 1 1 1894 502 903 1859
12314 4 2 1 1 1664 2240 1779 1815
12315 4 2 1 1 1664 1779 2240 1324
12316 4 2 1 1 1619 1779 2240 1815
12317 4 2 1 1 1619 2240 1779 1324
12318 4 2 1 1 1971 647 1766 1058
12319 4 2 1 1 1971 1766 647 1763
12320 4 2 1 1 2183 1452 313 709
12321 4 2 1 1 313 1452 2183 1918
12322 4 2 1 1 313 294 2183 709
12323 4 2 1 1 2183 294 313 1918
12324 4 2 1 1 1048 2108 638 918
12325 4 2 1 1 638 2108 1048 2075
12326 4 2 1 1 2204 1436 1549 1735
12327 4 2 1 1 2204 1549 1436 1607
12328 4 2 1 1 83 1849 631 939
12329 4 2 1 1 631 1849 83 1661
12330 4 2 1 1 302 2186 303 301
12331 4 2 1 1 303 2186 302 1492
12332 4 2 1 1 2048 115 717 1609
12333 4 2 1 1 2048 717 115 985
12334 4 2 1 1 2050 1161 1252 1938
12335 4 2 1 1 2050 1252 1161 1137
12336 4 2 1 1 2237 1434 2094 1733
12337 4 2 1 1 2237 2094 1434 1672
12338 4 2 1 1 1975 1199 1564 1198
12339 4 2 1 1 1975 1564 1199 1528
12340 4 2 1 1 1730 2223 1727 1631
12341 4 2 1 1 1727 2223 1730 1387
12342 4 2 1 1 2208 113 1425 100
12343 4 2 1 1 2208 1425 113 1793
12344 4 2 1 1 99 1425 113 100
12345 4 2 1 1 99 113 1425 1793
12346 4 2 1 1 2009 167 157 1741
12347 4 2 1 1 2009 157 167 513
12348 4 2 1 1 2072 1775 1896 1466
12349 4 2 1 1 2072 1896 1775 1379
12350 4 2 1 1 467 2195 298 712
12351 4 2 1 1 298 2195 467 1917
12352 4 2 1 1 1907 258 749 1572
12353 4 2 1 1 1907 749 258 225
12354 4 2 1 1 2249 825 415 827
12355 4 2 1 1 2249 415 825 1921
12356 4 2 1 1 1850 997 625 624
12357 4 2 1 1 1850 625 997 1843
12358 4 2 1 1 2166 1211 1082 1762
12359 4 2 1 1 2166 1082 1211 1100
12360 4 2 1 1 2081 179 180 1560
12361 4 2 1 1 2081 180 179 172
12362 4 2 1 1 1912 905 1612 1803
12363 4 2 1 1 1912 1612 905 953
12364 4 2 1 1 111 1612 905 1803
12365 4 2 1 1 111 905 1612 953
12366 4 2 1 1 1960 532 708 86
12367 4 2 1 1 1960 708 532 1694
12368 4 2 1 1 2061 1176 1494 1178
12369 4 2 1 1 2061 1494 1176 1724
12370 4 2 1 1 2127 1301 1521 1667
12371 4 2 1 1 2127 1521 1301 1223
12372 4 2 1 1 2227 1632 439 1982
12373 4 2 1 1 2227 439 1632 1714
12374 4 2 1 1 1884 2197 338 339
12375 4 2 1 1 1884 338 2197 1976
12376 4 2 1 1 337 338 2197 339
12377 4 2 1 1 337 2197 338 1976
12378 4 2 1 1 996 1915 794 902
12379 4 2 1 1 794 1915 996 1860
12380 4 2 1 1 2063 1164 1219 1166
12381 4 2 1 1 2063 1219 1164 1638
12382 4 2 1 1 2112 418 1658 534
12383 4 2 1 1 2112 1658 418 1851
12384 4 2 1 1 101 2084 1693 103
12385 4 2 1 1 1693 2084 101 1769
12386 4 2 1 1 2216 1951 1514 1714
12387 4 2 1 1 2216 1514 1951 2118
12388 4 2 1 1 2070 2011 2126 1487
12389 4 2 1 1 2070 2126 2011 1338
12390 4 2 1 1 519 1954 520 614
12391 4 2 1 1 520 1954 519 1729
12392 4 2 1 1 1019 2135 654 47
12393 4 2 1 1 654 2135 1019 1681
12394 4 2 1 1 2178 302 1846 721
12395 4 2 1 1 2178 1846 302 1492
12396 4 2 1 1 1994 699 8 9
12397 4 2 1 1 1994 8 699 1874
12398 4 2 1 1 2026 413 645 380
12399 4 2 1 1 2026 645 413 1900
12400 4 2 1 1 411 2117 811 482
12401 4 2 1 1 811 2117 411 1596
12402 4 2 1 1 2254 140 1476 2092
12403 4 2 1 1 2254 1476 140 141
12404 4 2 1 1 752 1476 140 2092
12405 4 2 1 1 752 140 1476 141
12406 4 2 1 1 2197 2087 1962 1488
12407 4 2 1 1 2197 1962 2087 1472
12408 4 2 1 1 1526 2073 2233 1243
12409 4 2 1 1 1526 2233 2073 1717
12410 4 2 1 1 1066 2233 2073 1243
12411 4 2 1 1 1066 2073 2233 1717
12412 4 2 1 1 2147 326 2144 322
12413 4 2 1 1 2147 2144 326 1774
12414 4 2 1 1 2268 753 1645 754
12415 4 2 1 1 2268 1645 753 2085
12416 4 2 1 1 486 1645 753 754
12417 4 2 1 1 486 753 1645 2085
12418 4 2 1 1 2120 2146 1503 1403
12419 4 2 1 1 1503 2146 2120 1803
12420 4 2 1 1 2229 399 1771 2001
12421 4 2 1 1 2229 1771 399 921
12422 4 2 1 1 256 2224 519 255
12423 4 2 1 1 519 2224 256 1729
12424 4 2 1 1 2260 350 365 840
12425 4 2 1 1 2260 365 350 1820
12426 4 2 1 1 276 2159 668 509
12427 4 2 1 1 668 2159 276 1980
12428 4 2 1 1 2188 2216 2093 1407
12429 4 2 1 1 2093 2216 2188 1587
12430 4 2 1 1 2263 174 175 178
12431 4 2 1 1 2263 175 174 2022
12432 4 2 1 1 2078 2242 1220 1593
12433 4 2 1 1 1220 2242 2078 1713
12434 4 2 1 1 2038 1042 1744 473
12435 4 2 1 1 2038 1744 1042 1968
12436 4 2 1 1 643 1744 1042 473
12437 4 2 1 1 643 1042 1744 1968
12438 4 2 1 1 2103 821 479 444
12439 4 2 1 1 2103 479 821 1988
12440 4 2 1 1 2113 631 630 1661
12441 4 2 1 1 2113 630 631 1016
12442 4 2 1 1 1023 2170 834 947
12443 4 2 1 1 834 2170 1023 1934
12444 4 2 1 1 2131 562 1518 563
12445 4 2 1 1 2131 1518 562 2128
12446 4 2 1 1 811 2117 1014 482
12447 4 2 1 1 1014 2117 811 1816
12448 4 2 1 1 2088 1314 1989 1088
12449 4 2 1 1 2088 1989 1314 1618
12450 4 2 1 1 1185 1219 2134 4
12451 4 2 1 1 1185 2134 1219 1166
12452 4 2 1 1 987 1481 1825 576
12453 4 2 1 1 987 1825 1481 1671
$EndElements
