 MeshVersionFormatted 2
 Dimension
 3
 Vertices
 2289
      1.5707963267949           1.5707963267949           2.6179938779915      1
      1.5707963267949           1.5707963267949           0.5235987755983      2
      1.5707963267949           1.5707963267949           2.1991148575129      3
      1.5707963267949           1.5707963267949          0.94247779607694      4
      1.6970220431876           1.5707963267949          0.53123402478828      2
      1.8214071043998           1.5707963267949          0.55402843323196      2
      1.9421376961482           1.5707963267949          0.59164960712569      2
      2.0574532945434           1.5707963267949          0.64354894503858      2
      2.1656723384929           1.5707963267949          0.70896963775675      2
      2.2652167506476           1.5707963267949          0.78695770426579      2
       2.354634949324           1.5707963267949          0.87637590294216      2
       2.432623015833           1.5707963267949          0.97592031509691      2
      2.4980437085512           1.5707963267949           1.0841393590463      2
      2.5499430464641           1.5707963267949           1.1994549574416      2
      2.5875642203578           1.5707963267949             1.32018554919      2
      2.6103586288015           1.5707963267949           1.4445706104022      2
      2.6179938779915           1.5707963267949           1.5707963267949      2
      2.6103586288015           1.5707963267949           1.6970220431876      2
      2.5875642203578           1.5707963267949           1.8214071043998      2
      2.5499430464641           1.5707963267949           1.9421376961482      2
      2.4980437085512           1.5707963267949           2.0574532945434      2
       2.432623015833           1.5707963267949           2.1656723384929      2
       2.354634949324           1.5707963267949           2.2652167506476      2
      2.2652167506476           1.5707963267949            2.354634949324      2
      2.1656723384929           1.5707963267949            2.432623015833      2
      2.0574532945434           1.5707963267949           2.4980437085512      2
      1.9421376961482           1.5707963267949           2.5499430464641      2
      1.8214071043998           1.5707963267949           2.5875642203578      2
      1.6970220431876           1.5707963267949           2.6103586288015      2
      1.6933751912814           1.5707963267949          0.95455076046214      5
      1.8112434187486           1.5707963267949          0.99030569636701      5
      1.9198713993164           1.5707963267949           1.0483685616563      5
      2.0150846206107           1.5707963267949           1.1265080329791      5
      2.0932240919335           1.5707963267949           1.2217212542734      5
      2.1512869572228           1.5707963267949           1.3303492348412      5
      2.1870418931277           1.5707963267949           1.4482174623084      5
      2.1991148575129           1.5707963267949           1.5707963267949      5
      2.1870418931277           1.5707963267949           1.6933751912814      5
      2.1512869572228           1.5707963267949           1.8112434187486      5
      2.0932240919335           1.5707963267949           1.9198713993164      5
      2.0150846206107           1.5707963267949           2.0150846206107      5
      1.9198713993164           1.5707963267949           2.0932240919335      5
      1.8112434187486           1.5707963267949           2.1512869572228      5
      1.6933751912814           1.5707963267949           2.1870418931277      5
      2.5203742504007           1.6793428984311           1.9987473987863      1
      1.9853731055601           1.6841090200157          0.61585704113543      1
      2.5199484088044            1.460486404172           1.1423517476249      1
      1.8655056517083           1.4697697448134           2.5705776802789      1
      2.5705514037105           1.6870096777279           1.2816476548655      1
      2.5625710193952           1.4623530424931           1.8889876598628      1
      1.9982258295326            1.461348650728          0.62108693038719      1
      2.3926600340887           1.6818386790347           0.9313963315849      1
       2.314061905641           1.4583849774064           2.2998660621861      1
      2.6103586288015            1.680244002871           1.6336782612467      1
      2.6110567603288           1.4621082880203           1.5191450743088      1
      2.3072214477206           1.4613486507159          0.83437120588809      1
      1.6336782612466           1.4613486507188          0.53123402478828      1
      2.1094186326571           1.4541023395491           2.4612407305622      1
      2.2136749918881           1.6828976979351          0.75179509615564      1
       2.464130666283           1.4744804445322           2.1086622208126      1
      1.8806345693878           1.4613486507188          0.57649044787199      1
      1.9340104943689           1.3529059134068          0.61307927700448      1
      2.3906183187693            1.680244002871           2.2130858401055      1
      1.7585251699457           1.6802440028669           2.5951994695487      1
      2.1095842050855           1.6802440028698           2.4620603391061      1
      2.0493341152723           1.3543240290321          0.66483604039568      1
      1.6497819475522           1.4235288425779           2.6045739968179      1
      1.8133684420811           1.3543240290136          0.57534606464664      1
      1.9805593791343           1.4553962073545           2.5275615877669      1
      1.9058714323046           1.3548764528922            2.539158858574      1
      1.7927657719835           1.3564692658409           2.5715041700627      1
      2.0290249560139           1.3394246815606           2.4835484269721      1
      2.1464346231994           1.3342251307886           2.4129942442495      1
      2.1014839890239           1.6864868903723          0.67547012373299      1
      2.5651022057179           1.4613486507185           1.2609580842024      1
      2.5282290003241           1.3524814008931           1.2070876796344      1
        2.47640368996           1.3527107801597            1.092323015771      1
      2.5667920736506           1.3508414713749           1.3336570321711      1
      2.5651022057178           1.6802440028709           1.8806345693878      1
      2.2184242640448           1.4454474236164           2.3841157096928      1
      2.2640354241354           1.3433333281168            2.321997264882      1
      2.3538397133541           1.3675768013501           2.2357531603382      1
      2.3059387267014           1.2507767697509            2.244425190637      1
      2.5227406180717           1.2464233720912           1.2788940078687      1
      1.9819159972336           1.2473577341064          0.66360792047007      1
      1.9427021312714           1.2430126089213           2.4932206424576      1
      2.0940231303003           1.2507650839965          0.72201106127798      1
       2.023178575261           1.1461461411165          0.72720564861725      1
       2.131718446685           1.1522790713901          0.79180185083331      1
      2.0582243817688           1.0498826623679           0.8041898066884      1
      1.9451910253971            1.048068437204          0.74423303560991      1
      1.9760288417855          0.95648245679323           0.8257944548844      1
      1.8612014598223          0.95796646331763          0.77284449342778      1
      2.0847413621303          0.96330931143309          0.89003003940027      1
      2.0008247502585          0.87297167754474          0.91907627558849      1
      2.1055019513406          0.88511832370021           0.9872226104716      1
       2.017474058521           0.8003865741753           1.0198239787766      1
      2.1191440233146          0.81731512111805           1.0930897352081      1
      2.0274754302517          0.73815913881773           1.1294549386434      1
      2.1254681007715          0.76089113706297            1.206083401289      1
      2.0300990742615          0.68774505587171           1.2453978782388      1
      1.9287549161794          0.67129059305864           1.1715748412839      1
      1.9284472076666          0.62731026740255           1.2905417739752      1
      2.0267435019496          0.65053597074471           1.3662095193439      1
      1.9220560492683          0.59700856718937           1.4127560855824      1
      2.0174577792364          0.62707596283869           1.4901233276602      1
      1.9098508114058          0.58056453303061           1.5375433221825      1
      2.0023776839912          0.61770806953229           1.6153274083101      1
      1.8920523000862          0.57829490394928           1.6622197182558      1
      1.7970085222125          0.54841810175636           1.5847074318391      1
      1.7771059844874           0.5535328276253           1.7094830587925      1
      1.6805883095886          0.53110002327606           1.6307965617581      1
      1.6595218208921          0.54374763629201           1.7549741899209      1
      1.8696734670556          0.58997482144325           1.7835975037217      1
      2.1068451194823           0.6712040503426           1.5679433918381      1
       1.824425994099          0.61768725037972           1.2188335566752      1
       2.213100854012          0.84576739651302           1.1728005280697      1
      2.1861652025072            0.979641740199          0.96377069901354      1
      1.9112878195964          0.79466164995324          0.95573273824013      1
      2.0881509591428          0.66857078044828           1.6930908857083      1
      2.1886572055275          0.72856227186949           1.6450421515117      1
      2.1659164412241          0.73240894006697           1.7696966797594      1
      2.2620176756134          0.79860247732936           1.7209709485432      1
      2.2345370263046          0.80828909282077           1.8440246437455      1
      2.3256805877418          0.88009795049789           1.7937497227939      1
      2.3495663930692          0.87835228393774           1.6740491360493      1
      2.4064455410964          0.96334938976579           1.7420310211867      1
      2.1338297439335          0.74795307161943           1.8910229025652      1
      2.1980041958638          0.82937138966492           1.9626152426374      1
      2.0928995804087          0.77502038796777           2.0075703633193      1
      2.1528264586988          0.86232468886775            2.076693129553      1
      2.0437244404739          0.81321510487706           2.1176348794973      1
      2.0997913302375          0.90588354908917           2.1829057905419      1
      1.9870233738084          0.86197873082229           2.2196070636097      1
      1.9277031527092          0.77467569574879           2.1499613893381      1
      1.8681732651973          0.82894574273921           2.2474405306974      1
      1.8064590841154          0.74726999317195           2.1731999737574      1
      1.7449788567512          0.80726760043536           2.2659992047478      1
      1.6817650920486          0.73139872933806           2.1870108330781      1
      1.6192415241222          0.79726128645276            2.275011716751      1
      1.5554444794038          0.72729397733885           2.1911920218766      1
      1.4927998261587          0.79907311533286           2.2743462838067      1
      1.4293443338697          0.73501575778002           2.1856824019233      1
      1.3669746775422          0.81148386353456           2.2625506398755      1
      1.5622437372286          0.52885299848773           1.6752169427672      1
      1.4319873265976          0.88233149661598           2.3475658874132      1
      1.3079418417047           0.9012278861102           2.3318537058007      1
      1.3737109208243          0.97397261785164           2.4084009557391      1
      1.5829406999662          0.52385556757586           1.5510410207155      1
      1.4646352246947          0.52927868397337           1.5951588251175      1
      1.2451627266118          0.83679675429184           2.2429794099124      1
      1.4857897368113          0.53182811486957           1.4710885261964      1
      1.3680438665032          0.54492734363873           1.5150560318912      1
      1.3901297257489          0.55509904808346           1.3909593769853      1
      1.3481289211634           0.5498708641022           1.6397393273619      1
      1.4991700060304          0.96165117844268             2.41958049821      1
       2.554590024961           1.2463373206625            1.417502412955      1
      2.5019302359491           1.1457283423658           1.3495960486109      1
      1.4420613857506           1.0595770268438           2.4756194330118      1
      2.3779205051362          0.97141719368561           1.8639139256562      1
      1.5407041244302          0.54872562214091           1.7968243013403      1
       1.805099465366          0.89131650839092           2.3323945981096      1
      2.4524029314257           1.0575259148798           1.8073253739666      1
      1.5680682995241           1.0494758098005           2.4790034549656      1
      2.4645447950289           1.1450376354266           1.2293788060291      1
      1.8279312063978           1.0537073400237          0.69722701375574      1
      1.7425348088434          0.96614829900284          0.73322282703324      1
        1.70710096935           1.0675790073846          0.66260246803145      1
      2.1993646561764           0.7347052428352           1.5210342342568      1
      2.4138600636197           1.0635526567584           1.9293630654796      1
      2.0384607477058           0.9545902897716           2.2766311662455      1
      1.5067298113513          0.54913594408206           1.3500515528452      1
      1.4140762534751          0.58024117351252           1.2693630536538      1
      1.2967143107068           0.5930960264484           1.3146637783135      1
      1.6199830916729          0.98565904281093          0.70372208990116      1
      1.3222371009338          0.62543980511745           1.1951075335186      1
      1.4410819208218          0.61966826271469           1.1522843319438      1
      1.3506268343177          0.67180594500865           1.0809347144284      1
      1.2334594018081          0.68401680263194           1.1275711179023      1
      1.2639265035657          0.73722473740841           1.0161684982548      1
      1.4707518449992          0.67280380414655            1.041435162596      1
      1.5844671207125            1.089480605134          0.64086568598994      1
      1.4971192534068           1.0114626872848          0.68856037207446      1
      1.2530918205668          0.57301716078976            1.559692550834      1
      1.2351816048453          0.58534615212824           1.6842574341944      1
       1.142537145751          0.61574027553838           1.6037314758312      1
      1.1274069052877          0.63517409115734           1.7277662739447      1
      1.0379517227481          0.67248602058273           1.6465454714985      1
      2.5278347076716           1.7881369874871           1.9361226001054      1
      2.0325103229643           1.7934227188268           0.6576258133943      1
      1.1491536674173          0.75603802898594           1.0658120743903      1
      1.6336782612466            1.680244002871          0.53123402478828      1
      1.4618228395224           1.1190918833227          0.63233450761881      1
      1.0263934266318          0.69863001510832           1.7697287733319      1
     0.94403680067054          0.74006165724914           1.6877369803728      1
     0.93711818985421          0.77187029749998           1.8091069008586      1
      1.3751432726675           1.0447732544428          0.68669094789711      1
      1.3409614573385           1.1559798593333          0.63713367768829      1
      1.2558387089882           1.0851036698468          0.69814115251107      1
      1.2236502358225           1.1996051491375          0.65519302165449      1
      1.1409500598586           1.1318642133697          0.72274355848553      1
      1.1050266081921           1.2432883996694          0.69192213890746      1
      1.0308149106957           1.1831164160441          0.76163190079735      1
      1.1972550124128           1.3196051561822          0.62528451116907      1
     0.95723283437104          0.72220215153468           1.5636915599995      1
      0.8557716544854          0.80727705296644           1.6197937523732      1
     0.88325940391738          0.78577291248019           1.4833095855712      1
     0.79739267137326          0.86653406190453           1.5209549858811      1
     0.82303453732552          0.85809075004872           1.3989656592276      1
     0.74151729578807           0.9450434261702           1.4390681698796      1
     0.72074609657793          0.95930603625536           1.5599823582304      1
      1.1877551672841          0.93048356370147           2.3055763937349      1
     0.77317267166641          0.94132238599285           1.3174551065745      1
      1.3179790408662           1.0778248923644           2.4594387160625      1
      1.1275690234794          0.87108090563397            2.211554157974      1
      1.1864373604719          0.78479050420982           2.1461968334871      1
      1.3875402942917           1.1652244555219           2.5187158355168      1
       1.065046379486           1.0699254024914          0.80270257000702      1
     0.95936345864389           1.1248929425192          0.84695744218844      1
      1.2159108634371          0.61359829321936           1.8041435865786      1
      1.6458421863162          0.88680122074294          0.78140318956995      1
      1.1213685177012          0.70869589636194           1.1816688367704      1
      1.0228002306619          0.79171654827406           1.1356438379418      1
      1.4114251390208          0.94111527192399          0.74937968167728      1
      1.9167706615226           1.7898798605338          0.60698780007065      1
     0.67167283157489           1.0414201550344           1.4815745786184      1
      1.0731846992411          0.96967074645517           2.2691181838326      1
     0.65776377287119           1.0591551170173           1.6056895806562      1
      1.2650534988141            1.186760002674           2.4958153191006      1
      1.0111933810385          0.91372204167116           2.1638567268909      1
     0.96439515950912           1.0171457213147           2.2206973520272      1
     0.91340357243108           0.9679946504038           2.1195108397087      1
     0.86687247899736           1.0751090334487           2.1669574081724      1
     0.92180033696783           1.1201299281069           2.2580566221082      1
     0.81879975151921           1.0330576287368           2.0626915947296      1
     0.77836100779472           1.1404754077518           2.1032368240029      1
      1.3364039510023           1.2770486646085           2.5482395406761      1
      1.2158934571448           1.3010641567455           2.5183781020453      1
       1.289400082711           1.3934145359992           2.5637588464006      1
     0.73748677412124           1.0977701733459           1.9932465117969      1
     0.70283538735097           1.2122859528088           2.0341933817878      1
      1.1712177447693           1.4190659741715           2.5267971469365      1
      1.2472159902854           1.5126205424079           2.5650468259989      1
     0.74338624998259            1.257992379307           2.1313041023499      1
      1.1316796197462           1.5390400065019           2.5209493486521      1
      1.2104684987806           1.6329236274698           2.5520846463532      1
      1.0587500778537           1.4461567979618           2.4757252400415      1
      1.0226921645943           1.5667030673329           2.4630898792974      1
     0.67777913946744           1.3322320776245           2.0629651122615      1
     0.61483675383126           1.1457332225016           1.5251305468296      1
      1.0030841537039           1.2988874796397          0.73390255898729      1
     0.63541092398686           1.1312258180001           1.4021113326678      1
     0.63164798966947           1.2903921085446           1.9395734769739      1
     0.72600855600571           1.3808801610118           2.1597684683529      1
     0.71828752435812          0.97546718614244           1.6950326632266      1
      2.4390352928349           1.0491373480998           1.3049848916973      1
      1.7406801869865          0.66776404835607           2.0730859736881      1
      2.4743917564987           1.0541214535097           1.6856226563814      1
      2.5137694471338             1.15204456556           1.7498811335574      1
      2.2062973240848          0.95655306027961           2.1324602861304      1
     0.60795146038471           1.1666505396432           1.6496547897979      1
     0.57189596703742           1.2564488429199           1.5682582389307      1
     0.66710819830805           1.4560349758016           2.0873234896647      1
     0.72838432286294           1.5044493799002           2.1893129470253      1
     0.79656383280004           1.4166893954406           2.2588644994226      1
      0.7991672830763           1.5536710046392           2.2785519721013      1
     0.99704907496285           1.0146943993888          0.89390087801231      1
     0.89532802044467           1.0735943221233          0.94377523871331      1
     0.86413933014629           1.1885416447107          0.89912679618897      1
     0.80495369045615           1.1399456697974           1.0011688353914      1
     0.77864249460025           1.2575945619855          0.96168248530731      1
     0.72405293821256           1.2122386606045           1.0697127557807      1
     0.70483453553982           1.3318279053213           1.0326262971046      1
     0.76381332008436           1.3794784064076          0.93142273377494      1
      0.6961265016187           1.4552861251669           1.0066750619251      1
      1.9611418638881           1.8977754649236          0.65573473535299      1
     0.76125828856792           1.5040592801923           0.9098749680036      1
     0.64351651706994           1.4089326265242           1.1119118007502      1
      2.0762992205749             1.90049512109          0.71499948136222      1
     0.69973382113256             1.58053382372          0.98960960669967      1
     0.77101476027852           1.6295155344952           0.8973542641497      1
      1.8426481200837           1.8922097951378          0.61193622433701      1
     0.83842756996991           1.5530703274663          0.82250193004547      1
     0.85379002910186           1.6783765916521          0.81518322016299      1
     0.92650595966264           1.6016026167118          0.74583353578291      1
     0.94684926948161           1.7264025380971          0.74429799775459      1
      1.0242055561229           1.6489464981421          0.68099084728447      1
      1.0488317487973           1.7728911279001          0.68573509619321      1
      1.1300977744298           1.6944096991389          0.62892200855854      1
      1.1582462568747            1.817162594705          0.64035083506686      1
      1.9991804855512           2.0012524725489          0.71767427788194      1
      2.1099068510126           2.0010113339588          0.78282576800428      1
      2.0314486976611           2.0996974163974          0.79318090651004      1
      2.1359174530246           2.0940370012957          0.86123306642347      1
      1.9177449989205           2.0965668405629          0.73424704731725      1
     0.79048250748878           1.7564779783081          0.89755388983524      1
      2.0539818148086           2.1890120023949          0.87728073659705      1
       2.155783877881           2.1800659039984          0.95176251624766      1
      1.0803995284804           1.8940031484961          0.70380668334993      1
      1.1931178303969            1.936190603351          0.66499906070786      1
       2.233511383501           2.0809471555707          0.94057605042597      1
      2.2488125870472           2.1628802099683           1.0356763987862      1
      2.3216344886853           2.0597284928403           1.0287537981245      1
      2.3317076543391           2.1377062158268            1.127795378077      1
      2.3989982131965           2.0306912763859           1.1244769546704      1
      2.4034142023317           2.1054313539392            1.227961713141      1
      1.2738559274409           1.8571116778622          0.60826184418826      1
      1.3111958651927           1.9737551450377          0.63974611205434      1
      1.2327895092165           2.0500227420758          0.70320417295781      1
      2.0708083493621           2.2713217194997          0.97424384570364      1
     0.67259542507371           1.5809719586108           2.1090846397802      1
      2.3301364195161           2.2078984164521           1.2329705400752      1
      2.3958614925449           2.1708188512739           1.3344424530885      1
      1.3530541303064           2.0843594547053          0.68453227993787      1
       1.276160488525           2.1592200722917          0.75619830950374      1
       1.968326733891           2.2765814372377          0.90712497398279      1
      1.3983747520376           2.1893832669334          0.74360607704552      1
      1.3241511247831           2.2555418093165          0.81786042001202      1
      1.9779032624521           2.3523127085215           1.0050059068823      1
      2.3169437591573           2.2692787289645           1.3427413898377      1
      1.2039922569498           2.2205787572775          0.83604447847241      1
      1.2537067269738           2.3142431277452          0.90494067346282      1
      1.1360501588574           2.2741823868907          0.92824941709977      1
      1.1883504756268           2.3630702778022           1.0027647531022      1
      1.0738483753203            2.317021617204           1.0296741033452      1
      2.3760956244302           2.2284626546678            1.445933387368      1
      2.2923225792359           2.3209496369744           1.4555028339287      1
      1.1295307501132           2.3997648438399           1.1074189429962      1
      1.0182964344609           2.3484700435996           1.1388354832057      1
      1.0775462882402           2.4255055737348           1.2203691390749      1
     0.97020662894279           2.3680678202899           1.2541373750404      1
      1.0335270949368           2.4388886908801           1.3376008483917      1
      1.1447056831004           2.4898526581813           1.3054570452577      1
      1.1050659622099           2.4975042067868           1.4261227497442      1
       1.218587769337           2.5410804500965           1.3943861135009      1
      1.1810552032481           2.5411888952293           1.5154534774284      1
      1.0769475464253           2.4938997813376           1.5459748528067      1
      1.1555226828016           2.5297867298617           1.6379373624022      1
      1.2641251009053           2.5714818009841           1.6054957819827      1
       1.235613729618           2.5505441244028           1.7269039526954      1
      1.1239680992388           2.4988310756787           1.7597903773768      1
      1.2127297786208           2.5155392819142            1.846244701383      1
       1.326777520874           2.5596837908246           1.8140639100729      1
      1.3060965410066           2.5176039846939           1.9315067280584      1
      1.4220056345835           2.5546659754176           1.8971160406682      1
      1.1943274395589           2.4665384780151           1.9613598769411      1
      1.4028375757331           2.5055220107937           2.0120450829935      1
       1.519905624388           2.5355640497823           1.9748459380092      1
       1.501538314184           2.4794700254888           2.0866821166973      1
      1.6200672973228           2.5034615970631           2.0444318156795      1
      1.5568906516102           2.5816616406191           1.8438909271388      1
      1.6007555325151            2.439828966618            2.154326470101      1
       1.717977034995           2.4564269747787           2.1098871407749      1
      1.4833916619987           2.4101372128869           2.1908689134638      1
      1.3087310177377            2.396996520601          0.98314190047311      1
      2.3438566049279           2.2770757905988           1.5577641890614      1
      1.6990384548032           2.3871784744351           2.2139890326385      1
      1.8166201234573           2.3997218709411             2.16162270949      1
       2.256109162353            2.362608940207           1.5694495183452      1
      2.3039382999703            2.311648356814           1.6721068791435      1
      1.7953401610063           2.3236139095397           2.2632329411215      1
      1.9105430178302           2.3282716936481           2.2090956028194      1
      1.8868599647297           2.2463026727089           2.3059273794906      1
      1.7706110326521           2.2362912263224           2.3542587274615      1
      1.9998427860008           2.2461961617884           2.2463530675398      1
     0.91510720544707           2.2854405699479           1.1758557070727      1
     0.87115038759735           2.2986893162152           1.2927854152298      1
      1.8316939734071           2.4616174746683           2.0555568983411      1
      2.1970968538682           2.4034933825769           1.4659823281502      1
       0.821471918601           2.2115980536718           1.2179382967762      1
     0.78293622198408           2.2203023197862           1.3383288418684      1
     0.73833969971854           2.1292754748272           1.2679106776104      1
     0.70629613705277            2.132885446087           1.3882642607314      1
      1.9786114646614           2.1646188133775           2.3308518372597      1
     0.66800291364214           2.0379293422761           1.3190553681736      1
     0.64229486065399            2.037070844351           1.4400453693063      1
     0.68724917159227            2.129780247793           1.5116007878488      1
     0.62980462415924           2.0302717967565            1.564501939888      1
     0.68131184567685            2.119423426924           1.6374924592632      1
     0.59173286494994           1.9338346758938           1.4916723355163      1
      1.4766175336767           2.1105374185594          0.67836558997564      1
        2.15652060875           2.4388142059262           1.5805296853454      1
      2.0876892906486           2.4762112146677           1.4724690367434      1
      0.5861644387657           1.9242751211718           1.6174385633841      1
      2.0860150553598           2.1567635222818           2.2692337390097      1
      2.0473523018724           2.5030560211418           1.5910194854579      1
      1.9713834563968           2.5343777344251           1.4832547155532      1
      1.0247919893295           2.2233470805163           0.9603215209931      1
     0.55529861895729           1.8252230014729           1.5452193093569      1
      1.8702223569251           2.3508384719476          0.93952695838066      1
      1.8790237514585           2.4204655127922           1.0419477281544      1
      2.4260377565548           2.1749976453769           1.5595903159913      1
      2.1057562527648           2.2363936176253           2.1769488119648      1
      2.1871502621492           2.1415482388356           2.1960744988969      1
     0.55701366639947           1.8133607976144           1.6709457462129      1
     0.56818436336469           1.8326036329245           1.4196378123938      1
      1.4494139585517           2.2834363461021          0.81314651666248      1
      2.1077836165197           2.4613223706663            1.694209158757      1
     0.59492615902893           1.9122701981633           1.7372166442722      1
     0.61885537787984           1.5326457259271            2.005509649186      1
     0.53913418229413           1.7221031091097           1.4738314441736      1
      2.4633047374216           2.0615255932732           1.3274113740669      1
      1.9311287268155           2.5535324758113           1.6026229531311      1
      1.8606455120391           2.5747618427471           1.5025072074259      1
      1.7687230372931           2.4144208303303          0.98279511460383      1
      1.7787869775711           2.4772384338135           1.0894177782019      1
     0.78134502005874           2.1195901500773           1.1558087546294      1
      2.2023958117979           2.2166444401398           2.1004990889785      1
      2.2785460940336           2.1169649440129           2.1161520086869      1
     0.74529255991945           2.2149790442293           1.5847558635157      1
     0.74562173526617           2.2002447849721           1.7104539195922      1
       2.159186854539           2.0547174322516             2.28929452567      1
     0.55946313570852           1.7279721967177           1.3491578063315      1
     0.53782390318779           1.6163793763386            1.404926290641      1
     0.52414521859171           1.5880980894535           1.5417305748161      1
        2.12892488987           2.4322576052602           1.3634326751663      1
     0.62876553527284           1.6580797531757           2.0197755050824      1
     0.68788425008705           1.7064603415289           2.1173164555567      1
      1.2619984550118           2.5271525738391           1.2764337708305      1
      1.3382552317587           2.5713784789677           1.3673689267114      1
      1.3836903300399           2.5502430303062           1.2509554097889      1
      1.4615262607837           2.5871768773199           1.3435226142356      1
      2.1179861140209           2.3073980649729           2.0753990688612      1
      2.2914605793129           2.1888900814348           2.0126400286285      1
      1.6647237042773           2.4640393020852            1.032356593783      1
      1.8116137915816           2.5889198387618           1.6161193260994      1
     0.65176802525975           1.7825808453809           2.0259413694976      1
     0.71889886532032           1.8289305976742           2.1223941191789      1
     0.68832428701452           1.9032393810609           2.0261505031327      1
     0.76196700521725           1.9477449968206           2.1188178044345      1
     0.79843423463948            1.871194312828           2.2109842365688      1
      0.8466774118057           1.9881408177852           2.2017464706471      1
     0.89019805574873           1.9079834724092           2.2917079257539      1
     0.94357237642025           2.0217750528545           2.2777836081163      1
     0.90578229658284           2.0980674117878           2.1842816597766      1
      1.0066164126151           2.1288127302119           2.2541274538379      1
      1.0487657220868           2.0488285572765           2.3425423637793      1
      1.1157840958039           2.1520754345183           2.3135622251808      1
      1.1615083089754           2.0682153455188           2.3964356848159      1
      1.2316890723487           2.1675153723439           2.3617169055468      1
      1.2801515902597           2.0796519397129           2.4386755312689      1
      1.3526365542681           2.1749067775323           2.3978873666406      1
      1.4025049903305           2.0870916092587           2.4661956335898      1
       1.186387997266           2.2452908511873           2.2735836943434      1
     0.97332383259962           2.2011341289007           2.1558805815383      1
      0.8771894633292           2.1667303606314            2.081085320896      1
      1.3309346829859           1.9861197847616           2.5017074548431      1
      1.4564497211806           1.9839137983514           2.5262446611968      1
      1.0959492129638           1.9631732121256           2.4176630870214      1
     0.94937479344541           2.2647352539937           2.0492383341897      1
      1.8800614179418           2.5603956424547           1.7180070909245      1
      1.7578045821898           2.3385158651339          0.88358650869061      1
      2.3608929045249           2.0846318110654           2.0272426042428      1
     0.81566024070642           2.2911985286711           1.6568943537817      1
     0.58210125761804           1.6094146878362           1.9137444185056      1
      2.3546264094061           2.0088461020356           2.1096335074324      1
       1.393970290543           1.8921542331142          0.58993733581725      1
      1.3583638176116           1.7732873492197          0.56556375364996      1
      1.8854567311852           2.4788930582819           1.1548974599971      1
      1.7639928468134           2.5348383207185           1.2103509774885      1
      2.3679131506606           2.1527265107767           1.9209173648851      1
      1.3869338459563           1.8818997544468           2.5536655737832      1
      1.3124363639045            1.603595865873           2.5850926498897      1
      1.1059703398988           0.9628083012458          0.85601658874465      1
      1.7398490475853           2.6029671159642           1.5191499250693      1
      1.4925627169556          0.66938095092273            2.098008365414      1
       1.428880690645             1.23346900308          0.58962715681263      1
      1.5282896276567           2.0795189326198           2.4851360897295      1
      1.5823525217957           1.9770886972676           2.5358951172226      1
      2.3011612328304           1.9741398919382          0.93794264408351      1
      2.3934309583715           1.0498457194049           1.1854322926363      1
      2.0793175424164           2.3415362788895           1.0768440915128      1
     0.57216145230513           1.2800802997917           1.6925965333975      1
      1.0234551387178          0.73709982234249           1.8901558006333      1
      1.1469602426292             1.21316756947           2.4591022183241      1
     0.84242044763838           1.0358063241711           1.0417623137223      1
      2.3895878099573           1.2745391682511           2.1525479184079      1
     0.98077011979498           0.7146072566939           1.4465704739098      1
     0.78387914144521          0.99027224183905           1.9454639680713      1
     0.81947468295775           2.2706751370218           1.7764857765227      1
     0.75900983871079           2.1806418254464           1.8271435069445      1
       1.264183339172           1.8793162830206           2.5233857575906      1
     0.56535014273395           1.6213088492528           1.2824403536222      1
     0.59447016784359           1.7323733133565           1.2283013341407      1
      0.5499384250841           1.5165755789921           1.3437897932887      1
      2.4311543240423           2.0508939124407           1.9256387369739      1
      2.4332947624451           2.1098935374046            1.819981714099      1
      2.4903058179675           1.9996533520377           1.8300387978052      1
      1.4604188809521           1.2580718588926           2.5640953441389      1
       1.688023959014           2.6097600082028           1.6294040241714      1
      1.5796852534404           0.6248886374885           1.1215721716938      1
      1.5921155845363           0.6873047579442           1.0090037954711      1
      1.5011078807022           0.7391949649503          0.93817842735516      1
      1.5080019029055           2.5587863938661           1.2293945123164      1
     0.89688507170509            2.357162070373           1.7260227704902      1
      1.8034757733297          0.66877481532228           1.0924238994613      1
      2.4691965499621           1.0505199064476           1.4336387652979      1
      2.4038443696402          0.96475169532387           1.3827442749345      1
      1.1090839763455           1.5697268364068          0.63087969598928      1
      2.2945631124948           2.2600123927238           1.8834711828599      1
      1.6543056731243           2.0693458816768           2.4879098648232      1
      1.7080207317918           1.9636049186589           2.5317820624139      1
      1.7791662400207            2.052600711223           2.4769250293754      1
      1.8361007378481           1.9489720634696            2.510593854403      1
      1.6293464871901          0.57685786957729           1.8952665615064      1
      2.5671222186804           1.7807393368847           1.8155030102041      1
      1.5813627803814           2.5879390920296           1.3219356098839      1
      2.3363759801112           1.1636635130307           2.1579533565721      1
      2.2413201445087           1.1329278605955            2.245549413056      1
     0.54379939207985            1.370847057425           1.6146175202575      1
     0.55105478014403           1.3818500062555           1.7158796725686      1
      2.1793100672678           1.8952459109652          0.78271878859224      1
      1.1634975459885          0.61028761834083           1.4804999516202      1
      1.2182780274455           1.6147416613846          0.58569614537997      1
      1.4165378724886           2.6005085069525           1.4589041173155      1
      2.3361916010948          0.98478742327855           1.9799250966353      1
      1.0490612882139           2.2959490713236             2.11721078291      1
     0.82122100106439           2.3010614780843           1.5324250992869      1
      1.3672663794481          0.68345896057299           2.0883199207223      1
      2.2457102552524            2.301471521765           1.2433399787703      1
      2.4762812055858           1.7865157711029           2.0505722816536      1
      2.5285602506116           1.1510311934316           1.6265476521599      1
      2.5608394773029           1.2517530848474           1.6918280628476      1
      2.4140941046044           1.1514131821545           1.1129870355336      1
      2.0247972328208           0.6992619621352            1.932644001621      1
     0.84727390162054           1.7891018743162           2.2956968023247      1
     0.94338055034943           1.8241522504567           2.3700352964685      1
      2.2148446358542          0.79497047388275           1.2880973123235      1
     0.85713907515229            0.862780308819           1.2774887123359      1
      1.4315157076945          0.62436902417793           1.9968232992231      1
     0.93594912953014          0.81787179154284           1.9267406926342      1
     0.73696756177201            2.019670868072           2.0178577857083      1
      1.6377794079234           1.8808048361372            2.568809704566      1
      2.2000385380402           1.2582229206565          0.79428179596219      1
      2.2319423307693           1.1637846788755          0.86805157148279      1
      1.6710362530076           1.1750028793323          0.60647158099053      1
       1.431319123271           2.5162979228691           1.1427828308038      1
      1.8860596916436           2.5243253817374           1.2741246844075      1
      2.4867509609733           2.0561217498415           1.7194874600341      1
      2.5360178115851           1.2614680679843           1.8340190933496      1
      1.6000927543294           2.1680906072003           2.4304497297201      1
     0.61250426317049           1.1968367498967           1.7668913723028      1
     0.57788567602535           1.8032131892339           1.8089843887849      1
     0.54300508422105           1.6983388009903           1.7257182109713      1
     0.54692834392327           1.3679578261629           1.4860991748717      1
     0.90534464531942           2.3334954117707           1.8392863203342      1
      2.2890316803984           1.2664454447454          0.87213243860403      1
      1.0237341258583            2.346649047133           2.0128350308498      1
     0.95364160885117           1.4742908794114           2.4112899103381      1
     0.99383115745643           1.3545537577714           2.4175389417284      1
      1.0324807713583          0.78335383457606           2.0029692036107      1
      1.1251735461734          0.70943814980983           1.9658977562586      1
     0.90459748197057           1.6954420357811            2.369085283012      1
      1.0034990416436           1.7427004543351           2.4340723385239      1
      1.0157204229482           0.7450238784232           1.2442793812757      1
      1.9845523152269           2.4672479234813            1.221793134736      1
      1.0417730727725          0.91183658885987          0.95230689946705      1
      1.6147867018886           2.6163175781477            1.531136887807      1
      1.5701908542362           2.6156205049919           1.6412575309443      1
     0.66679834832754           1.9648425024915           1.9231285245543      1
      1.6254489750549          0.95568622415263           2.4165358616978      1
      1.6941572814641           1.0476689434451            2.469541300013      1
      1.6363352219093           1.1452800612989           2.5253974331517      1
      1.1365930650321           1.0336157053972           2.3578968405169      1
      1.7617330378664           1.1469441888101            2.509154067064      1
      1.7058242994102           1.2407395247895           2.5554042006683      1
      1.8106059872861            1.051409599277           2.4479231507181      1
      1.3171682517784          0.63828318862843           1.9741755007027      1
      1.4799024394702           1.8064131927319          0.55450615909417      1
      1.5151691380255           1.9306585956987           0.5889473187895      1
      1.4224904402117           1.7091391269486          0.54342621584045      1
      2.5334325841626           1.9493628947799           1.7340185704912      1
      2.5251664934148           1.9997003325955           1.6137107778123      1
      2.5709640824696           1.8752895120332            1.630554772928      1
      2.5507079614067           1.9356527128696           1.5135624458757      1
       2.587526500063           1.8141315658905           1.5102122743338      1
      2.5608519275354           1.8744942367944           1.4152964935589      1
      2.3369726362208           1.0578182515642           1.0743589506444      1
     0.60783692904882           1.6260397960948           1.1630217951915      1
     0.64192052846209           1.7373366929675           1.1168395348655      1
     0.63765863053442           1.8412257674341           1.1799707023978      1
     0.69290889177111            1.843053474507           1.0689871915859      1
       2.421291784511          0.96340729218273           1.5047755098551      1
      2.3450292357467          0.87398771467678           1.4628895521877      1
      1.3825096503262          0.59147516281009           1.8903286357528      1
      1.1011062002853          0.67487604230416           1.2999813712818      1
      1.7818440563603           2.5667642339304           1.3255831643556      1
       1.901045589759           2.0295282728125           2.4523422060586      1
      1.9533807316034           1.9190916095189           2.4812590006381      1
       1.890292082587           1.8387709602238           2.5313871705476      1
     0.70733076724461           1.0626901021583           1.8755552531419      1
      1.1526220316146          0.86519053492479          0.91974069433177      1
      1.2217525607836          0.92036636256471            0.828009666796      1
      2.0172592723437           1.9957351885002           2.4173898026124      1
      2.0654202591739           1.8856412892964            2.438461311877      1
     0.91618056095009           1.4762484930287          0.75890863907591      1
      1.8023175912513           1.7866894864622          0.57259256054999      1
       1.720073099377           1.8827035322686          0.58233638750893      1
      1.7651653668804           1.9902776750274          0.63118002958977      1
      1.6247868565763          0.75252631070261          0.91953454019108      1
     0.69409461995339           1.9465383265581           1.1385524395422      1
     0.75519505607387           1.9401086771055           1.0276336749691      1
     0.84337620363295          0.87017606876224           1.8475885407126      1
     0.57977268089824           1.4871000680122           1.8986526684625      1
      2.4165878298245            1.198127215033           2.0631144940136      1
     0.85629597667199           2.2166104507557           1.9819363007687      1
      2.3579624506598           1.1625141874608           1.0137524332171      1
      2.2964659789419          0.88352104538299           1.2582600013139      1
      1.6031523164774           1.8472564014763          0.56126889860337      1
       1.200243419276            1.489901920153          0.59469728011186      1
      1.3120831168494           1.5350519381536          0.55668956470695      1
      1.2693691087504           1.3909593690375          0.58417430591828      1
      1.4101414040559           1.4565057700524           0.5423264071223      1
      1.0940945449496            1.445186993018          0.64689134375509      1
     0.53138215372259           1.4897639479064           1.6691560828959      1
      2.4585554171352           1.3023559804182           2.0570537577792      1
      2.5680936554014           1.2515083919197           1.5620805807177      1
      1.5449981082084          0.81636165134238          0.84499643452102      1
       1.410911579875          0.80242594253192          0.87749514294905      1
     0.82201829697093          0.93915977260256           1.2006754861319      1
     0.73605571757825           1.0409914124419           1.2256332069745      1
      2.5946234305864           1.3596337661217           1.6325308045525      1
      1.7133885747458             0.71428040617          0.98541556201649      1
      1.7435120804327          0.77599998357155           0.9111822331945      1
     0.54677074329091           1.5725626614188            1.789865255727      1
       2.418387583104           2.1708979907513           1.7052945289287      1
      1.3163329960605           1.7868276728044           2.5633695392508      1
      1.4399913493567           1.7887155906913            2.586682129202      1
      2.5883785842228            1.751326524529           1.4018054740653      1
      1.1307065356094           2.3735268743801           2.0792915134978      1
      2.1856984123955           1.2335557118866           2.3484767907468      1
      2.1473357000918           1.1062720806078           2.3113652209397      1
      2.0608300720256           1.2340121994746           2.4328091407092      1
      1.9941761739491           1.1191561695969           2.4154225072215      1
      2.4801065367799            1.885281531777           1.9841686881068      1
       1.006022939652           2.4277291375029           1.7789306352101      1
     0.90906567015675          0.87060265756129            1.160352573203      1
     0.96499956128433           2.4192411257889           1.6696619587869      1
      1.7163767997422          0.62154359204795           1.1532459912615      1
      1.7184039526888          0.57819382441697           1.2715055446395      1
      2.4822835451049           1.2327659698569            1.960089583708      1
       1.554239623908           0.6169995316642           2.0027919985557      1
      2.4971615490173           2.0564200123297           1.5194171253942      1
      1.6353028870649           2.6016458761791           1.7434544324505      1
      1.6331154625324           2.5526577415833            1.212066346583      1
     0.75764889130108           1.0987885103916           1.1096861657312      1
      0.6842354985716           1.1735920215046           1.1798214568211      1
      2.0068810384498           2.4978255330507           1.3538408331061      1
      1.2042059339817           1.7731980821689           2.5306232510634      1
      1.0912817928403           1.6621875480316           2.4972606637444      1
       2.421735682426            1.894005510343           2.0885421601343      1
      2.2992416945199          0.94872340813453           1.1476942807807      1
      1.2737381681983          0.81459839837048          0.91008167228058      1
      2.5251248401426           1.1470352177353           1.4913839707526      1
      1.6407392836368           1.9738958683026          0.60682461888193      1
      1.6816940355277           2.0740273978919           0.6591588448359      1
      2.5215965903585           1.3503111304759           1.9502536343326      1
      1.8543896721738            2.142942796174           2.4007637618585      1
      0.7062714799553           1.7204522774479          0.99911232591393      1
      0.7597617228119          0.95917536195029           1.8252867543887      1
     0.79825858039279          0.88127167131477            1.726885695751      1
      2.1527854933571           1.0104731949342           2.2370915384978      1
     0.88800135369179           1.3803363163623           2.3416002709748      1
     0.93785565001235           1.2661873576444           2.3474701237131      1
     0.84684210100525           1.2940771764093           2.2750260492601      1
      1.5315745974234          0.91271787829652          0.75715198016719      1
      2.2698519769475            1.081410441701          0.96379932128935      1
      2.5951160670479           1.6798435445821           1.7592120513327      1
     0.94504663322083          0.87506847151772           2.0409269295167      1
      1.3121104544495           1.2783202962509           0.5991162857123      1
       2.151561945811           1.7914397040796          0.72779543292737      1
      2.2445718053481           1.7841855400956          0.79806457555165      1
      2.3009288407847           1.6857110210103          0.82895817982453      1
      2.3375480967522           1.7860137130004            0.890799333291      1
      2.4163714161402           1.7818824749372          0.99022064906349      1
      1.7579526091562           1.4641244837177          0.54599568515801      1
      2.4610082999636           1.4611747491744           1.0303072299768      1
      2.4137018970879           1.3574448951577          0.98717480781231      1
      2.2125679258293           1.4617491090001          0.75051550281073      1
      1.8811223107416           1.6633233776207           2.5666674227632      1
      2.0080969815981           1.6902648438062           2.5147868574593      1
      2.2176714711116           1.6744951799681           2.3877552038187      1
      2.1592700050958           1.7842645880213           2.4102918554478      1
      2.2590755138435           1.7745071270432            2.333289855797      1
      2.1961569576857           1.8814042242328           2.3512253925102      1
      2.2876534520606           1.8835863978834           2.2671446194017      1
      2.4630508507352           1.6793651108806           2.1081206188777      1
      2.5229644171577           1.6810568568395            1.149084038094      1
      2.5235752532997           1.7953116633875           1.1987373367474      1
      2.4641245894461           1.6792354214781            1.035232801968      1
      2.5202451930873           1.4703162743638           2.0009978151602      1
      2.5951208043967           1.4628689333477           1.7598300633649      1
      1.6329913798607           1.6798435445786           2.6104420313019      1
      1.6956876377141             1.78672810765           2.5878500803919      1
      1.8348995281612           1.7672176671402           2.5649245214042      1
      1.7742578834979           1.8639842944629           2.5553098725579      1
      1.5750109281415           1.7852417777154           2.5957929594465      1
       1.500434770678            1.689964667639           2.6088092694856      1
       2.392762116373           1.4652643559741          0.93059483106871      1
      2.3618184499836           1.0833479168122           2.0538084999992      1
      2.5883820709481           1.3416404103405           1.4779010605958      1
      2.1106961740347           1.4615283357891          0.68018340732645      1
      1.8667467830948           1.2494990314401          0.61905892254636      1
      1.8333911485761             1.24838967938           2.5319001840905      1
      2.5965831390378           1.4587337882526           1.3923975753524      1
      1.7219204233882           2.1575578935487            2.424901169564      1
      1.9906002536395           1.8065347809355           2.5007504952771      1
      1.8838088677585           1.9955138945323          0.66621860869274      1
       2.157074628432           1.3564734056449          0.72998353566276      1
      1.9079098869891           1.1454767025316          0.67520692534919      1
      2.1631110270905           1.0612763826738          0.87353351150298      1
      1.9485615472184           2.1883670923991           0.8141441617008      1
      1.8337375508878           2.1834876312309          0.76327295910012      1
      1.8605152783355           2.2701724815988          0.84722280983752      1
      2.2091436858091           1.9911810944709          0.85496673284277      1
      1.8936257937642          0.87344126051728          0.85938944038925      1
      1.7733063783675          0.86114549337308          0.82782386104132      1
      2.1681741572645           2.2559576896463           1.0508767697947      1
       2.254009614784            2.235875359383            1.137769543837      1
      2.2030938711096          0.90554913738154           1.0665456910359      1
      0.9339185574446            1.237200891777          0.80940056644763      1
     0.84388741950421           1.3074993625143           0.8644671823203      1
     0.83371118225457           1.4313797490677          0.84011772522991      1
      2.3835226593286            1.957181076418           1.0352541296739      1
      2.4621105276559           1.9067887040879           1.1357206678841      1
        2.46472037618           1.9948090432586           1.2276699339888      1
      1.0227157711032           1.0709776991515           2.3099930226516      1
      1.9238546240953          0.72769637165775           1.0597630445253      1
       1.550660051465           1.1994680167538           0.5918517278466      1
      1.5165107940494            1.305142948054          0.55931025445863      1
     0.66988157051948           1.1702085579369           1.9236486366906      1
      1.6810974186644          0.87557011079382           2.3461136095568      1
      1.5542989384954          0.87336816259144           2.3517857653837      1
      1.0573119038047          0.65926177500433           1.5253956718373      1
     0.82490951782251           1.1974903273402           2.2039773516245      1
      1.6173519578554          0.66829803558991           2.0999013436118      1
      1.1920100286794           2.4705282672805             1.19181600163      1
      1.2465122145577           2.4387454219885           1.0828138538153      1
      2.1239075562324          0.71662691161072           1.3236419433294      1
      1.9257893539697          0.91599151492842           2.3068896090941      1
      1.9732275009889           1.0229080711921           2.3673453338506      1
      1.3850853809039           2.4431680194052           2.1195237506955      1
      1.3684465671688           2.3671901067959           2.2199759885121      1
       1.468844343797           2.3285994873347           2.2863121367326      1
      1.2542742083607           2.3962783241714           2.1320591277904      1
      1.3598110000764           2.2854320477881           2.3065977194425      1
      1.2976489143678            2.578203895041           1.4862789099094      1
     0.69807610285489           1.0323571394679           1.3585102850754      1
      1.5100164211797           1.1505513103861           2.5280437558795      1
      1.2415803098089           1.7361346395321          0.59053984620768      1
      1.9807368039292           2.4167630484578           1.1093726361612      1
     0.65328547985541           1.0898222785093           1.7239646063319      1
      1.3772054067001            2.344625009799          0.89231682360476      1
      1.4351137170008           2.4227435316906          0.97716436951669      1
      1.3032811564419          0.75439779061149           2.1695882564172      1
      1.4105440165521           1.3721150898912           2.5864082971834      1
      1.5355491541785           1.3550094673818            2.594913692803      1
      1.4863896031702           1.4705691964057           2.6097634766957      1
       1.601896980056          0.53346601030296           1.4307917729917      1
      1.1180221951023           0.6685691121243            1.849371900042      1
      1.0082195633289           1.5237479157745           0.6888005538681      1
      1.1648745188719           2.1180040248695          0.77555175293566      1
      1.0896340687692           2.1739094679191          0.86272844043999      1
     0.98063424719121           2.1209149692699          0.90318797586487      1
     0.92122245791673           2.1642816435626           1.0029480381791      1
     0.88569257548311           2.0621410523459          0.94963940471816      1
     0.94695813989554           2.0092425225155          0.85301254231908      1
     0.84489973435275            1.945515850624          0.91560007621474      1
     0.90916497632156           1.9033879753454          0.83035763073869      1
       1.050735404682           2.0686096572179          0.81030882750491      1
      1.1190224483519           2.0105997348467          0.73467669644601      1
      1.8132255143242          0.55794935656083           1.4612891802076      1
      2.2511910779357          0.91660203030542           2.0243550509893      1
      1.0990752839127            1.326718173665           2.4733082791252      1
       1.654721385487           2.3941176090596           0.9291411531029      1
      1.6458371945776           2.3169855037803          0.83991104746274      1
      1.5235573276167           2.3653624814411          0.89031428141859      1
     0.86853740071417           2.1944708368888           1.1076708390151      1
      1.4319942901734           2.0037356102604          0.62744046462289      1
      1.5828190676182            2.364245383205           2.2541094027836      1
      1.5617909867743           2.2672623451902           2.3527660834376      1
      1.2085126636326          0.64366189396942           1.2455348902439      1
     0.62648372006365           1.8518966983015           1.9255906237325      1
     0.59885063988408            1.736258418455           1.9237362496587      1
      0.5850504658757           1.2404780435978           1.4450281245394      1
     0.57776958349691           1.3277909390318           1.3439285682983      1
      1.5317778280538          0.58095154875094            1.231226623542      1
      0.8925170134145           2.3679337672183            1.604438344385      1
     0.90606251675612           2.3754771163432           1.4857051994347      1
     0.81535961323103           2.0628333351418           2.1035605011244      1
      2.2114877836726           2.3914569961665           1.6832829218298      1
      2.1590994082872           2.4072956803424            1.796164973801      1
      2.0513281455715           2.4708122318387           1.8067693189861      1
      2.0983820053863           2.4124998658544           1.9021740799891      1
      1.9859710664381           2.4681236208613           1.9158417935349      1
      2.0357761852863           2.3947628987645           2.0196788623274      1
      2.2026586401916           2.3402539475086           1.8953078028119      1
       1.996195211203           2.5182257117974           1.7050947289088      1
      1.9817188676008          0.62228790779841           1.7384183891333      1
      2.0628769872743          0.67941757951234           1.8155886136572      1
       2.062933339597           2.0753583714296           2.3452903648458      1
      2.2931970980109          0.89434234997956           1.9130971509676      1
      2.0197985606369           2.3197044771746           2.1488588558797      1
      1.9334745346965           2.3996776807048           2.0980940888667      1
      2.2277515014278           2.3566842141088           1.3530514340225      1
      2.2711403380199           2.0196642105352           2.2069241442341      1
        1.75905187949           2.5885671917263           1.7299347087408      1
      1.8246317401923           2.5527127268471           1.8316228542916      1
     0.63095267988131           2.0173738089237           1.6886317333746      1
     0.59547475122653           1.8363696595724           1.2972248729105      1
      2.3724677486857           2.1976510219027           1.8177757465388      1
     0.58847370964865           1.4976996118696            1.215378463791      1
      0.5333715024187           1.7102677106406           1.6011307641282      1
     0.53140693668718           1.5056628515606           1.4610236645899      1
      1.7447827326621           0.9585913201258           2.4023950711511      1
      1.0774344646565           2.2275994067502           2.2202780419961      1
     0.69073890654645           2.1043175738977           1.7643853946361      1
      1.3341637109231          0.57168840133459           1.7767358072746      1
      1.5091231283166           1.8892216868051           2.5664993035525      1
      1.6774468277391           2.3061812076231           2.3086699331326      1
     0.61132543658682            1.937431930086           1.3667947177943      1
      1.4806397049968           2.1708464291527           2.4242799935622      1
     0.98902416279326           1.9390308785837           2.3598255881622      1
      1.2138679602578           1.9775369907715           2.4673379514065      1
       0.583888589227           1.3159363764159           1.8109675874685      1
      2.2893773493241          0.80910240192149           1.5800909544879      1
     0.92474791405999          0.77792407209096           1.3458568963796      1
      0.7611866254585           1.7513842143293           2.2099699007245      1
     0.80994633851694           1.6721987028489           2.2831498659173      1
     0.73588653482049           1.6299957807756           2.2001164163724      1
      1.1025166185585           2.4580504656467           1.8709911288427      1
      0.7576520755251           2.2214204437353           1.4607627123196      1
     0.93821769756521          0.97142098891893           0.9900931380486      1
      2.1177534251609          0.68683517100754           1.4440157334917      1
      1.3790499672664          0.73087716512341          0.97548813207826      1
     0.62340058667336           1.4097497164838           1.9868828708444      1
      1.5200244386933            2.210361367491          0.74314816161228      1
      1.5647531672131            2.511080672867           1.1098716691921      1
      1.2576891266883          0.99975413253653           2.3908557178454      1
      1.1968787069106           1.1006421357181           2.4285628226346      1
      1.2751878861506          0.57519115073991           1.4365998497006      1
      1.6996892973444          0.53347127805721           1.5078196911555      1
      1.7366893234842           2.5098685585114           2.0035151367634      1
      1.6459674300016           2.5497327534111           1.9350153393666      1
      1.9815687765421          0.73315214816836           2.0464442383575      1
      1.9092567754269          0.66356481496117           1.9695421353997      1
      1.4450727705458           0.5416598681847           1.7180866801637      1
       1.289505558049           2.4643678989171           2.0388006645371      1
      1.7552934890385          0.57337053238316           1.8310371633258      1
      1.7385796477218          0.61030498088282            1.952801356708      1
      1.3487446043594            2.586756389017           1.6938446740625      1
      1.4425163942438           2.5889575973284           1.7793978544079      1
      1.1772624416374           1.0208571207527          0.77122102569898      1
        2.27257636268            1.056796105552           2.1538325735476      1
       2.477887086389           1.2490607022132           1.1581278727472      1
     0.72390739140078           2.0834629519991           1.9122268083586      1
     0.79377368559511           2.1234841231552           2.0036874517321      1
      1.3097865354293            2.500210352656           1.1649808902033      1
      1.8226255831906          0.58098470863492           1.3395438729466      1
     0.97593470521695           0.8799553373429           1.0555283482645      1
     0.96594520196223           2.2617285763441             1.06741729013      1
      1.3535932119723           1.4811758822983           2.5912931146741      1
     0.65917912400115            1.290516322559           1.1383383449884      1
     0.60428187821712           1.3666514560835           1.2232371179041      1
      0.6408829701467           1.5331939508328           1.0907234972352      1
      2.6094424308756           1.6875883295945           1.5060150811123      1
      1.3251032474042           1.6516552653645          0.55604539478003      1
      2.4238958101562           1.2531826594908           1.0531424452655      1
      2.1301289020982           1.9800057522777           2.3558551956275      1
      2.4801450037631           1.0515542767662           1.5610296277489      1
      2.2538981588484            2.335990605204           1.7816809269138      1
      1.5544443947459           2.4384141028186          0.98462679476679      1
      1.7916543737606           1.1572799203141          0.63439437469642      1
      1.8499767512255            2.509348231441           1.9420123341708      1
      1.8748647629238           1.6818015863083          0.57488321324401      1
      1.4484406104538           2.2491700255849           2.3591242501242      1
       2.514277812939           1.9528029019061           1.3247549215249      1
      2.5899557944272           1.7749821065289            1.698251644934      1
      1.6762470802872           2.5998752141942           1.4080096770687      1
      2.4767851996828           1.7864675901156           1.0919510703569      1
     0.64524959584278           1.9417869675327           1.2508714847757      1
       1.378114526467           2.6001067126298           1.5748662981649      1
      1.8014518266331           2.0871757761442          0.68944905362937      1
      1.8647506585066          0.70059858809935           2.0737570187672      1
      1.0402759665682           1.2405484932677           2.4110981934284      1
       1.151054531912           1.8711594549131            2.481961255953      1
      1.5768513231031           1.2487381696987           2.5672222355807      1
      1.6606433909284           1.3250779705888           2.5847848403995      1
      1.2322632327978          0.70146435866619           2.0464852847184      1
      1.0485787962972           1.8562541129836           2.4324374437208      1
      1.1555023279865            2.314945933832           2.1793971550332      1
     0.83963213224832            2.303456959116           1.4119566916531      1
      1.2924281622688          0.97829975617711          0.75343368388987      1
      1.0713778645527          0.82289657562924           2.1073127505977      1
      1.9340860440868           2.5207366497769           1.8203092028453      1
      1.6403559113331           1.2847263772577          0.56583455667485      1
      2.4159746341383           1.7877588344614            2.149781309584      1
     0.61265394614508           1.2154512213709            1.342069971326      1
      1.7001864287425           2.5757816616902           1.8351547754881      1
      1.7132514555532          0.54959964164495           1.3878029450529      1
       1.744069020943           2.2525468463007          0.79502863357201      1
       2.276785326754           1.8869761359348          0.86494041270115      1
     0.66811111945678           1.1218260856483            1.287586421866      1
      1.5408283044866           2.6086713547484           1.4346344554006      1
      2.2130342329823           2.2814660191656           1.9940004990734      1
      1.4962116301348          0.58028733535025           1.9023860916001      1
       2.527008302288            1.891026117053           1.8531688654508      1
      1.9510568070651          0.63779496286451           1.8563363997809      1
      2.1672617792407           2.3249788801198            1.155994745878      1
      2.1546326856205           2.3810825382464           1.2558454212923      1
      2.2065581275099          0.75609405666484           1.4014155279165      1
      1.6997111832567           1.3723245089398           0.5506921122497      1
     0.92846266237649           1.5817919812564           2.3977843982747      1
      0.7617181439923           1.8455361138474          0.96537642725793      1
     0.64729252998154           2.0016826983381           1.8118365378008      1
      1.1853971521392          0.61920514793376           1.3644848735972      1
      1.0003750847192            2.441113312372           1.4533626755828      1
      1.8852896214458            2.553885940711           1.3940154175823      1
      1.7453843975383           1.6696829841399          0.54300104280816      1
      1.5483419321874           2.0416660768141          0.63570264704307      1
      2.4788843913796           1.1495498738289            1.878286495832      1
       2.423518559033           0.9653039844113           1.6243363043237      1
      2.3134351343393           1.6743639987447            2.301812092759      1
       2.447684996252           2.1267383025761           1.4343503954727      1
      1.0803892888344            1.133261004697           2.3860794004985      1
     0.52794309803173           1.6101971534112           1.6575570860836      1
     0.87081915426145          0.89677748778481           1.9611209017626      1
      2.3452262496447           1.7866407848188           2.2418344596662      1
      2.2547587547421           1.3635904013113          0.80536585128902      1
       1.212456513673          0.65053860959398           1.9191367113271      1
     0.93155960822648           2.3755122663782           1.3697207553133      1
      2.2840615432339            0.831198805727           1.3686306791675      1
       1.335424398654           0.8840140765563          0.81610903563876      1
      2.0748757054088           2.4006208436907           1.1784725288334      1
      1.4274080161303           1.5814677045146          0.53351689226702      1
      1.5164547301125           1.4801947781924          0.52894170090269      1
      2.4247925929623           1.9831986601459           2.0149105058648      1
      1.7547648847263           1.2645239559802          0.58643078706875      1
      1.4951636011861            2.615050619256           1.5499306917536      1
       1.438925091531           1.5866465743245           2.6095366495875      1
      1.3667789566435           2.4658809471717           1.0669876862641      1
      1.8749893067646           1.1460267127302           2.4783535520632      1
      2.6124020757634             1.48462972323           1.6360304541983      1
      2.5750608633357           1.3382703949698            1.755206583851      1
     0.83187493632424           2.1006128429579           1.0512654334517      1
      2.3956960144656           1.4707510718618           2.2080985812067      1
      1.3982903119172            1.337739611144          0.56454141209724      1
      1.0147655864847           1.9595252485663          0.77308563209367      1
      2.5065415695354           1.8919051645585           1.2274413119332      1
      1.6294602362735            2.232881467811          0.76158404129591      1
      1.0803811043198          0.65976976664438           1.4090983753633      1
      1.8239630465312          0.73897433515908          0.98718558539174      1
      1.2636700273237           2.3150914404541           2.2403640464381      1
     0.91630510138477           1.3653049694831          0.77957116973563      1
     0.99505320251273           1.4157774971197          0.70991786352607      1
       1.841090679755          0.61424159663963           1.9002909735004      1
      1.0077471199396           2.3879935722948           1.9051419022691      1
      1.7459688219815           1.4744236676462           2.5987309641775      1
     0.87363828164026           1.7931293714103          0.82168926596822      1
     0.70625987416493           2.0354554876225           1.2057055195083      1
       1.493638980327           1.3883442112276          0.54250615342787      1
      1.5929423476925           2.1433232672783          0.69424332359929      1
      1.6178943467361          0.55692078175005           1.3129962746037      1
      1.0783675723752           0.8293866351405           1.0190279857552      1
     0.56304319239467           1.6832646514023            1.832344041942      1
      1.0941236466323            1.785585060443           2.4781395182702      1
      2.3441322617255           1.3647870625738          0.89541907959727      1
      2.4753931761654           2.0959261408059           1.6214513342264      1
      2.5558026142712           1.8131284690213            1.310680087955      1
      2.3690915362958          0.96650346692041           1.2639126204422      1
       1.722828699569           2.1701446207312          0.72563924588241      1
      1.4606996334313           2.6080913053631           1.6631031888357      1
     0.86636213267504           1.4942122912712           2.3418540826665      1
      2.3620182316111           1.8786797342742          0.95777233381412      1
      2.0728114973155           1.7788477442634           2.4659600478475      1
      2.3506280788868           1.9123413500764           2.1805767354118      1
      1.8645250558312          0.97681874949904           2.3816827446369      1
       1.664664717437           2.2309243764036           2.3782877475482      1
      2.3612435713161           1.2621083334312          0.95717788866413      1
      1.4756312319789           2.4767709949841           1.0542924869637      1
     0.97492076144537           2.4318948093553           1.5627697968061      1
     0.97415513934437            1.846283490733          0.75547502376453      1
      1.9266314591547           2.4540918320336           2.0064488491517      1
     0.77732604182957          0.88949326487211           1.6242168839225      1
     0.92603210446155           2.3050923921533            1.947241671075      1
      2.3701281547313          0.89426924733132           1.5692308132955      1
      1.6825729479285           2.5126810333184           1.1269698992163      1
      2.2612458123711          0.99112959920698           1.0379842548341      1
     0.88105443687941          0.94520918491824           1.0917143249971      1
     0.65272215815997           1.6397965063414           1.0717958184385      1
     0.98184512665956           1.1730178887427           2.3399071831167      1
      2.2202697919601           1.9684874244014            2.289579131377      1
      0.7582885940459            2.029291991912           1.0951540026436      1
     0.87174341576958          0.80783968649943           1.7315598296438      1
      1.0174877233142          0.70986840029621           1.3488156836725      1
     0.58912790127886           1.3923160005315           1.8887500761263      1
      2.2685989216407           0.7969426065156           1.4666585840285      1
      1.6332387217062          0.58769825550448            1.215491048513      1
      2.1376883727383            2.350260448842           1.9802982216862      1
       1.400209325576           1.6865378782275           2.5975030422299      1
      1.6784214643831          0.65852288400337           1.0680073983482      1
      1.1078115235594           2.4163146022331           1.9799009944598      1
      2.4273592636537           1.3787494607358           2.1417960182737      1
      1.8124568116932          0.64891620417913           2.0048008899009      1
     0.52985352376067           1.4578411294057           1.5534206131069      1
      1.6892047112111           1.7809262286489          0.55175383990885      1
      1.1329222544003          0.75431353544561           2.0588996553917      1
      2.5178432648754           1.9922342648291           1.4220856254652      1
      1.9364351005296           1.7485881888227           2.5358460934756      1
      2.2904203420281          0.99613851614086           2.0693265551523      1
      1.5650605827197           1.7590792864001          0.54068014907786      1
     0.62750059238911           1.2609373438376           1.2379250613413      1
      2.3675584956375            2.245660581086           1.6504894620916      1
       1.789934709798           2.5850323224776           1.4296353357652      1
      1.0870498538186           1.3528999188623          0.66794904373688      1
        1.43910311925          0.56153908414751           1.8171282745453      1
     0.54946750860429           1.4263742865936           1.3900964909631      1
      2.0728340642491           2.4406597136221           1.2742857710612      1
      2.0792247782023           1.1424143527745           2.3798773520117      1
      1.4487578335393          0.86763715745623          0.80444360123635      1
      1.6836303750222           2.5753265961441           1.2972819272581      1
      2.5586752316099           1.3659993793857           1.8514672924923      1
      1.6568457535781          0.62328314788441           2.0083314490118      1
     0.61733603854754           1.9086719644502             1.84167682341      1
      1.5330103333215           2.6044317600398           1.7344811491519      1
      1.5500994715813           2.2875033404956          0.80756280556524      1
      2.0670173369278           1.0497140305499           2.3316252568934      1
     0.83723575968417           2.2498755140281           1.8828268751055      1
     0.93924868961362          0.80662817646274           1.2334280840381      1
      1.0572532587696           2.4783151011988           1.6672634332083      1
      2.5987217721355           1.6525203166388           1.3882773427483      1
      1.1863320863063          0.79503274971652          0.98172856202055      1
     0.56970268215387           1.4222723048716           1.3017706016249      1
      1.9666078548152           2.0807589982973            2.395353189111      1
      1.6046243423116           1.3746160543033          0.54269532140511      1
     0.82911635172993           1.8499774233003          0.88625893470166      1
      2.4282470571703           1.8648733940796           1.0464685336082      1
      2.5982744476464           1.7710269734888           1.5994164338556      1
     0.55627784074004           1.4464157308472           1.7986217424904      1
     0.89184406015569           1.2125315372531           2.2830412786424      1
      1.7542477330387            2.543898683229           1.9114429129832      1
      1.6657298946168          0.81444455252281          0.85278356751535      1
     0.62484017924204           1.2258194461625           1.8585125584681      1
      1.9084904344299           1.0623090539328           2.4216935557468      1
     0.80117846678773           1.0122720264135           1.1322057812132      1
     0.65710393878077            1.131659157575           1.8333748444362      1
      2.3062854301731           1.1860362403757          0.93233084930784      1
      2.4774553436236           1.9621641325943           1.9192549025527      1
     0.81579037806518           2.0156512707841          0.99747895620225      1
     0.70004689199609           1.0316674611909           1.7893328210065      1
      2.4350654547312           1.1466111297818           1.9827775209814      1
      1.3043018303585            1.689604799752           2.5765238949538      1
      1.8320951351897          0.80998203027406          0.90034330817756      1
      1.7044996673607           1.3899881666989           2.5935644027517      1
     0.85696669727772           1.6004721786492           2.3364263386624      1
      2.5628662812142           1.8557381710389           1.7475109616426      1
      1.2746445133429           2.2375818560863            2.322004601875      1
      2.3294669512497           2.2685983602388           1.7554958583132      1
     0.78555215310714           2.1678810907379            1.922227804595      1
      1.2861064888772          0.61066571555279           1.8769394579842      1
     0.98898100540877           1.6466310546226           2.4381847848042      1
     0.86887493828168          0.95270906072954           2.0418559908585      1
      1.2057145169446           2.4297049458693           2.0457847134196      1
      1.1707882245999           1.4079279922505          0.61680988296393      1
      2.4840433294701           1.3969236419292            2.052844989063      1
     0.78086647864495           1.3113921226373           2.2074618630848      1
      2.3437016246107          0.90057999415556            1.347077352848      1
      2.0472537423819           1.6820383795507           1.1765911608288      2
      2.1627966183941           1.6759308390509           1.7531875686974      2
      1.5841358368052             1.65642285262           2.1931100190686      2
      1.7610153856816           1.6827479838163           2.1590715278445      2
      2.0494655143804            1.677293783426           1.9636299768695      2
      1.7505485281078            1.677293783426          0.97823273198179      2
       2.163359921608           1.6772937834261           1.3910441254818      2
      2.1164032839001           1.6799735567057            1.278944383387      2
      2.1871239829077           1.6773786588975           1.6305006217631      2
      1.8786841465082           1.6723852046238           2.1090053627811      2
      1.8119266223693           1.7723187185761           2.1148818735709      2
      2.1518410107791           1.7802729461637           1.6860820466176      2
      2.0595272335937           1.7841989825747           1.2385530675866      2
      1.9794504893481           1.7797469386227           1.1416977445456      2
      1.6960498666466           1.7887854203055           2.1466231079615      2
      1.7520444386656            1.876740321617           2.0888036337117      2
      1.8674021263396           1.8618872272682            2.042044948418      2
      1.8023125937886           1.9583534237182           2.0078133639745      2
      2.1174925880499           1.4644543507727           1.2799376702122      2
      2.1169060634531           1.4642988701635           1.8626980624898      2
      1.7505485281079           1.4642988701638          0.97823273198181      2
      1.7505485281079           1.4642988701638            2.163359921608      2
      1.9848909879057           1.8798178499903           1.2132834097064      2
      2.1871628781238           1.4643456490906           1.5112589128201      2
      1.9636299768713            1.464298870163           2.0494655143787      2
      1.9658576986879            1.463417003277           1.0941619078086      2
      2.0549560864033           1.8785688192454           1.3145745554515      2
       1.972901383157           1.9688389383271           1.2975605694419      2
       1.894917599134            1.963228322157           1.2023852712103      2
      1.8758833456051           2.0445818199707            1.292887360669      2
      1.9475267525253           2.0419788866709           1.3951678620142      2
      1.8433800836379           2.1083137408014           1.3931525788367      2
      1.9069077725717           2.0965717206865            1.497492116551      2
      1.7981702700217           2.1522639317654           1.5002223205676      2
      1.8563065786197           2.1295974194496           1.6025675558313      2
      1.7434699531028            2.173852996488            1.606721916003      2
      1.6802393589797           2.1856939271156            1.502186270173      2
      1.6223082361841            2.195744926963           1.6104188757102      2
      1.6318911964713            1.889697108233           2.1087125698486      2
      1.7917958160931           2.0305683641314           1.2039815568401      2
      1.9126123708047           1.9392404805567           1.9478836822708      2
      1.6833655622969             2.17196164757           1.7147150551084      2
      1.5606106962375           2.1819898988624           1.7161333366619      2
      1.6188862357062           2.1479916787123           1.8143472710128      2
       1.497534935248           2.1449612741656           1.8152376444215      2
      1.9675627945538           2.0564745537394           1.6092307641885      2
      1.8065750915563           1.9428167630083           1.1226966222974      2
      1.6979993429975           2.0002373097882           1.1301331778497      2
      1.6808752849649           2.0812318338827           1.2213361829791      2
      1.4380758889651           2.1688681130362           1.7103656641435      2
      1.5575105400397           2.1956181737718           1.5059478614759      2
      1.5579689009366           2.0997002101744           1.9097363146032      2
      1.8427975545641           2.0232903474129           1.9114554958197      2
      1.9431715225382           1.9913549161069           1.8523125121103      2
      1.7129969540228           1.9103254624407           1.0615978156942      2
      2.0054581428845           1.8953789265161           1.8878127579708      2
      2.0272930833981           1.9442593098709            1.787407239554      2
      2.1635567627074           1.7791179711033           1.5661774337446      2
       2.115359213555            1.880519049706           1.6188304117727      2
      1.6143061236338           2.1750651227651           1.4042121263457      2
      1.4915427799024           2.1739012529849           1.4134193927992      2
      1.5677005596318           2.0406986271184           1.1537035068856      2
      1.4353931605735           2.1816884972518           1.5136919075684      2
        1.85738454265            2.079198001668           1.8035603866556      2
      1.8121669224853           1.8367592181435           1.0552498671959      2
      2.1175956404392           1.8729582375964           1.5037674800018      2
      1.5715700251233           1.7888876049215           2.1600498985614      2
       1.508117239582           1.8830895496476           2.1123943798102      2
      1.3772006644242           2.1206051566423           1.8053494043204      2
      1.3209234543683            2.133449142022           1.6963731287366      2
      1.3714544528586           2.1458461840304           1.4147045107616      2
      1.4460629536157           2.1280818340687           1.3087684178968      2
      1.5678389179404            1.973189704649           2.0533468414932      2
      1.4469214779826           1.9659798385477           2.0433100196272      2
       1.264329945969           2.0743204905686           1.7883416093524      2
      1.2136337415153             2.07688612708           1.6761157351073      2
      1.3241420371759           2.0539165814779           1.8878777941991      2
      1.2763000369092           2.1257115415615           1.5819863092617      2
      1.1766159686078           2.0597275616799           1.5520275011295      2
      1.3135157859015            2.087651277087           1.3229014706972      2
      1.3752615703414           2.0583638055938           1.2260815335527      2
       1.733485274836            2.037433075585           1.9588254840852      2
      2.1156393578082           1.7764243015863           1.8066933034245      2
       1.257072516256             2.10198809328            1.451645775126      2
      1.1515319818325           2.0194695153776           1.4377777005285      2
      1.0887435856811           1.9721615114161           1.5345289943558      2
      1.0743709826421            1.925331426175           1.4202941107518      2
       1.217755924881           1.9953645457127           1.8706103994216      2
      1.3874262551471           1.8673342324827           2.0935054843172      2
      1.2463784650556           2.0063755702095           1.2548723648444      2
      1.3313478645885           1.9684217657279           1.1473076961283      2
      1.2242903020589             1.91399217751           1.1746469119055      2
      1.2975023943977           1.8658711722535           1.0880692422678      2
      1.1964572363867           1.8052500030678           1.1239340492215      2
      1.2710479219883            1.755420301768           1.0503647196412      2
      1.3825081474123           1.8079933538689           1.0202790174434      2
       1.365644139314           1.6900558133412          0.98901120247141      2
      1.4760171477664           1.7425990642033          0.97390026994308      2
      1.1289949046522           1.8447233633224           1.2178662230979      2
      1.1074104272254           1.7361336999344           1.1800006804949      2
      1.2639379684622           1.6311401509706           1.0258369275285      2
      1.3459743577008           1.5674980930115          0.98408653489592      2
      1.0540277452419           1.7749780482225            1.277463352518      2
      1.0211008543293           1.8701974647142           1.5162250687279      2
      1.0446771964207           1.9100942868331            1.624272779667      2
      1.4956270667784           1.8565690793921           1.0162986331431      2
      1.5964085456162           1.7830871654133          0.97998265893562      2
       1.277756150871           1.9728950253838           1.9544996860859      2
      1.1791815079687           1.9047552830375            1.931203631472      2
      1.1232852280557           1.9244563290767           1.8343159566802      2
      1.1475773322878           1.9701559877524           1.3337694930147      2
      1.2556859279243           1.8631284293965            2.029088323622      2
      1.5664495383864           2.1132576326788           1.2537773792652      2
      2.0599124727906           1.9648934029338           1.5553993677257      2
      1.4439935164976           2.0097842274909           1.1395251286065      2
      2.0465283242617           1.9531373127384           1.4215361073876      2
      1.0162113532945           1.8047426978696           1.3905498880725      2
      1.7355509430606           2.1297319288734            1.805809273655      2
      1.9649039743303           1.6648739194835           2.0510178847779      2
      1.9944768936486           1.7541738072801           1.9970024423834      2
      1.7159966963959            1.818433849143           1.0118896384858      2
      2.1164977436339           1.7779103049151           1.3382066886537      2
      2.0574918089191           1.7890097357716           1.9029026228301      2
      1.8612198280692           1.4653319547609           1.0236988654751      2
      1.8612198280691            1.465331954761           2.1178937881148      2
      2.1640722826556           1.4647953379339           1.3931123190686      2
      2.1870740267203            1.676678837396           1.5093563840297      2
      1.8449277675243           1.6638104770169           1.0131364868336      2
      2.1175835816357           1.6790057535439           1.8607939025604      2
      1.6297475210445           1.4653319547627          0.95420391768498      2
      1.6510467299367           1.4501923087653           2.1821871344411      2
      1.6488609495137           1.6885256741163          0.95856279986043      2
      1.4966377621782           1.6287603738055          0.94956782407491      2
      2.1640737107629           1.4641858727381            1.748110547323      2
      2.1870762596575           1.4639831527623           1.6305806579154      2
      2.1191365133804           1.3623447311147           1.7958633125508      2
      2.1184752883909           1.3612060991537           1.3451774722059      2
      1.6849372291518           1.3586349258188          0.99050022101046      2
      1.2565452216191            1.507849940156           1.0303630086617      2
       1.042394211667           1.6550692511363           1.2414432411939      2
     0.96887544315889           1.7364773076214           1.4999074103214      2
      1.0971584474479           1.8220166247687           1.8984237022952      2
      2.1642466324096           1.3643981289897           1.5699628088174      2
      1.8983504309984           1.3608906458322            1.077407950399      2
      1.5621284252238           1.3649829955015           0.9772056292702      2
       2.061153652567           1.3629777742727           1.9041809670121      2
      1.8092264706105           1.3495715378427           2.1083787254248      2
      1.9937724176625           1.3629268477588           1.1552657234897      2
      1.9247120073128           1.2608990185621           1.1542731876092      2
      1.6155449238856           1.2597240681947           1.0267229962306      2
      1.4931353122708           1.2736337690195           1.0226655421065      2
      1.5472883477522           1.1790783312417           1.0800942145877      2
      1.4254387762305           1.1948202326835           1.0888239881755      2
      1.6651812024164           1.1695804018759           1.0965585669224      2
      1.6000945122143            1.095739456955           1.1606173868276      2
      1.7345616398763           1.1055489601279           1.1815534898867      2
      1.6513050908514           1.0349162981761            1.252778858908      2
      2.0535984053625           1.2642626862468           1.8310336342409      2
      1.7714589171677           1.0492137636505            1.283619846748      2
      1.6959638874458          0.99350090470257            1.356676609264      2
      1.5748439196586          0.98847213435857            1.334859199706      2
       1.618850196929          0.95697445163758           1.4455058355872      2
       1.497224815954           0.9635489638467           1.4271925349626      2
      1.5414878520949          0.94389022913126           1.5405649843422      2
      1.4208513301557          0.96244276072622           1.5238217307034      2
      1.4668621576643          0.95473149898801           1.6374746026423      2
       1.348677573232          0.98516873330046           1.6206737475095      2
      1.3903859615666           0.9898404333796           1.7280430312685      2
      1.2829440487424           1.0310436495868           1.7142964644611      2
      1.2392532544916           1.0380316078756           1.6028138458449      2
      1.1801160328119           1.0939996045466           1.6925254095576      2
      1.2301664257011           1.0966493491609           1.8030463862672      2
      1.1346063060519           1.1692231791191           1.7787901942852      2
      1.1929256789054            1.180646403865           1.8866776132696      2
      1.0918364369801           1.1748128753976           1.6634176321824      2
      1.4931473650694          0.97256353038315           1.7465015802278      2
      1.0552041736637           1.2577731928531            1.746766282442      2
      1.8122397771735           1.0191974206045           1.3912750662088      2
      1.0220820129175           1.2702406475963            1.628788235636      2
     0.99652130197103           1.3560167095692           1.7081356435672      2
        1.38262475791          0.99076247634126           1.4193487482904      2
      1.2961890481451           1.1167352424043           1.9072536795131      2
      1.2656398120981           1.2056144828531           1.9810473456077      2
      1.1679101930082            1.279849325127           1.9552658073345      2
      1.2464007404816           1.3141787613836           2.0437647239911      2
      1.3734352193407            1.152646976049           1.9962183405398      2
      1.1568288490013           1.3906993895236           2.0078091373146      2
      1.2424819291253           1.4292651995027           2.0874807298243      2
      1.6565050958787          0.94845747249808           1.5592840125954      2
      1.0686832879473           1.1940371473556           1.5439785533786      2
      1.0091224740296           1.2960352506313            1.509046750369      2
      1.0660430739429           1.2261518594643           1.4250962206957      2
      1.0168271964539           1.3341585412329           1.3921767950601      2
      1.0840179927005           1.2699139114234           1.3113723463689      2
     0.97072895437154           1.4090027859701           1.4784590388562      2
      1.1601105849431           1.5089057988674           2.0422737494103      2
      1.2529323777019           1.5494449121133           2.1123596222661      2
       1.338385470708           1.3566068352673           2.1138361335639      2
      1.0858744810869           1.4619738887109           1.9552344317847      2
      1.9860856110095           1.2699738399303           1.9338732027546      2
      1.9698336229754           1.1771009808414           1.8546226590389      2
      2.0288056279544           1.1781863936687           1.7464923611998      2
      1.9367238590518           1.0986495702641           1.7656261435002      2
      1.8703309979299           1.1059635484664           1.8691143534426      2
      1.9876309203472           1.1083961864922           1.6557622488444      2
       1.142852278405           1.1681691996755           1.3482217011098      2
      1.1697005133481           1.2187556857245           1.2391734815117      2
      1.1194791010079           1.3268341144946           1.2080576099186      2
      1.8307658892628           1.0366011993831           1.7753337768702      2
      1.7589455062011           1.0536063206455           1.8739440793374      2
       1.794203040039           1.1312530495751           1.9602514897751      2
      1.6784061103524           1.0894064160164           1.9599853095873      2
      1.7100334874839           1.1772164618511           2.0403621677988      2
      1.8822755052016           1.0845757069623           1.3230981105876      2
      1.1776283709852           1.6298930046486           2.0573255830937      2
      1.2134305025339             1.28145744817           1.1425944386511      2
      1.2359374389141            1.122918530373           1.2843365901422      2
     0.98962847313469           1.4509910821788           1.3642175154951      2
       1.918630882565            1.065933386813           1.4332873827634      2
      1.9819824524365           1.1416048451176           1.3670690135081      2
     0.95437945174171           1.5251576880005           1.4579622590572      2
      1.2773475689363           1.6700659678352           2.1174383860279      2
      1.3585816491276           1.5888620251398           2.1619162276352      2
      1.4174947406176           1.0638284640066           1.9088294402896      2
      1.1732398539715           1.5716953311438           1.0842449741599      2
     0.94798295862202           1.4879003488615           1.5668036696357      2
      1.8407554502714           1.0077716151717           1.5007290605643      2
      1.5930963129808            1.139920370537            2.027559719569      2
       1.622333662408           1.2383973037521           2.1014930090548      2
      1.3616400012357            1.444955619775           0.9918300721834      2
       1.715033396318          0.99444298279076           1.7752386577203      2
      1.2178452189772           1.0839071987153           1.3887285688261      2
      1.3879020571061           1.7083448627685           2.1559580671796      2
       2.061671957757           1.1851835450802           1.6424068954941      2
      1.0468820866374           1.8391480121324           1.7905357588054      2
      1.0316136433092           1.7329497445202           1.8496735022552      2
     0.98566009816204           1.7498700866995           1.7133879061343      2
     0.98111391737714           1.6423992124633            1.775569027199      2
     0.95412902473853           1.6467091341865           1.6642995903316      2
       2.011866993446           1.2755329849283           1.2345517699419      2
      1.1780807587467           1.4491484439785           1.0956537679113      2
      1.0921011305176           1.5205240587421           1.1669302794853      2
      1.0376389833753           1.3479741621574           1.8175304066209      2
     0.97997631970322           1.6946680967432           1.3965216015085      2
      1.7919423782192          0.99289943785327           1.6799466164629      2
     0.99077792258317           1.4573326363243           1.7840774036959      2
       1.503857197256           1.2111746115481           2.0816539888722      2
      1.5340750422093           1.3136691776014           2.1429163775269      2
      2.0046865742893           1.1263638394736           1.4759111678596      2
      1.8282632493104           1.2630887278973           1.0872562628554      2
      1.0322883082091           1.6210153283932           1.8905952352371      2
      1.8197730532193           1.2258764853711           2.0332085549363      2
      2.0658933577288           1.2190913624704           1.4096543891329      2
      1.3580386521129           1.3064483010191           1.0419877894433      2
      1.5539236008264            1.063106475107           1.9405942468203      2
      1.5067828682761           1.4724438713921          0.95353362122435      2
     0.98864277211801           1.5898457004696           1.3351726094334      2
      1.8367078367093           1.1760956468364           1.1605688067783      2
     0.94432731190782           1.6148782657602           1.5513661418486      2
      1.6586117686899           1.3404784422899           2.1487464079312      2
      1.2096538484564           1.7415385398465           2.0557781646665      2
      1.1079848048177           1.7079090508542           1.9730273202175      2
      2.0491165494342           1.4691288690338           1.9653310764561      2
      1.6297475210441           1.6762606988254           2.1873887359051      2
      1.1201669621855           2.0017833710929           1.6480460481055      2
      1.0934982430981           1.5763109452881           1.9793796161323      2
      1.9377667231373           1.1761866997093           1.2476862117207      2
      2.0535359082206           1.4648717094381           1.1828186882559      2
      1.0311365736581           1.4888111104494           1.2596212134123      2
      1.3137140588893           1.7736985907404           2.1070085561014      2
      1.9395349566809           1.6796597556138           1.0738408431355      2
      2.0998558798767           1.2674250178936           1.7219453071816      2
      1.8981131721851           1.8709528787976            1.126325964389      2
      1.6930174383592           1.9704796131262            2.039943901188      2
       1.894415100963           1.1895549788414            1.951204133839      2
      1.8947711840433           1.0418174382436           1.6708253394934      2
      1.1624402909391           2.0096166363162           1.7591212055959      2
      1.0447145287849            1.379999123469           1.2851067311685      2
      1.7691630260588           2.1009631257681           1.2981097045831      2
      1.9624764198171           2.0293402957207           1.7471718050664      2
      1.6424154372736           1.0218491532774           1.8679694745471      2
      1.6098893761204           1.9612853584743           1.0801088237178      2
      1.7310002405411           2.1535998957036           1.3991604269045      2
      1.7255912949741           1.2681277348706            1.042388891824      2
      1.7982022825748           1.3599141266384           1.0243538275541      2
      1.4861461553676           1.1143097078015           1.9941619975819      2
      1.3791884777049           1.2554293537111           2.0793376530395      2
      1.1760036425108           1.6910414762876           1.0970199908485      2
       1.800764734108            2.138896616275           1.7092187555199      2
      1.1045218223799           1.2606191525428           1.8556864514905      2
       1.529574123781           1.0416684902483           1.2344800491429      2
      1.3325777048985           1.0472016821251           1.8235505795751      2
      1.5765658562792          0.94864137311692           1.6583982798956      2
      1.4045174491556           1.9167241749884           1.0733333284334      2
      1.4556033773517           1.0051724851213           1.3226342221686      2
       1.414887934098            1.063199719902            1.234905818145      2
      1.3260238554466           1.0457234752526           1.3275493044351      2
       1.498495012551           2.1935983990352           1.6117142301551      2
      1.9355681606519           1.0593703589807           1.5577899932054      2
     0.97449733537985           1.3740328366665           1.5930632941113      2
      1.1327122096357           1.1336205276375           1.4624274984006      2
      1.4399375442173           2.0908724924029           1.8981813249734      2
      1.7349403165404          0.97315156952532           1.4675409599504      2
       1.310138243258           1.0019051662218           1.5141890220344      2
      1.2681277289918           1.1782224087745           1.1847113428373      2
       1.275719064323           1.4007467621659           1.0427842712648      2
      1.3393085155802            1.468272842695            2.145849806491      2
      1.4492619480842           1.5085092432471           2.1840938810523      2
      1.4401049729357           1.4024241872436           2.1618587335617      2
      1.4717726332215           1.6295273977392           2.1884767825812      2
      1.1451515261333           1.1086875239011           1.5789286082349      2
     0.99012780609263           1.8080554444505            1.607077950219      2
      2.0425423724492           1.9729533908238           1.6733123758054      2
      1.5214385895862           1.0071655798121            1.844051465588      2
      1.4823765076703           1.1119010194525           1.1508186981899      2
      1.0952132988046           1.3570655388136           1.9214016744439      2
      2.1537362365038           1.3661931882597           1.4563288929383      2
      2.1218483248508           1.2765066282073           1.5035695108105      2
     0.96118081624505           1.5500708329364           1.7215396823531      2
      2.1534202555684           1.3637177046958           1.6823847577975      2
       1.900078212019            1.377239256994            2.069688376077      2
      2.1520452061594           1.7770131103102           1.4507606884299      2
      1.9864532539591           1.3716285543537           1.9978158736131      2
      1.0888754608767           1.8807092041604           1.3129388788139      2
        2.07018197002           1.3673126850281           1.2483175477759      2
      1.4401348966894            1.378921518219          0.98693347940664      2
      1.7341908589552           1.2628874948587            2.093556839955      2
      2.0982961057766           1.8704545367521           1.7342989763854      2
      1.0951914635212           1.6244644827442           1.1637288641907      2
      1.3818237784084           2.1691031635602           1.6039999573152      2
      1.9134028362875           1.7667335714938           2.0596864492526      2
      1.0776229527132           1.9278715512447           1.7259139699712      2
      1.9068423355481           1.2898954881193           2.0212982411925      2
      1.9926653327604           2.0303066248334            1.495556684014      2
       1.445888653899           1.8024069662355           2.1413563683271      2
      1.5051781591945           2.0374986906266            1.986328919642      2
       1.622805415622           2.0435923887407           1.9813363547233      2
      1.0278153436631           1.5146825936682           1.8819346834072      2
      1.2172740470732           2.0438689496489           1.3563004823365      2
      1.2167586225904           1.0574285807718           1.4940171799626      2
      1.6543509261884           2.1398744984853           1.3179073403419      2
      1.1596382560692            1.804571096305            1.984417619841      2
      1.3859448541436           2.0223498275912           1.9666669433109      2
      1.3448650453688           1.9410085219958           2.0254194263414      2
      1.3106560303237           1.2278290390816           1.1131014046535      2
      1.5295480188349           1.6868153402547           2.1869313295742      2
       1.888124888782           1.7726303126731           1.0674576714789      2
       1.477384315398           2.0763490729387           1.2095833798553      2
      1.8939522387398           2.0951535333415           1.6949089875563      2
     0.96013615714315           1.4588432368661           1.6674650337268      2
      1.5078029173671           1.9485028027816           1.0726459233925      2
      1.7626809815636          0.97253705252865           1.5778882984739      2
      1.6743439027813           2.0997877379308           1.8936432913081      2
       1.685142046038          0.96270137708852           1.6800197889079      2
        1.55015139263           1.4202727897217           2.1804688844223      2
      2.1205030696755           1.2689283524493           1.6092982610277      2
      1.6962520867013           1.7443354544569          0.98009403331689      2
      1.6065960478741          0.97352880113589           1.7625619619003      2
      1.0958554298341           1.4186033028746           1.1886280341441      2
      2.1042577731478            1.856273110869           1.4013676779385      2
      1.7885289558225           1.7538379193488           1.0105531173799      2
      1.3401600156831           2.1520119092228           1.5093185683503      2
       1.320537960134           1.1036698149086           1.2332348540929      2
      1.3715567896802            1.135635901452            1.163705198042      2
      1.6151499631593           1.8757395912084           1.0232321419968      2
      0.9595917987085           1.7142727921606           1.5958503639229      2
      2.0206208625728           1.2174738305586           1.3107861794755      2
       1.836759731943           1.1100754075505           1.2364553664921      2
      2.0694782888085           1.1902815092496           1.5346169067563      2
     0.95652341232343           1.6258044372198            1.450683586514      2
       2.068199900807           1.8591356308887           1.8242412050588      2
      1.0216779368225           1.8507743779655           1.6927203223839      2
      1.4407179553883           1.3108983594812           2.1278572210623      2
      1.7593400541384           1.1940319661647            1.104658948459      2
      1.1832905878691            1.360747611183           1.1230206961349      2
     0.94536623951045           1.5595598322344           1.6299158933777      2
      1.2904700135579           1.0293326736672           1.4190780138195      2
      1.4816221812811            1.538796878774          0.94966173337587      2
      1.0391941009346            1.425744492233           1.8726956722632      2
      1.8485836803417           1.0078498946869           1.5974360871144      2
     0.98990141163318           1.5513119700555           1.8094710707987      2
      1.5545000342649           2.1545361887192           1.3389205400169      2
      1.4136888115782           1.5052597464117          0.96597704689578      2
      1.7708550973573            2.077871798531           1.8832625334929      2
      1.9660938814404           1.8503244402231           1.9712810994618      2
       2.112644229332            1.301586696254           1.4013525267201      2
      1.1671802073731           1.9281260417631           1.2480058700165      2
      2.0134243742032           1.1248554146262           1.5696603051306      2
      1.4138712823373           1.6237647153297          0.96469975339955      2
      1.4212321221195           1.0115714269452             1.81509580717      2
      2.0743071217221            1.286329647801           1.3251547912649      2
      1.2674988384213           1.3154719159413           1.0833496581099      2
      1.0528690293041           1.5706694772298           1.2150780752718      2
      1.0122219329471           1.7021444100102           1.3148148750904      2
      1.5682874140374           1.6885001580468          0.95360617010979      2
      2.2713514164374            1.906434703331           1.8826773070901      1
      1.1504089801567          0.86423847074812           1.4221964323543      1
     0.96880743958826            2.079805965697           1.8404091282811      1
      1.8049491198537           1.7819581228953          0.79554503740744      1
      0.9099214230004           1.3618506105566           2.0362730211492      1
      2.2766235135516           1.2312232914556           1.2836684951282      1
      2.2085966570292           1.0355411296702           1.5916718156273      1
      1.2129241354295           1.1752302369747          0.92465640245352      1
      1.3811752212151          0.79945938001938            1.830535330636      1
      2.0126056682058          0.86299548198824            1.620342892753      1
     0.74781005861971            1.500345755195           1.7055503486836      1
      2.1907017678469           1.2798791069496           1.0903298722622      1
      1.3089376310405          0.94041228927283           1.0888345745554      1
      1.0645330813594           1.2829606641205           2.1720493119236      1
      1.6495615695874          0.78281009751269           1.3151545250649      1
      1.5574380868879           2.3980071879733           1.6647508975085      1
      1.6859894677326           2.3533246475742           1.8336104717703      1
      2.1438842137786           1.0933470010352           1.1860771828652      1
      1.8016019598773           1.1339430864983           2.2505940792057      1
      2.3628456573775           1.7691736127203           1.7400389513292      1
      1.3240964738462           2.3676643908817           1.5355092375829      1
     0.83425767778035           1.2545372724927           1.8100996282441      1
      2.1456981910239           1.1271102200637           1.9728516005883      1
       2.271085974977           1.8083294732802           1.1765859004536      1
      1.7086640758191            2.223475181208           2.0700719780305      1
      2.2560884620193           1.4694919905121           2.0386325072405      1
      1.3161045117227           2.2593571045929           1.9634556183912      1
      2.1591741221014           1.0068065128132           1.3833828434479      1
      1.9954049818435           2.2371686537477           1.3013774467153      1
      1.5684403394461           2.1087525333488          0.92764836812731      1
      1.7509562091309          0.84268876634552           1.9270692899988      1
     0.98622866719007           1.1018557829508           1.2093354584799      1
     0.95222031968467           1.9521560702468            1.153379111696      1
      2.1436755084271           1.0003954308007           1.7961800135855      1
       1.234059522913             1.48718281558          0.81227973943635      1
     0.80870200394801           1.2717737636252           1.4230128417649      1
       1.200500064323          0.82474713494562           1.6313292131335      1
      1.5459779968749           2.3730241527596           1.3412936341145      1
      1.6516249117546           2.0800474172065           2.2227342904615      1
      1.0274663364318           1.5707054969914           2.2038705399445      1
      1.9577778325756          0.90760222636278           1.8980467713693      1
      1.4583502079083          0.75094554617947            1.472535925444      1
     0.98447808727472          0.97898748717201           1.5067439424832      1
      1.4811810398713           2.2853767326833           1.1546192816669      1
       2.046422406685           2.0159015506214           1.0507760210639      1
      2.1940133045071           2.0813560517524           1.7824943570162      1
      2.3811143390492           1.6640539329953           1.4088636719923      1
     0.91828531471419            1.293594181571           1.1289061196369      1
      1.7475960038265           2.3871101109832           1.5563205590455      1
      1.1790135326188          0.88620237227534           1.8438771384974      1
     0.92116934004618           2.0911344101605           1.6267779726632      1
      1.8524020652012          0.80441232862485           1.3935108968879      1
       1.314875322269             2.34207415923           1.7611765171063      1
      1.2711047288052            2.119413122495           2.1207974710911      1
      1.8595059586425           2.2679985119699           1.9250865077392      1
      1.0115407432625           1.8103293118871          0.99882306278391      1
      1.1836779856153           1.4422844513716           2.3127844370306      1
      1.6887193356574           2.3110437123064           1.1956882351576      1
      1.9032115136374           1.7151529421388           2.3221809662669      1
      1.0873763628014           2.1541893628055           1.2165905437694      1
      1.9294224763649           1.0369543810555           2.1029573497275      1
      2.3971230785905           1.5232160253194           1.6521824082108      1
      1.0169090257895           1.1282663031796           2.0088383474581      1
      1.3282471964383          0.81172552203874           1.3106639492124      1
       1.552358743402           1.6493696519574          0.73557640458737      1
      1.8130807931316           1.5379895525027          0.77209148039447      1
      1.5322973723771           1.9271778939286           2.3265262722565      1
      1.9473375931606           1.3412968716724          0.86139994267552      1
      1.7199381803674           1.9724244706831          0.85415043707816      1
      1.5995739382831           1.1903400621139           2.3140990148592      1
      2.0728603295813           1.8763356081209           2.1589346139069      1
       1.883055446585           1.9245354987168           2.2586231216859      1
      1.5256613371392            2.303654787487           1.9667071116071      1
      1.8728333954897           1.1102359348107          0.93943116464852      1
      1.3105528494501           2.3140880391048           1.2886529121996      1
      2.0880240243696           2.0469680033549           2.0225419177699      1
      2.2709032505743           1.9668913763184           1.3240491422244      1
      1.6753427532372          0.98273595104985           2.1555173402672      1
      1.0891574023782           1.6329590831457          0.89048982793511      1
       2.334113852708           1.4409541141415           1.2570262106467      1
      1.5510797649777           1.4001231047061          0.75258688414836      1
      2.0606271560505            2.235450338334           1.7048672098015      1
      1.9670026104283           1.0041049700136           1.1015134026954      1
      1.2807594890432           1.8103865846352          0.82413364048417      1
     0.82929511022064           1.5674691067742           1.9570778234418      1
     0.83119836337093           1.8813915240228           1.7982863025697      1
      1.7962359344145           0.7737792012577           1.6890565961667      1
      1.7087124906402            1.208822090738          0.83136470323404      1
      2.1810253742777           2.1285842840642            1.441624762956      1
      2.1577022850194           1.4710379652802          0.99200535086289      1
      1.7365201161145          0.96289557028246           1.0193216754696      1
      2.2802860569246           1.2226399642013           1.8328094930788      1
      1.5155253876597          0.99254862841547            0.970822143507      1
     0.77026571207052           1.7539431479599           1.3979628399804      1
       2.077172176621           1.6247151827995           2.2312670607133      1
      1.5569273408108          0.86120274006478            2.021163054268      1
      2.1503212208999           1.7744987020671           1.0043669418999      1
      1.3545262392378           2.0958599621483          0.96158254461669      1
      1.0312283928434           1.9439265779026           2.0933234314774      1
      0.7575500105588           1.4768743673051            1.388846115969      1
      1.2506613687052            1.238565500017           2.2716540856036      1
      1.5223056922052          0.74081457262331            1.678301151113      1
      1.8456437071996           2.1308010953998           1.0162129936115      1
      1.8685605175749           2.3400379742978           1.7250072218029      1
      1.1258082962705           2.1615307613026           1.9693623886757      1
     0.98979765314166          0.99160114295696           1.7248331934385      1
      2.3382316745566           1.2579440189784            1.494871478957      1
      1.9021755616402           2.1328304937838           2.0857676189037      1
      1.6537922272601           1.6188964803113           2.3992444419463      1
      2.3442405930985           1.8562732937372           1.4884474730178      1
      2.2587894099308           1.6886755834955           2.0284816788415      1
     0.76996424836592           1.8143793051855           1.6038544806635      1
      1.1605462520973           2.0001273383347          0.98525150414073      1
      1.0200182044513           2.1915596374318           1.4607050309659      1
      1.1228768682155           2.2717446416657           1.6361811822146      1
      2.3556603198077           1.5345751307207           1.8613243644522      1
      1.0984467620261           1.3574672044265           0.9178485220861      1
      1.4744937588932           2.1682114424504           2.1492027237256      1
      2.2808829608956           1.5990994697825           1.1236189137496      1
      1.9251004109074           1.5015832532227           2.3196428705743      1
     0.85836185775679           1.1365068764797           1.5840362041326      1
      1.2298641988089           1.7646699920672           2.3084048680227      1
      1.6632949826381          0.74079844352823           1.5214071181465      1
      1.3668599325588           1.6122921060226           2.3763638262706      1
      1.8065207824396          0.85941847749271           1.1924169071248      1
      2.0765008593923           1.3468745629044            2.196023042211      1
      1.3893550265804           1.3906698258658           2.3718717411206      1
      1.4089468577854            1.003996786181           2.1669090251691      1
      2.0103514843046           1.5461164510987          0.85560002802174      1
     0.89372978617736           1.5035849979248           1.0813684727807      1
      1.9510416478415           1.8941601304387          0.90354328970328      1
      1.5826021002852          0.86361268263103           1.1291503437571      1
     0.87585844147256           1.9847140046166           1.3543531693359      1
      1.3438313975639             1.30218620848           0.8105419910411      1
      1.4860381795221            1.880613307667          0.79948378832928      1
      1.9477502348249           2.3092677667508           1.5202210682352      1
      1.9999462530932          0.90935833391762           1.2864178651076      1
     0.95129888026119           1.7481163746129           2.1148816677827      1
     0.82694985406286           1.6678070562668           1.2068224859261      1
      1.6489796479285            1.407205368956           2.3897314311557      1
      2.2782063090882           2.0245325952737           1.5974593712663      1
      1.5009701272784           1.1610239472355          0.84069591654619      1
     0.76718680035134           1.6845276647964           1.7980408108478      1
      1.1922470932536           1.9572572024215           2.2236858503506      1
      1.1349890484605           1.0526974552464            1.073069492547      1
      2.1382842060056           2.1013361324999           1.2421022747201      1
      2.3855086566982            1.463329674169           1.4553371567052      1
      1.2643059177569           2.2043486532388           1.1163612167075      1
      1.3169751223556          0.90307648938621           2.0043491761452      1
      1.8138758159815           2.3432112079543            1.361614720318      1
      1.1226611798133          0.96211798412968           1.2504882600562      1
     0.78051975922036           1.3206129014912           1.6177157803662      1
      2.0491008080032           1.2039071412732          0.96841913896878      1
      1.7194832488927           1.8160708446676           2.3558630783413      1
      2.0428067795507           2.1957927109104           1.8988082390503      1
      1.1596248120205           1.1067757324269           2.1494286141637      1
      1.8288660729652           1.3194591027792           2.3377676934398      1
      2.3504860745742           1.3310257826058           1.6803885113172      1
     0.91366939624963           1.1136064607121           1.3878525899723      1
     0.74430867485314           1.6238164998039           1.5479374732488      1
      1.1706572290399           2.3125406386025           1.4262776948136      1
      1.3532109472522           1.6373009336173          0.75389643065878      1
     0.83512987543074           1.7710731804768           1.9594846260427      1
      1.3926128546136           2.0100879410259           2.2228589225331      1
      2.2520793996086           1.2805083591727           2.0124532328762      1
      1.8717867645729           2.2633751332618           1.1547780789503      1
      1.5058538039954           1.7487181553936           2.4054627750898      1
      1.0330790202949            1.200790248431           1.0067220442132      1
       1.586208374001          0.80463911462174           1.8437525782284      1
      1.4136707017492           1.1405080109139            2.302959413684      1
     0.90097294032744           1.9504263063081           1.9583023392098      1
      1.6820591720727           2.2296320016155           1.0227769591151      1
     0.79243018539937           1.3514322763478           1.2545820229481      1
      2.4306953528889           1.6928699880109           1.5852268477741      1
     0.77046321481053           1.4172030500387           1.8683184030586      1
      1.4883341130853           2.4385372613432           1.5011723480211      1
      1.3387821715937           1.0361777094225          0.92570789750068      1
       1.277506033767          0.75113106372045           1.4846897885148      1
      1.1620299191788           1.0095377313156           1.9859368818667      1
      2.2029133650608           1.9667651388285           1.1343719945581      1
      2.0688478688582           1.1619148330531           2.1452679918274      1
     0.80653178189143           1.9813178761583           1.5279772185695      1
      1.1472390927425           2.2803661732678           1.8236512424996      1
      1.7349894361614           1.3711563843669          0.74361867123848      1
     0.81173251021459           1.8490523611717           1.2440162661212      1
       2.068427125502          0.86381494281187            1.447919387021      1
       2.210507670193           1.9186207773843            2.051365087158      1
      2.3224962113145           1.1521036392055           1.6711793464992      1
      1.9811397085052           1.7277889362657          0.82458007067143      1
      2.3799194772904           1.8160170944125           1.3217410151391      1
       1.061490496898           1.8319795715208           2.2326972083814      1
       1.344249869232          0.72641417756961           1.6716110673102      1
      1.4825448692127           2.3172251064088           1.7990187086236      1
      2.1999647654716           2.1829419999096           1.6090658805838      1
     0.96320618280737           1.1309606350495           1.8364896317985      1
      2.0258365307788           2.1772141121105           1.1254185791682      1
     0.88651550778509           1.5167771334791           2.1147773707687      1
      2.3535675974167           1.9436310087005           1.7329135911277      1
     0.98158736010479           1.4935148104199          0.92516892954664      1
      1.3569198318664           1.8870746283183           2.3516661415947      1
      2.2984595861783           1.0918075821154           1.4505969956398      1
      1.6515068631274           1.8529062601538          0.74285259211629      1
      1.4835011986902           0.7355161462919            1.301896221698      1
      1.4172593076157          0.81369303741957           1.1595723221121      1
     0.88677277609135           1.6805962188431            1.033939467011      1
      2.2906435494976           1.4210749521494           1.0907734667459      1
      1.8160445626964          0.90071395535357           2.0827057732642      1
      1.3388927816459           1.9789805116753          0.82774960326318      1
      1.9995922656457           2.0310125872216           2.1868356339132      1
      2.2693605559795           1.3874004972396           1.8793767739519      1
      2.3774843173738           1.7032556156543           1.9011468314676      1
       1.655151071026           1.0422489986572          0.87008051218476      1
     0.86849736677336           1.2075022343019            1.972163621014      1
      1.5495819282387           1.0298614920023           2.2670186169007      1
      1.4838693238067           2.1493389486753           1.0625330244718      1
      1.8988793103311          0.75246354200486           1.5516564388347      1
      2.0597437960389          0.98575580003946           2.0080660972639      1
      2.1882709645119           1.7471402199503           2.1765736568692      1
      1.9482636812887          0.79775480251308           1.7659659619442      1
      1.1232295922737           1.8677496306179          0.87617370850904      1
      1.6612418762555           1.5186099726994          0.69199156210047      1
     0.97778697306927           0.9649755229818           1.3381182770621      1
      1.9292791766891           1.2495728498623           2.2098386558704      1
      1.8258584466108           2.0885049889582           2.2368980779077      1
      0.9452398670851           2.1380820462843           1.3140474928424      1
      2.1554890607328           1.6263385985855          0.91142295270716      1
      1.8229554378858           1.5978646624097           2.4182039530961      1
      2.2820416501586           1.6649030845899           1.2758552477315      1
      1.1046699461799           2.0929135714274           2.1218376207453      1
      1.0145119393276          0.97479442852083           1.8976582625341      1
     0.99047481010323           2.2115366370184           1.7301354881496      1
     0.88991139906466           1.9366956579658           1.6591160170341      1
      1.1836750497636           1.6118707172331           2.2531976095174      1
     0.92105553347755           1.2465464168728           1.2883207181141      1
      1.0343604342612           1.4334041468995           2.1149828425451      1
      2.1360759687407           1.9810390600975           1.8910871093553      1
      2.2239614778369           1.5831343998694           2.1591648585187      1
      1.4049317153433           1.4790850501686          0.79641018305612      1
      1.0406487174492           2.0728786407878           1.0774203115687      1
      0.7004412247596           1.4543502565217           1.5481307164494      1
      1.0364016169073          0.86569377341333           1.6215042935787      1
     0.93906305040795           1.7845889192736           1.1552096620458      1
      1.8700985476988           2.0371937382689          0.88155175361992      1
      1.7288350228556           2.1289761925042          0.90142932788196      1
      1.4001076630094           2.4366339751544           1.6609091791031      1
      2.0523553230457           2.1808075824964           1.5328400407593      1
      1.7206070697507           1.9324811307784            2.239539928295      1
     0.86219480992337           1.5065965833288           1.2486258106953      1
      1.7070288053103           2.4403075941058           1.7013361346495      1
      2.1073570315534           1.3428326197735          0.90129281070333      1
     0.98911985687949           2.0798492927821           2.0015990773702      1
      2.0710511577046          0.98398685835847           1.5445897300666      1
      1.6732627181559           2.3582155374403           1.9924870134424      1
      1.5133905494312           1.5155634949419           2.3567991425353      1
      1.4136462966442           2.3149037113115           1.4124333767739      1
     0.83433523179396           1.1080745555625           1.7414485096351      1
      1.5231386031879           1.2998914502139           2.4147743717499      1
      2.0511561151706            1.776609334795            2.287260489982      1
      2.4416152760522           1.6304740221319           1.7641670550602      1
      1.9987962508304           0.9532111320318           1.7516275105132      1
      2.1079470624782           1.4858932939013           2.1117055539068      1
      1.6139679490323           2.3425817578921           1.4820351638606      1
      1.1970298564206           1.6785563225939          0.77687993732215      1
      1.3827025206962           2.2667241978416           1.0327337667896      1
     0.87800526657012           2.1113364609869           1.4602249371193      1
      1.2492813140898          0.96758962495097           2.1412214594194      1
      1.3917719563895           2.3867524570198           1.9082425476073      1
      1.0323723467706             1.40315339141           2.2711001384318      1
      1.1527729434609           2.2917060919229           1.2679410048318      1
       1.575386312563            2.016297823517          0.79413481713109      1
      2.3959592273289           1.3218411392863           1.3536708342208      1
      1.0147881262846           1.3968821973499           1.0504526263134      1
      2.2576014368483           1.0732732193396           1.8763947215048      1
      1.2197291462708          0.84237791315859           1.1888103220591      1
      1.8676463071234           1.2107249126574          0.81535474940173      1
      2.1081638421053           2.2675030866606           1.4106194940204      1
      2.1798676722905           1.1350692483681           1.7289350623548      1
      1.8209763923195           0.8834969503298           1.7952864380002      1
       1.460433725885          0.96036162603589            1.120606115322      1
      1.6868300654252           2.4377977770084           1.3773463504022      1
      2.0991837248995           1.2732524778917           2.0407872840643      1
      1.6687416565751          0.68367783969839           1.6681029643223      1
     0.90652287085498           1.3595448956161           1.8873382058908      1
      2.1032589998279           1.9133945157047          0.94387224298479      1
      2.0212132439175           1.1485864819122           1.1100093565433      1
      1.9949443540899           2.3235028769069           1.8186810356958      1
     0.84126561170918           1.5560709356922           1.8092871898574      1
       2.093443807201          0.94845272551108           1.1701306643008      1
      2.1966871936668          0.92193690450448           1.4981800162687      1
      2.1542686802023           0.9053580518479           1.6402549945395      1
       2.260861439617           1.0761696124115           1.2877020923183      1
      1.1884747541753           1.3370778325422          0.78886399463393      1
      1.7255808529157           1.6529981303325          0.82745319592146      1
      2.2173345903996           1.3536915731062           1.2189536603501      1
      1.5862845619672            1.246553202356          0.73859237794423      1
      1.1386418398616          0.94534226833227           1.7064520243147      1
       1.468941309841           1.9833657748732          0.92119324654103      1
      1.7229199907395          0.72801245019509            1.821648067102      1
      1.5804331959387          0.68268141712627           1.4072244267302      1
      2.2856953385248            1.848261035232           1.6315634509941      1
     0.82934238452293           1.6135350222125           1.3590837858942      1
      1.4162198401651           2.2952431548357           2.0784614620287      1
      1.2768211931336           1.4904023240887           2.4134824276561      1
      1.8191082667116          0.98582123774535           2.2113043676938      1
      1.3469918515927           1.1447300513745          0.81189554231812      1
      1.5722573766014           2.2876612717286           2.1165837333778      1
      2.1393262285698           1.7839895713798           2.0363433060446      1
      2.4347435649863           1.4281117475372           1.7737956075717      1
      1.7436934782157          0.69817795354749           1.3995101684926      1
      2.4335134438113           1.5404832582194           1.3271132072657      1
      1.1340986824428           2.1719513625861           1.3609741479157      1
      1.5387556610549          0.90695293212639           2.1701232588413      1
      1.5079805187592           2.0975263007675           2.2867515539293      1
      1.4397699831052           1.7617985575584          0.70282715103542      1
     0.84563286535763           1.3886742396876           1.7390888094601      1
      1.2210889720952           2.3903287983242           1.6483432515489      1
      1.4408302472514          0.90505286010268            1.919269762686      1
      1.2417681753934          0.76239612131666           1.7794225885942      1
      1.2789661639278           1.0933155014881           1.0521044429725      1
      1.7158900702148           2.2381625931938           1.9195741104992      1
      1.0219512611102            1.603444916576           1.0278746063354      1
      2.2250545745662            1.358929122314           2.1460025254074      1
       2.318728379726           1.8251366483693           2.0013955126609      1
      1.8587348942561          0.99515340818049           1.9710491637319      1
      1.4300635413719           2.4000513525931           1.2436799288497      1
      1.0305246891102           1.2752223515501           2.0274425041278      1
     0.83149522458569           1.6569398862647           2.0824178001352      1
      1.2764843762834           1.0772200220577           2.2532106115025      1
      1.2093011957538           2.1478935586377           0.9821645989095      1
      1.0852374775838            1.912648007849           1.0869519310621      1
     0.83420466369586           2.0370386021312           1.7684478051203      1
      2.0843369354901           1.4753014526803           2.2962253964262      1
       1.985312319814           1.3531872308516             2.32777179279      1
      1.4781132517731          0.75832226898288           1.9408176560606      1
      1.0577470726739           1.6798051255487           2.3061110256287      1
      1.0829345595934           1.4821768620377          0.81351971224486      1
      1.1398819279666          0.94247211255926           1.5478698248592      1
      2.2393389914626           1.7604213911805           1.8921117031336      1
     0.87577091166126           1.8596484363177           1.4525579291886      1
      2.2245194038275           1.1786077298532           1.5510033283921      1
      1.2720273113819           1.9052045752052          0.94308575540261      1
      1.6854151935782           1.0674802533377           2.3181436139976      1
      1.5580551712006           2.4237352160336           1.8781591282038      1
      2.2875507777107           1.7325841429843           1.0525626607926      1
      2.0850698115426           1.8790979979846           1.1007310799537      1
      2.1699839894225           2.1223644014634           1.9236451173089      1
      1.7968961671012           1.3303297330199          0.87575372773222      1
      1.2411922621766          0.92742122081179           1.3275488839296      1
      1.7380991626185           1.1974915686443           2.3702874831592      1
      2.0229158065219            1.039348667308           1.8741085586758      1
      2.2682931067703           1.1669670928376           1.1493158593475      1
      2.2145964621614           1.2008466632033           1.4095234997574      1
      1.3072659914568           2.4197291826817           1.3955191193563      1
      1.5095710393596          0.87677029665889           1.2593035254225      1
      1.8835726159567          0.96435308378941          0.98081229132069      1
      1.3505890647041           0.8422381776728            1.577652220256      1
      2.1538980503916           1.1448770694682            1.050344982189      1
      1.8670049898105           1.8458194075622           2.3842598318169      1
      2.4478561887458            1.356486492266           1.5563688054364      1
      1.1077681277637           2.1350073638299           1.8221878536115      1
      1.9278098195081          0.88665946396972            1.492801117789      1
      2.3412946258049           1.5874366302239           1.5300818114165      1
      1.9137878361714           1.4288537561115          0.74250450288382      1
      2.1454029047323           1.2318066540788           1.2155447819833      1
      1.7105870456136           1.7213712859803          0.69122794544889      1
      2.3567159690516           1.5765792269061           2.0058927118817      1
      2.2160292869598           1.9823764315704           1.4651289749269      1
      1.4532465817006           1.2867533412665           2.2788398432992      1
       1.797078596215           1.4427360876476           2.4309894500066      1
      2.2710943053614            1.019245315562           1.7242898767536      1
      1.4012645974468           2.1564444332941           2.0231058120684      1
      1.9499077970508           1.1016553523042            2.239196682271      1
       1.189780669438           2.0674403776008           1.1229298964782      1
      1.6800654948591          0.94709827806494           2.0092630757283      1
         2.0089951247           1.0612825901929          0.97141140217682      1
      1.0966981006599          0.99998378266433           1.4155185835078      1
      1.8508676360418           2.2748436359397           2.0759977709496      1
      1.4818864539682          0.69875509514297           1.8098637097647      1
      2.1305403815068           1.1300277664817           1.3214239224947      1
      1.8799641755846           1.6678016751813          0.72699061224149      1
      1.9047410170605           1.9813972569965           1.0162477632973      1
      2.1614795140678           2.2231227852449           1.8134571950854      1
     0.68606942193622           1.7016899286731           1.6678282570584      1
     0.95280831446103           1.1945905519593           2.1265440179701      1
      1.6027748432287           2.1288997232872           2.0960168615303      1
       1.656401136946           2.0061976739326           2.3525229702918      1
      1.7621875457447           2.0885821402656           2.0936460456412      1
      2.0234506810344           1.0515801791603           1.2588246486235      1
      2.0063142012977            1.120592509499           2.0126838246725      1
     0.95178876887779           2.2319025150296           1.5873079159786      1
      1.0633378540184           2.1361565621127            1.615003341247      1
       1.727984131727           1.1406249616512          0.96350985404167      1
      1.6704419903485           1.1268619163196           2.1844221785305      1
      1.7788192275071          0.83569775826049           1.5198475551285      1
      1.0275359550607           2.0240514116272           1.2615166778567      1
      1.9506192653036          0.86442237392002           1.1525192317334      1
      1.9102076829923           1.2483851292291          0.96750930733555      1
      1.8439711495042           1.9244319384267          0.78957755439236      1
      1.5401387188072           2.2816435072842           1.0152897241909      1
       1.088801379223           1.7020743478253           2.1593365314561      1
       1.758225030237           1.6782822533519           2.3091471108529      1
      2.3758246125956           1.4354494926339           1.9648202431771      1
      1.1902948110146           1.7405863670369          0.92329261445821      1
      2.0368622293014           2.1850520104467            2.047692704443      1
      1.7846047813345           1.0597342067742           2.0886588876385      1
      1.2481593689608           1.3426400385378           2.3786655847105      1
      1.5985229385978           2.1988996196432           1.1392305685978      1
      1.3568100116636           2.1519424190982           2.2355201475017      1
      1.8806194591838             1.62745381168          0.87079088079386      1
      1.1278211953073           1.5035255849975          0.95449481539748      1
      1.3608812113291            1.245667739491           2.3953955114144      1
      1.6715040335779           2.2955977296764           1.3413477518581      1
      1.4875959462929           1.3108995800218          0.85708095539848      1
     0.72538276544179           1.8866675108056           1.4472549179808      1
      1.8802024286625          0.78450947721853           1.8939457032802      1
      1.9631776020622           2.0899575534061             1.96024206819      1
     0.89438838867532           1.8842294063574           2.0919638579349      1
      1.1925049843142           1.3462211514098            2.194710465086      1
      2.3162510008128           1.6398394734273           1.6888086464156      1
     0.69449505195878           1.5593944299912            1.830793891942      1
      1.5685116461732            2.393320231928            1.198783292415      1
      1.6414635878018          0.82384139038374           1.7076269308898      1
      0.7853258273584            1.130910381016           1.4568749080317      1
      2.1006333743209          0.86002499451954           1.8019833150753      1
       1.208552545506           2.2404161282883           2.0631899710079      1
      2.3065095342264           1.3934952679531           1.5561292166965      1
       2.339279254144           1.2928570847179           1.1675059523045      1
      1.9994350119236           2.3638422407689           1.6520230839666      1
      1.1555704389352           1.2696529181401           1.0116349171599      1
     0.82610182581534           1.3955973301024           1.4999880390279      1
      1.9515955606882           2.1896210094463           1.7873213535218      1
     0.96737497334859           1.9517775990664           1.0058080558028      1
     0.92158064820711           1.1530364165655           1.0885002027332      1
      1.7345192427482           2.2004009877242           2.2124166239685      1
      1.5429462615619           0.6645952376542           1.5550617264741      1
      1.4588717430286           2.3288028099165           1.5878366171016      1
      2.1422288032452           1.6328617808594           1.0649923427887      1
      2.2622481157469           2.1128628741544           1.3210116652237      1
       2.066805591009           1.3277700331363           1.0375293582292      1
      1.0298258235619          0.98204582501432           1.1419516770384      1
      1.6220357307797           2.4709010724744           1.5541156497428      1
      2.3775681864556           1.7019444534498           1.1687729175983      1
      1.2654685232974          0.79609394114441           1.9194525341337      1
        1.89002961242          0.97656900041807           1.2207791283272      1
       1.058068736284           1.2109133656826           1.1483212179873      1
      1.2177527640452           1.6298614635792           2.4002614325633      1
     0.78927456288113           1.4385766369858           2.0107396274193      1
      1.9068574342015              2.0955599569           1.1433137643484      1
        1.93190533229           1.7970051454928           2.2028661624703      1
      1.8782838045644          0.88386272284055           1.6574097565013      1
      2.0076582432037           1.4346827441465          0.95675824908405      1
      1.4921075741601           1.5204020044933          0.67594351647679      1
     0.88513276775151           0.9931529596713           1.6178221235869      1
       1.520405214868            1.612534852889           2.4767360868897      1
       1.700611864934            1.834783595552          0.87298087583763      1
      1.5752206594726           1.7726475563127          0.83605357386941      1
      1.4534778737084           2.1954548977805          0.92954081092036      1
      1.5553248010096          0.83439206134031           1.4091778028136      1
      1.1205609571695           1.2877996307555           2.3031107471374      1
      0.7199448321816           1.5680003204492            1.258750578527      1
      1.2268843494559           1.0171840283162           1.1735836829017      1
      2.1135396541264           1.6515660588827           2.0923598214616      1
     0.95574451828131           1.6069816425823           2.0212757353645      1
     0.68786887380973           1.6283621037157           1.4084268317351      1
      1.6897557737824          0.76785505559217           1.1715831261888      1
     0.81219859327719           1.6253339537994           1.6748256094113      1
      1.6582658947656           2.3091786418885           1.7037604258476      1
      1.2055956780822           1.9933762125803           2.0813957804075      1
      1.3217131225762          0.86408099533931           1.7167493569399      1
     0.84780496718663           1.1458308775918           1.2134691847333      1
     0.74758733111406            1.930119460674           1.6894177376209      1
      2.2449116345728           1.8327207256002           1.3599811489181      1
      1.0446581218908           1.9571442930525           1.9505079948661      1
      1.6154276442202          0.88436514565763          0.98627066510802      1
      1.2781283353349           2.2215875816209           1.8301856363015      1
      1.6405485428123           1.3378086982696          0.85161263917842      1
     0.92846933950001           1.3000248233236          0.98332836402623      1
     0.99565810943304           1.0849884148963           1.6040932802143      1
      2.3651794242647           1.9988537200712           1.4392718311202      1
      1.3060070633435           1.5191744451152           2.2758917081974      1
      1.3586323044589           1.1808626407983          0.95616786284121      1
     0.97345992331732           1.8222034918576            1.981755126741      1
      1.3500127869266          0.93180278946992           1.2293463321219      1
      2.2912735646969           1.5426405205051           1.3522419460627      1
     0.93660942351099           1.3481650978802           2.1767678701012      1
      1.8699910891108           1.9982613335189           2.1299910760927      1
      1.4258744119694          0.85015649028254            2.091182644451      1
      1.2829091955972           2.2619144198095           1.6477528682618      1
      2.2600805398503           1.3642903316828           1.3613977341391      1
      1.3568692662337           1.7547564005528            2.422477400787      1
      1.8865299896745           1.4727191173539          0.88008997273609      1
      2.1812032132183             1.88981643653           1.2492293467734      1
      1.7002533620324          0.81015591274685           2.0626477546447      1
      1.3357318587862           2.3432373390092           1.1478438911953      1
      2.2365982358686           1.5824468241996           1.9266748615321      1
      1.1958271111536           1.0334125954553          0.94384294897621      1
      1.9270101917561          0.78558815344771           1.2712484045559      1
      2.4304429202652           1.8385542312247           1.6064757383041      1
      1.7661109651357           2.0168212805683          0.98211992486536      1
       1.866417104702           2.4275352194576           1.4740712377825      1
      2.0116771443633           1.6220629093352           2.3654558381374      1
      2.3156645674012           2.0327107445571           1.8362985309688      1
      1.2513431992176           1.3280872771106          0.91944793196916      1
      1.4746467674639          0.85989441067098           1.0157625563199      1
      2.2051365767355           1.1725316518229           2.0970239957904      1
      1.0687085446183           1.5266446046791             2.33363433719      1
     0.95201572587268           1.9519576286615           1.7843399586603      1
      1.8511759755048           2.2209152422567           1.2923295156595      1
      2.3623059137749           1.9083374922649           1.2270707207747      1
     0.88810010371388            1.243787712909           1.6763237791994      1
     0.69640372425209           1.3647784306612           1.7299148903397      1
      1.7376741333057           1.5238453433737            2.321192080598      1
      1.2040846228073          0.75754147765589           1.3481084772685      1
      1.9534876029111          0.89481241691859           2.0411277438693      1
     0.80979193635263           1.3896229021231           1.1152283132227      1
      1.7609269848992           2.1679132400171           1.1318586928594      1
      2.4798987593914            1.542237326202           1.5336366508206      1
       2.211200886034           1.9579425806494           1.7078176552094      1
      2.1161884923045           2.2994690018164           1.5869698401977      1
      1.0250898214177           1.7608461061146          0.86237523024361      1
      1.9743845445869           2.1003804246188          0.95865316565391      1
      1.3730226739744           2.2078821275856           1.2122299825685      1
      1.5402092866144           1.9974234867263           2.1908469657471      1
      1.0301936841145           2.2693395258194           1.3400117216856      1
     0.94870528962912           2.0005629665553           1.5185609145227      1
      1.2539993730934           2.3614753311779            1.887535909342      1
      1.9834808714081           1.4860625863234           2.1897016481209      1
      1.9355627260901           1.6143166159435           2.2275192136847      1
      0.7386439229977           1.2069489519228           1.6967962393194      1
      2.2483573284583           2.0161949100551           1.9622113553436      1
      1.1120846396359          0.80967618198219           1.7425443515222      1
        1.81328583709           1.8977360744167          0.92639735874625      1
      1.2762610827315           2.0461802472882           2.2990159654269      1
      1.0097418973412           2.2017018957754           1.8992669839258      1
      2.0975404714947           1.0287811475369           1.6708339719585      1
      2.3974251746341            1.311853787055           1.8606797539592      1
      1.5661942187849           2.2652757558488           1.2597071958708      1
     0.91594222325288           2.0855952767899           1.1854495769898      1
      1.6933989878197           1.4805949501031          0.82654007669304      1
      2.2284586556696           1.3441672597826           0.9717186176018      1
      1.5411622346797           1.0440049523038           2.1230136300017      1
      1.3174604018802           1.3777445817248           2.2514791736193      1
      2.3946786432873           1.8386718084828           1.8602863313053      1
      1.3000692395971          0.88213380614046           1.4447896252001      1
      1.4481849074307           1.7052535181099          0.83783452461179      1
       1.118408344618           2.1923350043139           1.0827017750139      1
      0.9500982036113           1.8746846691536           1.2748020141444      1
       1.023379790886          0.84502333884353           1.4819402427511      1
      2.0019724082323           1.7678751530066          0.96854660323646      1
      1.3615998799998          0.69665487373452           1.3852815103077      1
      1.2611452660975           2.1332641474056           1.9829277034164      1
      1.9921614158666           1.9516472105328           2.0684073738876      1
      1.4534834629315           1.2996226899752          0.71603764560971      1
      1.2505448698365           1.6066999480332          0.88679668702204      1
      0.8893422529554           1.6685672971939           1.8793247137021      1
      2.1025076046329           2.1023754871062           1.6750979576015      1
      2.3998678099911           1.5485106763389            1.187231939026      1
      2.1671075989126           1.2476128753972            1.908351182964      1
      1.1446113900395          0.76618311002788           1.5193627946902      1
       1.831071984084           1.0527227704545           1.0837279390471      1
      2.4575366110752           1.7705663649982           1.4674810335401      1
      1.4143767767388           1.0636003713541           1.0393524710381      1
     0.67858823614429           1.7658680689211           1.5061443083408      1
      1.6749206287957          0.89598058074137           1.2325829758011      1
      1.8258895801458           2.3930172684277           1.8553651853437      1
      1.1546825977958           2.1984556965985           1.5148226388522      1
      2.2216472510797           1.4904014462739           1.1905224911235      1
      1.1410294933847          0.87019625219722            1.978817031907      1
     0.69486556278527           1.3173456500178           1.5006208600368      1
      2.2728497750747           1.8700643122062           1.0636738746038      1
      1.7845185575875           1.0875549383002          0.82923645844236      1
      2.0703446104214           1.9897058122448              1.1877785569      1
      2.2446185898996           1.8284447884275           1.7738729771418      1
      1.4319376411236           2.2343349516305           1.8952594189674      1
      1.9971871906652           2.1046789905881            1.251808620991      1
       1.746367380549           1.7146985560164           2.4553417630294      1
      1.1220158379758           1.0935478481572           1.2149316895239      1
     0.73908658458704           1.6722188675649           1.9346811203372      1
      2.2867593186401            1.529991766282          0.99960816768418      1
      1.8784096686501           1.7786609891468          0.91069391570064      1
       2.304474983023           1.4731754166038           1.7455220948634      1
      1.1039887709272           1.0354947364065           1.8082325780784      1
      1.4404054662181           2.4501661050613           1.7938335659867      1
      1.7905814199519           1.9620339600557           2.3588063680594      1
      1.3132528895808          0.91584204524383           1.8649516225814      1
      1.8046217978425           2.1598311607546           1.9861241676958      1
     0.71231268274508           1.8112558096672           1.7607529278071      1
      1.0566891207082           2.3208961169167            1.516313396926      1
       1.459968177365           2.0930840329496          0.82972863761296      1
      1.1987028119488           1.9849661863213          0.84934799803671      1
       1.294498698187           2.2655473941779           1.4523249547406      1
      2.0468767750945            1.421118642036          0.79996590215799      1
      1.1385834846397           1.4964612517029           2.1764177146164      1
      2.3046737662679           1.7382122012125            1.549409060375      1
      1.7783902646953          0.68715636395293           1.5804706324854      1
      2.1726633860748          0.97829139065414            1.929207575042      1
      2.0928020069082           1.9007846738608           1.9895048024043      1
     0.94851804939213           1.6306527550854           0.9094967867083      1
      2.1378554893116           2.0055699285457           2.1520645147567      1
      1.9768722323588          0.75965608402476           1.4366632262986      1
     0.87272969595013          0.98688387231686           1.4254942514751      1
      2.1061810963641            1.790008926774          0.86631159625934      1
     0.88277638245461           1.7533657090195           1.3159742326112      1
      1.5487727791204          0.80742220596366           1.5602829123345      1
      1.8316684281257           2.4546770224074           1.6429925356983      1
        1.06105648926          0.85562316887028           1.3157312348508      1
      2.0242557311173           0.9846370493798           1.3990298050552      1
       2.164038145209           1.3817086772013           1.9909048602459      1
      1.4131808383147           1.5040068652052           2.4610317153904      1
      1.9608386361107           2.3586642632071           1.3803101457247      1
      1.7833467105821           2.2600520597817           1.8001142506164      1
      2.0497478554288           2.1400733226497           1.3892737576957      1
      1.7315331594498          0.86556997287925           1.3848408317698      1
      1.4176494833299           1.7679529370293           2.2881490525652      1
      1.4390363717692           2.4542591557756           1.3732022330746      1
      1.0895491834748           1.2233139296765           0.8813833894268      1
      1.0176601499267            2.058938183271           1.4081237876815      1
      1.0349512561249           1.0883670844873           1.3344182610412      1
      2.0262355674179           1.6273037055849          0.97185980455477      1
       1.791836982414          0.75103855713801           1.2794256247313      1
      1.2019023665811           1.8960672262189           2.3524269352348      1
      2.0228160967001           1.9164909012856           2.2864251401678      1
      1.3623662854266           1.8786040458558          0.73096678347349      1
      1.9808702810759           1.1478894372378          0.86257059795992      1
      1.5881220986338           1.1452153528033          0.94988688465997      1
      1.4559451766771           1.0286471747772          0.84928329175221      1
       1.637125078236            1.998106523124          0.95513628032383      1
      1.6365399956176           2.1009724025777           1.0484146005974      1
      2.1502864209667           2.0919333133437           1.1037474212703      1
      1.8335067208496           2.2831431877816           1.5999849570767      1
      2.2352245292752           1.2580352310832           1.7091431321286      1
       2.136443252955          0.90682043531185           1.2930091274998      1
      1.2236199947518           2.1703092640823           1.2513632196091      1
      1.1425260959729           1.8566163593485           2.1169596436864      1
      2.1107526647927           1.1359235150345           1.8437623060677      1
      2.1384643331287           1.0852304817664           1.4894678074547      1
        1.65888632818          0.74262475010337           1.9415929634785      1
      1.0142458674451           2.0509375098785           1.7163184665638      1
      2.0328300138102           1.7531494869055           2.1252266962981      1
     0.97939191355968           1.2469465963663           1.9053784057139      1
      0.8360941105726           1.7710628283386           1.7163634478968      1
      2.3403769318683            1.059367869385           1.5747384277111      1
     0.87925957848617           1.2649031636833           1.5404655750301      1
      1.6016287386822           1.8544526790955           2.4309634038638      1
     0.86191288493831           2.0642445419411           1.9112804024535      1
     0.83176003954168           1.9808011295305           1.2120896659454      1
       1.587907525273            1.798939538151           2.3008626507943      1
       1.742567577915           1.2642477919265           2.2370038637571      1
     0.77177729182116            1.308970278394           1.9584443947756      1
      1.0777337637076            1.174779341774           2.2479961282774      1
      1.2981232941485           1.8588992629756           2.2226926694523      1
      2.1518612000314           1.4054284507309           1.1145723583346      1
      1.6060723869837           2.1992420673881            1.983380168127      1
      1.5349821356329           1.4299733177614           2.4730862209203      1
      1.8412636455379           0.8570649623761           1.0580514595231      1
      2.3058572875967           1.1715419643288            1.954641504343      1
      1.4542215411781          0.84545369925651           1.7277042788493      1
     0.93962890137328           1.6747934266801           2.2326283470207      1
      1.0627728558418           2.0006297412462           2.2138674269194      1
      1.5848521234212           2.2038957979736           2.2291110995317      1
      1.4230480580724          0.85568431422562           1.3956057960566      1
      2.3683452475167           1.1879759228111           1.3786620648975      1
      1.7680102517175           2.3193848151305           1.0829574678679      1
      1.1471839320403           1.2242787918787           2.0792423782288      1
      2.2795135011492           1.6532260933664           1.8189299327162      1
      1.0336922106579          0.99134257000641            2.046034123072      1
     0.72695829488223           1.7421279590734            1.267060570219      1
       1.170496564427          0.91667358504348           1.0798793479953      1
      2.0633123564753           2.0795057553492           1.8271403282353      1
      1.3725131872388          0.67695033581211           1.5479675271471      1
      2.2873368810869           2.0387891234192           1.2110865237999      1
      1.8902709490126           1.3834460328306           2.2285484570995      1
     0.83395194054451           1.1143898884101           1.8780947989296      1
      1.4501472945691          0.98482678068994           2.0342343346956      1
      2.1990270554349             1.69133859683           1.1747161597374      1
     0.92127957903358           1.3858819924388           1.2285965755554      1
     0.88861838778035           1.3584502005859           1.3568725219307      1
      2.1242391352601           2.2377092431921           1.2532130649726      1
      1.9164092542829           2.2244090505549            1.414866376994      1
     0.82426357540274           1.5178575597454           1.5999522980171      1
      1.5426854173488           1.6452718589263           2.3233388799689      1
      1.3587185941172           2.1076571100535           1.0974626895001      1
      1.5891558862649           2.2681870755642           1.8575745749729      1
     0.88115830175175           1.8453147785769           1.0412621031575      1
      1.8136810284626           2.3752158300444           1.2222736439991      1
     0.92548111343622           1.4723209151836           1.9596837007244      1
     0.78218277220527           1.8920510470229           1.9251728139653      1
      1.5822342612866           1.8941850173491          0.89136314597703      1
      1.2642413786314           1.5520772478225          0.69696390657175      1
      1.5317782762832            1.512616682829          0.82731575552852      1
      2.3099408827997           2.1150198752157           1.4951310245083      1
     0.77446780044126           1.5774999456416           1.1104514352116      1
      1.1971576068288           2.4077954206674           1.5172759605797      1
      1.8983064289737           1.1936481381597           2.3385401479636      1
      1.7708332203625           2.2821340101905           1.4743160773166      1
      1.5861456999946           1.3279735285466           2.2930945509076      1
      1.3893333816928           1.8565998489147          0.89285365964433      1
      1.5872355363904          0.70927154647888           1.2271748839744      1
      2.1404058831197           1.5007529343784          0.85977647846439      1
      1.4654298429326           1.8769655003391           2.4362340627432      1
      2.0601187600971            1.027003267225           2.1370737679345      1
      2.1556293923033           2.0293024964644           1.3544238299228      1
      1.4243195948192           2.0068549153468           2.3566463581702      1
     0.73358521200451            1.201685900363           1.5609283279412      1
      1.2281711554462            1.207517688889          0.79384547377691      1
      1.3090507848786           1.6632925766001           2.2643596797671      1
       1.934829213455           2.2292940970899           1.0403216077629      1
      2.1571857580794           2.0665973614214           1.5580595458936      1
      2.4139839180698           1.2329687741945           1.6072642779983      1
      1.8021700570899            1.813852992937           2.2457918375163      1
      1.6270586815817           1.5286938591465           2.4996296764553      1
      1.6042550661522          0.98811047905502           1.0754899101216      1
     0.87163656236385           1.0330130800825           1.2862278963498      1
     0.65130078862414           1.5575695150156           1.6253146749028      1
     0.83237700269778           1.7259294588596            1.518092816013      1
     0.94489983374627           1.6254298516488           1.1472371198185      1
      2.1021779236665            1.021904703545           1.0587888678925      1
     0.93415756196559           1.2378323728537           1.4202118031932      1
      1.9976453582597           2.2934030598726           1.1817790151996      1
      2.0556173804894           1.2279230849868           2.2696843177697      1
      1.1945559646412           2.1995447784394            1.727386795591      1
      1.8356988514995          0.91168849708766           1.3205353183167      1
      2.0826307969817           0.8828256413893           1.9299527228973      1
      1.5962392756953           2.4769687124399           1.7633751379328      1
      1.3080982656352           1.4069029882963          0.72052469298619      1
      1.1657854125874           1.8489618825831           1.0014413322914      1
      1.0108583752416           1.0731892082862           1.0327557308956      1
     0.76641482313506           1.2211150750404            1.299300908699      1
      1.6935544221423          0.87329280075246           1.8152351981013      1
      1.6310972177577           1.1216033820002          0.76347752735596      1
      2.2902657237066           2.1224205283917           1.6932825701066      1
      2.1626475904048           1.8546322219312           1.9010272142155      1
      1.8696162926271           1.1534675137463           2.1356445642886      1
     0.75446149405189           1.9367676527816           1.3271753175403      1
       1.509690855018           2.5029088344028           1.6095064960319      1
     0.91919164264943           1.0481749847451           1.9599610236756      1
      1.7294479969452           1.3936108687469           2.2798211057469      1
       1.370304016612           1.1419735534196           2.1664006397709      1
       1.936257693104           2.2208952481727           1.6583710629091      1
      1.0078730660071           1.1024151659872           1.4758206957862      1
      2.3995904787836           1.9669720114399           1.5684541651564      1
      2.3291867642434           1.3683593657286           2.0619805597229      1
      1.1831188101511           1.1702888815001           1.0872136930302      1
      1.8524914609093           1.3127344057007          0.73359454876781      1
      2.0249973780772            2.002621784004          0.88469121340229      1
     0.88783665006491           1.0058493245871           1.8147927065086      1
      1.6135328082834           1.7184073315092           2.4819797449487      1
        1.14861341467           2.2919325056314           1.9561763055355      1
      0.7954649591623           1.7569312951716           1.1052559145163      1
      1.7615942066782           1.6014839254011          0.66801974381165      1
      1.9525697623141           1.8489906436254           0.7788101023988      1
      1.5075255487328           1.1424822680541           2.3960837167537      1
      1.3064449707112           1.7530510129802          0.70616702866929      1
      2.4362435930071           1.6974499294202           1.2902584234264      1
      1.2380620320556            0.704160524284           1.5995739412076      1
      1.1893426306341           2.1008879840632           2.2197809244684      1
     0.88076166351883           1.4237230407243          0.97608997957362      1
     0.79516016477281           2.0501300877486           1.6416242336411      1
     0.71152856531304            1.349720531151           1.3654266846592      1
      1.9103675513011          0.71168498948578           1.6752576448922      1
      1.6588433129024           1.5846216027724          0.64748538296999      1
      1.9564847381603           1.5565975923565          0.73216176533199      1
     0.93534214742246            1.481626856723           2.2311717062942      1
      2.2003335670414           1.4666329671674           2.2255044866541      1
      1.7992265811764           2.2424692633258          0.96378686276179      1
      2.3892976620759           1.2291378398371           1.7567245106384      1
      1.3831395681136           2.0589661336705           2.1045803642095      1
      1.4125603118092          0.92721519337446          0.92115851297517      1
      1.7395258241538           1.3169358932959           2.4441820137399      1
      1.0861338217365            1.102580344768          0.93045296893402      1
      1.3172841410121           2.2402675898685           2.1460173426558      1
     0.72276297122376           1.3034758403636           1.8424995215451      1
     0.86959653431856           2.1580026799653           1.7285078673191      1
      2.2735743184565           1.7288275796321           1.4268214709012      1
      1.5430330926707           1.1448089717738           2.2057479042344      1
      2.1693241897829            1.249678139938            2.201217013565      1
      1.1152014677212            2.368130551786           1.7579674383143      1
      1.0505613113447          0.85858713122757           1.8479076212093      1
      1.7486591780763          0.97278486545355           1.1519559109052      1
      1.1472165717849           2.0335541815065           1.9726540450909      1
      1.4426182887644           2.2813480642842           1.2916641087966      1
      1.2645380511508           1.0811820668234           2.0555139232955      1
      1.7920926182636           1.4610260629748          0.67051823617755      1
      1.6097557219958          0.66429498951207           1.7872442755134      1
      1.1460739887604           1.7980861093781          0.76857254442585      1
     0.97385588476566            1.154127499667           1.7103828876404      1
      2.1685234432406           1.9984888068684           1.0146826430004      1
       1.712300678947           1.2485357452742          0.70794078865993      1
      1.8519757061235          0.71663979982332            1.789136962615      1
      1.2594705756889           2.0989813585332          0.87139885171981      1
      1.6388929765428           2.3399984252493           1.0782252889855      1
      1.3726932441407            2.483987735963           1.5249548234599      1
     0.82344284412563            1.551161286874           1.4736736176022      1
      1.5680763848162           2.4835614694369            1.407720160601      1
       1.411489893137           2.2913599827747           1.6983305626002      1
      2.4958048042219           1.6046512305202           1.6511738192383      1
      2.0826653979538           1.6442248481736          0.80082721727223      1
      1.8686193614713           1.7101749596341           2.4403704447849      1
      2.2739808647301          0.97505848205069           1.4172951719201      1
      0.7993059874615           1.2566437125984           1.1659265962311      1
     0.69506697789179           1.4421683105041           1.2763026113211      1
      1.0771494671126           1.1258145836427           1.8954672909236      1
      2.2014040129347          0.98731671393599           1.2215345148226      1
      1.9058023592726           1.1548398497463           1.0548598551979      1
      2.1998545206552           2.2426414478767           1.4960826852455      1
     0.91537266049655           1.7968834789951            1.856795141799      1
      1.2112717797285           2.3139814746785           1.1561513612425      1
      1.9988190149812           1.3097028515553           2.1055682378407      1
      1.4244720313469           1.0116287492921           2.2953061709569      1
      1.7997654750409           2.3560618930936           1.9935305741477      1
      1.9803332203908           2.2821106053707           1.9774892457368      1
      1.2854233924199           2.0051700730518           1.0287610272114      1
      1.0916694785137           1.7088743445844           1.0006519106606      1
      2.1816001906373           2.2699926811864           1.6982633095063      1
      1.7110323972016          0.84294132228432           1.0660687215196      1
      1.0306244300959           1.0892003722976           2.1333446348362      1
      1.3132902923139          0.75220904087583           1.1992990844331      1
      1.6328793400991           2.1235866337346          0.82177982608632      1
      2.1729230248395           1.2306473197009           0.9585525987174      1
     0.70393200375787           1.9177344898228           1.5690326596818      1
      1.6307439008268           1.2321366421159           2.4312409930405      1
      1.6051961965705          0.90915418393679           1.9137026844694      1
      2.1770998999361           1.0299804624938           2.0395733716271      1
      1.9384857013008            2.141091294485           2.2078606994102      1
      2.4955254499455             1.64802692291            1.463591711887      1
      1.9797674201314           1.8786397744776           1.0283103403141      1
      2.4732844856954           1.7304913298617           1.6964282358698      1
 Triangles
 2916
 29 693 1 1
 1 958 29 1
 1 758 67 1
 67 958 1 1
 693 698 1 1
 698 940 1 1
 1 940 758 1
 5 57 2 1
 2 919 5 1
 57 936 2 1
 192 919 2 1
 2 1011 192 1
 2 936 935 1
 935 1011 2 1
 6 676 5 1
 5 919 6 1
 5 676 57 1
 7 61 6 1
 6 875 7 1
 61 676 6 1
 6 919 875 1
 7 46 8 1
 8 51 7 1
 7 875 46 1
 51 61 7 1
 8 74 9 1
 9 702 8 1
 46 74 8 1
 8 702 51 1
 9 59 10 1
 10 679 9 1
 9 74 59 1
 679 702 9 1
 11 56 10 1
 10 673 11 1
 56 679 10 1
 59 673 10 1
 11 52 12 1
 12 699 11 1
 11 673 52 1
 11 699 56 1
 13 677 12 1
 12 690 13 1
 52 690 12 1
 677 699 12 1
 14 47 13 1
 13 688 14 1
 47 677 13 1
 13 690 688 1
 14 49 15 1
 15 75 14 1
 14 75 47 1
 14 688 49 1
 16 705 15 1
 15 1031 16 1
 49 1031 15 1
 15 705 75 1
 17 55 16 1
 16 866 17 1
 55 705 16 1
 16 1031 866 1
 17 54 18 1
 18 943 17 1
 17 866 54 1
 17 943 55 1
 18 668 19 1
 19 692 18 1
 54 668 18 1
 692 943 18 1
 20 50 19 1
 19 79 20 1
 50 692 19 1
 19 668 79 1
 20 45 21 1
 21 691 20 1
 20 79 45 1
 20 691 50 1
 22 60 21 1
 21 687 22 1
 45 687 21 1
 60 691 21 1
 22 63 23 1
 23 946 22 1
 22 946 60 1
 22 687 63 1
 24 53 23 1
 23 923 24 1
 53 946 23 1
 63 923 23 1
 25 80 24 1
 24 682 25 1
 24 80 53 1
 24 923 682 1
 26 58 25 1
 25 65 26 1
 58 80 25 1
 25 682 65 1
 27 69 26 1
 26 681 27 1
 26 69 58 1
 65 681 26 1
 28 48 27 1
 27 680 28 1
 48 69 27 1
 27 681 680 1
 28 64 29 1
 29 958 28 1
 28 958 48 1
 28 680 64 1
 64 693 29 1
 79 189 45 1
 189 521 45 1
 521 687 45 1
 46 190 74 1
 46 225 190 1
 46 875 225 1
 75 76 47 1
 76 77 47 1
 77 677 47 1
 48 70 69 1
 48 71 70 1
 48 958 71 1
 49 969 629 1
 629 1031 49 1
 688 689 49 1
 689 969 49 1
 50 691 657 1
 657 1022 50 1
 50 1022 692 1
 51 62 61 1
 51 66 62 1
 51 702 66 1
 673 674 52 1
 674 675 52 1
 675 690 52 1
 80 81 53 1
 81 82 53 1
 82 946 53 1
 54 878 668 1
 866 1038 54 1
 54 1038 878 1
 622 701 55 1
 55 943 622 1
 701 705 55 1
 56 929 679 1
 699 967 56 1
 56 967 929 1
 676 912 57 1
 912 1035 57 1
 57 1035 936 1
 69 72 58 1
 72 73 58 1
 73 80 58 1
 74 671 59 1
 671 672 59 1
 672 673 59 1
 60 1065 691 1
 946 1003 60 1
 1003 1065 60 1
 62 68 61 1
 68 676 61 1
 66 85 62 1
 62 703 68 1
 85 703 62 1
 687 897 63 1
 897 928 63 1
 63 928 923 1
 680 695 64 1
 64 694 693 1
 64 695 694 1
 65 975 681 1
 682 683 65 1
 683 975 65 1
 66 87 85 1
 66 709 87 1
 702 709 66 1
 67 758 757 1
 757 888 67 1
 888 1054 67 1
 67 1054 958 1
 68 912 676 1
 703 938 68 1
 68 938 912 1
 70 72 69 1
 71 704 70 1
 70 86 72 1
 70 704 86 1
 566 704 71 1
 71 888 566 1
 71 1054 888 1
 958 1054 71 1
 72 633 73 1
 86 633 72 1
 73 81 80 1
 73 631 81 1
 73 633 631 1
 190 671 74 1
 75 78 76 1
 75 705 78 1
 76 855 77 1
 78 84 76 1
 84 855 76 1
 77 678 677 1
 77 868 678 1
 855 868 77 1
 78 157 84 1
 78 701 157 1
 78 705 701 1
 79 506 189 1
 79 668 506 1
 81 83 82 1
 81 631 83 1
 83 477 82 1
 477 1003 82 1
 82 1003 946 1
 83 508 477 1
 83 509 508 1
 83 631 509 1
 157 158 84 1
 158 165 84 1
 165 855 84 1
 87 88 85 1
 88 710 85 1
 85 710 703 1
 86 634 633 1
 86 942 634 1
 704 942 86 1
 87 89 88 1
 87 534 89 1
 87 709 534 1
 89 90 88 1
 90 91 88 1
 91 710 88 1
 89 711 90 1
 534 535 89 1
 535 711 89 1
 90 92 91 1
 90 94 92 1
 90 711 94 1
 92 93 91 1
 93 166 91 1
 166 710 91 1
 92 716 93 1
 94 95 92 1
 95 716 92 1
 93 167 166 1
 93 717 167 1
 716 717 93 1
 94 96 95 1
 94 118 96 1
 94 711 118 1
 96 97 95 1
 97 119 95 1
 119 716 95 1
 96 98 97 1
 96 720 98 1
 118 720 96 1
 98 99 97 1
 99 728 97 1
 97 728 119 1
 98 100 99 1
 98 117 100 1
 98 720 117 1
 100 101 99 1
 101 102 99 1
 102 728 99 1
 100 739 101 1
 117 528 100 1
 528 739 100 1
 101 103 102 1
 101 104 103 1
 101 739 104 1
 103 116 102 1
 116 496 102 1
 496 728 102 1
 104 105 103 1
 105 859 103 1
 103 859 116 1
 104 106 105 1
 104 834 106 1
 739 834 104 1
 106 107 105 1
 107 772 105 1
 772 859 105 1
 106 108 107 1
 106 115 108 1
 106 834 115 1
 108 109 107 1
 109 110 107 1
 110 772 107 1
 108 799 109 1
 115 120 108 1
 120 799 108 1
 109 111 110 1
 109 114 111 1
 109 799 114 1
 111 112 110 1
 112 842 110 1
 110 842 772 1
 111 113 112 1
 111 849 113 1
 114 849 111 1
 113 145 112 1
 145 149 112 1
 149 842 112 1
 113 161 145 1
 113 505 161 1
 113 849 505 1
 799 908 114 1
 114 956 849 1
 908 956 114 1
 115 121 120 1
 115 169 121 1
 115 834 169 1
 116 639 496 1
 116 640 639 1
 116 859 640 1
 117 608 528 1
 117 652 608 1
 117 720 652 1
 118 711 667 1
 667 988 118 1
 118 988 720 1
 119 1053 716 1
 728 952 119 1
 952 1053 119 1
 121 122 120 1
 122 800 120 1
 120 800 799 1
 121 123 122 1
 121 826 123 1
 169 826 121 1
 123 124 122 1
 124 128 122 1
 128 800 122 1
 123 125 124 1
 123 126 125 1
 123 826 126 1
 125 802 124 1
 124 129 128 1
 124 802 129 1
 126 127 125 1
 127 160 125 1
 160 802 125 1
 126 922 127 1
 826 986 126 1
 126 986 922 1
 127 163 160 1
 127 258 163 1
 127 922 258 1
 129 130 128 1
 130 525 128 1
 525 800 128 1
 129 131 130 1
 129 773 131 1
 129 802 773 1
 131 132 130 1
 132 845 130 1
 130 845 525 1
 131 133 132 1
 131 260 133 1
 131 773 260 1
 133 134 132 1
 134 135 132 1
 135 845 132 1
 133 171 134 1
 133 662 171 1
 260 662 133 1
 134 136 135 1
 134 740 136 1
 171 740 134 1
 136 137 135 1
 137 884 135 1
 135 884 845 1
 136 138 137 1
 136 162 138 1
 136 740 162 1
 138 139 137 1
 139 257 137 1
 257 884 137 1
 138 140 139 1
 138 732 140 1
 162 732 138 1
 140 141 139 1
 141 736 139 1
 139 736 257 1
 140 142 141 1
 140 733 142 1
 732 733 140 1
 142 143 141 1
 143 466 141 1
 466 736 141 1
 142 144 143 1
 142 146 144 1
 142 733 146 1
 144 755 143 1
 143 519 466 1
 143 755 519 1
 146 147 144 1
 147 151 144 1
 151 755 144 1
 145 150 149 1
 145 847 150 1
 161 847 145 1
 146 148 147 1
 146 156 148 1
 146 733 156 1
 148 839 147 1
 147 212 151 1
 147 839 212 1
 156 159 148 1
 159 214 148 1
 214 839 148 1
 150 152 149 1
 152 759 149 1
 759 842 149 1
 150 153 152 1
 150 155 153 1
 150 847 155 1
 212 215 151 1
 215 216 151 1
 216 755 151 1
 153 154 152 1
 154 172 152 1
 172 759 152 1
 153 841 154 1
 155 184 153 1
 184 841 153 1
 154 173 172 1
 154 174 173 1
 154 841 174 1
 155 185 184 1
 155 818 185 1
 155 847 818 1
 156 164 159 1
 156 561 164 1
 156 733 561 1
 157 654 158 1
 617 654 157 1
 157 701 617 1
 158 256 165 1
 158 497 256 1
 158 654 497 1
 164 749 159 1
 159 217 214 1
 159 749 217 1
 163 170 160 1
 170 516 160 1
 516 802 160 1
 505 906 161 1
 161 1016 847 1
 906 1016 161 1
 162 815 732 1
 740 977 162 1
 162 977 815 1
 163 921 170 1
 258 259 163 1
 259 921 163 1
 561 562 164 1
 562 563 164 1
 563 749 164 1
 256 471 165 1
 471 524 165 1
 524 855 165 1
 167 168 166 1
 168 873 166 1
 166 873 710 1
 167 175 168 1
 167 221 175 1
 167 717 221 1
 175 182 168 1
 182 536 168 1
 536 873 168 1
 169 997 826 1
 834 911 169 1
 911 997 169 1
 170 700 516 1
 170 1051 700 1
 921 1051 170 1
 662 1027 171 1
 171 741 740 1
 171 1027 741 1
 173 787 172 1
 172 963 759 1
 787 963 172 1
 174 176 173 1
 176 177 173 1
 177 787 173 1
 174 782 176 1
 174 916 782 1
 841 916 174 1
 175 183 182 1
 175 666 183 1
 221 666 175 1
 176 178 177 1
 176 179 178 1
 176 782 179 1
 178 181 177 1
 181 491 177 1
 491 787 177 1
 179 180 178 1
 180 835 178 1
 178 835 181 1
 179 191 180 1
 179 222 191 1
 179 782 222 1
 191 1032 180 1
 653 835 180 1
 180 1032 653 1
 181 492 491 1
 181 493 492 1
 181 835 493 1
 183 193 182 1
 193 729 182 1
 182 729 536 1
 183 197 193 1
 183 224 197 1
 183 666 224 1
 185 186 184 1
 186 513 184 1
 513 841 184 1
 185 187 186 1
 185 220 187 1
 185 818 220 1
 187 188 186 1
 188 734 186 1
 186 734 513 1
 187 194 188 1
 187 760 194 1
 220 760 187 1
 194 195 188 1
 195 205 188 1
 205 734 188 1
 506 907 189 1
 189 635 521 1
 189 907 635 1
 225 276 190 1
 276 279 190 1
 279 671 190 1
 222 223 191 1
 223 964 191 1
 964 1032 191 1
 192 1006 919 1
 192 1011 1006 1
 197 198 193 1
 198 467 193 1
 467 729 193 1
 194 196 195 1
 194 474 196 1
 194 760 474 1
 196 994 195 1
 195 206 205 1
 195 994 206 1
 474 531 196 1
 531 603 196 1
 603 994 196 1
 197 199 198 1
 197 893 199 1
 224 893 197 1
 199 200 198 1
 200 670 198 1
 198 670 467 1
 199 201 200 1
 199 853 201 1
 199 893 853 1
 201 202 200 1
 202 204 200 1
 204 670 200 1
 201 203 202 1
 201 218 203 1
 201 853 218 1
 203 251 202 1
 202 1015 204 1
 251 1015 202 1
 218 219 203 1
 219 721 203 1
 203 721 251 1
 612 670 204 1
 204 1064 612 1
 1015 1064 204 1
 206 207 205 1
 207 478 205 1
 478 734 205 1
 206 208 207 1
 206 984 208 1
 661 984 206 1
 206 994 661 1
 208 209 207 1
 209 827 207 1
 207 827 478 1
 208 210 209 1
 208 211 210 1
 208 984 211 1
 210 213 209 1
 213 529 209 1
 529 827 209 1
 211 226 210 1
 210 748 213 1
 226 748 210 1
 211 228 226 1
 211 255 228 1
 211 984 255 1
 212 227 215 1
 212 564 227 1
 212 839 564 1
 213 620 529 1
 213 621 620 1
 213 748 621 1
 217 229 214 1
 229 840 214 1
 214 840 839 1
 215 894 216 1
 227 230 215 1
 230 894 215 1
 216 889 755 1
 216 1007 889 1
 894 1007 216 1
 217 237 229 1
 217 489 237 1
 217 749 489 1
 218 267 219 1
 218 464 267 1
 218 853 464 1
 267 268 219 1
 268 269 219 1
 269 721 219 1
 220 930 760 1
 818 1060 220 1
 220 1060 930 1
 618 666 221 1
 221 1042 618 1
 717 1042 221 1
 222 555 223 1
 222 586 555 1
 222 782 586 1
 555 1029 223 1
 637 860 223 1
 223 1029 637 1
 860 964 223 1
 666 1020 224 1
 224 933 893 1
 224 1020 933 1
 225 282 276 1
 225 597 282 1
 225 875 597 1
 228 250 226 1
 250 252 226 1
 252 748 226 1
 227 231 230 1
 227 727 231 1
 564 727 227 1
 228 261 250 1
 255 752 228 1
 228 752 261 1
 237 238 229 1
 238 475 229 1
 475 840 229 1
 231 232 230 1
 232 669 230 1
 669 894 230 1
 231 233 232 1
 231 234 233 1
 231 727 234 1
 233 235 232 1
 235 1062 232 1
 232 1062 669 1
 234 735 233 1
 233 236 235 1
 233 735 236 1
 727 991 234 1
 234 1040 735 1
 991 1040 234 1
 236 240 235 1
 240 479 235 1
 479 1062 235 1
 236 241 240 1
 236 244 241 1
 236 735 244 1
 237 239 238 1
 237 756 239 1
 489 756 237 1
 239 242 238 1
 242 774 238 1
 238 774 475 1
 239 243 242 1
 239 862 243 1
 756 862 239 1
 241 731 240 1
 240 591 479 1
 240 731 591 1
 244 249 241 1
 249 253 241 1
 253 731 241 1
 243 245 242 1
 245 247 242 1
 247 774 242 1
 243 246 245 1
 243 463 246 1
 243 862 463 1
 244 254 249 1
 244 1066 254 1
 735 1066 244 1
 246 650 245 1
 245 248 247 1
 245 650 248 1
 463 1052 246 1
 649 650 246 1
 246 1052 649 1
 248 549 247 1
 549 550 247 1
 550 774 247 1
 248 913 549 1
 650 1061 248 1
 248 1061 913 1
 249 836 253 1
 254 263 249 1
 263 836 249 1
 250 785 252 1
 261 262 250 1
 262 785 250 1
 721 954 251 1
 954 955 251 1
 955 1015 251 1
 252 903 748 1
 785 898 252 1
 898 903 252 1
 253 1043 731 1
 253 996 825 1
 825 1043 253 1
 836 996 253 1
 254 264 263 1
 254 265 264 1
 254 1066 265 1
 255 661 660 1
 660 1050 255 1
 255 984 661 1
 255 1050 752 1
 256 970 471 1
 497 498 256 1
 498 970 256 1
 736 1023 257 1
 850 1004 257 1
 257 1023 850 1
 257 1004 884 1
 258 522 259 1
 258 870 522 1
 258 922 870 1
 522 523 259 1
 523 540 259 1
 540 921 259 1
 260 854 662 1
 773 1010 260 1
 260 1010 854 1
 261 473 262 1
 261 542 473 1
 261 752 542 1
 473 510 262 1
 510 545 262 1
 545 785 262 1
 264 311 263 1
 311 400 263 1
 400 836 263 1
 265 266 264 1
 266 830 264 1
 264 830 311 1
 265 973 266 1
 265 665 663 1
 663 973 265 1
 265 1066 665 1
 829 830 266 1
 266 1055 829 1
 973 1055 266 1
 267 833 268 1
 464 557 267 1
 557 833 267 1
 268 270 269 1
 268 476 270 1
 268 833 476 1
 270 271 269 1
 271 722 269 1
 269 722 721 1
 270 272 271 1
 270 646 272 1
 476 646 270 1
 272 273 271 1
 273 274 271 1
 274 722 271 1
 272 863 273 1
 646 647 272 1
 647 863 272 1
 273 275 274 1
 273 278 275 1
 273 863 278 1
 275 277 274 1
 277 723 274 1
 274 723 722 1
 275 280 277 1
 278 865 275 1
 275 865 280 1
 276 291 279 1
 282 708 276 1
 276 708 291 1
 280 281 277 1
 281 283 277 1
 283 723 277 1
 278 864 812 1
 812 865 278 1
 863 864 278 1
 291 292 279 1
 292 512 279 1
 512 671 279 1
 280 659 281 1
 280 990 659 1
 865 990 280 1
 281 284 283 1
 281 296 284 1
 281 659 296 1
 597 598 282 1
 598 599 282 1
 599 708 282 1
 284 285 283 1
 285 596 283 1
 596 723 283 1
 284 286 285 1
 284 959 286 1
 296 959 284 1
 286 287 285 1
 287 761 285 1
 285 761 596 1
 286 288 287 1
 286 982 288 1
 959 982 286 1
 288 289 287 1
 289 499 287 1
 499 761 287 1
 288 290 289 1
 288 299 290 1
 288 982 299 1
 290 750 289 1
 289 514 499 1
 289 750 514 1
 299 300 290 1
 300 307 290 1
 307 750 290 1
 291 293 292 1
 291 295 293 1
 291 708 295 1
 293 294 292 1
 294 715 292 1
 292 715 512 1
 293 297 294 1
 295 712 293 1
 293 712 297 1
 297 298 294 1
 298 301 294 1
 301 715 294 1
 708 883 295 1
 295 713 712 1
 295 883 713 1
 659 914 296 1
 914 1036 296 1
 296 1036 959 1
 297 310 298 1
 297 316 310 1
 297 712 316 1
 298 302 301 1
 298 718 302 1
 310 718 298 1
 299 771 300 1
 299 948 771 1
 299 982 948 1
 300 308 307 1
 300 309 308 1
 300 771 309 1
 302 303 301 1
 303 470 301 1
 470 715 301 1
 302 304 303 1
 302 719 304 1
 718 719 302 1
 304 305 303 1
 305 724 303 1
 303 724 470 1
 304 306 305 1
 304 312 306 1
 304 719 312 1
 306 726 305 1
 305 725 724 1
 305 726 725 1
 312 313 306 1
 313 402 306 1
 402 726 306 1
 308 457 307 1
 457 458 307 1
 458 750 307 1
 309 314 308 1
 314 779 308 1
 308 779 457 1
 309 315 314 1
 309 762 315 1
 309 771 762 1
 316 319 310 1
 319 472 310 1
 472 718 310 1
 311 417 400 1
 311 418 417 1
 311 830 418 1
 312 320 313 1
 312 520 320 1
 312 719 520 1
 320 326 313 1
 326 924 313 1
 313 924 402 1
 315 317 314 1
 317 381 314 1
 381 779 314 1
 315 318 317 1
 315 321 318 1
 315 762 321 1
 316 390 319 1
 316 714 390 1
 712 714 316 1
 318 397 317 1
 317 837 381 1
 397 837 317 1
 321 322 318 1
 322 753 318 1
 318 753 397 1
 390 391 319 1
 391 751 319 1
 319 751 472 1
 320 327 326 1
 320 805 327 1
 520 805 320 1
 321 323 322 1
 321 763 323 1
 762 763 321 1
 323 324 322 1
 324 355 322 1
 355 753 322 1
 323 325 324 1
 323 388 325 1
 323 763 388 1
 325 328 324 1
 328 738 324 1
 324 738 355 1
 325 329 328 1
 325 861 329 1
 388 861 325 1
 327 356 326 1
 356 392 326 1
 392 924 326 1
 327 359 356 1
 327 369 359 1
 327 805 369 1
 329 330 328 1
 330 737 328 1
 737 738 328 1
 329 331 330 1
 329 366 331 1
 329 861 366 1
 331 332 330 1
 332 333 330 1
 333 737 330 1
 331 931 332 1
 366 367 331 1
 367 931 331 1
 332 334 333 1
 332 917 334 1
 332 931 917 1
 334 335 333 1
 335 419 333 1
 419 737 333 1
 334 336 335 1
 334 337 336 1
 334 917 337 1
 336 747 335 1
 335 420 419 1
 335 747 420 1
 337 338 336 1
 338 339 336 1
 339 747 336 1
 337 1030 338 1
 917 981 337 1
 981 1030 337 1
 338 340 339 1
 338 341 340 1
 338 1030 341 1
 340 851 339 1
 339 882 747 1
 851 882 339 1
 341 342 340 1
 342 343 340 1
 343 851 340 1
 341 831 342 1
 636 831 341 1
 341 1030 636 1
 342 344 343 1
 342 346 344 1
 342 831 346 1
 344 345 343 1
 345 852 343 1
 343 852 851 1
 344 347 345 1
 346 848 344 1
 344 848 347 1
 347 348 345 1
 348 351 345 1
 351 852 345 1
 831 1002 346 1
 346 1063 848 1
 1002 1063 346 1
 347 349 348 1
 347 742 349 1
 347 848 742 1
 349 350 348 1
 350 844 348 1
 348 844 351 1
 349 352 350 1
 349 354 352 1
 349 742 354 1
 352 353 350 1
 353 843 350 1
 843 844 350 1
 351 899 644 1
 644 1025 351 1
 844 899 351 1
 351 1025 852 1
 352 357 353 1
 354 780 352 1
 352 780 357 1
 357 358 353 1
 358 368 353 1
 368 843 353 1
 742 743 354 1
 743 744 354 1
 744 780 354 1
 738 941 355 1
 355 754 753 1
 355 941 754 1
 359 360 356 1
 360 1013 356 1
 356 1013 392 1
 357 361 358 1
 357 820 361 1
 780 820 357 1
 361 362 358 1
 362 804 358 1
 358 804 368 1
 359 791 360 1
 369 382 359 1
 382 791 359 1
 791 871 360 1
 871 1058 360 1
 360 1058 1013 1
 361 363 362 1
 361 364 363 1
 361 820 364 1
 363 365 362 1
 365 803 362 1
 803 804 362 1
 364 658 363 1
 363 374 365 1
 363 658 374 1
 364 706 658 1
 364 978 706 1
 820 978 364 1
 374 385 365 1
 385 393 365 1
 393 803 365 1
 366 370 367 1
 366 778 370 1
 366 861 778 1
 370 371 367 1
 371 892 367 1
 892 931 367 1
 804 983 368 1
 368 874 843 1
 368 983 874 1
 369 383 382 1
 369 416 383 1
 369 805 416 1
 370 372 371 1
 370 407 372 1
 370 778 407 1
 372 373 371 1
 373 832 371 1
 832 892 371 1
 372 375 373 1
 372 960 375 1
 407 960 372 1
 375 376 373 1
 376 377 373 1
 377 832 373 1
 374 801 385 1
 658 1034 374 1
 374 1034 801 1
 375 821 376 1
 375 881 821 1
 375 960 881 1
 376 378 377 1
 376 380 378 1
 376 821 380 1
 378 379 377 1
 379 410 377 1
 410 832 377 1
 378 809 379 1
 380 384 378 1
 384 809 378 1
 379 411 410 1
 379 817 411 1
 809 817 379 1
 380 389 384 1
 380 396 389 1
 380 821 396 1
 381 920 779 1
 837 962 381 1
 381 962 920 1
 383 386 382 1
 386 398 382 1
 398 791 382 1
 383 387 386 1
 383 648 387 1
 416 648 383 1
 389 395 384 1
 395 399 384 1
 399 809 384 1
 385 394 393 1
 385 412 394 1
 385 801 412 1
 387 403 386 1
 386 798 398 1
 403 798 386 1
 387 404 403 1
 387 918 404 1
 648 918 387 1
 763 764 388 1
 764 765 388 1
 765 861 388 1
 389 813 395 1
 396 401 389 1
 401 813 389 1
 390 405 391 1
 390 452 405 1
 390 714 452 1
 405 406 391 1
 406 459 391 1
 459 751 391 1
 626 968 392 1
 392 1013 626 1
 643 924 392 1
 392 968 643 1
 394 408 393 1
 408 423 393 1
 423 803 393 1
 394 409 408 1
 394 806 409 1
 412 806 394 1
 395 543 399 1
 395 544 543 1
 395 813 544 1
 396 413 401 1
 396 810 413 1
 396 821 810 1
 753 777 397 1
 777 1026 397 1
 397 1026 837 1
 398 792 791 1
 398 793 792 1
 398 798 793 1
 543 1024 399 1
 399 915 809 1
 399 1024 915 1
 417 455 400 1
 455 604 400 1
 604 836 400 1
 413 414 401 1
 414 415 401 1
 415 813 401 1
 402 877 726 1
 402 1008 877 1
 924 1008 402 1
 404 426 403 1
 426 451 403 1
 451 798 403 1
 404 465 426 1
 404 1014 465 1
 918 1014 404 1
 405 425 406 1
 405 775 425 1
 452 775 405 1
 425 987 406 1
 406 460 459 1
 406 987 460 1
 778 945 407 1
 945 993 407 1
 407 993 960 1
 409 424 408 1
 408 905 423 1
 424 905 408 1
 409 453 424 1
 409 456 453 1
 409 806 456 1
 411 454 410 1
 454 518 410 1
 518 832 410 1
 411 480 454 1
 411 481 480 1
 411 817 481 1
 801 869 412 1
 412 992 806 1
 869 992 412 1
 413 483 414 1
 413 484 483 1
 413 810 484 1
 414 814 415 1
 483 485 414 1
 485 814 414 1
 615 926 415 1
 415 1005 615 1
 415 926 813 1
 814 1005 415 1
 416 1018 648 1
 805 910 416 1
 910 1018 416 1
 418 427 417 1
 427 784 417 1
 417 784 455 1
 418 428 427 1
 418 828 428 1
 418 830 828 1
 420 421 419 1
 421 858 419 1
 419 858 737 1
 420 422 421 1
 420 515 422 1
 420 747 515 1
 422 494 421 1
 494 537 421 1
 537 858 421 1
 422 507 494 1
 422 904 507 1
 515 904 422 1
 796 803 423 1
 423 999 796 1
 905 999 423 1
 453 461 424 1
 461 500 424 1
 500 905 424 1
 775 872 425 1
 425 872 838 1
 838 987 425 1
 426 807 451 1
 465 490 426 1
 490 807 426 1
 428 429 427 1
 429 783 427 1
 783 784 427 1
 428 430 429 1
 428 431 430 1
 428 828 431 1
 430 532 429 1
 532 560 429 1
 560 783 429 1
 431 432 430 1
 432 790 430 1
 430 790 532 1
 431 433 432 1
 431 526 433 1
 431 828 526 1
 433 434 432 1
 434 435 432 1
 435 790 432 1
 433 823 434 1
 526 527 433 1
 527 823 433 1
 434 436 435 1
 434 437 436 1
 434 823 437 1
 436 445 435 1
 445 446 435 1
 446 790 435 1
 437 438 436 1
 438 816 436 1
 436 816 445 1
 437 439 438 1
 437 449 439 1
 437 823 449 1
 439 440 438 1
 440 444 438 1
 444 816 438 1
 439 441 440 1
 439 824 441 1
 449 824 439 1
 441 442 440 1
 442 1057 440 1
 440 1057 444 1
 441 443 442 1
 441 447 443 1
 441 824 447 1
 443 822 442 1
 442 876 746 1
 746 1057 442 1
 822 876 442 1
 447 448 443 1
 448 468 443 1
 468 822 443 1
 444 891 816 1
 444 953 891 1
 444 1057 953 1
 445 450 446 1
 445 517 450 1
 445 816 517 1
 450 606 446 1
 606 857 446 1
 446 857 790 1
 447 462 448 1
 447 482 462 1
 447 824 482 1
 462 819 448 1
 448 469 468 1
 448 819 469 1
 823 890 449 1
 449 886 824 1
 449 890 886 1
 517 548 450 1
 548 985 450 1
 450 985 606 1
 451 895 798 1
 807 808 451 1
 808 895 451 1
 714 901 452 1
 452 776 775 1
 452 901 776 1
 456 937 453 1
 453 486 461 1
 453 937 486 1
 480 495 454 1
 495 788 454 1
 454 788 518 1
 455 625 604 1
 455 965 625 1
 784 965 455 1
 651 937 456 1
 456 976 651 1
 806 976 456 1
 457 569 458 1
 457 570 569 1
 457 779 570 1
 569 571 458 1
 571 867 458 1
 458 867 750 1
 460 538 459 1
 538 556 459 1
 556 751 459 1
 460 587 538 1
 460 1021 587 1
 460 987 645 1
 645 1021 460 1
 486 487 461 1
 487 811 461 1
 461 811 500 1
 482 627 462 1
 627 628 462 1
 628 819 462 1
 862 940 463 1
 940 1000 463 1
 1000 1052 463 1
 464 592 557 1
 464 593 592 1
 464 853 593 1
 465 558 490 1
 465 879 558 1
 465 1014 879 1
 519 530 466 1
 530 642 466 1
 642 736 466 1
 670 947 467 1
 467 730 729 1
 467 947 730 1
 469 501 468 1
 501 541 468 1
 541 822 468 1
 469 502 501 1
 469 533 502 1
 469 819 533 1
 470 902 715 1
 724 974 470 1
 470 974 902 1
 471 578 524 1
 471 652 578 1
 471 970 652 1
 472 909 718 1
 751 934 472 1
 472 934 909 1
 473 511 510 1
 473 825 511 1
 542 825 473 1
 474 551 531 1
 474 552 551 1
 474 760 552 1
 774 885 475 1
 475 925 840 1
 885 925 475 1
 476 1045 646 1
 833 989 476 1
 989 1045 476 1
 508 605 477 1
 605 616 477 1
 616 1003 477 1
 478 951 734 1
 827 995 478 1
 478 995 951 1
 591 660 479 1
 479 660 603 1
 603 927 479 1
 927 1062 479 1
 481 1028 480 1
 480 546 495 1
 480 1028 546 1
 817 856 481 1
 856 1059 481 1
 481 1059 1028 1
 482 649 627 1
 482 886 649 1
 824 886 482 1
 484 579 483 1
 483 812 485 1
 579 812 483 1
 484 580 579 1
 484 581 580 1
 484 810 581 1
 812 1033 485 1
 485 1017 814 1
 485 1033 1017 1
 486 488 487 1
 486 1048 488 1
 937 1048 486 1
 488 539 487 1
 539 626 487 1
 626 811 487 1
 488 572 539 1
 488 907 572 1
 488 1048 907 1
 749 887 489 1
 489 757 756 1
 489 887 757 1
 558 559 490 1
 559 644 490 1
 644 807 490 1
 492 1001 491 1
 639 998 491 1
 491 1001 639 1
 491 998 787 1
 493 600 492 1
 600 623 492 1
 623 1001 492 1
 493 618 600 1
 493 619 618 1
 493 835 619 1
 507 645 494 1
 494 838 537 1
 645 838 494 1
 546 636 495 1
 636 638 495 1
 638 788 495 1
 623 952 496 1
 496 1001 623 1
 639 1001 496 1
 496 952 728 1
 497 583 498 1
 497 870 583 1
 654 870 497 1
 583 584 498 1
 584 1067 498 1
 498 1067 970 1
 514 610 499 1
 610 614 499 1
 614 761 499 1
 500 871 797 1
 797 905 500 1
 811 1058 500 1
 500 1058 871 1
 502 503 501 1
 503 706 501 1
 501 706 541 1
 502 504 503 1
 502 696 504 1
 533 696 502 1
 504 588 503 1
 588 658 503 1
 658 706 503 1
 504 589 588 1
 504 590 589 1
 504 696 590 1
 642 906 505 1
 505 1023 642 1
 849 850 505 1
 850 1023 505 1
 668 878 506 1
 878 1056 506 1
 506 1056 907 1
 507 1021 645 1
 507 904 879 1
 879 1021 507 1
 509 854 508 1
 508 700 605 1
 508 854 700 1
 631 632 509 1
 632 662 509 1
 662 854 509 1
 511 615 510 1
 510 1005 545 1
 615 1005 510 1
 511 1039 615 1
 825 1039 511 1
 512 672 671 1
 512 902 672 1
 715 902 512 1
 734 951 513 1
 513 916 841 1
 513 951 916 1
 514 611 610 1
 514 867 611 1
 750 867 514 1
 747 882 515 1
 882 939 515 1
 515 939 904 1
 700 1010 516 1
 773 802 516 1
 516 1010 773 1
 517 630 548 1
 517 891 630 1
 816 891 517 1
 788 789 518 1
 789 892 518 1
 518 892 832 1
 519 568 530 1
 519 889 568 1
 755 889 519 1
 719 909 520 1
 520 910 805 1
 909 910 520 1
 635 651 521 1
 651 897 521 1
 521 897 687 1
 522 617 523 1
 522 654 617 1
 522 870 654 1
 523 944 540 1
 617 622 523 1
 622 944 523 1
 578 607 524 1
 607 868 524 1
 524 868 855 1
 525 908 800 1
 845 846 525 1
 846 908 525 1
 526 553 527 1
 526 829 553 1
 828 829 526 1
 553 554 527 1
 554 890 527 1
 527 890 823 1
 608 932 528 1
 528 911 739 1
 528 932 911 1
 620 637 529 1
 637 1029 529 1
 529 1029 827 1
 568 585 530 1
 585 906 530 1
 530 906 642 1
 551 669 531 1
 531 927 603 1
 669 927 531 1
 532 856 560 1
 790 857 532 1
 532 857 856 1
 694 696 533 1
 533 697 694 1
 533 819 697 1
 534 547 535 1
 534 929 547 1
 709 929 534 1
 547 1047 535 1
 667 711 535 1
 535 1047 667 1
 729 896 536 1
 536 938 873 1
 896 938 536 1
 838 980 537 1
 537 941 858 1
 537 980 941 1
 538 648 556 1
 587 918 538 1
 538 918 648 1
 572 573 539 1
 573 968 539 1
 539 968 626 1
 540 657 641 1
 641 921 540 1
 540 1022 657 1
 944 1022 540 1
 706 978 541 1
 781 822 541 1
 541 978 781 1
 752 1046 542 1
 542 1043 825 1
 542 1046 1043 1
 544 965 543 1
 543 784 783 1
 783 1024 543 1
 543 965 784 1
 544 926 625 1
 625 965 544 1
 813 926 544 1
 545 786 785 1
 545 1017 786 1
 545 1005 814 1
 814 1017 545 1
 546 957 636 1
 546 985 957 1
 546 1028 985 1
 929 967 547 1
 967 979 547 1
 979 1047 547 1
 630 1002 548 1
 957 985 548 1
 548 1002 957 1
 549 663 550 1
 549 973 663 1
 913 973 549 1
 663 664 550 1
 664 885 550 1
 550 885 774 1
 552 1007 551 1
 551 894 669 1
 551 1007 894 1
 760 930 552 1
 552 930 889 1
 889 1007 552 1
 553 1061 554 1
 829 1055 553 1
 553 1055 913 1
 913 1061 553 1
 650 966 554 1
 554 1061 650 1
 554 966 890 1
 586 995 555 1
 555 995 827 1
 827 1029 555 1
 648 1018 556 1
 556 934 751 1
 556 1018 934 1
 592 964 557 1
 557 860 833 1
 557 964 860 1
 558 939 559 1
 879 904 558 1
 904 939 558 1
 559 1025 644 1
 939 972 559 1
 972 1025 559 1
 560 1024 783 1
 856 915 560 1
 915 1024 560 1
 561 815 562 1
 561 733 732 1
 732 815 561 1
 562 565 563 1
 562 567 565 1
 562 815 567 1
 565 566 563 1
 566 887 563 1
 563 887 749 1
 564 925 727 1
 839 840 564 1
 840 925 564 1
 565 704 566 1
 567 942 565 1
 565 942 704 1
 566 888 887 1
 815 977 567 1
 567 1044 942 1
 977 1044 567 1
 568 1060 585 1
 889 930 568 1
 930 1060 568 1
 570 609 569 1
 569 1011 571 1
 609 1011 569 1
 570 655 609 1
 570 920 655 1
 779 920 570 1
 571 935 867 1
 571 1011 935 1
 572 574 573 1
 572 1056 574 1
 907 1056 572 1
 574 575 573 1
 575 643 573 1
 643 968 573 1
 574 576 575 1
 574 1038 576 1
 878 1038 574 1
 574 1056 878 1
 576 577 575 1
 577 1008 575 1
 575 1008 643 1
 576 629 577 1
 576 866 629 1
 576 1038 866 1
 629 969 577 1
 577 969 877 1
 877 1008 577 1
 578 667 607 1
 652 988 578 1
 578 988 667 1
 580 990 579 1
 579 865 812 1
 579 990 865 1
 581 582 580 1
 582 659 580 1
 659 990 580 1
 581 601 582 1
 581 881 601 1
 810 881 581 1
 601 602 582 1
 602 914 582 1
 582 914 659 1
 583 986 584 1
 870 922 583 1
 922 986 583 1
 584 986 826 1
 826 997 584 1
 584 997 932 1
 932 1067 584 1
 818 1016 585 1
 585 1060 818 1
 585 1016 906 1
 782 916 586 1
 916 951 586 1
 951 995 586 1
 879 1014 587 1
 587 1021 879 1
 587 1014 918 1
 589 594 588 1
 594 1034 588 1
 588 1034 658 1
 590 707 589 1
 589 595 594 1
 589 707 595 1
 590 696 695 1
 695 1009 590 1
 590 1009 707 1
 591 1050 660 1
 731 1046 591 1
 1046 1050 591 1
 593 653 592 1
 653 1032 592 1
 592 1032 964 1
 593 933 653 1
 853 893 593 1
 893 933 593 1
 595 869 594 1
 594 869 801 1
 801 1034 594 1
 683 685 595 1
 595 975 683 1
 685 869 595 1
 707 975 595 1
 596 954 723 1
 761 955 596 1
 596 955 954 1
 597 1006 598 1
 875 919 597 1
 919 1006 597 1
 598 655 599 1
 609 655 598 1
 598 1006 609 1
 655 656 599 1
 656 883 599 1
 599 883 708 1
 618 1042 600 1
 600 624 623 1
 600 1042 624 1
 601 993 602 1
 881 960 601 1
 960 993 601 1
 768 914 602 1
 602 1049 768 1
 993 1049 602 1
 660 661 603 1
 661 994 603 1
 625 1039 604 1
 604 996 836 1
 604 1039 996 1
 605 641 616 1
 605 1051 641 1
 700 1051 605 1
 606 1059 857 1
 985 1028 606 1
 1028 1059 606 1
 667 1047 607 1
 607 979 868 1
 607 1047 979 1
 652 970 608 1
 608 1067 932 1
 970 1067 608 1
 1006 1011 609 1
 611 612 610 1
 612 1064 610 1
 610 1064 614 1
 611 613 612 1
 611 935 613 1
 867 935 611 1
 613 947 612 1
 612 947 670 1
 935 936 613 1
 936 961 613 1
 613 961 947 1
 614 955 761 1
 614 1015 955 1
 614 1064 1015 1
 625 926 615 1
 615 1039 625 1
 641 657 616 1
 657 1065 616 1
 616 1065 1003 1
 617 701 622 1
 619 1020 618 1
 618 1020 666 1
 619 835 653 1
 653 933 619 1
 933 1020 619 1
 621 1045 620 1
 620 989 637 1
 620 1045 989 1
 621 647 646 1
 646 1045 621 1
 621 903 647 1
 748 903 621 1
 622 943 692 1
 692 944 622 1
 624 952 623 1
 624 1042 717 1
 717 1053 624 1
 624 1053 952 1
 626 1058 811 1
 1013 1058 626 1
 627 1000 628 1
 649 1052 627 1
 627 1052 1000 1
 628 698 697 1
 697 819 628 1
 628 1000 698 1
 866 1031 629 1
 630 891 745 1
 745 1063 630 1
 630 1063 1002 1
 631 1019 632 1
 633 1019 631 1
 632 1027 662 1
 1019 1027 632 1
 634 1019 633 1
 741 1027 634 1
 634 1044 741 1
 942 1044 634 1
 634 1027 1019 1
 635 937 651 1
 907 1048 635 1
 635 1048 937 1
 636 1030 638 1
 636 957 831 1
 637 989 860 1
 638 981 788 1
 638 1030 981 1
 640 998 639 1
 859 900 640 1
 900 963 640 1
 963 998 640 1
 641 1051 921 1
 642 1023 736 1
 643 1008 924 1
 644 899 807 1
 645 987 838 1
 647 1012 863 1
 903 1012 647 1
 649 966 650 1
 886 966 649 1
 651 976 897 1
 720 988 652 1
 655 920 656 1
 656 971 883 1
 920 962 656 1
 962 971 656 1
 691 1065 657 1
 663 665 664 1
 665 1040 664 1
 664 991 885 1
 664 1040 991 1
 735 1040 665 1
 665 1066 735 1
 669 1062 927 1
 672 674 673 1
 672 902 674 1
 674 974 675 1
 902 974 674 1
 675 880 690 1
 675 1037 880 1
 974 1037 675 1
 678 699 677 1
 678 967 699 1
 868 979 678 1
 678 979 967 1
 679 709 702 1
 679 929 709 1
 681 1009 680 1
 680 1009 695 1
 681 975 707 1
 707 1009 681 1
 682 684 683 1
 682 923 684 1
 684 685 683 1
 684 686 685 1
 684 928 686 1
 923 928 684 1
 686 992 685 1
 685 992 869 1
 686 976 806 1
 806 992 686 1
 928 976 686 1
 688 880 689 1
 690 880 688 1
 689 880 725 1
 725 949 689 1
 949 969 689 1
 692 1022 944 1
 694 697 693 1
 697 698 693 1
 695 696 694 1
 698 1000 940 1
 854 1010 700 1
 710 873 703 1
 873 938 703 1
 713 714 712 1
 713 901 714 1
 883 971 713 1
 713 971 901 1
 716 1053 717 1
 718 909 719 1
 722 954 721 1
 723 954 722 1
 725 1037 724 1
 724 1037 974 1
 726 949 725 1
 880 1037 725 1
 877 949 726 1
 925 991 727 1
 730 896 729 1
 730 1035 896 1
 947 961 730 1
 961 1035 730 1
 1043 1046 731 1
 737 858 738 1
 858 941 738 1
 739 911 834 1
 741 977 740 1
 741 1044 977 1
 742 745 743 1
 742 848 745 1
 743 746 744 1
 745 953 743 1
 743 953 746 1
 746 876 744 1
 744 781 780 1
 744 876 781 1
 848 1063 745 1
 891 953 745 1
 953 1057 746 1
 752 1050 1046 1
 754 777 753 1
 754 872 777 1
 754 980 872 1
 941 980 754 1
 757 758 756 1
 758 862 756 1
 887 888 757 1
 758 940 862 1
 759 900 842 1
 759 963 900 1
 762 770 763 1
 762 771 770 1
 763 770 764 1
 764 766 765 1
 764 767 766 1
 764 770 767 1
 766 945 765 1
 778 861 765 1
 765 945 778 1
 767 768 766 1
 768 1049 766 1
 766 1049 945 1
 767 769 768 1
 767 948 769 1
 770 948 767 1
 769 1036 768 1
 768 1036 914 1
 948 982 769 1
 769 982 959 1
 959 1036 769 1
 771 948 770 1
 842 900 772 1
 772 900 859 1
 776 777 775 1
 777 872 775 1
 776 1026 777 1
 901 950 776 1
 950 1026 776 1
 781 820 780 1
 781 978 820 1
 781 876 822 1
 786 898 785 1
 864 1012 786 1
 786 1033 864 1
 786 1012 898 1
 1017 1033 786 1
 787 998 963 1
 788 981 789 1
 789 931 892 1
 917 931 789 1
 789 981 917 1
 792 871 791 1
 793 794 792 1
 794 797 792 1
 797 871 792 1
 793 795 794 1
 793 895 795 1
 798 895 793 1
 795 796 794 1
 796 999 794 1
 794 999 797 1
 795 983 796 1
 795 895 874 1
 874 983 795 1
 796 804 803 1
 796 983 804 1
 797 999 905 1
 800 908 799 1
 807 899 808 1
 874 895 808 1
 808 1041 874 1
 899 1041 808 1
 809 915 817 1
 821 881 810 1
 864 1033 812 1
 817 915 856 1
 847 1016 818 1
 996 1039 825 1
 828 830 829 1
 957 1002 831 1
 860 989 833 1
 950 962 837 1
 837 1026 950 1
 872 980 838 1
 843 1041 844 1
 874 1041 843 1
 844 1041 899 1
 845 884 846 1
 884 1004 846 1
 846 956 908 1
 846 1004 956 1
 849 956 850 1
 956 1004 850 1
 852 972 851 1
 851 972 882 1
 852 1025 972 1
 857 1059 856 1
 863 1012 864 1
 877 969 949 1
 882 972 939 1
 885 991 925 1
 890 966 886 1
 912 938 896 1
 896 1035 912 1
 897 976 928 1
 898 1012 903 1
 901 971 950 1
 909 934 910 1
 934 1018 910 1
 932 997 911 1
 913 1055 973 1
 936 1035 961 1
 945 1049 993 1
 950 971 962 1
 3 44 1198 2
 44 3 1331 2
 3 1070 1331 2
 1070 3 1377 2
 3 1198 1422 2
 3 1375 1377 2
 1375 3 1422 2
 30 4 1197 2
 4 30 1199 2
 1197 4 1323 2
 4 1199 1462 2
 4 1200 1445 2
 1200 4 1462 2
 1323 4 1445 2
 30 31 1073 2
 31 30 1088 2
 30 1073 1199 2
 1088 30 1197 2
 32 31 1191 2
 31 32 1195 2
 1073 31 1195 2
 31 1088 1191 2
 33 32 1093 2
 32 33 1338 2
 1093 32 1191 2
 1195 32 1338 2
 33 34 1068 2
 34 33 1335 2
 33 1068 1338 2
 33 1093 1335 2
 34 35 1075 2
 35 34 1086 2
 1068 34 1075 2
 1086 34 1335 2
 35 36 1074 2
 36 35 1193 2
 35 1074 1075 2
 35 1086 1193 2
 37 36 1091 2
 36 37 1194 2
 1074 36 1194 2
 1091 36 1193 2
 37 38 1076 2
 38 37 1202 2
 37 1076 1194 2
 37 1091 1202 2
 38 39 1069 2
 39 38 1201 2
 38 1069 1076 2
 1201 38 1202 2
 40 39 1087 2
 39 40 1196 2
 1069 39 1196 2
 1087 39 1201 2
 40 41 1072 2
 41 40 1330 2
 40 1072 1196 2
 40 1087 1330 2
 42 41 1092 2
 41 42 1186 2
 1072 41 1186 2
 1092 41 1330 2
 42 43 1077 2
 43 42 1192 2
 42 1077 1186 2
 42 1092 1192 2
 43 44 1071 2
 44 43 1089 2
 43 1071 1077 2
 1089 43 1192 2
 1071 44 1331 2
 44 1089 1198 2
 1068 1075 1080 2
 1068 1080 1081 2
 1068 1081 1338 2
 1076 1069 1079 2
 1079 1069 1150 2
 1150 1069 1196 2
 1331 1070 1413 2
 1070 1377 1413 2
 1077 1071 1078 2
 1078 1071 1082 2
 1082 1071 1331 2
 1072 1186 1187 2
 1072 1187 1190 2
 1072 1190 1196 2
 1073 1195 1428 2
 1199 1073 1424 2
 1424 1073 1428 2
 1075 1074 1189 2
 1189 1074 1389 2
 1074 1194 1389 2
 1080 1075 1189 2
 1076 1079 1125 2
 1076 1125 1194 2
 1077 1078 1398 2
 1186 1077 1398 2
 1078 1082 1083 2
 1078 1083 1084 2
 1078 1084 1398 2
 1125 1079 1126 2
 1126 1079 1395 2
 1079 1150 1395 2
 1081 1080 1090 2
 1090 1080 1094 2
 1094 1080 1189 2
 1081 1090 1340 2
 1338 1081 1414 2
 1081 1340 1414 2
 1083 1082 1106 2
 1106 1082 1134 2
 1134 1082 1331 2
 1084 1083 1085 2
 1085 1083 1341 2
 1083 1106 1341 2
 1084 1085 1108 2
 1084 1108 1452 2
 1398 1084 1452 2
 1108 1085 1120 2
 1120 1085 1149 2
 1149 1085 1341 2
 1193 1086 1204 2
 1204 1086 1392 2
 1086 1335 1392 2
 1087 1201 1203 2
 1087 1203 1213 2
 1087 1213 1330 2
 1191 1088 1352 2
 1088 1197 1205 2
 1088 1205 1352 2
 1089 1192 1214 2
 1198 1089 1327 2
 1089 1214 1327 2
 1090 1094 1095 2
 1090 1095 1096 2
 1090 1096 1340 2
 1091 1193 1384 2
 1202 1091 1210 2
 1210 1091 1384 2
 1192 1092 1388 2
 1092 1330 1390 2
 1388 1092 1390 2
 1093 1191 1211 2
 1093 1211 1215 2
 1093 1215 1335 2
 1095 1094 1183 2
 1183 1094 1427 2
 1094 1189 1427 2
 1096 1095 1097 2
 1097 1095 1098 2
 1098 1095 1183 2
 1096 1097 1107 2
 1096 1107 1114 2
 1096 1114 1340 2
 1097 1098 1099 2
 1097 1099 1346 2
 1107 1097 1346 2
 1099 1098 1100 2
 1100 1098 1401 2
 1098 1183 1401 2
 1099 1100 1101 2
 1099 1101 1350 2
 1346 1099 1350 2
 1101 1100 1102 2
 1102 1100 1113 2
 1113 1100 1401 2
 1101 1102 1103 2
 1101 1103 1104 2
 1101 1104 1350 2
 1103 1102 1356 2
 1102 1113 1416 2
 1356 1102 1416 2
 1104 1103 1105 2
 1105 1103 1109 2
 1109 1103 1356 2
 1104 1105 1118 2
 1104 1118 1127 2
 1104 1127 1350 2
 1105 1109 1110 2
 1105 1110 1365 2
 1118 1105 1365 2
 1106 1134 1135 2
 1106 1135 1140 2
 1106 1140 1341 2
 1114 1107 1115 2
 1115 1107 1116 2
 1116 1107 1346 2
 1108 1120 1121 2
 1108 1121 1123 2
 1108 1123 1452 2
 1110 1109 1111 2
 1111 1109 1185 2
 1185 1109 1356 2
 1110 1111 1112 2
 1110 1112 1117 2
 1110 1117 1365 2
 1112 1111 1119 2
 1119 1111 1420 2
 1111 1185 1420 2
 1117 1112 1136 2
 1112 1119 1369 2
 1136 1112 1369 2
 1113 1181 1380 2
 1181 1113 1401 2
 1347 1113 1380 2
 1113 1347 1416 2
 1114 1115 1122 2
 1114 1122 1132 2
 1114 1132 1340 2
 1115 1116 1129 2
 1122 1115 1349 2
 1115 1129 1349 2
 1129 1116 1180 2
 1180 1116 1408 2
 1116 1346 1408 2
 1117 1136 1137 2
 1117 1137 1397 2
 1365 1117 1397 2
 1127 1118 1128 2
 1128 1118 1130 2
 1130 1118 1365 2
 1369 1119 1403 2
 1403 1119 1404 2
 1404 1119 1420 2
 1121 1120 1131 2
 1131 1120 1451 2
 1120 1149 1451 2
 1123 1121 1124 2
 1124 1121 1347 2
 1121 1131 1347 2
 1132 1122 1188 2
 1188 1122 1432 2
 1122 1349 1432 2
 1123 1124 1438 2
 1190 1123 1438 2
 1123 1190 1452 2
 1124 1347 1380 2
 1124 1380 1395 2
 1124 1395 1438 2
 1125 1126 1133 2
 1125 1133 1389 2
 1194 1125 1389 2
 1133 1126 1181 2
 1181 1126 1380 2
 1380 1126 1395 2
 1127 1128 1449 2
 1350 1127 1408 2
 1408 1127 1449 2
 1128 1130 1138 2
 1128 1138 1139 2
 1128 1139 1449 2
 1129 1180 1415 2
 1182 1129 1415 2
 1129 1182 1418 2
 1349 1129 1418 2
 1138 1130 1429 2
 1130 1365 1397 2
 1130 1397 1429 2
 1131 1185 1356 2
 1185 1131 1451 2
 1347 1131 1416 2
 1131 1356 1416 2
 1132 1188 1428 2
 1340 1132 1414 2
 1414 1132 1428 2
 1133 1181 1183 2
 1133 1183 1427 2
 1389 1133 1427 2
 1135 1134 1402 2
 1134 1331 1413 2
 1402 1134 1413 2
 1140 1135 1141 2
 1141 1135 1156 2
 1156 1135 1402 2
 1137 1136 1142 2
 1142 1136 1144 2
 1144 1136 1369 2
 1137 1142 1143 2
 1137 1143 1145 2
 1137 1145 1397 2
 1139 1138 1147 2
 1147 1138 1151 2
 1151 1138 1429 2
 1139 1147 1148 2
 1139 1148 1415 2
 1180 1139 1415 2
 1139 1180 1449 2
 1140 1141 1403 2
 1341 1140 1404 2
 1140 1403 1404 2
 1141 1156 1411 2
 1403 1141 1410 2
 1410 1141 1411 2
 1143 1142 1344 2
 1142 1144 1155 2
 1142 1155 1344 2
 1145 1143 1146 2
 1146 1143 1332 2
 1332 1143 1344 2
 1155 1144 1175 2
 1175 1144 1410 2
 1144 1369 1410 2
 1145 1146 1151 2
 1145 1151 1429 2
 1397 1145 1429 2
 1151 1146 1152 2
 1152 1146 1153 2
 1153 1146 1332 2
 1148 1147 1157 2
 1147 1151 1406 2
 1157 1147 1406 2
 1148 1157 1158 2
 1148 1158 1182 2
 1148 1182 1415 2
 1149 1341 1404 2
 1149 1404 1420 2
 1149 1420 1451 2
 1190 1150 1196 2
 1150 1190 1438 2
 1395 1150 1438 2
 1151 1152 1406 2
 1152 1153 1154 2
 1152 1154 1178 2
 1152 1178 1406 2
 1154 1153 1171 2
 1171 1153 1172 2
 1172 1153 1332 2
 1154 1171 1184 2
 1178 1154 1391 2
 1154 1184 1391 2
 1155 1175 1176 2
 1155 1176 1177 2
 1155 1177 1344 2
 1179 1156 1337 2
 1156 1179 1411 2
 1337 1156 1402 2
 1158 1157 1159 2
 1159 1157 1454 2
 1178 1157 1406 2
 1157 1178 1454 2
 1158 1159 1160 2
 1158 1160 1361 2
 1182 1158 1361 2
 1160 1159 1161 2
 1161 1159 1166 2
 1166 1159 1454 2
 1160 1161 1162 2
 1160 1162 1163 2
 1160 1163 1361 2
 1162 1161 1355 2
 1161 1166 1167 2
 1161 1167 1355 2
 1163 1162 1164 2
 1164 1162 1168 2
 1168 1162 1355 2
 1163 1164 1165 2
 1163 1165 1173 2
 1163 1173 1361 2
 1165 1164 1456 2
 1164 1168 1169 2
 1164 1169 1456 2
 1173 1165 1174 2
 1174 1165 1462 2
 1200 1165 1456 2
 1165 1200 1462 2
 1167 1166 1170 2
 1170 1166 1391 2
 1391 1166 1454 2
 1167 1170 1207 2
 1167 1207 1396 2
 1355 1167 1396 2
 1169 1168 1206 2
 1206 1168 1292 2
 1292 1168 1355 2
 1169 1206 1297 2
 1169 1297 1450 2
 1169 1450 1456 2
 1184 1170 1391 2
 1170 1184 1461 2
 1207 1170 1461 2
 1171 1172 1379 2
 1184 1171 1208 2
 1208 1171 1379 2
 1172 1332 1399 2
 1379 1172 1439 2
 1172 1399 1439 2
 1173 1174 1432 2
 1361 1173 1418 2
 1418 1173 1432 2
 1188 1174 1424 2
 1174 1188 1432 2
 1174 1199 1424 2
 1199 1174 1462 2
 1176 1175 1179 2
 1179 1175 1411 2
 1175 1410 1411 2
 1177 1176 1209 2
 1176 1179 1409 2
 1209 1176 1409 2
 1177 1209 1302 2
 1177 1302 1399 2
 1344 1177 1399 2
 1178 1391 1454 2
 1328 1179 1337 2
 1179 1328 1409 2
 1180 1408 1449 2
 1183 1181 1401 2
 1182 1361 1418 2
 1184 1208 1311 2
 1184 1311 1461 2
 1420 1185 1451 2
 1187 1186 1398 2
 1190 1187 1452 2
 1187 1398 1452 2
 1188 1424 1428 2
 1189 1389 1427 2
 1211 1191 1352 2
 1214 1192 1388 2
 1193 1204 1384 2
 1195 1338 1414 2
 1195 1414 1428 2
 1205 1197 1212 2
 1212 1197 1323 2
 1198 1327 1422 2
 1445 1200 1456 2
 1201 1202 1387 2
 1203 1201 1387 2
 1202 1210 1387 2
 1213 1203 1225 2
 1225 1203 1339 2
 1339 1203 1387 2
 1384 1204 1453 2
 1204 1392 1458 2
 1453 1204 1458 2
 1205 1212 1217 2
 1205 1217 1351 2
 1205 1351 1352 2
 1206 1292 1308 2
 1297 1206 1373 2
 1206 1308 1373 2
 1207 1324 1460 2
 1324 1207 1461 2
 1396 1207 1460 2
 1311 1208 1437 2
 1326 1208 1433 2
 1208 1326 1437 2
 1208 1379 1433 2
 1302 1209 1303 2
 1303 1209 1329 2
 1329 1209 1409 2
 1210 1384 1385 2
 1210 1385 1423 2
 1387 1210 1423 2
 1215 1211 1216 2
 1216 1211 1317 2
 1317 1211 1352 2
 1217 1212 1218 2
 1218 1212 1393 2
 1212 1323 1393 2
 1213 1225 1267 2
 1213 1267 1390 2
 1330 1213 1390 2
 1214 1319 1394 2
 1319 1214 1400 2
 1327 1214 1394 2
 1214 1388 1400 2
 1215 1216 1307 2
 1215 1307 1392 2
 1335 1215 1392 2
 1307 1216 1334 2
 1216 1317 1325 2
 1216 1325 1334 2
 1217 1218 1219 2
 1217 1219 1221 2
 1217 1221 1351 2
 1219 1218 1220 2
 1220 1218 1321 2
 1321 1218 1393 2
 1219 1220 1382 2
 1221 1219 1222 2
 1222 1219 1382 2
 1220 1321 1412 2
 1382 1220 1431 2
 1220 1412 1431 2
 1221 1222 1223 2
 1221 1223 1441 2
 1351 1221 1441 2
 1223 1222 1224 2
 1224 1222 1358 2
 1358 1222 1382 2
 1223 1224 1226 2
 1223 1226 1435 2
 1325 1223 1435 2
 1223 1325 1441 2
 1226 1224 1227 2
 1227 1224 1228 2
 1228 1224 1358 2
 1267 1225 1268 2
 1268 1225 1269 2
 1269 1225 1339 2
 1226 1227 1245 2
 1226 1245 1281 2
 1226 1281 1435 2
 1227 1228 1229 2
 1227 1229 1370 2
 1245 1227 1370 2
 1229 1228 1230 2
 1230 1228 1362 2
 1228 1358 1362 2
 1229 1230 1231 2
 1229 1231 1256 2
 1229 1256 1370 2
 1231 1230 1232 2
 1232 1230 1248 2
 1248 1230 1362 2
 1231 1232 1233 2
 1231 1233 1360 2
 1256 1231 1360 2
 1233 1232 1234 2
 1234 1232 1371 2
 1232 1248 1371 2
 1233 1234 1235 2
 1233 1235 1243 2
 1233 1243 1360 2
 1235 1234 1236 2
 1236 1234 1237 2
 1237 1234 1371 2
 1235 1236 1359 2
 1243 1235 1457 2
 1235 1359 1457 2
 1236 1237 1238 2
 1236 1238 1239 2
 1236 1239 1359 2
 1238 1237 1378 2
 1237 1371 1407 2
 1378 1237 1407 2
 1239 1238 1240 2
 1240 1238 1242 2
 1242 1238 1378 2
 1239 1240 1241 2
 1239 1241 1249 2
 1239 1249 1359 2
 1241 1240 1357 2
 1240 1242 1244 2
 1240 1244 1357 2
 1249 1241 1250 2
 1250 1241 1251 2
 1251 1241 1357 2
 1244 1242 1246 2
 1246 1242 1257 2
 1257 1242 1378 2
 1360 1243 1425 2
 1243 1381 1425 2
 1381 1243 1457 2
 1244 1246 1247 2
 1244 1247 1310 2
 1244 1310 1357 2
 1281 1245 1286 2
 1286 1245 1294 2
 1294 1245 1370 2
 1247 1246 1367 2
 1246 1257 1258 2
 1246 1258 1367 2
 1310 1247 1313 2
 1313 1247 1417 2
 1247 1367 1417 2
 1248 1362 1364 2
 1248 1364 1444 2
 1371 1248 1444 2
 1249 1250 1253 2
 1249 1253 1291 2
 1249 1291 1359 2
 1250 1251 1252 2
 1250 1252 1354 2
 1253 1250 1354 2
 1252 1251 1254 2
 1254 1251 1383 2
 1251 1357 1383 2
 1252 1254 1255 2
 1252 1255 1265 2
 1252 1265 1354 2
 1291 1253 1353 2
 1253 1314 1353 2
 1314 1253 1354 2
 1255 1254 1263 2
 1263 1254 1266 2
 1266 1254 1383 2
 1255 1263 1264 2
 1255 1264 1374 2
 1265 1255 1374 2
 1256 1360 1421 2
 1370 1256 1419 2
 1419 1256 1421 2
 1258 1257 1259 2
 1259 1257 1368 2
 1368 1257 1378 2
 1258 1259 1260 2
 1258 1260 1262 2
 1258 1262 1367 2
 1260 1259 1261 2
 1261 1259 1273 2
 1273 1259 1368 2
 1260 1261 1345 2
 1262 1260 1285 2
 1285 1260 1345 2
 1261 1273 1274 2
 1261 1274 1275 2
 1261 1275 1345 2
 1262 1285 1288 2
 1262 1288 1293 2
 1262 1293 1367 2
 1264 1263 1282 2
 1263 1266 1333 2
 1282 1263 1333 2
 1264 1282 1289 2
 1264 1289 1290 2
 1264 1290 1374 2
 1354 1265 1440 2
 1265 1374 1376 2
 1265 1376 1440 2
 1333 1266 1405 2
 1266 1383 1446 2
 1405 1266 1446 2
 1267 1268 1342 2
 1267 1342 1400 2
 1390 1267 1400 2
 1268 1269 1270 2
 1268 1270 1271 2
 1268 1271 1342 2
 1270 1269 1272 2
 1272 1269 1301 2
 1301 1269 1339 2
 1271 1270 1276 2
 1270 1272 1343 2
 1276 1270 1343 2
 1271 1276 1277 2
 1271 1277 1278 2
 1271 1278 1342 2
 1272 1301 1455 2
 1343 1272 1366 2
 1366 1272 1455 2
 1274 1273 1284 2
 1284 1273 1299 2
 1299 1273 1368 2
 1275 1274 1283 2
 1283 1274 1372 2
 1274 1284 1372 2
 1275 1283 1442 2
 1345 1275 1426 2
 1426 1275 1442 2
 1277 1276 1298 2
 1298 1276 1312 2
 1312 1276 1343 2
 1278 1277 1279 2
 1279 1277 1348 2
 1277 1298 1348 2
 1278 1279 1280 2
 1278 1280 1319 2
 1278 1319 1342 2
 1280 1279 1295 2
 1295 1279 1322 2
 1322 1279 1348 2
 1280 1295 1296 2
 1280 1296 1394 2
 1319 1280 1394 2
 1281 1286 1287 2
 1281 1287 1334 2
 1281 1334 1435 2
 1289 1282 1328 2
 1328 1282 1329 2
 1329 1282 1333 2
 1283 1372 1412 2
 1283 1412 1459 2
 1442 1283 1459 2
 1284 1299 1364 2
 1284 1364 1430 2
 1372 1284 1430 2
 1288 1285 1324 2
 1324 1285 1336 2
 1336 1285 1345 2
 1287 1286 1316 2
 1286 1294 1366 2
 1316 1286 1366 2
 1287 1316 1320 2
 1287 1320 1434 2
 1334 1287 1434 2
 1293 1288 1326 2
 1288 1324 1437 2
 1326 1288 1437 2
 1290 1289 1300 2
 1300 1289 1337 2
 1289 1328 1337 2
 1290 1300 1377 2
 1374 1290 1375 2
 1375 1290 1377 2
 1322 1291 1353 2
 1291 1322 1381 2
 1359 1291 1457 2
 1291 1381 1457 2
 1308 1292 1309 2
 1309 1292 1396 2
 1292 1355 1396 2
 1293 1326 1443 2
 1367 1293 1417 2
 1417 1293 1443 2
 1366 1294 1447 2
 1294 1370 1419 2
 1294 1419 1447 2
 1296 1295 1314 2
 1314 1295 1353 2
 1295 1322 1353 2
 1296 1314 1315 2
 1296 1315 1327 2
 1296 1327 1394 2
 1321 1297 1373 2
 1297 1321 1393 2
 1297 1393 1450 2
 1298 1312 1421 2
 1348 1298 1425 2
 1298 1421 1425 2
 1364 1299 1444 2
 1299 1368 1407 2
 1299 1407 1444 2
 1300 1337 1402 2
 1377 1300 1413 2
 1300 1402 1413 2
 1301 1339 1423 2
 1301 1423 1436 2
 1301 1436 1455 2
 1302 1303 1304 2
 1302 1304 1439 2
 1399 1302 1439 2
 1304 1303 1305 2
 1305 1303 1318 2
 1318 1303 1329 2
 1304 1305 1306 2
 1304 1306 1433 2
 1379 1304 1433 2
 1304 1379 1439 2
 1306 1305 1386 2
 1305 1318 1448 2
 1386 1305 1448 2
 1306 1326 1433 2
 1326 1306 1443 2
 1306 1386 1443 2
 1307 1334 1434 2
 1392 1307 1458 2
 1307 1434 1458 2
 1308 1309 1426 2
 1373 1308 1442 2
 1308 1426 1442 2
 1309 1336 1426 2
 1336 1309 1460 2
 1309 1396 1460 2
 1310 1313 1446 2
 1357 1310 1383 2
 1383 1310 1446 2
 1324 1311 1437 2
 1311 1324 1461 2
 1312 1343 1447 2
 1312 1419 1421 2
 1419 1312 1447 2
 1386 1313 1417 2
 1313 1386 1448 2
 1313 1405 1446 2
 1405 1313 1448 2
 1315 1314 1440 2
 1314 1354 1440 2
 1327 1315 1422 2
 1315 1376 1422 2
 1376 1315 1440 2
 1320 1316 1436 2
 1316 1366 1455 2
 1436 1316 1455 2
 1325 1317 1441 2
 1351 1317 1352 2
 1317 1351 1441 2
 1318 1329 1333 2
 1318 1333 1405 2
 1318 1405 1448 2
 1342 1319 1400 2
 1385 1320 1436 2
 1320 1385 1453 2
 1434 1320 1458 2
 1320 1453 1458 2
 1321 1373 1459 2
 1412 1321 1459 2
 1322 1348 1381 2
 1393 1323 1450 2
 1323 1445 1450 2
 1324 1336 1460 2
 1334 1325 1435 2
 1328 1329 1409 2
 1332 1344 1399 2
 1336 1345 1426 2
 1339 1387 1423 2
 1343 1366 1447 2
 1346 1350 1408 2
 1381 1348 1425 2
 1349 1418 1432 2
 1362 1358 1363 2
 1363 1358 1382 2
 1421 1360 1425 2
 1362 1363 1364 2
 1364 1363 1430 2
 1363 1382 1431 2
 1430 1363 1431 2
 1368 1378 1407 2
 1369 1403 1410 2
 1407 1371 1444 2
 1412 1372 1431 2
 1372 1430 1431 2
 1373 1442 1459 2
 1374 1375 1376 2
 1376 1375 1422 2
 1385 1384 1453 2
 1423 1385 1436 2
 1386 1417 1443 2
 1388 1390 1400 2
 1450 1445 1456 2
 Tetrahedra
 9625
 1530 87 1712 2086 1
 287 499 1725 1798 1
 767 1682 1575 1894 1
 465 1014 1511 1742 1
 1723 1924 1488 1957 1
 287 1725 1541 1798 1
 1520 1742 460 1883 1
 163 1735 1650 1832 1
 1265 1563 1440 2004 1
 1493 1669 884 1877 1
 1611 1905 1796 1949 1
 163 1650 1735 2228 1
 976 1680 1649 1785 1
 1592 277 2060 2219 1
 847 1654 1564 2132 1
 770 1575 767 1682 1
 1529 1662 1626 2076 1
 1634 1706 1492 2280 1
 717 1553 1817 2033 1
 1618 2126 1563 2200 1
 1346 1520 1408 1970 1
 122 1472 120 1886 1
 115 1472 1648 2062 1
 376 373 1644 2196 1
 40 1924 1723 1957 1
 1595 1644 373 2196 1
 1554 1735 1650 2228 1
 499 1725 1798 2151 1
 169 115 1472 1648 1
 1563 1830 1440 2004 1
 779 1670 1597 2051 1
 105 772 1678 1771 1
 296 959 1036 1518 1
 790 1713 1561 1879 1
 169 1648 1472 1752 1
 739 1648 1599 2062 1
 1802 1888 1210 2093 1
 686 1533 1649 1680 1
 1135 1626 1529 1985 1
 1615 1712 89 2086 1
 1343 1722 1714 1997 1
 1472 1681 120 1886 1
 87 89 1712 2086 1
 40 1723 1488 1957 1
 763 1701 1575 1791 1
 105 1678 1514 1771 1
 140 1540 138 1955 1
 435 1561 790 1713 1
 1026 1492 776 1861 1
 85 1530 1737 2086 1
 764 1575 763 1701 1
 1497 1798 1725 2151 1
 1537 333 1731 1815 1
 1289 1584 1328 1862 1
 1623 1731 333 1815 1
 282 1664 1466 1860 1
 1466 1664 282 1827 1
 645 460 1742 1883 1
 840 1790 1563 1873 1
 296 1518 1036 2146 1
 570 1664 1597 1776 1
 63 1699 1573 1828 1
 63 22 1699 1828 1
 959 1982 1518 2060 1
 739 1599 1959 2062 1
 840 1563 564 2112 1
 1239 1641 1512 2047 1
 320 1900 1738 2140 1
 890 1584 966 1797 1
 925 1563 840 2112 1
 1596 1700 1497 1965 1
 1796 1905 519 1949 1
 1641 2030 1728 2128 1
 896 1646 1543 1757 1
 318 322 1560 1726 1
 1408 1520 1346 1978 1
 772 1678 1771 2057 1
 1041 844 1479 1715 1
 592 1475 1958 2130 1
 890 1653 1584 1797 1
 1579 1661 954 1939 1
 115 1678 1472 2062 1
 884 1877 1669 1976 1
 1056 1660 1482 2005 1
 85 1737 88 2086 1
 140 1774 1540 1955 1
 598 282 1664 1827 1
 987 1520 460 1883 1
 244 1675 1467 1846 1
 1624 1776 1527 1914 1
 1478 1724 1105 1898 1
 77 1668 1542 2019 1
 764 767 1575 1894 1
 433 1561 1653 1879 1
 214 1790 840 1873 1
 1488 1924 1699 1957 1
 779 1597 1732 2051 1
 979 1474 1889 2002 1
 1472 1714 1343 1722 1
 790 1633 1713 1879 1
 1641 2126 1241 2264 1
 1469 1751 986 1752 1
 959 1518 1667 2060 1
 1056 1482 1660 1960 1
 115 108 1472 1678 1
 322 1560 1726 1791 1
 1328 1862 1584 2096 1
 373 1644 1595 1727 1
 1626 2076 1662 2113 1
 1041 1715 1479 2027 1
 1625 2049 2040 2149 1
 1520 1874 1408 1970 1
 1346 1520 1970 1978 1
 349 1729 1535 1764 1
 433 1653 1561 2121 1
 1551 1738 320 1900 1
 1492 1861 1026 1919 1
 1475 1639 653 1958 1
 877 577 1572 1652 1
 1472 1678 108 2222 1
 564 1563 1790 2112 1
 247 1765 1519 1968 1
 1402 1529 1135 1626 1
 1531 1705 883 1706 1
 1014 1511 1742 1962 1
 428 1789 1625 1879 1
 435 432 790 1561 1
 1164 1546 2007 2016 1
 52 1806 1688 2041 1
 120 1472 108 2222 1
 1620 1770 944 1821 1
 764 767 770 1575 1
 108 120 115 1472 1
 925 840 564 2112 1
 776 1634 1492 2280 1
 1035 1543 896 1646 1
 717 1674 1553 2033 1
 980 1506 1861 2253 1
 1492 1634 776 1861 1
 1520 460 1742 2147 1
 77 1542 47 2019 1
 1387 2043 1672 2093 1
 570 609 1664 1776 1
 60 1488 946 1828 1
 433 1561 434 2121 1
 432 790 1561 1879 1
 2040 2049 783 2149 1
 1359 1641 1239 2047 1
 1589 1830 1716 2158 1
 1594 1666 181 2160 1
 1646 1757 896 2250 1
 1493 1877 1786 1976 1
 1402 1529 1626 2076 1
 1454 1835 1792 1857 1
 707 1720 1521 1820 1
 1547 400 1882 1909 1
 1478 1105 1724 1929 1
 434 433 432 1561 1
 1004 1493 884 1877 1
 525 1681 1503 2185 1
 937 1463 1048 2005 1
 912 1035 1646 1683 1
 599 1531 656 1664 1
 1567 1691 445 1713 1
 450 1567 445 1713 1
 1572 1652 577 2023 1
 564 1563 840 1790 1
 980 1883 1506 2253 1
 281 1592 277 2060 1
 571 1776 1624 1914 1
 861 1522 366 2000 1
 1605 2040 1625 2049 1
 1543 1646 1035 1683 1
 433 432 1561 1879 1
 1371 1818 1799 2006 1
 706 1501 1686 1848 1
 1580 1833 1535 2115 1
 465 1742 1511 1903 1
 1445 1700 1456 2007 1
 388 1701 763 1791 1
 861 1701 1522 2000 1
 1569 1888 1802 2093 1
 525 1886 1681 2185 1
 1034 1671 1534 1686 1
 980 1506 1787 1956 1
 1004 1760 1493 1877 1
 686 1649 1533 2061 1
 987 460 645 1883 1
 254 1467 1659 1947 1
 1354 1563 2126 2200 1
 244 1846 1467 1947 1
 2126 2200 1618 2244 1
 1440 1830 1563 2200 1
 1637 1882 400 1909 1
 1714 1722 1472 1997 1
 318 1726 1560 1919 1
 311 1547 1659 1909 1
 282 599 1664 1860 1
 774 1730 1519 1921 1
 1595 1687 372 1727 1
 371 372 1687 1727 1
 1511 1724 1105 1929 1
 1577 1693 638 1852 1
 215 1618 227 1728 1
 349 347 1729 1764 1
 707 975 1521 1720 1
 1561 1713 1633 1879 1
 1421 1856 1549 1884 1
 1343 1714 1366 1997 1
 1343 1472 1366 1714 1
 333 737 1537 1731 1
 1445 1700 2007 2152 1
 169 1751 1648 1752 1
 1470 853 1767 1958 1
 706 1686 1501 1896 1
 214 1632 1790 1873 1
 428 1600 828 1789 1
 428 1600 1789 1879 1
 1559 1688 673 1806 1
 1623 2053 1773 2095 1
 1487 1715 353 2272 1
 165 1468 1733 1889 1
 928 1680 976 1785 1
 1480 1747 1434 1826 1
 541 1501 978 1848 1
 445 1567 517 1691 1
 1417 1614 1367 1777 1
 1337 1328 1289 1584 1
 450 517 445 1567 1
 1535 1715 349 1768 1
 433 1653 1600 1879 1
 24 1557 682 1699 1
 20 1578 1673 1721 1
 486 1048 937 1463 1
 1624 2007 1546 2016 1
 75 1542 1733 1772 1
 1307 1826 1747 1901 1
 1105 1103 1511 1929 1
 1681 1886 1503 2185 1
 1483 2053 1950 2155 1
 1950 2053 2028 2155 1
 739 1599 1648 2094 1
 1709 1985 1106 2109 1
 343 1515 340 1707 1
 1417 1367 1614 2142 1
 1569 1663 654 2104 1
 961 1914 947 2015 1
 732 1766 1540 1804 1
 656 1664 1531 1732 1
 818 1060 1471 1780 1
 193 1767 1604 2015 1
 714 1705 1565 2227 1
 1297 1497 1700 1965 1
 764 1575 1701 1894 1
 1493 1760 1004 2099 1
 1531 1664 599 1860 1
 342 1778 1515 2239 1
 311 1659 1547 1789 1
 979 1889 1668 2002 1
 714 1706 1705 2227 1
 1611 519 1905 1949 1
 674 1559 673 1806 1
 388 764 763 1701 1
 428 828 1600 1879 1
 1104 1105 1103 1511 1
 732 1676 1540 1774 1
 682 1680 1557 1720 1
 366 1522 329 1986 1
 1530 1712 1615 2086 1
 1525 2126 1641 2264 1
 1493 1669 1877 1976 1
 247 245 1765 1968 1
 287 1541 285 1798 1
 1529 1985 1709 2109 1
 1523 1669 134 1766 1
 979 1474 607 1889 1
 121 1472 122 1886 1
 60 946 22 1828 1
 333 1537 419 1815 1
 1206 1872 1497 1965 1
 221 1674 1555 1936 1
 1539 1941 1652 1971 1
 1486 1807 1559 2137 1
 912 1035 896 1646 1
 1493 1786 1669 1976 1
 1018 1491 910 1738 1
 906 1840 1796 2099 1
 1623 1537 2053 2095 1
 1584 1653 890 2083 1
 1527 1776 571 1914 1
 333 737 419 1537 1
 1506 1984 1415 1999 1
 1537 1731 1623 1815 1
 686 1533 992 2061 1
 1818 2066 1564 2132 1
 372 373 1595 1727 1
 154 1504 1761 2012 1
 959 1518 296 1667 1
 932 911 1751 2094 1
 281 1667 1592 2060 1
 947 2015 1914 2187 1
 1105 1511 1104 1724 1
 180 1666 1475 2279 1
 1747 1826 1474 1901 1
 776 1706 1634 2280 1
 1131 1517 1878 1893 1
 706 1501 978 1896 1
 712 1565 714 1705 1
 1131 1878 1517 2048 1
 1547 1882 1637 1909 1
 140 138 139 1955 1
 877 1652 1572 1941 1
 152 154 1504 1761 1
 1333 1263 1502 1697 1
 1597 1664 570 1732 1
 1387 1201 1672 2043 1
 526 1600 433 1653 1
 211 1885 1915 2063 1
 29 1689 1571 2038 1
 254 1659 1467 1909 1
 1458 1468 1453 1814 1
 1592 2060 1661 2219 1
 1328 1584 1337 2096 1
 144 1728 1590 1949 1
 1256 1585 1856 1884 1
 943 1821 1524 1979 1
 592 1475 653 1958 1
 126 1469 986 1752 1
 120 122 121 1472 1
 1333 1697 1502 1925 1
 1478 1724 1511 1929 1
 1239 1512 1641 2044 1
 340 1515 342 1778 1
 666 1555 221 1674 1
 818 1060 585 1471 1
 1569 1620 1888 2093 1
 1680 1769 1649 1785 1
 1648 1751 911 2094 1
 63 1573 687 1828 1
 1689 1974 1863 1990 1
 1500 1717 1128 1724 1
 1582 1795 69 1831 1
 1444 1407 1464 2006 1
 144 151 1728 1949 1
 506 1721 1673 2289 1
 1189 1690 1486 1934 1
 721 1579 954 1939 1
 1970 2147 1491 2181 1
 1045 1494 989 1895 1
 1515 1988 342 2239 1
 1465 1177 1822 1935 1
 1575 1682 770 2052 1
 1169 1456 1700 2016 1
 134 1669 1523 1976 1
 1229 1585 1920 2075 1
 1799 1818 1499 2006 1
 1387 1672 1203 2093 1
 121 1752 1472 1886 1
 1403 1847 1580 1985 1
 978 1501 706 1848 1
 1261 1696 1345 1907 1
 923 24 682 1699 1
 1138 2053 1537 2095 1
 196 1703 1568 2240 1
 1421 1419 1549 1856 1
 1597 1670 779 2085 1
 63 1680 1573 1699 1
 124 1496 125 1886 1
 1275 1261 1345 1907 1
 714 713 1705 1706 1
 1504 2066 1818 2132 1
 1606 1930 1626 2113 1
 1407 1444 1464 1838 1
 1026 776 1492 2280 1
 1488 1723 1699 1924 1
 19 1578 1721 1770 1
 1639 1767 853 1958 1
 1359 1249 1239 1641 1
 1673 1721 1482 2289 1
 227 215 230 1618 1
 75 1542 76 1733 1
 1215 1826 1474 2114 1
 1417 1614 1777 2142 1
 1237 1499 1234 1931 1
 1237 1758 1499 1931 1
 433 526 431 1879 1
 1459 1470 1891 1965 1
 1583 1915 1885 2063 1
 1584 1337 2096 2113 1
 1127 1500 1128 1724 1
 1668 1889 1474 2002 1
 39 1957 1672 2043 1
 1215 1474 1826 1901 1
 1453 1458 1204 1468 1
 884 1493 1004 1955 1
 490 1711 1903 2067 1
 1378 1799 1758 1940 1
 1589 1719 237 1873 1
 1447 1366 1343 1912 1
 1237 1236 1758 1931 1
 1738 1900 1551 2140 1
 372 371 373 1727 1
 1542 1668 77 1889 1
 977 1481 1044 1834 1
 818 1654 1471 1840 1
 1571 1689 29 2173 1
 221 1555 618 1936 1
 713 883 1705 1706 1
 1421 1256 1856 1884 1
 1809 1854 1737 1859 1
 1464 2006 1799 2021 1
 237 1719 489 1873 1
 1110 1478 1365 2257 1
 1403 1985 1580 2229 1
 1513 1727 410 1852 1
 78 1733 1609 1772 1
 349 1535 350 1715 1
 1624 1700 1456 2016 1
 1042 717 1674 1936 1
 1840 2099 906 2246 1
 154 1761 172 2012 1
 884 1669 1493 1955 1
 1463 1698 1980 2194 1
 1540 1676 732 1804 1
 1434 1747 1480 1850 1
 1518 1682 769 1894 1
 357 353 1487 1715 1
 1522 1731 329 1986 1
 1535 1768 1580 2115 1
 1728 2030 894 2128 1
 937 1785 1463 2005 1
 1034 1671 1686 2286 1
 37 1524 1202 1824 1
 1704 1167 2178 2275 1
 1562 1702 1017 2221 1
 1699 1924 1573 1957 1
 1627 616 1998 2204 1
 814 1017 1562 1702 1
 1593 1746 2064 2207 1
 1672 2043 1620 2093 1
 1546 300 2052 2085 1
 943 1524 622 1770 1
 1580 1764 1535 1833 1
 1189 1486 1690 2137 1
 247 242 774 1519 1
 1056 1660 572 1960 1
 1402 2076 1626 2113 1
 358 1487 353 2272 1
 352 349 1715 1768 1
 296 1667 1518 2146 1
 287 285 761 1798 1
 138 1540 1669 1955 1
 1182 1560 1677 1759 1
 1664 1776 1527 1918 1
 1123 1538 1698 1878 1
 1611 1641 1249 2047 1
 1623 1773 1731 2095 1
 989 1494 1045 2175 1
 847 1564 1654 1840 1
 1603 1660 968 2193 1
 961 1543 1914 2015 1
 1705 1706 1565 2227 1
 818 1471 585 1840 1
 954 1939 1661 2219 1
 298 1658 1983 2091 1
 287 1541 1725 1982 1
 598 282 599 1664 1
 1202 1824 1524 1888 1
 687 1573 1673 1828 1
 843 1715 1041 2027 1
 1333 1502 1862 1925 1
 247 242 1519 1765 1
 654 1569 2104 2171 1
 20 1673 1578 1828 1
 835 1475 1666 1966 1
 490 1903 426 2067 1
 1359 1249 1641 2047 1
 1014 465 1511 1962 1
 774 1519 242 1868 1
 1118 1724 1717 1898 1
 1387 1201 1203 1672 1
 1236 1237 1234 1931 1
 362 1896 1839 2286 1
 937 1463 1785 1992 1
 1330 1488 40 1723 1
 946 1699 1488 2226 1
 717 1817 93 2033 1
 818 1471 1654 1780 1
 433 1600 526 1879 1
 1463 1980 2035 2194 1
 1336 1592 1734 2138 1
 995 951 1464 2010 1
 1516 1626 1606 1930 1
 1412 1470 1459 1943 1
 541 978 1501 2122 1
 614 1798 1497 2151 1
 966 1797 1584 1908 1
 618 221 666 1555 1
 486 1048 1463 1964 1
 70 69 1795 1831 1
 1514 1678 105 2062 1
 1899 2029 1335 2114 1
 842 1744 1585 1897 1
 138 1669 1540 1766 1
 814 1702 1926 2176 1
 605 1627 641 2118 1
 1758 1799 1568 1940 1
 1142 1937 1822 2013 1
 105 772 107 1678 1
 968 1660 1603 2203 1
 1229 1920 1585 2066 1
 1495 1701 945 2000 1
 1048 1463 1964 2005 1
 1126 1603 1762 1829 1
 835 1475 180 1666 1
 892 1727 1576 1852 1
 277 1592 281 2154 1
 1367 1892 1614 2142 1
 1244 1310 1484 2102 1
 572 1660 1056 2005 1
 1110 1365 1478 1929 1
 37 1824 1202 1888 1
 1497 1169 1700 2016 1
 52 673 1688 1806 1
 848 1489 1729 1764 1
 322 324 1610 1726 1
 1491 2147 2072 2181 1
 1479 1929 1655 2186 1
 1470 1767 853 2167 1
 96 1750 1545 1858 1
 1527 1462 1755 1918 1
 1445 2007 1200 2152 1
 473 1614 510 1973 1
 298 1983 1507 2091 1
 1110 1655 1478 2257 1
 1623 1731 1537 2095 1
 1689 1582 1974 1990 1
 1379 1574 1694 1801 1
 152 172 154 1761 1
 125 1496 123 1886 1
 1503 1681 525 1877 1
 1252 1563 1265 1880 1
 977 567 1044 1481 1
 779 314 1670 2051 1
 1622 1926 1702 2176 1
 994 1568 196 1703 1
 736 1796 1558 2099 1
 1563 1790 1632 1873 1
 1522 1687 366 2000 1
 1943 2024 1604 2087 1
 1104 1511 1103 2157 1
 778 861 366 2000 1
 1549 1856 1585 1884 1
 523 1620 944 1821 1
 1029 1902 1684 2068 1
 147 1590 144 1728 1
 1277 1493 1740 1786 1
 435 1691 1561 1713 1
 449 1653 823 2121 1
 372 2000 1595 2108 1
 1310 1247 1244 1484 1
 945 1701 1495 1894 1
 1297 1700 1596 1965 1
 526 1600 431 1879 1
 1370 1294 1823 2184 1
 211 1885 1583 1915 1
 1507 1983 1658 2091 1
 1289 1695 1584 1862 1
 1605 1625 1548 2049 1
 1511 1903 1711 2067 1
 1118 1128 1717 1724 1
 322 1726 1610 1791 1
 357 1715 1487 1768 1
 1950 2028 1577 2155 1
 706 1848 1686 2046 1
 989 1902 1494 2175 1
 147 144 151 1728 1
 1672 1957 1578 2043 1
 251 954 1579 1798 1
 20 19 1578 1721 1
 845 1877 884 1976 1
 287 1725 288 1982 1
 499 1798 614 2151 1
 1383 1266 1446 2148 1
 138 1540 732 1766 1
 754 1726 1506 1956 1
 403 1962 1890 2067 1
 1462 4 1527 1755 1
 461 1508 811 1964 1
 1786 1877 1503 1976 1
 1105 1478 1365 1929 1
 1134 1106 1985 2109 1
 1553 1536 1817 2033 1
 1792 1835 1701 1857 1
 1568 1758 1703 1799 1
 1392 1826 1215 2114 1
 733 1676 732 1774 1
 123 1496 1752 1886 1
 1252 1354 1563 2126 1
 546 1693 1645 1996 1
 1450 1497 1169 1700 1
 372 1687 1595 2000 1
 1499 1799 2006 2021 1
 1568 1799 1703 1940 1
 1496 1735 125 1832 1
 1478 1898 1365 2257 1
 63 687 22 1828 1
 1336 1734 1426 2138 1
 366 1687 1522 1986 1
 892 518 1727 1852 1
 343 1515 1707 2045 1
 282 597 1466 1827 1
 963 1477 640 2160 1
 140 732 1540 1774 1
 340 1707 1515 1778 1
 196 1993 1703 2240 1
 1201 39 1672 2043 1
 1734 1891 1442 1907 1
 892 1687 1576 1727 1
 732 162 1766 1804 1
 130 525 845 1503 1
 1054 1831 1602 2173 1
 353 358 357 1487 1
 896 1543 730 1757 1
 1037 1806 1486 2032 1
 105 1514 859 1771 1
 959 1667 296 2060 1
 1474 1901 1215 2114 1
 70 1795 1619 1831 1
 945 993 1049 1495 1
 1034 1686 1534 2046 1
 1627 1998 641 2118 1
 103 859 105 1514 1
 287 761 499 1798 1
 845 1503 525 1877 1
 288 1982 1725 2247 1
 350 1535 349 1805 1
 682 684 1680 1720 1
 19 50 1578 1770 1
 1516 1626 1930 2229 1
 125 1496 802 1735 1
 1041 843 844 1715 1
 937 1785 1649 1992 1
 403 386 1890 1962 1
 322 1610 324 1791 1
 206 1505 1703 2010 1
 1142 1822 1155 2013 1
 1252 1563 1880 2126 1
 525 1503 130 2185 1
 1370 1823 1514 2184 1
 1351 1854 1809 1859 1
 112 1744 842 1897 1
 42 41 1924 1989 1
 740 1523 134 1766 1
 1670 2052 300 2085 1
 29 64 28 1689 1
 20 1673 79 1721 1
 1444 1810 1464 1838 1
 1970 2072 1491 2147 1
 40 1488 1330 2070 1
 672 673 1559 1688 1
 954 1661 1579 1798 1
 180 1475 1736 2279 1
 779 1732 381 2051 1
 52 1688 11 2041 1
 43 1863 1974 1990 1
 393 394 1671 1866 1
 1577 1852 638 2050 1
 1592 1667 281 2154 1
 1914 2015 1700 2187 1
 1004 956 1760 1877 1
 892 1576 1687 1986 1
 1654 1818 1564 2132 1
 169 115 121 1472 1
 40 1957 1488 2070 1
 975 1521 1720 1963 1
 1229 1585 1256 2066 1
 1459 1943 1470 1965 1
 1375 1589 1376 1716 1
 638 1693 1577 2239 1
 880 1486 1904 1971 1
 169 1472 121 1752 1
 279 2064 1746 2207 1
 1553 1674 717 1936 1
 1778 2050 337 2155 1
 1625 1789 1600 1879 1
 1286 2069 1823 2184 1
 1618 2128 230 2278 1
 868 979 607 1889 1
 1406 1773 1522 1857 1
 29 64 1689 2038 1
 282 598 597 1827 1
 1276 1271 1503 1812 1
 97 1545 95 1817 1
 814 1702 1562 1926 1
 1238 1378 1758 1940 1
 645 1742 1500 1883 1
 1589 1422 1716 1830 1
 198 1767 193 2015 1
 1041 1479 899 2027 1
 449 2083 1653 2121 1
 486 1463 937 1992 1
 989 1895 1494 1902 1
 320 1738 1551 2267 1
 995 1464 951 1975 1
 165 1733 1468 2124 1
 251 955 954 1798 1
 1272 1343 1366 1997 1
 343 342 1515 1988 1
 1087 1672 39 1957 1
 1107 1565 1114 1961 1
 349 347 348 1729 1
 352 349 350 1715 1
 400 836 1637 1909 1
 1534 1671 1034 2084 1
 393 1866 1671 2286 1
 126 986 1469 2104 1
 76 1542 77 1889 1
 946 1784 1488 2204 1
 510 1702 1614 2031 1
 1545 1850 1435 1906 1
 770 767 948 1682 1
 1569 1210 1802 1888 1
 767 769 1682 1894 1
 980 1506 754 1861 1
 1701 1791 388 2008 1
 1140 1847 1403 1985 1
 568 519 1796 1905 1
 653 1639 1475 2230 1
 1514 2075 1370 2184 1
 1064 1497 614 1754 1
 107 1678 772 2057 1
 1422 1716 1830 2158 1
 1503 1722 1276 1812 1
 622 1770 1524 1821 1
 1263 1502 1697 2055 1
 654 1663 1569 2124 1
 1403 1833 1847 2115 1
 979 1047 607 1474 1
 1404 1487 1149 2115 1
 1265 1354 1440 1563 1
 20 19 50 1578 1
 383 1598 1738 1981 1
 792 1544 398 2276 1
 130 1503 1976 2185 1
 897 928 976 1785 1
 1546 2052 1670 2085 1
 1541 1725 1497 1798 1
 672 673 674 1559 1
 1570 1839 1896 2286 1
 97 1545 1817 1858 1
 1422 1589 1376 1830 1
 96 1545 97 1858 1
 1514 1599 1823 2062 1
 1491 1738 1018 2072 1
 1445 1456 1200 2007 1
 740 1523 1766 1834 1
 490 465 426 1903 1
 1151 1773 2053 2095 1
 60 946 1488 2204 1
 2072 2147 556 2181 1
 963 1761 1477 2160 1
 251 1579 1754 1798 1
 1177 1822 1935 2242 1
 805 320 1738 2140 1
 510 1614 1702 1973 1
 466 1558 736 1796 1
 1528 1953 31 2001 1
 980 1787 1506 1883 1
 1088 31 1953 2001 1
 96 95 97 1545 1
 37 38 1202 1524 1
 342 340 343 1515 1
 986 1751 1469 2104 1
 845 130 1503 1976 1
 966 1584 890 2083 1
 550 1730 774 1921 1
 1585 1884 1256 2066 1
 350 1715 1535 1805 1
 1527 2001 1755 2152 1
 1216 1615 1859 1901 1
 946 1488 1784 2226 1
 986 1751 2104 2261 1
 666 1555 1674 2088 1
 1581 1806 12 2041 1
 285 1798 1541 2060 1
 12 1581 690 1806 1
 712 714 713 1705 1
 1606 1626 1516 1995 1
 115 1648 834 2062 1
 1396 2178 1167 2275 1
 1365 1478 1105 1898 1
 341 1778 342 2239 1
 1486 1559 1807 2032 1
 1087 1201 39 1672 1
 1548 2049 1625 2149 1
 1386 1473 1417 1777 1
 1049 993 602 1495 1
 1518 1704 1667 2275 1
 1290 1377 1586 1942 1
 1536 1737 1854 1859 1
 1244 1484 1657 2102 1
 1481 1766 977 1804 1
 40 1087 1957 2070 1
 622 1524 943 1821 1
 655 570 1664 1732 1
 1538 1866 1671 2061 1
 1812 1997 1269 2097 1
 1354 2200 2126 2244 1
 1572 1133 1762 1829 1
 1105 1724 1118 1898 1
 100 1599 739 2094 1
 31 30 1528 2001 1
 842 1761 1585 1771 1
 357 1487 358 1896 1
 1465 1028 1996 2235 1
 1164 1163 1546 1865 1
 1333 1502 1282 1862 1
 34 1335 1899 2029 1
 1655 1929 1478 2186 1
 1546 1164 1865 2016 1
 1546 2052 300 2247 1
 1341 1501 1709 1849 1
 672 1688 1559 2064 1
 601 1647 602 2108 1
 1216 1615 1747 1859 1
 1064 614 1497 2151 1
 1266 1697 1467 1788 1
 215 1728 894 2128 1
 1456 1700 1624 2007 1
 1216 1747 1615 1901 1
 76 47 77 1542 1
 682 1720 1557 1963 1
 1336 1592 1309 1734 1
 42 1924 1557 1989 1
 1488 1699 1573 1957 1
 1266 1467 1383 1788 1
 1245 1294 1370 2184 1
 28 29 1689 2173 1
 585 1471 568 1796 1
 1045 989 476 1895 1
 1430 1431 1475 1923 1
 656 1531 883 2280 1
 155 1654 847 2132 1
 1710 2154 1977 2263 1
 712 316 1565 1983 1
 1047 1474 979 2002 1
 1376 1589 1422 1716 1
 1166 1454 1792 1857 1
 735 1846 244 1947 1
 172 1761 1665 2012 1
 1488 1957 1672 2070 1
 1802 2093 1650 2171 1
 1055 1502 913 2225 1
 770 763 764 1575 1
 1123 1698 1121 1878 1
 539 968 1660 2193 1
 1513 410 1727 2220 1
 1535 1764 1580 1768 1
 492 1927 1594 2160 1
 1604 2024 1943 2088 1
 1434 1480 1826 1841 1
 977 567 1481 1804 1
 510 473 262 1614 1
 712 1565 1705 1983 1
 1550 1938 1604 2087 1
 1198 1716 1602 1974 1
 1465 2107 1028 2235 1
 1270 1269 1812 1997 1
 842 1585 1761 1897 1
 1556 810 1876 2196 1
 1244 1484 1247 1972 1
 385 393 1671 2286 1
 546 1645 957 1996 1
 1479 1711 899 2027 1
 789 892 1576 1852 1
 162 138 732 1766 1
 1428 1424 1917 2042 1
 1485 1851 1267 2097 1
 1885 1621 2175 2190 1
 847 1564 145 1897 1
 171 134 740 1523 1
 906 1796 642 2099 1
 1066 244 1467 1947 1
 800 1681 525 1886 1
 1596 1700 1393 1875 1
 95 1545 96 1837 1
 1049 945 1495 1894 1
 69 1689 1582 1831 1
 925 475 1563 1921 1
 681 707 1521 2260 1
 120 1681 1472 2222 1
 1177 1344 1465 1822 1
 568 585 1060 1471 1
 681 707 975 1521 1
 1536 1553 1854 2033 1
 1210 1385 1384 1569 1
 254 1467 244 1909 1
 721 251 954 1579 1
 859 1771 1514 2082 1
 461 1808 1508 1964 1
 961 1543 1035 1914 1
 1396 1783 2178 2275 1
 252 1885 1498 2031 1
 1110 1478 1655 1929 1
 463 1586 1000 2071 1
 96 98 1750 1858 1
 859 1514 103 2082 1
 1474 1813 607 1889 1
 902 1746 1559 2032 1
 1244 1657 1484 2248 1
 1598 1890 386 1962 1
 1087 1672 1957 2070 1
 616 641 605 1627 1
 1458 1468 1814 1826 1
 1544 1890 398 2276 1
 732 138 140 1540 1
 1675 1846 235 2198 1
 227 1618 230 2278 1
 1487 1839 358 1896 1
 1482 1960 1056 2289 1
 853 1639 893 1767 1
 1370 1514 1823 1856 1
 1236 1239 1512 2047 1
 1556 2129 810 2196 1
 1496 1997 1812 2097 1
 714 712 316 1565 1
 1215 1826 1307 1901 1
 1823 2069 1599 2184 1
 1631 1779 1243 2119 1
 1439 1694 1548 1969 1
 1586 1916 1000 2071 1
 400 1547 311 1909 1
 1182 1361 1560 1759 1
 1533 1911 1534 2014 1
 883 1531 599 1860 1
 1875 1938 1217 2087 1
 244 236 1675 1846 1
 1333 1263 1282 1502 1
 1386 1749 1473 1777 1
 1514 1823 1599 2184 1
 808 2027 1711 2067 1
 1470 1767 1639 1958 1
 769 1682 1518 1982 1
 721 1579 1939 2078 1
 1505 206 1703 1915 1
 654 1663 497 2104 1
 1336 1309 1426 1734 1
 883 1705 1531 1860 1
 861 1522 1701 2008 1
 1548 1694 1439 2103 1
 1561 1691 435 2121 1
 286 285 287 1541 1
 840 1563 229 1873 1
 334 1623 333 1815 1
 1671 1866 394 2061 1
 1020 1555 666 2088 1
 1580 1847 1833 2115 1
 913 1502 1055 2120 1
 1276 1740 1503 1786 1
 1723 1924 41 1989 1
 784 783 2040 2049 1
 602 2108 1647 2146 1
 1468 1753 165 2124 1
 1703 1799 1505 1940 1
 1103 1929 1109 2073 1
 1079 1881 1482 2035 1
 1177 1465 1344 2100 1
 1348 1277 1493 2191 1
 183 193 197 1604 1
 1329 1409 1944 2096 1
 1236 1512 1239 1758 1
 645 1500 507 1883 1
 78 1609 705 1772 1
 714 1565 316 2227 1
 641 1627 616 1998 1
 1464 2010 951 2021 1
 255 1583 1718 1915 1
 428 1879 1625 2149 1
 1048 1964 488 2005 1
 1683 1755 1527 2001 1
 206 1505 208 1915 1
 1254 1697 1476 1880 1
 1404 1149 1487 1849 1
 1407 1799 1464 2006 1
 228 255 1583 1718 1
 1630 1891 1734 1907 1
 485 814 1017 1562 1
 1363 1430 1431 1475 1
 1106 1341 1501 1709 1
 944 1770 1620 2228 1
 1329 1944 1600 2096 1
 76 1733 1542 1889 1
 228 1718 1583 1991 1
 1035 1683 57 1914 1
 518 410 1727 1852 1
 1585 1744 842 2057 1
 1689 1863 1521 1990 1
 475 229 1563 1868 1
 366 329 331 1986 1
 1307 1434 1747 1826 1
 1735 1739 1650 1832 1
 486 1964 1463 1992 1
 254 1066 1467 1947 1
 398 1544 792 1890 1
 1511 1724 1478 1903 1
 845 1503 1877 1976 1
 475 840 925 1563 1
 1534 1671 1533 2014 1
 1103 1511 1929 2092 1
 1737 1809 1550 1854 1
 1370 1514 1856 2075 1
 1796 1840 1631 2099 1
 1421 1256 1419 1856 1
 1417 1473 1386 2142 1
 1604 1757 193 2015 1
 1421 1549 1419 1912 1
 1133 1125 1572 1762 1
 592 653 1475 2130 1
 1455 1301 1997 2098 1
 1563 1476 1880 2126 1
 1611 216 1728 2030 1
 1106 1501 1341 1985 1
 1341 1501 1140 1985 1
 1352 1191 1211 1530 1
 1228 1920 1477 2075 1
 311 1547 400 2040 1
 85 87 66 1530 1
 541 978 706 1848 1
 932 2094 1751 2261 1
 1554 1735 170 2118 1
 1130 1397 1483 2053 1
 1617 1878 1517 1893 1
 1610 1726 324 1956 1
 1219 2024 1220 2087 1
 85 1530 66 1825 1
 1348 1493 1277 1836 1
 877 577 1008 1572 1
 173 2012 1665 2279 1
 155 847 150 2132 1
 1220 2024 1943 2087 1
 188 1703 1499 2021 1
 740 171 1523 1834 1
 858 419 737 1537 1
 1710 1922 2154 2263 1
 475 229 840 1563 1
 465 1511 404 2067 1
 385 393 394 1671 1
 1204 1468 1458 1826 1
 1465 1822 1713 2242 1
 1648 1823 1599 2062 1
 1600 1653 526 2120 1
 1424 1428 1073 2042 1
 282 1466 225 2213 1
 1277 1740 1493 2191 1
 52 673 11 1688 1
 1206 1497 1297 1965 1
 152 1504 154 2132 1
 562 1804 164 2283 1
 570 569 609 1776 1
 877 1652 1941 1971 1
 1700 2151 1914 2187 1
 294 1507 298 1983 1
 1567 1822 1937 2013 1
 1275 1734 1442 1907 1
 1568 1703 994 1915 1
 251 1015 955 1798 1
 1554 1672 1620 2093 1
 1325 1747 1545 2266 1
 197 1604 193 1767 1
 1182 1677 1418 1759 1
 164 1804 1532 2283 1
 1110 1105 1365 1929 1
 525 128 1886 2185 1
 126 1469 1832 2104 1
 1369 1144 2013 2036 1
 691 1828 1578 1864 1
 96 97 98 1858 1
 774 1519 1868 1921 1
 1476 1563 2112 2126 1
 31 1088 30 2001 1
 1164 1162 1163 1865 1
 1655 1929 1479 2145 1
 1604 1938 1875 2087 1
 1149 2048 1420 2115 1
 732 815 162 1804 1
 1040 1476 664 2112 1
 1369 2013 1833 2036 1
 165 1733 84 1889 1
 1020 1555 2088 2230 1
 1600 1862 1329 2096 1
 245 1908 1765 1968 1
 1435 1325 1334 1545 1
 1261 1494 2039 2080 1
 1574 2049 1933 2282 1
 1079 1069 1881 2035 1
 1511 1104 1724 2157 1
 965 1845 1605 1882 1
 1030 1778 1577 2050 1
 1682 1792 1575 1894 1
 1096 1507 1340 1843 1
 1244 1484 1972 2248 1
 1495 1166 1704 1792 1
 298 1658 310 1983 1
 366 861 329 1522 1
 1133 1572 1389 1934 1
 800 120 1681 1886 1
 285 1661 1798 2060 1
 1424 1073 1755 1917 1
 409 1538 408 1808 1
 1119 2036 1833 2115 1
 1035 1543 1683 1914 1
 429 1879 428 2149 1
 165 1813 1468 1889 1
 1375 1586 1377 1942 1
 1885 2175 748 2190 1
 910 1738 1491 2140 1
 931 789 892 1576 1
 1202 1524 38 2043 1
 311 1659 264 1909 1
 1127 1128 1118 1724 1
 1275 1510 1734 1907 1
 769 1036 1518 1894 1
 1403 1141 1985 2229 1
 1935 1633 1969 2268 1
 1189 1690 1075 2137 1
 858 419 1537 1787 1
 1169 1497 1206 2016 1
 1014 404 465 1962 1
 1047 1474 2002 2281 1
 124 125 123 1886 1
 1494 1261 1696 2080 1
 1492 1418 1677 1759 1
 1155 1822 1567 2013 1
 254 1066 244 1467 1
 1583 1505 2063 2202 1
 1467 1675 244 2111 1
 1465 1935 1822 2242 1
 664 1476 1040 1947 1
 1295 1855 1540 1867 1
 1544 1748 792 1890 1
 1393 1596 1875 1943 1
 510 1614 262 2031 1
 736 642 1796 2099 1
 254 1659 265 1947 1
 37 38 1524 1881 1
 1140 1501 1341 1847 1
 1131 1451 1517 2073 1
 1650 1735 1554 1739 1
 861 778 1701 2000 1
 244 1909 1467 2111 1
 1276 1503 1271 1786 1
 1512 1758 1236 1931 1
 1249 1641 1611 2244 1
 1123 1108 1538 1878 1
 1136 1937 1144 2036 1
 1004 1955 1493 2099 1
 1711 1929 1511 2092 1
 471 1468 165 1813 1
 844 1479 1715 1805 1
 842 1761 759 1897 1
 1091 1193 1609 1951 1
 471 165 1468 1753 1
 1573 1769 1680 1785 1
 1806 1899 1688 2041 1
 471 1753 1468 1813 1
 910 1491 1018 2181 1
 837 1492 1026 1919 1
 1584 1862 1653 2096 1
 271 1510 1895 1939 1
 1126 1762 1133 1829 1
 1270 1276 1722 1812 1
 701 1609 1733 1821 1
 1384 1569 1385 1814 1
 568 1796 1471 1905 1
 637 1684 1029 1902 1
 1334 1435 1545 1850 1
 1103 1929 2073 2092 1
 1586 1000 1916 1952 1
 298 1507 294 2249 1
 1131 1517 1451 2048 1
 794 797 999 1617 1
 181 1666 1594 1966 1
 1035 730 896 1543 1
 277 281 280 2154 1
 1499 2006 1640 2021 1
 1193 1091 1609 1946 1
 383 1738 1598 2072 1
 409 1538 1808 1992 1
 396 413 810 1556 1
 1558 2003 1836 2136 1
 1149 1487 2048 2115 1
 1439 1969 1548 2268 1
 1377 1586 1375 1716 1
 89 1712 1615 2281 1
 24 1557 1699 2226 1
 681 1521 975 1963 1
 1267 2020 1485 2097 1
 410 377 1727 2220 1
 1231 2066 1232 2123 1
 1041 844 899 1479 1
 1937 2036 1136 2257 1
 640 1477 2082 2160 1
 1550 1757 1604 1938 1
 1519 1765 242 1868 1
 85 1530 1825 2206 1
 1497 1725 1541 2016 1
 1547 1882 400 2040 1
 1263 1282 1502 2055 1
 251 1754 1015 1798 1
 1577 2050 1778 2155 1
 183 1604 197 2088 1
 229 1563 1868 1873 1
 800 525 128 1886 1
 1480 1841 1434 1850 1
 1833 2013 1489 2036 1
 1479 1805 844 2186 1
 1046 1718 1484 2135 1
 1279 1295 1540 1867 1
 468 1529 1775 1848 1
 1751 2094 1490 2261 1
 1277 1493 1786 1836 1
 1641 1728 1618 2128 1
 842 900 1761 1771 1
 1465 1996 1028 2107 1
 800 122 120 1886 1
 1383 1467 1266 2148 1
 150 847 145 1897 1
 1494 1907 1261 2039 1
 1352 1530 1211 1859 1
 1397 1130 1483 1898 1
 1484 1718 1046 1991 1
 228 1583 255 1915 1
 1440 1563 1354 2200 1
 602 2146 1647 2211 1
 517 1691 1567 1887 1
 1036 1518 1894 2146 1
 1471 2047 1457 2119 1
 126 1469 1752 1832 1
 1232 2066 1504 2123 1
 1552 2029 1899 2114 1
 376 1644 1876 2196 1
 1683 2001 1527 2152 1
 706 364 1686 1896 1
 469 1529 468 1848 1
 1366 1472 1343 1912 1
 1508 1698 1463 1964 1
 1583 2063 1621 2202 1
 1191 1530 1352 1953 1
 541 1775 1501 1848 1
 4 1527 1755 2152 1
 124 802 125 1496 1
 43 1974 1582 1990 1
 247 245 242 1765 1
 175 2088 1674 2192 1
 902 470 1746 2032 1
 1610 1956 324 2269 1
 341 340 342 1778 1
 111 1549 1744 2251 1
 1166 1792 1495 1857 1
 1339 2020 1739 2093 1
 1268 1267 1851 2097 1
 1418 1492 1677 2090 1
 1130 1429 1397 2053 1
 1334 1545 1325 1747 1
 989 1895 1902 2189 1
 183 2088 175 2192 1
 1255 1519 1374 2055 1
 1693 1996 1028 2235 1
 1464 1810 1444 2006 1
 20 1578 691 1828 1
 1339 1739 2020 2097 1
 1387 1620 2043 2093 1
 506 79 1673 1721 1
 763 1575 2052 2252 1
 1558 1774 141 1955 1
 1430 1923 1475 1945 1
 358 1839 1487 2272 1
 1567 1155 2013 2242 1
 1123 1538 1108 2059 1
 173 176 2012 2279 1
 677 1668 2019 2041 1
 75 1733 78 1772 1
 1655 1805 1479 2186 1
 1236 1359 1239 2047 1
 292 279 1746 2207 1
 12 677 2019 2041 1
 1914 2151 611 2187 1
 1232 1818 1504 2066 1
 1370 1823 1294 1856 1
 1420 1404 1149 2115 1
 134 1669 136 1766 1
 1458 1826 1814 1841 1
 95 1817 1545 1837 1
 1084 1534 1083 2172 1
 1189 1954 1486 2137 1
 1564 2066 1818 2119 1
 1239 1758 1512 2044 1
 1659 1789 266 2120 1
 1415 1677 1506 1869 1
 251 1579 721 2078 1
 1123 1698 1538 2059 1
 236 235 1675 1846 1
 1139 1415 1984 1999 1
 1557 1924 1723 1989 1
 1091 1609 36 1824 1
 200 1596 670 2187 1
 686 1649 976 1680 1
 434 1561 435 2121 1
 1310 1247 1484 1745 1
 1030 337 1778 2050 1
 1653 2083 1606 2121 1
 228 211 1583 1915 1
 1563 925 1921 2112 1
 490 559 1903 2186 1
 1546 1803 1163 2159 1
 1748 2027 1517 2273 1
 837 1026 1492 2280 1
 1575 1792 1682 2188 1
 1745 1749 1313 1777 1
 637 1684 1902 2175 1
 1167 1518 1704 1792 1
 588 1534 594 1820 1
 1210 1569 1384 1888 1
 1477 2026 1228 2075 1
 1566 1929 1711 2092 1
 193 1604 183 2192 1
 460 1520 987 2147 1
 1419 1549 1856 1912 1
 1463 1698 1508 1980 1
 1504 2012 154 2132 1
 848 1489 1063 1988 1
 45 1673 20 1828 1
 1717 1724 1638 1898 1
 1395 1980 1698 2194 1
 188 1499 1703 1993 1
 770 763 1575 2052 1
 426 465 404 2067 1
 1257 1583 1246 2105 1
 434 432 435 1561 1
 334 1623 1815 2155 1
 655 599 656 1664 1
 1107 1115 1565 1961 1
 902 1559 674 2032 1
 1301 1739 1469 1802 1
 1453 1814 1468 1951 1
 1083 1534 1084 1948 1
 1270 1812 1722 1997 1
 1140 1403 1141 1985 1
 1167 1704 1518 2275 1
 335 334 333 1815 1
 1454 1157 1835 1857 1
 1631 2099 1840 2246 1
 1238 1758 1568 1940 1
 27 1582 1689 1963 1
 1246 1583 1257 1940 1
 977 1766 1481 1834 1
 666 1020 618 1555 1
 1236 1512 1931 2047 1
 1084 1083 1078 2172 1
 1480 1813 988 1819 1
 396 1556 810 1876 1
 1114 1565 1107 1910 1
 286 1541 287 1982 1
 164 1532 1804 2214 1
 1495 1704 1166 2009 1
 193 1757 1604 2192 1
 1497 1872 1579 1965 1
 404 1511 465 1962 1
 1707 1778 339 2254 1
 1559 1807 1068 2137 1
 858 1537 737 1956 1
 1462 1527 1200 2007 1
 111 1744 1760 2251 1
 1177 1969 1465 2100 1
 1297 1393 1596 1700 1
 1573 1924 1072 1957 1
 40 1072 1924 1957 1
 1494 1696 1261 1907 1
 140 733 732 1774 1
 278 1977 2154 2263 1
 490 1903 1711 2186 1
 769 1036 959 1518 1
 1533 1680 685 1720 1
 541 1501 1775 2122 1
 1133 1829 1572 1934 1
 65 1720 682 1963 1
 1596 1754 200 2167 1
 1107 1114 1115 1961 1
 1457 1779 1471 2119 1
 1528 1646 1953 2001 1
 1809 1953 1646 2001 1
 1580 1764 744 1768 1
 182 193 183 2192 1
 798 1748 1566 1890 1
 362 363 1896 2286 1
 1276 1722 1503 1740 1
 373 377 1644 1727 1
 585 1471 1796 1840 1
 410 1513 1852 2235 1
 877 1572 1008 1941 1
 322 1791 321 2252 1
 419 1537 1787 1815 1
 656 599 883 1531 1
 1342 1523 1278 1786 1
 52 12 1806 2041 1
 1335 33 1899 2114 1
 206 207 1505 2010 1
 1590 1774 144 1949 1
 1599 1750 100 1858 1
 1659 1502 1925 2120 1
 1164 1546 1163 2159 1
 784 2040 1605 2049 1
 1120 1570 1085 1878 1
 1275 1510 1426 1734 1
 1560 1182 1677 2144 1
 285 1541 286 2060 1
 1453 1468 1204 1951 1
 1469 1997 1301 2098 1
 1124 1508 1698 1980 1
 322 321 318 2252 1
 1301 1802 1469 2098 1
 1275 1426 1510 2138 1
 1117 1136 2036 2257 1
 318 2051 1560 2252 1
 1138 1537 1147 2095 1
 1465 1713 1935 2242 1
 1464 1975 995 2068 1
 921 1554 170 2118 1
 47 1542 75 2019 1
 1584 1653 1606 2096 1
 1584 2096 1606 2113 1
 1257 1583 2105 2202 1
 209 2010 1684 2063 1
 892 1687 367 1986 1
 1854 2087 1674 2174 1
 1060 568 1471 1905 1
 802 1735 1496 2058 1
 1471 1796 1779 1905 1
 1377 1586 1716 2143 1
 1404 1847 1487 2115 1
 1613 223 1902 2130 1
 1482 1762 1079 2035 1
 1042 624 717 1936 1
 1618 1641 1525 2126 1
 937 1649 456 1992 1
 1342 1523 1786 1851 1
 1155 1567 1822 2242 1
 2028 2053 1623 2155 1
 468 1529 469 2162 1
 1193 1946 1609 1951 1
 1423 1802 1210 2093 1
 1520 1874 1742 1883 1
 318 1919 1560 2051 1
 24 1794 1557 2226 1
 1205 1351 1217 1550 1
 602 1495 993 2108 1
 1255 1880 1519 2055 1
 1056 2005 1482 2289 1
 357 353 1715 1768 1
 144 755 151 1949 1
 218 853 1470 2232 1
 456 1649 937 1785 1
 1778 1950 1577 2155 1
 66 1530 87 2054 1
 1290 1586 1377 2168 1
 1383 1467 1745 1788 1
 188 2021 1499 2217 1
 1046 731 1484 2234 1
 333 1623 332 1731 1
 897 687 1573 1785 1
 76 75 47 1542 1
 1589 1716 1375 1942 1
 1779 1796 1611 1905 1
 1911 1948 1534 2014 1
 602 1049 1495 2146 1
 115 106 1678 2062 1
 1210 1385 1569 1802 1
 1853 1987 1332 2100 1
 1279 1540 1295 1836 1
 622 944 1770 1821 1
 1066 735 244 1947 1
 1703 1993 1568 2240 1
 826 986 1751 1752 1
 1885 2031 252 2166 1
 989 620 1902 2175 1
 300 2215 1546 2247 1
 105 103 1514 2062 1
 31 1528 30 1755 1
 1313 1749 1745 2148 1
 169 834 115 1648 1
 1589 1716 1719 2158 1
 1302 1935 1969 2268 1
 470 1746 2032 2249 1
 1599 2069 1281 2184 1
 451 2027 808 2067 1
 1295 1836 1540 2003 1
 1172 1332 1987 2100 1
 552 1512 760 2240 1
 181 1594 492 1966 1
 656 655 1664 1732 1
 745 1489 848 1764 1
 1389 1133 1125 1572 1
 237 239 1589 1868 1
 1525 1846 1675 2198 1
 798 793 1748 1890 1
 157 1821 1569 2171 1
 1637 1749 1745 1777 1
 1576 1853 1513 1987 1
 12 2019 1581 2041 1
 33 1552 1913 2081 1
 349 1764 1535 1768 1
 1532 2214 164 2283 1
 1161 1518 1167 1792 1
 567 1044 1481 2156 1
 1549 1585 1744 1884 1
 69 27 1582 1689 1
 1530 1809 1352 1953 1
 1518 1682 1792 2188 1
 539 1660 968 2203 1
 607 1813 1474 1819 1
 1085 1878 1570 1948 1
 597 225 282 1466 1
 383 1890 1598 1981 1
 1295 1280 1855 1867 1
 40 1330 1087 2070 1
 755 1728 151 1949 1
 861 329 1522 2008 1
 1042 1674 221 1936 1
 897 521 687 1785 1
 1408 1874 1350 1970 1
 1193 1946 1542 2029 1
 375 373 376 2196 1
 604 400 1637 1882 1
 1334 1747 1434 1850 1
 225 1466 597 1842 1
 502 1848 2046 2106 1
 1395 2035 1980 2194 1
 1186 1557 42 1924 1
 1211 1530 1191 1913 1
 1215 1307 1216 1901 1
 1552 1899 33 2114 1
 1506 1677 1415 1984 1
 282 1860 1466 2213 1
 1397 1950 1483 2053 1
 1219 1382 2024 2174 1
 805 520 320 2140 1
 876 744 1580 1870 1
 212 1728 1618 1790 1
 1518 1792 1682 1894 1
 614 1754 1497 1798 1
 575 1572 577 2023 1
 1307 1747 1216 1901 1
 760 1780 1512 1905 1
 1233 1818 2066 2119 1
 701 1609 78 1733 1
 1599 1858 100 1959 1
 418 1625 428 1789 1
 520 1900 320 2140 1
 1310 1745 1484 2102 1
 165 84 855 1889 1
 502 2046 1616 2106 1
 355 324 1726 1956 1
 36 1609 1091 1946 1
 1548 1625 1605 2268 1
 1833 2036 1535 2115 1
 1080 1068 1807 2137 1
 718 2091 719 2140 1
 112 842 149 1897 1
 1690 2029 35 2137 1
 1404 1487 1847 1849 1
 1153 1987 1853 2079 1
 1384 1569 1814 1951 1
 1056 506 2005 2289 1
 1739 2020 1554 2093 1
 1548 1633 1969 2107 1
 1925 1944 1318 2017 1
 718 1658 2091 2140 1
 1624 611 1914 2151 1
 802 1496 124 2058 1
 1715 2027 843 2272 1
 1684 1902 1613 2068 1
 97 1858 1817 2117 1
 1212 1217 1875 1938 1
 1528 1646 1825 1953 1
 1153 1332 1853 1987 1
 993 1495 945 2108 1
 1430 1475 1363 1945 1
 409 1538 1992 2061 1
 324 1791 1610 2008 1
 1438 1395 1698 2194 1
 1581 1899 1552 2029 1
 361 357 358 1896 1
 29 2038 1571 2209 1
 1378 1838 1799 2202 1
 451 1566 2027 2067 1
 1192 1582 43 2134 1
 1530 1712 87 2054 1
 147 1590 1728 1790 1
 1146 1853 1576 2079 1
 304 719 2091 2133 1
 763 1791 1575 2252 1
 830 266 1789 2120 1
 161 1564 847 1840 1
 719 312 1608 2133 1
 1539 1652 1572 1934 1
 477 1784 1627 1967 1
 653 1639 593 1958 1
 691 1578 50 1864 1
 756 1719 1589 2116 1
 1290 1375 1377 1942 1
 485 814 1562 1926 1
 1153 1172 1332 1987 1
 1180 1415 1139 1999 1
 601 582 602 1647 1
 1528 1755 31 1871 1
 1146 1153 1853 2079 1
 1403 1119 1833 2115 1
 357 1768 1487 1896 1
 196 195 1703 1993 1
 461 500 811 1508 1
 961 730 1543 2015 1
 1690 2019 1946 2029 1
 1553 1854 1674 2174 1
 1041 899 808 2027 1
 1344 1465 1822 2100 1
 1809 1825 1646 1953 1
 1476 1697 1254 1788 1
 1628 2147 1970 2181 1
 1205 1550 1217 1938 1
 52 12 690 1806 1
 931 1576 892 1986 1
 1713 1822 1567 2242 1
 1463 1508 1964 1980 1
 1216 1859 1747 2266 1
 468 1775 1529 2165 1
 1200 1462 4 1527 1
 1322 1836 2003 2136 1
 666 1674 175 2088 1
 1513 1987 1853 2100 1
 1054 1602 1831 2231 1
 1572 1762 1603 1829 1
 207 208 206 1505 1
 1524 1721 1770 2258 1
 223 1736 1613 2068 1
 604 400 836 1637 1
 1483 2155 1778 2254 1
 1489 1063 1988 2210 1
 311 1789 1547 2040 1
 58 1794 1582 1963 1
 1489 1887 1063 2210 1
 1613 1736 223 2130 1
 1030 1577 638 2050 1
 96 1837 1545 2179 1
 1118 1717 1130 1898 1
 416 1018 910 1738 1
 654 497 1663 2124 1
 27 26 1582 1963 1
 1553 1854 1221 2022 1
 1084 1948 1911 2014 1
 654 2104 870 2171 1
 1502 1697 1659 1925 1
 1203 1672 1554 2093 1
 1624 1527 2007 2152 1
 13 690 12 1581 1
 1448 2017 1547 2148 1
 850 1004 1760 2099 1
 93 92 1536 1817 1
 1309 1734 1783 1872 1
 830 266 1659 1789 1
 1527 1624 1914 2152 1
 466 736 642 1796 1
 1519 1942 1374 2055 1
 1221 1854 1553 2174 1
 873 2033 1737 2250 1
 239 756 237 1589 1
 1167 1518 1161 2275 1
 144 146 142 1774 1
 1604 1767 197 2088 1
 428 431 828 1879 1
 552 760 1512 1905 1
 204 200 670 2187 1
 494 507 1500 1883 1
 1055 2120 1502 2225 1
 340 339 1707 1778 1
 618 1555 1020 2230 1
 233 1846 1525 2198 1
 655 920 570 1732 1
 1488 1723 1330 2070 1
 1644 1694 1574 1801 1
 473 262 1614 1991 1
 995 2010 1464 2068 1
 1381 1243 1631 1779 1
 1049 1894 1495 2146 1
 1276 1270 1271 1812 1
 1586 1375 1716 1942 1
 1542 1772 75 2019 1
 1597 1776 1664 1918 1
 789 518 892 1852 1
 1379 1574 1801 2177 1
 1625 1944 1925 2017 1
 1046 1484 731 2135 1
 847 161 145 1564 1
 848 745 1063 1489 1
 212 227 1618 1728 1
 300 290 2215 2247 1
 808 899 1711 2027 1
 842 1744 112 2057 1
 1323 1212 1875 1938 1
 1408 1116 1520 1978 1
 1608 1551 1900 2140 1
 1346 1408 1350 1970 1
 810 1556 413 2129 1
 672 674 902 1559 1
 816 1691 1887 2218 1
 1827 1917 1664 1918 1
 870 654 497 2104 1
 1533 1671 1534 2084 1
 1700 1914 1543 2015 1
 1429 1950 1397 2053 1
 842 1771 1585 2057 1
 395 2049 1574 2282 1
 1408 1520 1116 1869 1
 1780 1993 1499 2217 1
 731 2111 1484 2234 1
 36 1824 1609 1946 1
 1417 1293 1367 2142 1
 1312 1421 1419 1912 1
 1077 1521 1071 1990 1
 1511 1711 1478 1929 1
 992 686 685 1533 1
 1189 1934 1486 1954 1
 387 1598 386 1962 1
 1378 1799 1505 2202 1
 1276 1277 1740 1786 1
 1071 1521 1077 1911 1
 1042 717 221 1674 1
 947 1914 613 2187 1
 1488 1864 60 2204 1
 1291 1249 1611 2244 1
 1624 2007 1700 2152 1
 1291 1611 1249 2047 1
 595 1720 707 1820 1
 1085 1570 1120 2048 1
 523 944 1620 2228 1
 1451 1782 2048 2073 1
 42 1557 1186 1990 1
 1106 1341 1140 1985 1
 707 1820 1521 2260 1
 1583 1505 1915 2063 1
 1169 1450 1297 1497 1
 377 376 373 1644 1
 371 1687 892 1727 1
 606 1028 1996 2107 1
 1615 1747 1859 2266 1
 1448 1749 1547 2017 1
 227 212 1618 1790 1
 395 384 1933 2282 1
 1206 1373 1872 1965 1
 1166 1495 1391 1857 1
 1743 2070 1390 2270 1
 1494 1895 1045 1932 1
 1286 1281 2069 2184 1
 1510 1696 1494 1907 1
 1231 1920 2066 2123 1
 1366 1714 1472 1823 1
 1614 1991 262 2166 1
 481 1028 1059 2107 1
 1448 1547 1749 2148 1
 587 1014 1742 1962 1
 1040 1846 1476 2112 1
 364 706 978 1896 1
 1238 1568 1242 1940 1
 801 1034 1671 2084 1
 1517 2048 1878 2273 1
 50 691 20 1578 1
 1506 1726 754 1861 1
 853 1958 1470 2232 1
 1549 1760 1744 2251 1
 1471 1779 1457 2047 1
 992 2061 1533 2084 1
 1469 1739 1301 1997 1
 300 290 307 2215 1
 1228 1816 1477 1920 1
 252 898 1498 2190 1
 1508 1844 811 2193 1
 395 1933 2049 2282 1
 1890 1962 1598 2067 1
 587 1742 1612 1962 1
 1308 1579 1373 1891 1
 431 1600 828 1879 1
 965 784 1605 2049 1
 1613 1299 2039 2080 1
 731 1484 2111 2135 1
 1522 1835 1157 1857 1
 1278 1523 1342 2195 1
 58 1582 1794 1795 1
 449 890 823 1653 1
 1893 2018 1416 2201 1
 85 1737 1530 2206 1
 40 41 1723 1924 1
 656 883 971 2280 1
 1205 1351 1550 1809 1
 339 1778 2155 2254 1
 1450 1169 1456 1700 1
 789 1576 931 2050 1
 1079 1069 1076 1881 1
 1585 1477 1920 2075 1
 1032 1475 653 2130 1
 1541 1982 286 2060 1
 450 1567 1713 1996 1
 1578 1770 50 1864 1
 1177 1935 1465 1969 1
 790 1713 1633 2107 1
 343 344 342 1988 1
 134 1976 1523 2163 1
 1600 1944 1561 2096 1
 1647 2108 1495 2146 1
 1984 1999 1506 2243 1
 111 2057 1549 2222 1
 218 2078 1470 2167 1
 1570 1896 1686 2286 1
 1755 1917 1827 1918 1
 505 906 2099 2246 1
 468 469 448 2162 1
 1474 1819 1747 1901 1
 141 1558 466 1949 1
 1494 1902 1684 2175 1
 848 1729 1489 1988 1
 182 1757 193 2192 1
 1608 2091 719 2133 1
 1586 1765 463 1908 1
 1620 1672 1554 1998 1
 1571 2109 1863 2143 1
 1589 1942 1375 2004 1
 1515 2036 1937 2257 1
 706 1686 658 2046 1
 1354 1265 1252 1563 1
 228 1583 211 1885 1
 233 235 1846 2198 1
 488 1964 1660 2005 1
 1080 1954 1189 2137 1
 1040 664 991 2112 1
 766 1701 945 1894 1
 466 141 736 1558 1
 410 1852 454 2235 1
 111 2222 1549 2251 1
 1127 1500 1724 1874 1
 1053 717 1553 1817 1
 1488 1828 60 1864 1
 1032 180 1475 2130 1
 1421 1884 1740 2191 1
 187 1993 1780 2217 1
 93 1817 1536 2033 1
 1538 2014 1108 2059 1
 940 1000 1916 2071 1
 58 69 1582 1795 1
 678 979 1668 2002 1
 1417 1777 1473 2142 1
 1723 1390 2070 2270 1
 428 418 427 1625 1
 588 594 589 1820 1
 1465 1996 1693 2235 1
 1293 1892 1367 2142 1
 624 1053 1553 2277 1
 978 1896 1501 2122 1
 1512 1993 760 2240 1
 1120 1878 1131 2048 1
 779 381 314 2051 1
 1290 1942 1586 2168 1
 1507 1843 1096 1910 1
 1435 1325 1545 2022 1
 1072 1196 1573 1957 1
 285 1661 596 1798 1
 1700 1914 1624 2152 1
 512 292 279 1746 1
 1305 1749 1605 1928 1
 1296 1532 2110 2158 1
 681 1521 1963 2260 1
 1878 2048 1570 2273 1
 1204 1756 1468 1826 1
 1365 1105 1118 1898 1
 1451 2048 1517 2073 1
 1064 610 614 2151 1
 1537 1731 737 2269 1
 792 1748 1544 1844 1
 767 769 948 1682 1
 1853 1987 1576 2079 1
 96 1545 1750 2179 1
 847 1654 818 1840 1
 198 670 200 1596 1
 1257 1940 1583 2202 1
 1072 1573 1196 1769 1
 477 1627 508 1967 1
 1060 1471 1780 1905 1
 594 1820 1534 2084 1
 1235 1457 2047 2119 1
 687 1673 45 1828 1
 730 1035 961 1543 1
 1745 1749 1637 2148 1
 689 1904 1652 1971 1
 1689 1831 1571 1974 1
 211 210 1885 2063 1
 352 1715 353 1768 1
 361 358 1839 1896 1
 1340 1843 1507 2288 1
 1514 1771 1678 1856 1
 1845 1882 1473 1928 1
 1596 1767 198 2015 1
 1552 1581 2029 2041 1
 206 994 1703 1915 1
 1149 1487 1849 2048 1
 1495 2000 945 2108 1
 1030 1577 1778 2239 1
 1221 1553 1223 2174 1
 91 1536 92 2086 1
 174 1975 2012 2279 1
 1612 1742 587 2147 1
 744 743 1580 2233 1
 910 2140 1491 2181 1
 1524 1770 1620 1821 1
 1549 1740 1884 2191 1
 559 1903 2186 2197 1
 1297 1497 1450 1700 1
 602 1647 582 2211 1
 1521 1820 1720 1911 1
 1034 1534 588 2046 1
 1007 216 889 2030 1
 653 180 835 1475 1
 1392 1307 1215 1826 1
 1476 1730 664 1921 1
 1254 1880 1476 2126 1
 326 1551 320 1900 1
 4 1755 2001 2152 1
 1499 1931 1758 1993 1
 1466 1827 597 1842 1
 793 895 798 1748 1
 1659 1925 1789 2120 1
 1107 1565 1115 1978 1
 1678 1856 1771 2057 1
 1911 2014 1533 2101 1
 1242 1568 1238 2044 1
 570 457 1776 2085 1
 1513 1727 1576 1987 1
 1564 1840 161 2246 1
 463 1000 940 2071 1
 200 198 1596 2167 1
 1765 1908 1519 1968 1
 81 1588 1794 2226 1
 620 989 1045 2175 1
 177 181 1666 2160 1
 736 1558 141 1955 1
 1128 1500 1999 2243 1
 34 35 2029 2137 1
 450 548 517 1567 1
 1267 1485 1743 1851 1
 570 1776 1597 2085 1
 865 2154 1922 2263 1
 1267 1743 1485 2020 1
 33 1552 1093 1913 1
 1758 1931 1512 1993 1
 1384 1888 1569 1951 1
 1613 1838 1299 2080 1
 1605 1882 1845 1928 1
 1308 1734 1579 1891 1
 1164 2007 1546 2159 1
 228 255 211 1915 1
 1539 1829 1427 1934 1
 1571 1831 1689 2173 1
 1580 1775 876 1870 1
 1046 1484 1991 2234 1
 1380 1508 1124 1980 1
 1091 1609 1888 1951 1
 1641 2030 1512 2047 1
 1196 1769 1573 1800 1
 1546 1725 1624 2016 1
 1644 1727 377 2220 1
 1550 1217 1938 2087 1
 1917 1994 1531 2089 1
 317 2051 318 2252 1
 272 270 271 2262 1
 1839 1849 1570 1896 1
 1548 1793 915 2149 1
 409 1992 1649 2061 1
 1291 1611 2136 2244 1
 91 93 92 1536 1
 1305 1928 1605 2103 1
 502 696 1616 2046 1
 1612 2072 1970 2147 1
 1603 1829 1126 2170 1
 145 1564 161 2246 1
 1030 638 1577 2239 1
 69 27 1689 1831 1
 961 613 947 1914 1
 739 1959 101 2062 1
 899 1479 844 2186 1
 640 2082 1927 2160 1
 516 2118 1735 2285 1
 1679 1812 1786 1851 1
 670 1596 198 2015 1
 1483 1778 1707 2254 1
 157 1733 1569 1821 1
 1510 1977 271 2262 1
 1649 1680 1533 1769 1
 180 1736 1475 2130 1
 690 1581 13 2019 1
 1598 1962 387 2072 1
 902 672 1559 2064 1
 1217 1550 1351 1854 1
 1221 2087 1854 2174 1
 1421 1549 1740 1884 1
 1322 1558 1836 2136 1
 1177 1155 1822 2242 1
 994 196 195 1703 1
 334 1815 335 2155 1
 965 625 1845 1882 1
 1563 1790 1618 2200 1
 29 1571 2173 2209 1
 1605 1845 965 2049 1
 223 1613 1902 2068 1
 1799 1838 1505 2202 1
 29 64 2038 2209 1
 1762 1881 1076 2056 1
 1545 1747 1334 1850 1
 1136 1144 1369 2036 1
 1641 2126 1618 2244 1
 1229 1920 1228 2075 1
 1628 2037 1658 2181 1
 640 1477 1771 2082 1
 1358 2026 1594 2174 1
 1476 1846 1040 1947 1
 1484 1745 1247 1777 1
 1167 1704 1166 1792 1
 971 883 713 1706 1
 1517 1893 1131 2073 1
 1486 1807 1642 2032 1
 1574 2025 389 2282 1
 1674 1854 1553 2033 1
 1594 1936 492 1966 1
 687 521 45 1673 1
 674 1559 1806 2032 1
 638 1852 788 2050 1
 1341 1847 1501 1849 1
 743 1764 1580 2233 1
 1464 1799 1407 1838 1
 461 500 1508 1808 1
 383 1738 369 1981 1
 1479 1929 1711 2073 1
 1526 2012 1975 2279 1
 1583 1885 1621 2063 1
 490 644 559 2186 1
 996 1637 1039 1882 1
 512 1746 279 2064 1
 1630 1734 1510 1907 1
 441 1662 824 1995 1
 152 1761 1504 1897 1
 739 1648 911 2094 1
 1579 1872 1373 1965 1
 1539 1934 1427 1954 1
 1501 1847 1140 1985 1
 1512 1780 760 1993 1
 1223 1553 1221 2022 1
 427 1625 418 2040 1
 1085 1108 1878 1948 1
 744 1580 743 1764 1
 1206 1169 1297 1497 1
 463 1052 1000 1586 1
 602 1495 2108 2146 1
 1705 1860 291 2207 1
 1615 1530 1859 1901 1
 898 2031 1498 2221 1
 1182 1418 1361 1759 1
 1476 1563 1880 1921 1
 1520 1869 1408 1999 1
 961 1035 936 1914 1
 1628 1970 1910 2037 1
 275 1592 277 2154 1
 592 1032 653 2130 1
 1629 1916 1000 1952 1
 1219 2024 1555 2174 1
 873 168 2033 2250 1
 1660 1964 487 2193 1
 1502 1797 913 1968 1
 1464 951 1975 2021 1
 1044 1834 1481 2156 1
 1516 1606 1995 2218 1
 1538 1671 1570 2014 1
 165 524 1813 1889 1
 1474 1747 1819 1826 1
 1304 1548 1439 2103 1
 816 891 444 2218 1
 227 1618 564 1790 1
 1477 1816 1228 2026 1
 1465 1713 1822 1996 1
 726 877 402 1971 1
 225 1466 1842 2213 1
 624 1553 717 1936 1
 418 1625 1789 2040 1
 115 120 121 1472 1
 1643 1851 2195 2270 1
 1510 1939 271 1977 1
 1570 1671 1538 1866 1
 1425 1884 1631 2119 1
 449 890 1653 2083 1
 1665 1761 1504 2012 1
 1471 1779 1631 2119 1
 1483 1397 1898 1950 1
 1551 1608 2074 2140 1
 1702 1973 1473 2176 1
 1271 1786 1812 1851 1
 1257 2105 2180 2202 1
 26 58 1582 1963 1
 1138 1984 1537 2243 1
 1935 1944 1633 2268 1
 1077 1911 1521 1990 1
 687 63 897 1573 1
 10 2041 1688 2161 1
 403 387 386 1962 1
 989 476 1895 2189 1
 1483 1717 1130 2053 1
 1624 1914 1700 2151 1
 1418 2089 1492 2090 1
 1403 1833 1580 1847 1
 1927 2082 1477 2160 1
 1562 1288 1763 2255 1
 125 1735 160 1832 1
 1611 1728 755 1949 1
 125 802 160 1735 1
 980 1861 872 2253 1
 923 1680 63 1699 1
 1202 1888 1524 2043 1
 218 1470 2078 2232 1
 1599 1514 1959 2062 1
 1507 1910 1096 2034 1
 850 1004 956 1760 1
 1642 1807 1486 1954 1
 840 229 214 1873 1
 343 340 851 1707 1
 1000 1586 1052 1952 1
 1564 1818 1654 2119 1
 294 1507 1983 2207 1
 1652 1904 1486 1971 1
 1071 1521 1911 2172 1
 1323 1938 1875 2152 1
 876 1580 744 2122 1
 690 1904 1581 2019 1
 1529 2076 1402 2109 1
 1039 1882 1637 1973 1
 216 1611 889 2030 1
 1493 1348 2191 2284 1
 1063 1489 745 1887 1
 198 1767 1596 2167 1
 1279 1280 1295 1867 1
 1285 1562 1710 2139 1
 891 1887 444 2218 1
 1611 2030 1641 2047 1
 588 1034 594 1534 1
 1317 1854 1859 2266 1
 1168 1872 1541 2016 1
 271 1895 270 1939 1
 1358 1816 1594 2026 1
 1450 1456 1445 1700 1
 164 1804 1676 2214 1
 879 1742 465 1903 1
 1599 1823 1648 2069 1
 1483 1130 1717 1898 1
 1099 2037 1970 2141 1
 138 136 1669 1766 1
 147 1590 1790 2271 1
 93 717 716 1817 1
 1272 1722 1343 1997 1
 548 1567 450 1996 1
 842 900 759 1761 1
 495 1693 638 2239 1
 1686 1709 1501 1849 1
 1586 1942 1716 2071 1
 719 1608 312 2140 1
 1476 1921 664 2112 1
 1408 1346 1116 1978 1
 1466 1755 1073 1917 1
 1391 1495 1166 2009 1
 1723 2070 1743 2270 1
 1501 1106 1709 1985 1
 1351 1550 1809 1854 1
 1572 1652 1539 1941 1
 312 1900 1608 2133 1
 1512 1931 1780 1993 1
 1469 2104 1751 2261 1
 1308 1442 1734 1891 1
 905 999 1617 1866 1
 174 782 1975 2279 1
 899 1711 1479 2186 1
 1193 1542 1946 1951 1
 416 1018 1738 2072 1
 492 491 1927 2160 1
 814 1926 415 2176 1
 320 1551 326 2267 1
 1602 1716 1422 2158 1
 1309 1734 1592 1783 1
 1600 1862 1502 1925 1
 534 87 89 1712 1
 664 1730 1476 1947 1
 1018 1491 2072 2181 1
 1690 1581 2019 2029 1
 1511 1711 1566 2067 1
 12 13 1581 2019 1
 1571 1974 1831 2173 1
 25 1557 24 1794 1
 685 1533 686 1680 1
 465 879 1014 1742 1
 1722 1812 1496 1997 1
 222 1975 1736 2068 1
 1500 1874 1127 1999 1
 1405 2017 1448 2148 1
 36 1824 1509 2236 1
 1053 717 624 1553 1
 816 1887 891 2218 1
 1586 1377 2076 2143 1
 1504 1818 1232 2123 1
 1502 1968 913 2225 1
 731 2111 1675 2135 1
 1609 1569 1888 1951 1
 1584 1695 1289 2168 1
 1081 1559 1068 2011 1
 1426 1734 1510 2138 1
 56 2002 1552 2161 1
 48 1689 27 1831 1
 1538 408 1808 1866 1
 56 929 2002 2161 1
 1431 1781 1475 1923 1
 1085 1849 1570 2048 1
 16 1772 1979 2287 1
 1576 1986 931 2050 1
 104 739 101 2062 1
 445 1691 435 1713 1
 1619 1795 1582 1831 1
 147 144 1590 2271 1
 1611 1590 2136 2244 1
 889 1611 519 1905 1
 1611 1905 889 2030 1
 1378 1505 1799 1940 1
 1126 1762 1603 1980 1
 1393 1321 1596 1943 1
 1375 1376 1422 1716 1
 895 1566 798 1748 1
 1540 1836 1774 2003 1
 1611 1728 1590 2244 1
 152 1897 1504 2132 1
 730 1757 1543 2015 1
 1493 1836 1348 2284 1
 1780 1931 1499 1993 1
 134 1523 171 2163 1
 349 742 347 1764 1
 1600 1925 1502 2120 1
 1361 1759 1803 2274 1
 1675 2111 1484 2135 1
 1737 2033 1550 2250 1
 1103 2073 1356 2092 1
 560 915 1793 2149 1
 75 76 78 1733 1
 91 93 1536 2033 1
 1498 2031 1885 2166 1
 808 1711 807 2067 1
 1709 1848 1529 2109 1
 1622 1845 813 2176 1
 251 1754 1579 2078 1
 1608 1900 312 2140 1
 1261 2039 1273 2080 1
 1103 1109 1356 2073 1
 1346 1970 1910 1978 1
 719 304 312 2133 1
 1220 1943 1218 2087 1
 1352 1809 1530 1859 1
 1864 1998 616 2204 1
 1538 394 1866 2061 1
 1476 1563 1921 2112 1
 1495 1792 1701 1857 1
 1742 1874 1520 2147 1
 798 1566 451 2067 1
 1219 1220 1218 2087 1
 1093 1901 1913 2114 1
 3 1716 1198 1974 1
 481 1028 2107 2235 1
 1501 1709 1686 1848 1
 1559 1899 1068 2011 1
 722 1939 954 2219 1
 1742 1874 1500 1883 1
 1600 1925 1625 1944 1
 354 744 1764 1768 1
 331 329 1731 1986 1
 1554 1672 1203 2020 1
 1496 1886 124 2058 1
 937 1048 635 2005 1
 1380 1124 1508 2131 1
 913 1797 1502 2120 1
 99 100 1858 1959 1
 38 1524 1881 2043 1
 192 1827 1527 2223 1
 402 306 726 2133 1
 1248 1810 1945 2123 1
 1551 1900 326 2153 1
 1339 1203 2020 2093 1
 1494 1696 1510 1932 1
 1510 1494 1895 1907 1
 638 1693 495 1852 1
 1633 2107 1548 2149 1
 1655 2036 1515 2257 1
 1716 1942 1589 2071 1
 357 352 353 1768 1
 890 966 554 1797 1
 1233 1818 1232 2066 1
 233 2198 1525 2278 1
 10 56 2041 2161 1
 876 1775 1580 2122 1
 395 1574 389 2282 1
 1720 1911 1820 2084 1
 1317 1854 1351 1859 1
 1822 1853 1143 2100 1
 413 1556 396 2025 1
 1243 1425 1631 2119 1
 816 1691 517 1887 1
 813 1845 1622 2025 1
 996 1039 1637 1973 1
 1548 2107 1793 2149 1
 1517 2048 1782 2073 1
 256 165 1753 2124 1
 1511 1962 404 2067 1
 1373 1891 1579 1965 1
 1053 2117 1553 2277 1
 1468 1756 1542 1889 1
 1266 1467 1697 2148 1
 1497 1754 1064 2187 1
 1371 1799 1407 2006 1
 332 1986 1623 2050 1
 1548 1969 1793 2107 1
 1379 1694 1574 2103 1
 1281 1906 1599 2184 1
 505 906 642 2099 1
 66 1825 1530 2054 1
 494 1500 507 2256 1
 625 1845 1882 2176 1
 1304 1439 1548 2268 1
 157 1569 654 2171 1
 1518 1792 1161 2188 1
 705 1772 1609 1979 1
 183 666 175 2088 1
 1554 2020 1739 2097 1
 792 1844 1544 2276 1
 1444 1371 1407 2006 1
 37 1524 1824 1881 1
 3 1571 1716 1974 1
 572 1056 907 2005 1
 1090 2034 1807 2288 1
 1124 1698 1508 2131 1
 1305 1605 1749 2017 1
 1534 1911 1084 1948 1
 1628 1910 1658 2037 1
 1473 1882 1845 2176 1
 1358 1224 2026 2174 1
 1331 1863 2109 2143 1
 1374 1942 1519 2004 1
 168 2192 2033 2250 1
 837 1492 1919 2051 1
 1970 2037 1491 2141 1
 201 2078 218 2167 1
 223 1902 1029 2068 1
 1541 1798 1661 2060 1
 103 1959 1514 2062 1
 1479 1805 1655 2145 1
 1412 1470 1781 2205 1
 226 228 211 1885 1
 830 829 266 2120 1
 564 1790 1618 2112 1
 1488 1864 1672 1957 1
 1266 1254 1697 1788 1
 1376 1589 1375 2004 1
 1494 1510 1895 1932 1
 316 1565 1983 2169 1
 494 645 507 1883 1
 1768 1896 357 2122 1
 452 1706 901 2227 1
 1729 1937 1515 2036 1
 1620 1672 1998 2043 1
 1383 1788 1745 2102 1
 1613 1684 1494 1902 1
 1640 1499 1818 2006 1
 1308 1373 1579 1872 1
 1521 1863 1071 1990 1
 1497 1700 1596 2187 1
 1634 1706 776 2227 1
 1566 1711 1511 2092 1
 1582 1619 1831 2199 1
 177 1666 1665 2160 1
 1325 1545 2022 2266 1
 884 1669 135 1976 1
 482 1662 1952 2083 1
 1534 1820 588 2046 1
 386 1598 383 1890 1
 1369 1833 1119 2036 1
 1218 1943 1604 2087 1
 1024 2049 1548 2149 1
 441 447 824 1662 1
 888 1602 1719 2116 1
 1237 1499 1758 1799 1
 1481 1804 567 1811 1
 510 615 511 1973 1
 294 1507 2207 2249 1
 477 508 1784 1967 1
 685 992 1533 2084 1
 1600 1653 1561 1879 1
 795 2027 1748 2273 1
 1161 1518 2188 2275 1
 1147 1537 1138 1984 1
 419 1787 421 1815 1
 1411 1930 1179 2113 1
 888 1719 1602 2283 1
 299 300 2052 2247 1
 1615 1712 1530 1901 1
 1616 2046 1848 2106 1
 1559 1806 1486 2137 1
 856 560 1793 2149 1
 2212 2224 1528 2245 1
 1517 1748 1893 2073 1
 594 1534 1034 2084 1
 1595 1184 1801 2009 1
 56 1552 2002 2041 1
 1323 1393 1700 1875 1
 227 564 212 1790 1
 228 1991 1583 2166 1
 1086 1951 1756 2029 1
 858 1787 1537 1956 1
 1530 1191 1913 1953 1
 1564 1744 145 1897 1
 237 1868 1589 1873 1
 839 1632 214 2271 1
 1611 1796 1779 1949 1
 518 410 832 1727 1
 324 323 1791 2008 1
 163 160 1735 1832 1
 1093 1913 1552 2114 1
 756 1589 239 2071 1
 1154 1595 1857 2009 1
 1774 1836 1558 2003 1
 1250 1354 2126 2244 1
 1551 2074 1738 2140 1
 1116 1869 1520 1978 1
 1157 1522 1406 2095 1
 1296 1532 2158 2237 1
 934 910 1018 2181 1
 1594 1816 1666 2160 1
 415 813 1622 2025 1
 115 106 108 1678 1
 856 1793 2107 2149 1
 1567 1822 1713 1996 1
 1279 1540 1836 1867 1
 1154 1595 1801 1987 1
 1459 1321 1943 1965 1
 109 2057 111 2222 1
 575 1008 577 1572 1
 1906 2022 1545 2117 1
 1479 1711 1566 2073 1
 275 277 1592 2219 1
 1736 1975 1810 2068 1
 1478 1711 1511 1903 1
 1286 1245 1281 2184 1
 1504 2066 1920 2123 1
 1544 2018 1893 2201 1
 1490 1751 1648 2094 1
 1034 658 1686 2046 1
 311 400 417 2040 1
 570 1597 779 2085 1
 1522 1773 1406 2095 1
 398 792 1748 1890 1
 562 164 563 2283 1
 986 2104 583 2261 1
 1387 1620 1202 2043 1
 1125 1389 1572 2056 1
 1472 1722 1343 1912 1
 1573 1699 1488 1828 1
 1481 1855 1394 2195 1
 36 1509 1824 1946 1
 943 692 1524 1770 1
 842 772 1771 2057 1
 1807 2034 1507 2288 1
 995 478 951 2010 1
 92 1536 1837 2086 1
 534 1712 89 2281 1
 348 350 349 1805 1
 1494 1932 1045 2175 1
 1296 2158 1315 2237 1
 1757 1875 1604 1938 1
 1495 1391 1857 2009 1
 500 811 1508 1844 1
 732 1676 561 1804 1
 504 1820 696 2046 1
 1538 1570 1878 2014 1
 233 232 2198 2278 1
 1257 2105 1258 2180 1
 32 1871 1591 1953 1
 1489 1937 1729 2036 1
 1361 1803 1759 2159 1
 790 857 1713 2107 1
 1275 1345 1426 2138 1
 526 1653 527 2120 1
 1497 1700 1624 2016 1
 31 1528 1871 1953 1
 1121 1878 1698 2131 1
 29 693 64 2209 1
 1539 1954 1427 2164 1
 111 1744 1549 2057 1
 1720 1990 1911 2101 1
 100 1750 98 1858 1
 1266 1383 1254 1788 1
 1539 2133 1954 2164 1
 1720 1557 1990 2101 1
 1448 1749 1313 2148 1
 1537 737 1956 2269 1
 1525 1788 1251 2264 1
 252 1498 1885 2190 1
 490 1711 644 2186 1
 1585 1771 1477 2075 1
 402 1900 1539 1941 1
 1505 1940 1378 2202 1
 1582 2134 1619 2199 1
 1561 1930 1935 2242 1
 463 1765 1586 2071 1
 186 188 187 2217 1
 1316 2069 1841 2098 1
 1160 2188 1159 2274 1
 1605 2017 1305 2103 1
 1131 1185 1451 2073 1
 183 1604 2088 2192 1
 1582 1689 1521 1990 1
 1277 1298 1740 2191 1
 27 26 69 1582 1
 25 682 24 1557 1
 769 1518 959 1982 1
 656 1732 1531 2280 1
 1581 2019 1668 2041 1
 1159 1792 1575 2188 1
 645 460 1021 1742 1
 1494 1902 1895 2189 1
 1591 2054 702 2161 1
 1618 2112 1563 2126 1
 1427 1829 1539 2164 1
 1082 1863 1616 2109 1
 228 752 1718 1991 1
 1120 1131 1451 2048 1
 164 561 1676 1804 1
 526 828 431 1600 1
 78 701 705 1609 1
 1567 2013 1937 2210 1
 794 1617 999 2273 1
 1608 1954 1642 2133 1
 1565 2169 316 2227 1
 803 1839 1570 2286 1
 552 760 474 2240 1
 1468 1542 1756 1951 1
 1225 2020 1267 2097 1
 519 1611 755 1949 1
 1242 1568 2044 2248 1
 1929 2073 1479 2145 1
 1937 2013 1489 2210 1
 34 1335 33 1899 1
 1583 1621 2180 2202 1
 1241 2126 1251 2264 1
 1511 2092 1103 2157 1
 805 1738 320 2267 1
 1607 1958 557 2232 1
 1115 1565 1961 1978 1
 278 2154 865 2263 1
 1108 1538 1878 2014 1
 408 1538 394 1866 1
 1550 2033 2192 2250 1
 1509 1946 36 2236 1
 239 1765 1589 1868 1
 1609 1821 55 1979 1
 1398 2014 1911 2101 1
 977 1044 741 1834 1
 1709 1849 1686 1948 1
 1311 2065 1763 2177 1
 745 1489 1764 2233 1
 473 1614 1973 1991 1
 527 1653 890 1797 1
 1536 1817 92 1837 1
 1159 2188 1575 2274 1
 1212 1323 1197 1938 1
 649 482 1952 2083 1
 1549 1585 1856 2057 1
 1649 1992 1538 2061 1
 126 986 826 1752 1
 1288 1892 1562 2139 1
 635 1785 937 2005 1
 1494 1684 1613 2080 1
 1447 1856 1823 1912 1
 1177 1399 1969 2100 1
 1596 1767 1604 1943 1
 43 1089 1582 1974 1
 386 1890 383 1981 1
 1254 1476 1788 2126 1
 1296 1532 1855 2110 1
 37 1091 1824 1888 1
 988 1480 1819 2179 1
 1557 1186 1990 2101 1
 1128 1717 1500 2243 1
 1596 1604 1875 1943 1
 1276 1722 1740 1912 1
 696 1820 1616 2046 1
 1211 1859 1530 1913 1
 1064 2151 1497 2187 1
 1109 2073 1929 2145 1
 1616 1848 1709 2109 1
 134 135 1669 1976 1
 1561 1653 1600 2096 1
 810 2129 881 2196 1
 311 264 1659 1789 1
 1278 1867 1523 2195 1
 1650 2104 1802 2171 1
 606 1996 1713 2107 1
 1553 1223 2174 2241 1
 827 1684 209 2010 1
 1579 1734 1661 1939 1
 1943 2024 1639 2088 1
 1487 1849 1839 1896 1
 429 430 428 1879 1
 1024 1548 915 2149 1
 1440 1830 2200 2237 1
 1672 1864 1578 1957 1
 1271 1786 1503 1812 1
 721 1939 1630 2078 1
 1814 1826 1468 1841 1
 73 81 1588 1794 1
 1541 1798 1497 1872 1
 1684 2010 1505 2063 1
 1239 1641 1241 2264 1
 1454 1178 1157 1857 1
 1607 1907 1494 2039 1
 441 1662 1995 2165 1
 1583 1885 228 2166 1
 1563 1830 1632 2200 1
 1495 1704 1647 2146 1
 1385 1569 1802 1814 1
 912 1683 1646 2245 1
 1620 1821 523 2171 1
 1523 1851 1342 2195 1
 244 735 236 1846 1
 300 308 1670 2085 1
 1018 2072 556 2181 1
 7 2224 2212 2245 1
 1582 1831 1974 2199 1
 104 101 1959 2062 1
 552 2030 1512 2240 1
 1529 1848 469 2106 1
 1778 1950 1515 2183 1
 269 1630 721 1939 1
 622 523 944 1821 1
 100 1750 1599 2094 1
 1475 1781 1431 2024 1
 1418 1759 1492 2089 1
 1336 1710 1592 2138 1
 1716 2116 1719 2158 1
 1586 2076 1377 2168 1
 1552 1913 1901 2114 1
 1588 1743 1723 2070 1
 12 677 13 2019 1
 1309 1308 1734 1872 1
 1436 1301 1455 2098 1
 1610 1726 1560 1791 1
 707 595 975 1720 1
 216 894 1728 2030 1
 1930 2013 1516 2229 1
 1466 1827 1755 1917 1
 1533 1534 1911 2084 1
 300 1670 309 2052 1
 1609 1772 1509 2287 1
 1595 1154 1857 2079 1
 178 1666 180 2279 1
 1301 1436 1802 2098 1
 1606 1653 1584 2083 1
 1456 1164 2007 2016 1
 1199 1755 1462 1918 1
 1542 1946 2019 2029 1
 1138 1717 1537 2053 1
 1594 1927 492 2277 1
 502 1616 696 2106 1
 1114 1843 1565 1910 1
 141 1774 1558 1949 1
 1176 1935 1930 2242 1
 1107 1346 1910 1978 1
 1602 1716 1571 1974 1
 1100 1708 1598 2201 1
 705 16 1772 1979 1
 1542 1733 1468 1889 1
 463 1052 1586 1908 1
 1648 1751 1714 1752 1
 1227 1228 2026 2075 1
 188 186 2021 2217 1
 41 1186 42 1924 1
 406 987 1520 2147 1
 322 355 324 1726 1
 1566 2073 1929 2092 1
 298 2091 1507 2249 1
 1146 1576 1152 2079 1
 214 1632 839 1790 1
 839 1790 1632 2271 1
 517 1567 548 2210 1
 637 1902 620 2175 1
 595 1720 1820 2084 1
 1566 1511 2067 2092 1
 1558 1796 466 1949 1
 1526 1945 1810 2123 1
 1624 1776 867 2215 1
 1609 1733 1569 1951 1
 1107 1910 1565 1978 1
 1537 1717 1138 2243 1
 1554 2020 1203 2093 1
 794 792 797 1844 1
 567 1481 1811 2156 1
 965 1882 1605 2040 1
 794 1748 792 1844 1
 1334 1307 1434 1747 1
 492 1936 1594 2277 1
 1451 1185 1782 2073 1
 539 1660 487 2193 1
 1501 1580 1847 1985 1
 886 1584 966 2083 1
 451 808 807 2067 1
 3 1716 1571 2143 1
 208 1505 207 2063 1
 1025 852 972 2197 1
 649 1952 1584 2083 1
 1534 1948 1671 2014 1
 1184 1595 1154 2009 1
 1393 1596 1321 1965 1
 1495 1704 1518 1792 1
 1230 1920 1231 2123 1
 702 1591 9 2224 1
 1556 1801 1647 2196 1
 1480 2179 988 2265 1
 27 1963 1689 2260 1
 1875 1938 1543 2152 1
 1200 2007 1527 2152 1
 1541 1872 1497 2016 1
 1274 1261 1907 2039 1
 1701 1835 1522 1857 1
 831 342 1988 2239 1
 1108 1878 1948 2014 1
 468 1775 541 1848 1
 1711 1929 1566 2073 1
 1189 1074 1690 1934 1
 1617 1808 905 1866 1
 72 70 69 1795 1
 1638 1717 1500 1724 1
 1659 1925 1697 2148 1
 1323 1197 1938 2152 1
 244 249 1909 2111 1
 1053 1817 1553 2117 1
 1097 1910 1346 1970 1
 611 1624 867 2151 1
 1768 1847 1580 2115 1
 1583 2180 2105 2202 1
 1135 1134 1106 1985 1
 1490 1814 1753 1841 1
 1841 2069 1490 2098 1
 269 219 721 1630 1
 653 1032 180 1475 1
 254 244 249 1909 1
 1494 1907 1607 2189 1
 332 1731 1623 1986 1
 1234 1499 1818 1931 1
 305 1971 1642 2032 1
 905 999 797 1617 1
 686 806 1649 2061 1
 439 1606 437 2218 1
 1243 1779 1457 2119 1
 1534 1083 1709 1948 1
 216 755 1611 1728 1
 84 1733 165 2124 1
 936 1035 57 1914 1
 1251 2126 1525 2264 1
 745 1887 1489 2233 1
 1505 2010 207 2063 1
 682 684 923 1680 1
 1154 1595 1184 1801 1
 383 386 387 1598 1
 1497 1872 1206 2016 1
 26 58 69 1582 1
 1349 2089 1418 2090 1
 1187 2059 1452 2101 1
 692 1770 1721 2258 1
 20 45 79 1673 1
 521 1673 1785 2005 1
 135 136 134 1669 1
 148 839 214 2271 1
 1807 2032 1746 2249 1
 32 1591 1913 1953 1
 1456 2007 1624 2016 1
 451 1566 895 2027 1
 1607 557 2189 2232 1
 236 233 235 1846 1
 557 1902 1607 2189 1
 1486 1690 1652 1934 1
 1433 1379 1574 2103 1
 1039 625 1473 2176 1
 433 823 1653 2121 1
 1093 1913 32 2081 1
 1616 2109 1571 2209 1
 1582 1974 2134 2199 1
 22 946 23 1699 1
 1239 2044 1641 2264 1
 362 361 1839 1896 1
 386 383 382 1981 1
 1549 1744 1585 2057 1
 1712 2002 929 2161 1
 1483 1950 1778 2155 1
 1264 1374 1942 2055 1
 615 1973 1702 2176 1
 1567 1822 1645 1937 1
 1778 2183 1515 2239 1
 1146 1576 1853 2028 1
 1556 1763 2065 2177 1
 510 1702 615 1973 1
 395 384 399 1933 1
 1024 915 1548 2049 1
 902 674 974 2032 1
 452 776 1706 2227 1
 1536 1859 1854 2266 1
 1461 2065 1704 2178 1
 769 768 1036 1894 1
 1344 1822 1143 2100 1
 1523 1278 1786 1867 1
 1859 1901 1530 1913 1
 557 1607 1902 2130 1
 1616 1863 1571 2109 1
 1099 1098 2037 2141 1
 1756 1951 1542 2029 1
 1616 2038 696 2106 1
 1454 1159 1792 1835 1
 1811 2231 2158 2283 1
 1525 1251 1788 2126 1
 1480 1747 1545 1850 1
 389 1574 395 2025 1
 1609 1824 1091 1888 1
 1120 1085 1108 1878 1
 309 300 308 1670 1
 1608 1954 2133 2164 1
 1521 1820 1863 2260 1
 1592 1710 1336 2178 1
 1648 1714 1472 1752 1
 1211 1901 1859 1913 1
 692 943 1524 2258 1
 1579 1754 1497 1965 1
 861 778 765 1701 1
 987 406 1520 2253 1
 902 1559 1746 2064 1
 1589 1719 1716 2116 1
 586 1975 222 2068 1
 1545 1750 1480 1850 1
 1547 2017 1925 2148 1
 1559 1486 1806 2032 1
 1387 1202 1620 1888 1
 527 890 554 1797 1
 500 1508 1808 1844 1
 1081 1068 1559 1807 1
 1609 1733 1542 1772 1
 145 1744 1564 2246 1
 1640 2006 1464 2021 1
 1389 1572 2056 2236 1
 1628 1970 1520 1978 1
 1552 1899 1581 2041 1
 1109 1111 2073 2145 1
 1246 1583 1940 2248 1
 421 1815 1787 2077 1
 1582 1974 1089 2134 1
 219 721 1630 2078 1
 538 1962 1612 2072 1
 1143 2028 1853 2183 1
 1611 1728 1641 2030 1
 1232 1230 1231 2123 1
 1651 1842 46 2224 1
 409 394 408 1538 1
 1367 1777 1614 1972 1
 1082 1331 1863 2109 1
 1317 1441 1854 2266 1
 169 997 911 1751 1
 766 765 945 1701 1
 1205 1809 1550 1938 1
 1099 1097 1970 2037 1
 283 281 277 2060 1
 1152 1576 1146 2028 1
 383 1598 387 2072 1
 1586 1908 1052 1952 1
 1660 1964 1463 2005 1
 1694 1801 1644 1987 1
 1691 1887 1516 2013 1
 177 1665 1666 2279 1
 1545 1480 1750 2179 1
 1454 1166 1391 1857 1
 447 1662 441 2165 1
 1177 1155 1344 1822 1
 1305 1306 1928 2103 1
 881 2129 1647 2196 1
 587 918 1014 1962 1
 594 589 1820 2084 1
 1143 1853 1822 2183 1
 1702 1926 1622 2255 1
 1089 43 1582 2134 1
 605 616 1627 2204 1
 1171 1801 1694 1987 1
 1593 1860 1705 2207 1
 1568 1703 1505 1940 1
 506 1673 189 2005 1
 686 992 806 2061 1
 69 48 27 1831 1
 134 133 1976 2163 1
 1620 1998 1770 2043 1
 1011 1527 1664 1776 1
 1276 1343 1722 1912 1
 1039 1473 625 1882 1
 1216 1859 1211 1901 1
 1217 1218 1875 2087 1
 1114 1565 1843 1961 1
 820 357 1896 2122 1
 1462 1918 1527 2007 1
 1573 1828 1488 1957 1
 1686 1570 1849 1896 1
 1321 1596 1943 1965 1
 1256 1229 1370 2075 1
 1379 1694 1171 1801 1
 475 1868 1563 1921 1
 1581 1899 1806 2041 1
 1379 1439 1694 2103 1
 1351 1809 1352 1859 1
 410 2220 1513 2235 1
 1550 1854 1217 2087 1
 1664 1860 1531 1917 1
 1303 1318 1944 2017 1
 430 1879 429 2149 1
 1412 1781 1470 1943 1
 1482 1881 1762 2056 1
 333 334 332 1623 1
 682 1557 25 1963 1
 1381 1243 1425 1631 1
 579 1601 580 2129 1
 1545 1747 1480 2179 1
 1552 1591 1913 2081 1
 1679 1786 1523 1851 1
 912 1646 896 2250 1
 1566 1711 1479 2027 1
 258 1832 1650 2104 1
 842 759 149 1897 1
 943 1979 1524 2258 1
 824 1995 1662 2083 1
 1088 1953 1809 2001 1
 1600 1789 1625 1925 1
 42 1989 1557 1990 1
 998 963 640 2160 1
 1422 1602 1198 1716 1
 1246 1972 1583 2248 1
 763 2052 762 2252 1
 1609 1509 1979 2287 1
 1219 1555 2024 2087 1
 625 1882 1473 2176 1
 1741 1475 2024 2230 1
 682 683 684 1720 1
 1462 1199 4 1755 1
 263 400 311 1909 1
 1187 1769 2059 2101 1
 172 1665 173 2012 1
 983 2027 1517 2272 1
 544 965 625 1845 1
 837 1492 2051 2280 1
 1562 1926 1702 2255 1
 1621 1696 1498 2180 1
 1124 1698 1395 1980 1
 1284 1810 1613 1923 1
 1288 1562 1892 2255 1
 1853 2028 1577 2183 1
 1505 1583 1940 2202 1
 770 1682 948 2052 1
 1330 1723 1390 2070 1
 208 1915 1505 2063 1
 1295 1540 1855 2003 1
 395 1933 399 2049 1
 372 2108 1595 2196 1
 888 1602 1054 2231 1
 1572 1829 1539 1934 1
 91 2033 1536 2086 1
 1890 1981 398 2276 1
 603 1568 2208 2240 1
 557 1958 1607 2130 1
 1419 1856 1447 1912 1
 1579 1734 1630 1891 1
 867 514 2151 2215 1
 1686 1848 1709 2046 1
 1489 1729 1937 1988 1
 917 332 1623 2050 1
 1100 1598 1102 2201 1
 1271 1342 1786 1851 1
 575 1960 1572 2023 1
 258 2104 1650 2171 1
 65 683 682 1720 1
 592 653 593 1958 1
 33 1913 1093 2081 1
 1466 1860 1664 1917 1
 9 1591 702 2161 1
 1714 1823 1366 2069 1
 1379 1433 1574 2177 1
 572 1960 1660 2203 1
 1280 1394 1855 2195 1
 810 581 881 2129 1
 514 1725 2151 2215 1
 1576 1727 1513 1852 1
 1200 1527 4 2152 1
 744 1580 1768 2122 1
 1588 1784 1743 2070 1
 1747 1819 1615 1901 1
 1231 1233 1232 2066 1
 1468 1733 1542 1951 1
 324 2008 1610 2269 1
 1556 1647 1801 2065 1
 1622 415 1926 2176 1
 1621 1885 1583 2180 1
 1409 1176 1935 2096 1
 323 322 324 1791 1
 1563 1265 1880 2004 1
 1552 2029 1668 2041 1
 1353 2136 1590 2200 1
 10 11 1688 2041 1
 791 398 1981 2276 1
 1117 2036 1655 2257 1
 965 543 784 2049 1
 1491 2037 2074 2141 1
 1590 2003 1353 2200 1
 1711 2027 1566 2067 1
 901 452 776 1706 1
 1569 1802 2104 2171 1
 704 1811 1619 2156 1
 56 2002 967 2041 1
 917 1986 332 2050 1
 4 1755 30 2001 1
 485 1562 1922 1926 1
 430 1633 1879 2149 1
 851 340 339 1707 1
 485 1562 1017 2263 1
 977 815 567 1804 1
 1028 480 1693 2235 1
 1168 1541 1865 2016 1
 1525 1846 233 2278 1
 349 354 1764 1768 1
 152 154 153 2132 1
 1770 1998 1672 2043 1
 527 526 433 1653 1
 1123 1121 1108 1878 1
 1168 1865 1541 2275 1
 1551 2153 326 2267 1
 1659 2120 266 2225 1
 1604 1767 1596 2015 1
 1477 1761 1585 1920 1
 1664 1527 1827 1918 1
 502 504 696 2046 1
 1651 2224 46 2259 1
 372 370 1687 2000 1
 1528 30 1755 2001 1
 702 2054 1591 2224 1
 1665 2012 1526 2279 1
 1858 1906 1545 2117 1
 1570 1866 803 2286 1
 853 1767 199 2167 1
 196 1568 603 2240 1
 2022 2117 1906 2241 1
 1640 1975 513 2021 1
 1555 2087 1219 2174 1
 1400 2195 1851 2270 1
 1746 1807 1559 2032 1
 562 1811 1804 2283 1
 1602 2158 2199 2231 1
 784 965 1605 2040 1
 1716 1602 2116 2158 1
 1142 1155 1144 2013 1
 82 1784 946 2204 1
 1309 1783 1292 1872 1
 1030 638 981 2050 1
 690 1806 1581 1904 1
 1165 2150 1918 2159 1
 1036 1894 768 2146 1
 1139 1999 1984 2243 1
 1256 1370 1856 2075 1
 1347 1416 1893 2018 1
 1393 1297 1596 1965 1
 1412 1459 1321 1943 1
 1621 2063 1885 2175 1
 1503 1786 1679 1812 1
 52 674 673 1806 1
 1288 1562 1285 2139 1
 1723 1743 1588 2270 1
 1529 1848 1709 1985 1
 1490 2261 2094 2265 1
 1202 1620 1888 2043 1
 252 2031 785 2166 1
 1735 2118 1485 2285 1
 2094 2261 608 2265 1
 1591 1871 32 2081 1
 311 264 263 1909 1
 803 1570 1839 1866 1
 1707 1778 1483 1950 1
 1552 1591 2081 2161 1
 1600 1789 1925 2120 1
 166 1737 873 2033 1
 1522 1773 1687 1857 1
 452 1634 776 2227 1
 779 1670 314 2085 1
 1273 2039 1299 2080 1
 1206 1297 1373 1965 1
 1058 811 1844 2193 1
 736 1558 1955 2099 1
 1634 1706 1565 2090 1
 793 398 792 1748 1
 1000 628 1629 1952 1
 1466 1664 1827 1917 1
 299 2052 1682 2247 1
 1556 1926 413 2129 1
 1034 588 658 2046 1
 756 1589 2071 2116 1
 1645 1515 2183 2239 1
 415 1622 813 2176 1
 1468 1756 1204 1951 1
 933 1639 593 2230 1
 10 56 11 2041 1
 1126 1980 1603 2170 1
 1590 1353 2003 2136 1
 1617 1517 1878 2273 1
 1538 1698 1878 2131 1
 1638 1724 1478 1898 1
 1588 1723 1784 2070 1
 538 2072 1612 2147 1
 1566 1893 1748 2073 1
 1485 2118 1967 2285 1
 1175 1410 2013 2229 1
 1918 2150 1597 2159 1
 1329 1318 1925 1944 1
 1537 1984 1147 2095 1
 310 1983 1658 2169 1
 847 818 1016 1840 1
 538 1612 587 2147 1
 1515 1937 1729 1988 1
 1248 2006 1810 2123 1
 367 1687 366 1986 1
 1890 2067 1598 2092 1
 33 1899 1552 2081 1
 1617 1866 999 2273 1
 1573 1769 1072 1924 1
 1766 1804 1481 1855 1
 189 506 79 1673 1
 1381 1779 1631 2284 1
 1692 2208 1568 2240 1
 1175 2013 1930 2229 1
 548 1567 1996 2210 1
 1497 1798 1579 1872 1
 1658 1910 1507 2034 1
 254 265 1066 1947 1
 1517 1566 1748 2073 1
 1567 1887 1691 2013 1
 70 86 1619 1795 1
 1569 1733 157 2124 1
 520 312 1900 2140 1
 1666 1816 1665 2160 1
 1420 2048 1782 2115 1
 581 1647 881 2129 1
 649 966 1584 1908 1
 1072 40 1196 1957 1
 1120 1570 1878 2048 1
 556 2072 538 2147 1
 1089 1192 43 2134 1
 1035 912 57 1683 1
 1601 1704 2065 2178 1
 114 109 111 2251 1
 1437 1311 1763 2177 1
 564 1618 227 2112 1
 103 1514 1959 2082 1
 1360 2066 1564 2119 1
 271 1977 1939 2219 1
 1357 1251 1788 2264 1
 1401 2074 1708 2170 1
 473 261 262 1991 1
 413 1926 1556 2025 1
 797 905 1617 1844 1
 1674 2087 1555 2174 1
 295 1705 883 1860 1
 1485 1643 1851 2285 1
 1073 1755 1466 2042 1
 794 1748 1617 2273 1
 286 287 288 1982 1
 217 159 1632 2214 1
 1075 1080 1189 2137 1
 1198 1602 1422 2158 1
 119 97 1817 2117 1
 1435 1545 1906 2022 1
 1655 1729 1515 2036 1
 233 232 235 2198 1
 571 867 1624 1776 1
 433 434 823 2121 1
 892 371 367 1687 1
 1574 1845 395 2025 1
 1663 1753 1490 1814 1
 1822 1853 1693 2183 1
 1653 1797 527 2120 1
 870 2104 258 2171 1
 1331 1070 3 2143 1
 1509 1824 1609 1979 1
 109 2222 111 2251 1
 217 1873 1719 2214 1
 705 1609 55 1979 1
 1576 1852 1513 1853 1
 951 513 1975 2021 1
 299 300 771 2052 1
 1523 1834 171 2163 1
 217 1632 214 1873 1
 317 318 315 2252 1
 613 1914 611 2187 1
 1316 1287 1841 2069 1
 1618 1790 1563 2112 1
 1612 1511 1742 2157 1
 1583 1972 1246 2105 1
 214 217 159 1632 1
 1885 2063 748 2175 1
 1637 1882 1473 1973 1
 1478 2186 1903 2197 1
 167 1674 717 2033 1
 892 518 832 1727 1
 1339 2020 1225 2097 1
 43 1582 1192 1989 1
 580 2154 990 2211 1
 792 398 791 2276 1
 1653 1584 1797 1862 1
 789 1852 1576 2050 1
 449 823 437 2121 1
 770 762 763 2052 1
 1589 1765 239 2071 1
 1186 1557 1924 2101 1
 1368 1838 1378 2202 1
 1091 1888 1384 1951 1
 1554 1672 1627 1998 1
 798 895 451 1566 1
 1329 1862 1600 1925 1
 1322 1836 1295 2003 1
 867 2151 1624 2215 1
 722 721 954 1939 1
 1284 1613 1299 2039 1
 1621 2080 1696 2180 1
 1580 1833 1403 2229 1
 1518 1704 1495 2146 1
 1013 1656 2153 2193 1
 596 1661 954 1798 1
 1534 1709 1083 2172 1
 1497 1754 1596 1965 1
 1706 1961 1565 2090 1
 1587 2117 1927 2277 1
 1338 2011 1899 2081 1
 430 1633 790 1879 1
 255 1915 1718 2208 1
 169 911 1648 1751 1
 258 127 1832 2104 1
 298 718 1658 2091 1
 1567 1937 1645 2210 1
 1632 1873 217 2214 1
 1581 2029 1690 2137 1
 264 1659 254 1909 1
 1411 1175 1930 2229 1
 1121 1893 1878 2131 1
 1242 1940 1568 2248 1
 1360 1884 1425 2119 1
 1554 1998 1627 2118 1
 650 1797 966 1908 1
 1228 1227 1229 2075 1
 1359 1291 1249 2047 1
 661 1568 994 1915 1
 1323 1875 1700 2152 1
 1502 1282 1862 2055 1
 727 564 227 2112 1
 1820 1911 1534 2084 1
 1501 1775 1580 1985 1
 9 2224 1591 2259 1
 1490 1850 1841 2265 1
 1358 1741 1594 1816 1
 1610 1560 1726 2144 1
 1207 1461 1704 2178 1
 711 1819 1615 1837 1
 1591 1552 1913 2161 1
 1932 2175 1621 2190 1
 1039 1473 1882 1973 1
 905 423 999 1866 1
 1736 1810 1613 2068 1
 1302 1969 1439 2268 1
 261 262 1991 2166 1
 1521 1689 1582 1963 1
 1137 1950 1937 2257 1
 1247 1484 1777 1972 1
 1299 1613 1284 1810 1
 29 2173 693 2209 1
 1483 1707 1950 2257 1
 1053 716 717 1817 1
 1011 1664 1527 1827 1
 1551 1183 2074 2164 1
 909 1658 718 2140 1
 1516 1930 1691 2013 1
 1088 1809 1205 2001 1
 1608 719 2091 2140 1
 532 1633 430 2149 1
 749 217 1719 2214 1
 223 222 1736 2068 1
 575 1008 1572 2203 1
 1329 1333 1862 1925 1
 1110 1929 1655 2145 1
 921 1998 1554 2118 1
 1059 1028 606 2107 1
 521 189 1673 2005 1
 1782 2073 1111 2145 1
 494 2077 1500 2256 1
 1363 1475 1741 1945 1
 1289 1337 1584 2168 1
 1175 1411 1410 2229 1
 1649 1785 1463 1992 1
 409 456 1649 1992 1
 1495 1792 1518 1894 1
 1631 1779 1471 1796 1
 981 638 788 2050 1
 1520 1408 1874 1999 1
 1586 1916 1629 1952 1
 740 1766 977 1834 1
 1606 2121 437 2218 1
 1361 1560 1759 2274 1
 1324 1461 1207 2178 1
 637 989 620 1902 1
 1515 1645 1988 2239 1
 485 1922 1562 2263 1
 905 1808 408 1866 1
 749 217 489 1719 1
 828 1789 1600 2120 1
 1690 1946 35 2029 1
 1203 2020 1672 2070 1
 603 196 994 1568 1
 1961 1994 1122 2089 1
 1609 1979 1772 2287 1
 1533 2059 1769 2101 1
 417 1789 311 2040 1
 1580 1501 1847 2122 1
 102 1858 1587 1959 1
 144 1774 142 1949 1
 1152 1773 1576 2028 1
 73 1794 1588 1795 1
 1697 1730 1476 1880 1
 43 1582 1989 1990 1
 1073 1871 1755 2042 1
 1533 1720 685 2084 1
 1336 1460 1309 1592 1
 126 922 986 2104 1
 1540 1804 1766 1855 1
 1524 1609 1821 1888 1
 1610 2095 1835 2144 1
 1472 1823 1648 2062 1
 945 1701 765 2000 1
 552 1905 1512 2030 1
 1703 1758 1568 1993 1
 1967 2118 700 2285 1
 362 1839 803 2286 1
 1082 1616 1863 2172 1
 1492 1861 1677 2090 1
 1329 1925 1600 1944 1
 739 911 528 2094 1
 845 884 135 1976 1
 1170 1166 1704 2009 1
 1515 1778 1707 1950 1
 701 55 1609 1821 1
 2045 2186 1478 2197 1
 1098 2074 2037 2141 1
 395 1845 1574 2049 1
 1546 1682 2052 2247 1
 915 1933 1548 2049 1
 334 917 332 1623 1
 1512 1692 1641 2044 1
 1661 1592 1783 2060 1
 1640 1818 1504 2006 1
 922 1832 127 2104 1
 1642 1954 1608 2034 1
 1506 1726 1677 1984 1
 1008 1941 1572 2203 1
 1394 1855 1481 2110 1
 1604 1218 1875 1943 1
 1568 1758 1238 2044 1
 1590 1728 1611 1949 1
 579 1922 1601 2129 1
 1729 1764 1489 2036 1
 1143 1145 2028 2183 1
 1460 1592 1336 2178 1
 1183 2164 1551 2170 1
 123 126 1752 1832 1
 318 753 322 1726 1
 753 1726 318 1919 1
 460 587 1742 2147 1
 1524 1770 692 2258 1
 305 1642 724 2032 1
 1612 1742 1511 1962 1
 1026 950 776 2280 1
 1568 1993 1758 2240 1
 1595 1801 1647 2009 1
 1470 1943 1596 1965 1
 268 1630 269 1895 1
 1013 1656 356 2153 1
 457 570 779 2085 1
 1672 1770 1578 1864 1
 138 1669 137 1955 1
 199 853 893 1767 1
 1405 1318 1448 2017 1
 1595 1987 1154 2079 1
 1510 1734 1630 1939 1
 258 922 127 2104 1
 1159 1575 1792 1835 1
 1516 1887 1691 2218 1
 575 1572 1960 2203 1
 918 1962 538 2072 1
 769 982 1682 1982 1
 1468 1951 1814 2124 1
 1632 1830 1563 1873 1
 944 540 1770 2228 1
 1473 1777 1614 2142 1
 1389 1934 1572 2236 1
 1145 2028 1950 2053 1
 1464 1810 1975 2068 1
 1709 1848 1501 1985 1
 828 1600 526 2120 1
 1667 1783 1592 2060 1
 1505 1703 1568 1915 1
 273 271 1977 2262 1
 651 456 937 1785 1
 1357 1788 2102 2264 1
 1281 1599 1850 2069 1
 1741 1966 1475 2230 1
 636 495 638 2239 1
 1399 1177 1344 2100 1
 1380 1508 2018 2131 1
 208 211 1915 2063 1
 946 1784 82 2226 1
 269 1895 1630 1939 1
 1687 1857 1773 2079 1
 1119 2036 2115 2145 1
 657 50 1770 1864 1
 1564 1884 1360 2119 1
 520 719 312 2140 1
 1753 1468 1826 1841 1
 409 394 1538 2061 1
 1555 1936 1674 2174 1
 893 853 593 1639 1
 1360 1884 1564 2066 1
 228 752 255 1718 1
 853 593 1639 1958 1
 1578 1881 1721 2043 1
 903 748 2175 2190 1
 1145 1950 1429 2053 1
 1378 1237 1758 1799 1
 451 895 808 2027 1
 728 1587 102 1858 1
 608 2094 932 2261 1
 963 1761 900 1771 1
 1261 1274 1273 2039 1
 1674 2088 1604 2192 1
 1398 1084 1911 2014 1
 732 733 561 1676 1
 1196 1800 1573 1957 1
 1562 2221 1017 2263 1
 1809 1938 1205 2001 1
 1249 1241 1239 1641 1
 217 489 1719 1873 1
 1470 1596 1943 2167 1
 1262 2105 1892 2180 1
 790 430 532 1633 1
 1596 1470 1965 2167 1
 1267 1851 1743 2270 1
 1674 1936 1553 2174 1
 1085 1570 1849 1948 1
 1142 1144 1937 2013 1
 1243 1360 1425 2119 1
 1647 1801 1595 2196 1
 1071 1863 1521 2172 1
 1097 1107 1346 1910 1
 398 1748 793 1890 1
 32 1913 1591 2081 1
 226 211 210 1885 1
 1521 1911 1720 1990 1
 1529 2106 469 2162 1
 119 97 95 1817 1
 698 1000 1629 1916 1
 980 537 1787 1883 1
 1480 1753 1826 1841 1
 1647 2009 1801 2065 1
 317 1919 318 2051 1
 1601 2154 580 2211 1
 1004 257 1955 2099 1
 1393 1875 1218 1943 1
 56 1552 2041 2161 1
 308 779 314 2085 1
 1322 1836 1558 2284 1
 2109 2143 1571 2209 1
 898 1498 2190 2221 1
 1131 1878 1121 1893 1
 1931 2047 1471 2119 1
 1547 1637 1749 2148 1
 744 746 743 2233 1
 751 556 2147 2181 1
 494 1787 1500 2077 1
 126 1832 922 2104 1
 1455 1997 1714 2098 1
 1386 1313 1749 1777 1
 1519 1908 1695 1968 1
 1643 2195 1685 2270 1
 992 869 2061 2084 1
 329 2008 325 2269 1
 832 410 377 1727 1
 1585 1761 1477 1771 1
 1213 2020 1203 2070 1
 283 596 285 1661 1
 193 1757 729 2015 1
 1497 1754 1579 1798 1
 1128 1999 1449 2243 1
 1525 1641 1618 2278 1
 1525 2128 1641 2278 1
 1553 1936 624 2277 1
 508 1967 1627 2118 1
 1535 1764 1729 2036 1
 1270 1272 1269 1997 1
 1478 1655 1707 2257 1
 305 724 1971 2032 1
 1433 1928 2103 2177 1
 1223 1553 2022 2241 1
 1649 1785 1769 2194 1
 37 1202 1091 1888 1
 1614 262 2031 2166 1
 60 1003 946 2204 1
 1598 2067 1962 2092 1
 1556 1876 396 2025 1
 6 7 2212 2245 1
 303 2091 1642 2133 1
 1711 1903 1478 2186 1
 44 1863 1571 1974 1
 508 1627 605 2118 1
 1049 766 945 1894 1
 718 310 298 1658 1
 889 755 519 1611 1
 1524 1824 1609 1888 1
 91 1737 2033 2086 1
 23 1699 946 2226 1
 271 274 1977 2219 1
 788 638 495 1852 1
 190 225 1842 2213 1
 23 63 22 1699 1
 1870 2218 444 2233 1
 1279 1836 1786 1867 1
 1583 1915 1505 1940 1
 1280 1855 1867 2195 1
 1601 1763 1324 2065 1
 1601 1922 579 2154 1
 1416 2018 1113 2201 1
 1557 1794 25 1963 1
 1536 1854 1553 2022 1
 1358 1228 1816 2026 1
 1264 1255 1374 2055 1
 1692 2030 551 2240 1
 1212 1217 1218 1875 1
 73 1795 1588 2182 1
 157 654 1569 2124 1
 1299 1810 1444 1838 1
 1152 1576 1773 2079 1
 1465 1935 1633 1969 1
 1691 2013 1930 2242 1
 920 381 779 1732 1
 1570 1948 1878 2014 1
 1538 1570 1866 1878 1
 230 215 894 2128 1
 1613 1810 1299 1838 1
 1569 1733 1609 1821 1
 1292 1872 1783 2275 1
 458 867 1776 2215 1
 1508 1656 2018 2276 1
 1338 1068 1899 2011 1
 811 1964 1508 2193 1
 1296 2110 1327 2158 1
 291 1705 295 1860 1
 215 216 894 1728 1
 1563 1873 1830 2004 1
 856 560 915 1793 1
 1630 1734 1579 1939 1
 1688 1806 1559 1899 1
 478 951 2010 2021 1
 966 886 649 1584 1
 99 101 100 1959 1
 1381 1631 1425 2284 1
 1225 1267 1268 2097 1
 1308 1579 1734 1872 1
 1730 1880 1697 2055 1
 1551 2164 1829 2170 1
 1691 1567 2013 2242 1
 1635 1710 1977 2263 1
 546 1028 1693 1996 1
 1574 1845 1622 1928 1
 1505 1915 1568 1940 1
 1646 1825 1809 2206 1
 1350 1874 1612 1970 1
 888 1602 2231 2283 1
 747 2155 1815 2254 1
 1814 1951 1569 2124 1
 723 954 1661 2219 1
 1382 1741 2024 2174 1
 209 207 2010 2063 1
 1498 1696 1621 2190 1
 1518 1667 2060 2275 1
 406 2125 1520 2253 1
 1146 1152 1153 2079 1
 1494 1696 1621 2080 1
 787 1665 1761 2160 1
 493 492 1936 1966 1
 1156 1411 1179 2113 1
 1235 2047 1931 2119 1
 362 363 361 1896 1
 1597 1670 1759 2051 1
 3 1571 44 2143 1
 1753 1813 1480 1826 1
 694 696 2038 2106 1
 20 79 19 1721 1
 1910 2034 1658 2037 1
 19 1721 692 1770 1
 916 1975 1640 2012 1
 1755 1827 1527 1918 1
 932 911 997 1751 1
 43 1071 1863 1990 1
 1242 2044 1240 2248 1
 1589 1719 1830 2158 1
 1468 1813 1753 1826 1
 55 1821 943 1979 1
 608 2261 1753 2265 1
 751 2147 1628 2181 1
 1350 2141 1970 2157 1
 517 1887 1567 2210 1
 1450 1323 1393 1700 1
 614 1015 1754 1798 1
 2128 2198 232 2278 1
 1722 1812 1503 1886 1
 909 718 719 2140 1
 1471 1840 1654 2119 1
 1536 1854 1737 2033 1
 99 100 98 1858 1
 905 1808 1617 1844 1
 154 172 173 2012 1
 1472 1678 1823 2062 1
 285 283 1661 2060 1
 1640 2006 1504 2123 1
 1719 2116 1602 2158 1
 1592 1977 275 2219 1
 1530 1615 1859 2086 1
 1118 1128 1130 1717 1
 1475 1781 1958 2130 1
 1148 1835 2095 2144 1
 1885 2105 1583 2180 1
 258 1650 163 2228 1
 1751 2098 1469 2261 1
 2028 2050 1577 2155 1
 1587 1858 728 2117 1
 366 1687 370 2000 1
 790 1633 532 2107 1
 1507 1910 1658 1983 1
 888 887 1719 2283 1
 1910 1970 1097 2037 1
 835 180 178 1666 1
 1358 1594 1741 2174 1
 1720 1963 1521 1990 1
 1668 2029 1552 2114 1
 888 1719 887 2116 1
 482 649 886 2083 1
 1626 1662 1529 2165 1
 1392 1756 1826 2114 1
 1574 1928 1622 2177 1
 988 1813 578 1819 1
 1504 2006 1818 2123 1
 1606 2096 1930 2113 1
 1604 1596 1875 2015 1
 1356 2073 1893 2201 1
 415 401 813 2025 1
 798 1890 1566 2067 1
 987 1520 1883 2253 1
 147 1728 212 1790 1
 8 702 9 2224 1
 1524 1888 1620 2043 1
 1631 1840 1471 2119 1
 1092 1390 1723 2270 1
 75 78 705 1772 1
 1518 1495 1894 2146 1
 529 1684 620 2175 1
 1478 1707 1655 2045 1
 1695 1797 1584 1862 1
 1503 1886 1812 2185 1
 1189 1074 1075 1690 1
 1734 1510 1977 2219 1
 282 225 276 2213 1
 1474 1813 1756 1826 1
 787 1665 172 1761 1
 305 1642 1971 2133 1
 994 1568 661 2208 1
 1443 1386 1928 2142 1
 1603 2018 1980 2193 1
 1910 1970 1628 1978 1
 1638 1903 939 2197 1
 1219 2087 1221 2174 1
 649 1584 886 2083 1
 604 1637 996 1882 1
 1707 1515 1950 2257 1
 1607 1958 1781 2130 1
 1492 1634 1861 2090 1
 1524 1821 1609 1979 1
 1296 1855 1532 2237 1
 1308 1373 1442 1891 1
 1517 1748 1617 1893 1
 1470 2205 1891 2232 1
 1125 1572 1762 2056 1
 1652 1690 1486 1904 1
 949 689 1652 1971 1
 1519 1695 1908 1942 1
 1833 1489 2013 2233 1
 1524 1821 1620 1888 1
 1330 40 41 1723 1
 339 2155 336 2254 1
 916 513 1640 1975 1
 1521 1963 1582 1990 1
 787 1761 963 2160 1
 1402 1626 1156 2113 1
 1569 1802 1663 2104 1
 1526 1810 2006 2123 1
 1708 2074 1551 2170 1
 1612 1874 1742 2147 1
 1750 1850 1545 1906 1
 980 838 1883 2253 1
 174 2012 176 2279 1
 1380 1508 1980 2018 1
 145 1744 112 1897 1
 1324 1710 1285 1763 1
 36 1194 1824 2236 1
 1961 1978 1565 2090 1
 692 1721 19 2258 1
 38 39 2043 2127 1
 1519 1908 1765 1942 1
 1625 1925 1789 2017 1
 70 1619 704 2231 1
 1262 1892 2139 2180 1
 1195 1871 2011 2081 1
 711 1837 1615 2086 1
 1309 1783 1592 2178 1
 308 314 1670 2085 1
 1661 1783 1734 1872 1
 540 1998 1770 2228 1
 1614 1702 1473 2142 1
 618 1936 1555 1966 1
 1541 1783 1872 2275 1
 1269 1997 1739 2097 1
 303 304 2091 2133 1
 489 1719 756 2116 1
 1467 1675 1788 1846 1
 698 1000 628 1629 1
 1641 1692 1512 2030 1
 1599 1850 1750 1906 1
 133 1679 1976 2163 1
 704 942 1811 2156 1
 1531 1994 1961 2089 1
 1484 1973 1777 1991 1
 1544 1708 2018 2201 1
 983 2272 1517 2273 1
 275 277 280 2154 1
 123 125 126 1832 1
 884 1004 257 1955 1
 1589 1942 1765 2071 1
 1081 1807 1559 2011 1
 1277 1786 1279 1836 1
 1572 1603 1762 2203 1
 1494 1607 1902 2189 1
 485 1017 1033 2263 1
 1669 1786 1493 1836 1
 841 916 1640 2012 1
 873 1737 2206 2250 1
 1724 1742 1511 2157 1
 1616 1863 1820 2260 1
 963 900 640 1771 1
 77 1668 678 1889 1
 1693 1853 1822 2100 1
 1037 675 880 1806 1
 1643 2163 1851 2285 1
 1544 1844 1617 2131 1
 166 710 873 1737 1
 640 1927 639 2160 1
 1376 1830 1589 2004 1
 778 765 1701 2000 1
 1665 1666 1526 1816 1
 1925 2017 1318 2148 1
 1671 1866 1570 2286 1
 543 965 1845 2049 1
 685 1680 684 1720 1
 876 746 744 1870 1
 3 44 1571 1974 1
 701 1733 157 1821 1
 915 1793 1548 1933 1
 830 1659 264 1789 1
 1695 1862 1282 2055 1
 696 1616 1820 2038 1
 390 391 2125 2169 1
 89 711 1615 2086 1
 1188 1917 1432 2089 1
 1309 1292 1308 1872 1
 1475 1781 1639 1958 1
 704 1619 1811 2231 1
 1262 1892 1288 2139 1
 1572 1829 1603 2203 1
 188 205 1703 2021 1
 1478 1724 1638 1903 1
 1544 1617 1893 2131 1
 471 256 165 1753 1
 996 1973 1637 2234 1
 1502 1862 1695 2055 1
 1831 1974 1602 2173 1
 102 1959 1587 2082 1
 1156 1402 1135 1626 1
 1522 2095 2008 2269 1
 991 664 1921 2112 1
 1281 1850 1599 1906 1
 102 1587 496 2082 1
 1238 1378 1237 1758 1
 968 392 1603 2193 1
 1195 2011 1871 2042 1
 1607 1494 1902 2039 1
 1538 1878 1617 2131 1
 498 1663 1753 2261 1
 1324 1710 1601 2178 1
 1530 1901 1712 1913 1
 1490 2094 1850 2265 1
 858 421 419 1787 1
 1580 1775 1501 2122 1
 1804 1811 1481 1855 1
 156 164 1676 2214 1
 1286 1366 1823 2069 1
 1755 1871 1466 2042 1
 1495 2009 1857 2108 1
 1737 1854 1550 2033 1
 1571 1716 1602 2173 1
 477 1627 1784 2204 1
 1745 1788 1467 2102 1
 1027 1834 1643 2163 1
 31 1871 32 1953 1
 1464 1810 1613 1838 1
 1621 1696 1494 1932 1
 1165 1173 2150 2159 1
 295 713 883 1705 1
 1527 1755 1683 2223 1
 1046 542 1043 2234 1
 657 1864 1770 1998 1
 1405 1318 2017 2148 1
 1845 1928 1473 2176 1
 1623 2050 2028 2155 1
 402 313 1900 1941 1
 893 1767 1639 2088 1
 384 395 389 2282 1
 649 1908 1584 1952 1
 1525 2198 2128 2278 1
 1407 1799 1378 1838 1
 1546 1865 1725 2016 1
 1891 2205 1630 2232 1
 417 418 311 1789 1
 1492 1759 1919 2051 1
 1700 1875 1596 2015 1
 164 561 156 1676 1
 33 1093 32 2081 1
 295 1705 291 2207 1
 1937 1950 1515 2257 1
 190 1842 1651 2213 1
 610 499 614 2151 1
 1452 2014 1398 2101 1
 1584 1952 1662 2083 1
 1721 1881 1524 2043 1
 1756 1813 1468 1826 1
 74 1651 46 2259 1
 424 409 408 1808 1
 621 2175 1932 2190 1
 1221 1854 1441 2022 1
 147 146 144 2271 1
 1575 1835 1159 2274 1
 1490 1663 1814 2098 1
 1601 1710 1324 1763 1
 1304 1548 2103 2268 1
 498 1663 256 1753 1
 1477 2026 1927 2160 1
 705 701 55 1609 1
 818 220 1060 1780 1
 1634 1565 1978 2090 1
 1068 1899 1559 2137 1
 1628 2125 391 2169 1
 1338 1081 1068 2011 1
 1011 1664 609 1776 1
 496 1587 728 2117 1
 678 699 967 1668 1
 1783 2060 1667 2275 1
 572 573 1960 2203 1
 289 499 514 1725 1
 418 1789 417 2040 1
 1143 1853 1332 2100 1
 1417 1386 1443 2142 1
 383 416 1738 2072 1
 1653 1862 1600 2096 1
 1074 1690 1934 2236 1
 1233 2066 1360 2119 1
 1348 1298 1277 2191 1
 1765 1942 1586 2071 1
 618 1966 1555 2230 1
 887 1719 757 2116 1
 615 1039 511 1973 1
 255 661 1915 2208 1
 1238 1242 1378 1940 1
 1713 1996 1465 2107 1
 1496 1752 1722 1997 1
 1899 2011 1559 2081 1
 1777 1973 1614 1991 1
 1082 1616 1709 2109 1
 450 1713 606 1996 1
 1609 1946 1542 1951 1
 769 982 948 1682 1
 639 1927 640 2082 1
 998 640 639 2160 1
 831 341 342 2239 1
 1555 2087 1674 2088 1
 585 568 530 1796 1
 499 514 1725 2151 1
 1763 2177 1622 2255 1
 1621 1885 1498 2190 1
 1544 1981 1890 2276 1
 1089 2134 1974 2199 1
 7 1842 2212 2224 1
 1566 1748 895 2027 1
 1841 1850 1480 2265 1
 1394 2110 1481 2195 1
 131 1976 1679 2185 1
 1423 1739 1301 1802 1
 1814 1841 1490 2098 1
 1723 1989 1092 2270 1
 1472 1722 1681 1886 1
 1001 492 1927 2277 1
 637 620 1684 2175 1
 1249 1241 1641 2244 1
 311 830 264 1789 1
 821 1876 810 2196 1
 81 1784 1588 2226 1
 275 1977 1592 2154 1
 521 1785 635 2005 1
 435 1691 436 2121 1
 1556 1647 2129 2196 1
 1707 2045 1478 2197 1
 652 578 988 2265 1
 1892 2105 1498 2180 1
 256 1753 1663 2124 1
 335 1815 747 2155 1
 1661 1939 1734 2219 1
 70 1831 1619 2231 1
 1744 1884 1585 2066 1
 265 1947 1659 2225 1
 1015 1064 614 1754 1
 525 1681 908 1877 1
 1539 1829 1572 1941 1
 1766 1855 1481 1867 1
 1604 1875 1218 2087 1
 1566 2027 1479 2073 1
 1502 1862 1600 2120 1
 1629 2143 2109 2209 1
 1503 1722 1681 1740 1
 557 1902 860 2130 1
 1500 1787 494 1883 1
 1508 2018 1844 2276 1
 1767 1943 1596 2167 1
 1552 2081 1688 2161 1
 986 584 1751 2261 1
 785 2031 898 2221 1
 1785 1800 1769 2194 1
 957 1996 1645 2210 1
 1654 1840 1564 2119 1
 1608 2037 2034 2164 1
 446 790 857 1713 1
 593 1639 653 2230 1
 166 873 168 2033 1
 237 238 239 1868 1
 273 272 271 2262 1
 1193 36 1091 1946 1
 279 2207 291 2213 1
 365 1866 393 2286 1
 198 197 193 1767 1
 1717 1638 2077 2254 1
 975 1720 65 1963 1
 1183 1829 2164 2170 1
 124 2058 1886 2185 1
 330 333 332 1731 1
 1984 2095 1610 2144 1
 27 681 1963 2260 1
 711 89 1615 2281 1
 214 839 840 1790 1
 1547 1625 1789 2017 1
 1322 1279 1295 1836 1
 1541 1865 1725 1982 1
 1074 1946 1690 2236 1
 606 1713 857 2107 1
 1598 1708 1100 2141 1
 1602 2158 2231 2283 1
 1609 1824 1509 1946 1
 1656 1508 2193 2276 1
 435 790 446 1713 1
 888 887 757 2116 1
 1556 1926 1763 2177 1
 1074 36 1946 2236 1
 1819 1837 711 2179 1
 1350 1970 1612 2157 1
 514 867 750 2215 1
 1520 1970 1628 2147 1
 1674 2087 1604 2088 1
 1154 1857 1391 2009 1
 1099 1098 1097 2037 1
 1547 1789 1925 2017 1
 1772 1946 1690 2019 1
 528 911 932 2094 1
 1722 1752 1496 1886 1
 1763 1926 1622 2177 1
 21 45 20 1828 1
 394 385 1671 2061 1
 522 870 258 2171 1
 1032 191 180 2130 1
 1690 1772 2019 2216 1
 519 466 1796 1949 1
 1592 1734 1661 1783 1
 1812 1886 1496 2185 1
 1649 1463 1785 2194 1
 1643 1967 662 2163 1
 1469 1739 1650 1802 1
 94 95 96 1837 1
 857 790 532 2107 1
 523 1620 2171 2228 1
 1472 1752 1722 1886 1
 1630 1939 1579 2078 1
 1344 1143 1332 2100 1
 295 293 1705 2207 1
 1588 1784 81 2238 1
 1536 1553 1817 2022 1
 1482 1636 1881 2056 1
 557 592 1958 2130 1
 1512 2030 1905 2047 1
 1502 2120 1659 2225 1
 916 951 513 1975 1
 637 620 529 1684 1
 439 1995 1606 2218 1
 1663 1469 2098 2261 1
 1587 1906 2117 2241 1
 1857 2009 1595 2108 1
 819 2106 1629 2162 1
 1725 1982 1865 2247 1
 1608 2034 1954 2164 1
 1561 1713 1691 2242 1
 1508 1980 2018 2193 1
 1482 1960 1636 2056 1
 1550 1604 1757 2192 1
 2092 2141 1101 2157 1
 1418 1677 1129 2090 1
 1550 2087 1604 2192 1
 469 1848 502 2106 1
 1622 1926 1763 2255 1
 678 1668 967 2002 1
 1076 1881 1824 2056 1
 849 111 1760 2251 1
 1548 1605 2103 2268 1
 216 755 889 1611 1
 1133 1126 1125 1762 1
 1776 1597 2085 2159 1
 1838 2010 1684 2068 1
 1514 1599 1959 2184 1
 1717 2077 1815 2254 1
 334 917 1623 2050 1
 1470 1943 1767 2167 1
 111 1744 849 1760 1
 1717 1815 1483 2254 1
 106 105 1678 2062 1
 1565 1628 2169 2227 1
 1542 1733 1609 1951 1
 223 637 1029 1902 1
 1126 1380 1980 2170 1
 1463 1964 1660 1980 1
 819 697 1629 2106 1
 58 72 69 1795 1
 1474 1826 1756 2114 1
 1628 1565 1978 2227 1
 1139 1984 1138 2243 1
 1203 1672 1087 2070 1
 1638 1717 1483 2254 1
 1596 2015 670 2187 1
 740 977 741 1834 1
 1592 1734 1977 2219 1
 1433 2103 1574 2177 1
 501 469 468 1848 1
 482 1662 462 1952 1
 131 132 1976 2185 1
 1643 1834 1027 2182 1
 1557 1963 1720 1990 1
 1677 1984 1726 2144 1
 1149 1085 1120 2048 1
 1676 1804 1532 2214 1
 1470 1607 2205 2232 1
 709 1712 929 2161 1
 818 1654 220 1780 1
 1141 1626 1135 1985 1
 202 1754 251 2078 1
 1781 1923 1607 2130 1
 764 1701 766 1894 1
 782 1736 1975 2279 1
 289 287 499 1725 1
 1602 1198 1974 2199 1
 1305 2103 2017 2268 1
 1546 1776 2007 2215 1
 1756 1813 1474 1889 1
 834 1648 739 2062 1
 1900 1941 313 2153 1
 1552 2002 1712 2161 1
 1469 1663 2104 2261 1
 1078 1071 1077 1911 1
 174 173 176 2012 1
 1115 1978 1961 2090 1
 1559 2064 1688 2081 1
 1055 266 2120 2225 1
 819 1629 628 2162 1
 295 291 293 2207 1
 827 1684 2010 2068 1
 149 145 112 1897 1
 1670 2252 1803 2274 1
 1652 1690 1509 2236 1
 1532 1811 1804 1855 1
 1782 2048 1487 2115 1
 254 264 265 1659 1
 787 172 963 1761 1
 1615 1819 711 2281 1
 1257 1246 1258 2105 1
 444 1887 891 2233 1
 1248 1945 1362 2123 1
 1517 1748 1566 2027 1
 1817 1858 1545 2117 1
 603 1568 994 2208 1
 1479 2073 1782 2145 1
 20 691 21 1828 1
 960 2108 372 2196 1
 1067 970 608 2261 1
 467 198 193 2015 1
 102 728 496 1587 1
 141 466 143 1949 1
 1367 1247 1777 1972 1
 1631 1796 1471 1840 1
 1776 2007 1597 2159 1
 1119 1112 2036 2145 1
 1623 2028 1773 2053 1
 1770 1864 1672 1998 1
 1817 1545 2022 2117 1
 1652 1934 1690 2236 1
 303 2032 1642 2249 1
 1317 1441 1351 1854 1
 1407 1299 1444 1838 1
 334 2050 1623 2155 1
 1595 1876 1644 2196 1
 273 271 274 1977 1
 1584 1606 2083 2113 1
 1342 1851 1400 2195 1
 776 901 1706 2280 1
 1612 1962 1511 2157 1
 1522 1731 2095 2269 1
 1494 1613 2039 2080 1
 1927 2026 1594 2160 1
 1095 2037 2074 2164 1
 531 1692 551 2240 1
 819 697 628 1629 1
 1613 1464 1838 2068 1
 18 692 19 2258 1
 1271 1812 1268 1851 1
 544 1845 625 2176 1
 1490 1714 1648 1751 1
 1208 2065 1311 2177 1
 1523 1786 1679 1976 1
 1718 1915 1583 2248 1
 1004 884 846 1877 1
 496 1927 2117 2277 1
 560 1024 915 2149 1
 1651 2064 671 2213 1
 1887 2013 1489 2233 1
 1463 1649 1992 2194 1
 85 66 62 1825 1
 1816 1945 1526 2123 1
 1356 2073 1566 2092 1
 1539 1900 1829 1941 1
 362 803 365 2286 1
 893 197 1767 2088 1
 621 903 2175 2190 1
 1488 2070 1672 2204 1
 1543 1875 1700 2015 1
 371 372 370 1687 1
 1608 2091 1658 2140 1
 1559 2011 2064 2081 1
 1607 1958 1470 2205 1
 1817 1837 1536 2266 1
 1606 1516 1930 2218 1
 1659 1697 1467 2148 1
 1544 1893 2018 2131 1
 496 1927 1587 2117 1
 1598 1708 1981 2201 1
 328 329 325 2269 1
 1611 1905 2030 2047 1
 169 826 1751 1752 1
 1595 2000 1857 2108 1
 1574 2103 1928 2177 1
 1302 1935 1177 1969 1
 1046 1991 542 2234 1
 1496 1812 1722 1886 1
 710 873 1737 2206 1
 1892 1498 2139 2180 1
 1600 1879 1561 1944 1
 1570 1866 1878 2273 1
 7 61 2224 2245 1
 1475 1639 2024 2230 1
 1523 1643 1851 2195 1
 1516 1833 2013 2233 1
 1580 1985 1626 2229 1
 1384 1814 1453 1951 1
 285 596 761 1798 1
 1229 1256 1231 2066 1
 686 806 976 1649 1
 106 105 107 1678 1
 1358 1224 1228 2026 1
 1554 1998 921 2228 1
 455 1882 965 2040 1
 9 1591 2161 2259 1
 62 85 1825 2206 1
 1133 1427 1829 1934 1
 1368 1407 1378 1838 1
 1006 1664 609 1827 1
 1556 1876 1801 2196 1
 37 1824 1076 1881 1
 461 1808 1964 1992 1
 1556 2065 1801 2177 1
 831 1988 1645 2239 1
 1356 2092 1566 2201 1
 706 503 1848 2046 1
 1708 1544 1981 2201 1
 1516 2218 1870 2233 1
 780 1768 357 2122 1
 1024 783 2049 2149 1
 1181 1126 1829 2170 1
 1071 1911 1078 2172 1
 1616 1571 2038 2209 1
 269 268 219 1630 1
 150 1897 152 2132 1
 1124 1438 1395 1698 1
 956 1760 1877 2251 1
 1753 2261 1490 2265 1
 1268 1851 1812 2097 1
 1619 2199 2110 2231 1
 904 939 1638 1903 1
 798 403 1890 2067 1
 851 343 1707 2045 1
 1672 2070 1627 2204 1
 1829 1900 1551 2153 1
 185 187 1780 2217 1
 1557 1989 1794 1990 1
 1759 1803 1670 2159 1
 1652 2023 1572 2236 1
 631 1588 81 2238 1
 1149 1849 1085 2048 1
 1829 1941 1900 2153 1
 1612 1874 1350 2157 1
 1797 1908 650 1968 1
 738 324 355 1956 1
 1464 2010 1838 2068 1
 1538 1617 1808 2131 1
 333 330 737 1731 1
 1560 1610 1791 2144 1
 1577 1693 1853 2183 1
 1192 1989 1582 2134 1
 9 8 2224 2259 1
 1473 1702 1614 1973 1
 278 1977 275 2154 1
 1980 2018 1603 2170 1
 1256 1884 1360 2066 1
 1881 2043 1578 2127 1
 442 1870 1775 2165 1
 1511 1742 1724 1903 1
 720 988 2179 2265 1
 1628 1978 2125 2227 1
 1619 2110 1811 2231 1
 1165 1918 2007 2159 1
 1309 1592 1460 2178 1
 1536 2033 1737 2086 1
 270 1895 269 1939 1
 933 593 653 2230 1
 424 409 1808 1992 1
 298 310 297 1983 1
 1568 1915 1718 2248 1
 1607 1470 1958 2232 1
 1828 1864 1488 1957 1
 1367 1614 1892 2105 1
 129 2058 124 2185 1
 1226 2184 2026 2241 1
 1213 1203 1087 2070 1
 1930 2096 1179 2113 1
 661 1568 1915 2208 1
 738 324 1956 2269 1
 1386 1749 1305 1928 1
 586 995 1975 2068 1
 1547 1749 1637 1882 1
 1329 1333 1282 1862 1
 299 771 1682 2052 1
 1468 1813 1756 1889 1
 1369 1403 1119 1833 1
 1423 1739 1802 2093 1
 1440 1315 1830 2237 1
 1122 1188 1432 2089 1
 1739 1997 1496 2097 1
 1898 1950 1397 2257 1
 1157 1835 1522 2095 1
 669 551 1692 2030 1
 943 622 692 1770 1
 1686 1896 363 2286 1
 1283 1442 1891 1907 1
 1679 1786 1503 1976 1
 87 88 89 2086 1
 220 1654 185 1780 1
 1645 1822 1693 2183 1
 868 77 678 1889 1
 1555 1741 2024 2230 1
 391 319 751 1628 1
 568 519 530 1796 1
 709 87 1712 2054 1
 1475 1923 1781 2130 1
 1356 1566 2073 2201 1
 1509 2023 1652 2236 1
 74 46 2224 2259 1
 1054 1602 67 2173 1
 1596 1754 1497 2187 1
 421 420 1815 2077 1
 38 2043 1881 2127 1
 1415 1984 1677 2144 1
 16 15 1772 2287 1
 1717 1537 1815 2077 1
 1081 1080 1068 1807 1
 1507 1843 1910 1983 1
 37 1076 1824 2056 1
 1633 1548 1969 2268 1
 1641 2128 1618 2278 1
 604 996 1039 1882 1
 445 517 816 1691 1
 182 729 193 1757 1
 177 491 181 2160 1
 1132 2042 1994 2288 1
 706 364 658 1686 1
 1113 2018 1708 2201 1
 1624 1700 1497 2151 1
 1651 2064 2081 2259 1
 1367 1972 1614 2105 1
 1339 1203 1225 2020 1
 600 1936 492 2277 1
 955 596 954 1798 1
 1509 1772 1609 1946 1
 1535 2115 2036 2145 1
 546 1028 480 1693 1
 999 1866 423 2273 1
 1915 1940 1583 2248 1
 1658 1983 1910 2169 1
 751 1628 319 2181 1
 557 833 1902 2189 1
 1640 2012 2006 2123 1
 1279 1786 1278 1867 1
 372 407 2000 2108 1
 1724 1874 1742 2157 1
 1088 1352 1809 1953 1
 138 136 137 1669 1
 1528 2212 1842 2224 1
 132 134 133 1976 1
 1554 1620 1998 2228 1
 463 243 1765 2071 1
 1546 2007 1624 2215 1
 846 884 845 1877 1
 483 413 1926 2129 1
 1869 1883 1506 1999 1
 1628 2169 319 2181 1
 1075 1690 35 2137 1
 1606 1995 439 2083 1
 1902 1923 1613 2130 1
 1607 1630 1907 2205 1
 1102 1598 2092 2201 1
 800 908 525 1681 1
 1586 2076 1629 2143 1
 1804 1811 1532 2283 1
 1560 1919 1759 2051 1
 1627 1672 1554 2020 1
 1670 1560 2252 2274 1
 1544 2018 1844 2131 1
 1482 1762 1960 2056 1
 1288 1324 1285 1763 1
 1576 1987 1727 2079 1
 104 1959 103 2062 1
 1033 1017 2221 2263 1
 1337 2113 1584 2168 1
 1662 1995 1626 2113 1
 335 747 336 2155 1
 669 2030 1692 2128 1
 1034 1686 374 2286 1
 1708 1738 1598 1981 1
 130 1976 132 2185 1
 1538 1698 1649 2059 1
 240 731 1675 2135 1
 1387 1210 1202 1888 1
 686 976 928 1680 1
 1252 1250 1354 2126 1
 1428 1917 1994 2042 1
 1001 492 491 1927 1
 695 2038 1820 2260 1
 1527 1827 1755 2223 1
 1824 1979 1509 2287 1
 1954 2034 1094 2164 1
 1893 2073 1566 2201 1
 1811 2110 1532 2158 1
 1617 1748 1517 2273 1
 131 130 132 2185 1
 1540 1855 1766 1867 1
 28 1689 958 2173 1
 938 1646 912 2250 1
 445 435 446 1713 1
 1665 1816 1526 2123 1
 406 1520 2125 2147 1
 1463 1980 1660 2035 1
 1475 1741 1666 1966 1
 1577 1950 1778 2183 1
 418 428 828 1789 1
 1773 2028 1151 2053 1
 1487 2048 1782 2272 1
 570 457 569 1776 1
 1598 1738 1708 2141 1
 1082 1709 1616 2172 1
 801 594 1034 2084 1
 1588 1989 1723 2270 1
 1386 1417 1313 1777 1
 1632 2200 1830 2237 1
 1604 1943 1767 2088 1
 455 400 1882 2040 1
 1598 1981 1890 2201 1
 1597 1759 1732 2051 1
 1569 1821 1609 1888 1
 419 421 420 1815 1
 1633 1465 1969 2107 1
 1263 1697 1254 2055 1
 452 405 1634 2227 1
 287 289 288 1725 1
 1544 1748 1617 1844 1
 1658 2140 909 2181 1
 820 780 357 2122 1
 1811 2158 1532 2283 1
 1322 1558 2136 2284 1
 1626 1870 1516 1995 1
 1481 1855 1811 2110 1
 2026 2075 1587 2184 1
 1518 2060 1982 2275 1
 1362 1741 1358 1816 1
 1315 2158 1830 2237 1
 1276 1312 1343 1912 1
 747 336 2155 2254 1
 464 557 1958 2232 1
 1329 1303 1318 1944 1
 1649 1698 1538 1992 1
 1050 752 1046 1718 1
 1662 2083 1995 2113 1
 1362 1741 1816 1945 1
 1095 2034 2037 2164 1
 146 733 142 1774 1
 1010 1967 700 2285 1
 933 893 1639 2088 1
 1635 1710 1562 2139 1
 970 1753 608 2261 1
 319 1628 391 2169 1
 1575 1791 1701 1835 1
 1630 1607 1907 2189 1
 1209 1409 1935 1944 1
 902 470 715 1746 1
 1526 1816 1666 1945 1
 1229 1231 1920 2066 1
 1501 1848 1775 1985 1
 723 722 954 2219 1
 1080 1807 1090 1954 1
 1306 1386 1305 1928 1
 1688 2081 2064 2259 1
 1478 2045 1655 2186 1
 521 635 189 2005 1
 1640 1504 2012 2123 1
 921 1051 641 2118 1
 597 1827 875 1842 1
 1270 1722 1272 1997 1
 1742 1903 879 2256 1
 706 658 503 2046 1
 959 296 284 2060 1
 1046 1043 731 2234 1
 1380 2018 1980 2170 1
 405 2125 1634 2227 1
 710 703 873 2206 1
 1276 1740 1312 1912 1
 1693 1822 1645 1996 1
 1878 1893 1617 2131 1
 912 676 1683 2245 1
 1566 2067 1890 2092 1
 1749 1882 1605 1928 1
 1170 1166 1167 1704 1
 632 1643 1027 2182 1
 695 1820 590 2260 1
 1534 1709 1686 1948 1
 32 1913 1191 1953 1
 757 489 756 2116 1
 81 1794 80 2226 1
 1697 1788 1476 1947 1
 223 555 222 2068 1
 427 784 783 2040 1
 1690 1772 1509 1946 1
 1660 1980 1964 2193 1
 1394 1214 2110 2195 1
 1634 2125 405 2253 1
 814 545 1017 1702 1
 1463 1992 1698 2194 1
 917 931 1986 2050 1
 190 1651 671 2213 1
 1585 1856 1771 2075 1
 1611 1590 1949 2136 1
 886 966 890 2083 1
 2008 2095 1610 2269 1
 365 803 1866 2286 1
 496 1587 1927 2082 1
 191 1736 180 2130 1
 282 276 1860 2213 1
 861 1701 388 2008 1
 390 2169 2125 2227 1
 1526 2006 2012 2123 1
 1564 1884 1744 2066 1
 1587 2075 2026 2082 1
 1597 2007 1918 2159 1
 621 903 748 2175 1
 409 1649 806 2061 1
 709 2054 1712 2161 1
 471 165 524 1813 1
 283 723 1661 2219 1
 1698 1992 1649 2194 1
 1636 1960 1038 2023 1
 1400 1851 1267 2270 1
 844 1715 350 1805 1
 782 1736 222 1975 1
 1040 234 1846 2112 1
 1522 1687 1773 1986 1
 1606 1626 1995 2113 1
 483 1926 1922 2129 1
 1721 1881 1578 2127 1
 1483 1898 1707 2257 1
 1578 1864 1828 1957 1
 327 805 320 2267 1
 1607 1923 1902 2130 1
 1481 1867 1855 2195 1
 141 143 1774 1949 1
 580 2129 1601 2211 1
 1684 1838 1505 2010 1
 543 965 544 1845 1
 163 127 160 1832 1
 493 492 600 1936 1
 477 605 508 1627 1
 1067 608 932 2261 1
 470 2032 303 2249 1
 1794 1989 1582 1990 1
 242 1765 239 1868 1
 1470 2078 1965 2167 1
 1117 1112 1655 2036 1
 91 1737 166 2033 1
 2075 2082 1587 2184 1
 1572 1941 1829 2203 1
 775 776 1634 1861 1
 1701 1857 1522 2000 1
 1681 1740 1722 1912 1
 1317 1351 1352 1859 1
 63 923 928 1680 1
 1197 2001 1938 2152 1
 295 883 708 1860 1
 436 435 445 1691 1
 1603 2170 2018 2193 1
 1096 2034 1910 2037 1
 1995 2083 1606 2113 1
 1547 1789 1625 2040 1
 1844 2193 1508 2276 1
 212 215 227 1728 1
 1077 1911 1990 2101 1
 1090 1954 1807 2034 1
 1696 1932 1621 2190 1
 1623 1537 1815 2053 1
 739 834 911 1648 1
 931 892 367 1986 1
 28 958 1689 1831 1
 1104 1874 1724 2157 1
 228 1885 226 2166 1
 1501 1849 1847 1896 1
 1621 2063 1684 2202 1
 1094 1427 1954 2164 1
 442 1995 1870 2165 1
 1240 2044 1657 2248 1
 1825 2224 61 2245 1
 216 151 755 1728 1
 289 290 1725 2215 1
 1535 1833 1764 2036 1
 1700 1875 1543 2152 1
 1643 1743 1485 1851 1
 1513 1727 1644 2220 1
 1485 1967 1643 2285 1
 1127 1724 1104 1874 1
 1577 2183 1778 2239 1
 1240 1242 1238 2044 1
 1487 1839 1849 2048 1
 1627 1784 1743 1967 1
 34 1075 35 2137 1
 747 339 336 2254 1
 1297 1450 1393 1700 1
 1605 2049 1548 2103 1
 1146 1853 1143 2028 1
 1509 1772 1690 2216 1
 1735 1485 2020 2097 1
 1890 1981 1544 2201 1
 1642 2032 1807 2249 1
 1644 1801 1574 1876 1
 1758 2044 1568 2240 1
 1636 866 2258 2287 1
 980 872 838 2253 1
 1480 1819 1747 1826 1
 1013 2153 392 2193 1
 120 799 1681 2222 1
 1255 1263 1254 2055 1
 1812 1851 1485 2097 1
 606 446 857 1713 1
 411 2220 410 2235 1
 1493 2099 1955 2284 1
 1473 1882 1749 1928 1
 1047 667 607 1819 1
 1057 444 1870 2218 1
 740 134 136 1766 1
 1476 1846 2126 2278 1
 1526 2006 1640 2012 1
 1196 1190 1769 1800 1
 1743 1851 1643 2270 1
 67 1054 888 1602 1
 472 1658 909 2181 1
 1967 2163 1643 2285 1
 92 1817 95 1837 1
 1347 2018 1893 2131 1
 935 571 1624 1914 1
 765 388 861 1701 1
 1154 1801 1171 1987 1
 1077 1990 1186 2101 1
 1701 1835 1791 2008 1
 1208 1801 2065 2177 1
 958 1689 1831 2173 1
 1735 2020 1485 2118 1
 1668 2029 1581 2041 1
 807 808 899 1711 1
 91 710 166 1737 1
 1554 1735 2020 2097 1
 1648 1714 1490 2069 1
 188 1703 195 1993 1
 289 750 290 2215 1
 250 252 785 2166 1
 1465 1713 1633 1935 1
 1698 1463 1964 1992 1
 1088 1205 1197 2001 1
 1689 1963 1521 2260 1
 1517 2027 1566 2073 1
 1433 1928 1306 2103 1
 105 104 103 2062 1
 1817 1536 2022 2266 1
 409 456 806 1649 1
 1555 2024 1741 2174 1
 841 916 513 1640 1
 325 2008 324 2269 1
 1684 2063 1505 2202 1
 603 2208 1692 2240 1
 1248 1810 1364 1945 1
 59 1688 672 2064 1
 1793 2107 1465 2235 1
 393 408 394 1866 1
 105 859 772 1771 1
 1525 2102 1788 2264 1
 1811 1855 1532 2110 1
 56 967 699 2041 1
 1486 1954 1934 1971 1
 983 804 2272 2273 1
 339 882 1707 2254 1
 1852 1853 1576 2050 1
 1647 2129 581 2211 1
 1226 1227 2026 2184 1
 1550 1809 2206 2250 1
 1486 1934 1652 1971 1
 1458 1453 1320 1814 1
 1690 1946 1509 2236 1
 1483 1717 1638 1898 1
 477 508 83 1784 1
 674 1806 974 2032 1
 1570 1849 1839 2048 1
 1531 1732 1664 2150 1
 1528 1825 1646 2245 1
 472 718 909 1658 1
 206 1703 205 2010 1
 1474 1819 1901 2281 1
 818 585 1016 1840 1
 1493 1760 1740 1877 1
 679 709 929 2161 1
 1660 2005 1463 2035 1
 1687 1857 1595 2000 1
 696 590 695 1820 1
 610 2151 1064 2187 1
 486 488 1048 1964 1
 1526 1666 1665 2279 1
 1485 2058 1812 2097 1
 1088 1191 1352 1953 1
 1362 1945 1816 2123 1
 1787 1815 1537 2077 1
 1578 1770 1672 2043 1
 698 1629 697 2209 1
 1291 1779 1611 2047 1
 410 518 454 1852 1
 463 246 1052 1908 1
 313 306 402 1900 1
 1273 1284 1299 2039 1
 1694 1969 1172 2100 1
 557 833 860 1902 1
 1580 1775 1626 1985 1
 1092 1390 1330 1723 1
 3 44 1331 2143 1
 258 163 259 2228 1
 1333 1266 1263 1697 1
 1744 1897 1564 2066 1
 1056 506 907 2005 1
 1495 1857 2000 2108 1
 1554 1739 1735 2097 1
 1271 1268 1342 1851 1
 933 224 893 2088 1
 1586 1629 1916 2143 1
 1651 2064 2011 2081 1
 866 1636 1038 2023 1
 1574 1694 1644 1933 1
 1585 1897 1744 2066 1
 1476 2126 2112 2278 1
 283 277 723 2219 1
 331 329 330 1731 1
 1350 1099 1970 2141 1
 1695 1908 1797 1968 1
 926 544 625 2176 1
 1310 1383 1446 1745 1
 70 72 86 1795 1
 1313 1247 1745 1777 1
 482 824 1662 2083 1
 1625 1879 1633 2149 1
 1364 1810 1284 1923 1
 1615 1536 1837 2266 1
 185 1780 1654 2217 1
 54 1636 866 2258 1
 1692 2128 1641 2264 1
 595 1820 589 2084 1
 1775 1848 1529 1985 1
 412 992 869 2061 1
 1148 2095 1984 2144 1
 1788 1846 1525 2126 1
 1046 1718 752 1991 1
 586 222 555 2068 1
 1557 1723 1699 2226 1
 1646 2206 1809 2250 1
 1222 1221 1223 2174 1
 179 180 1736 2279 1
 493 181 492 1966 1
 849 1760 1744 2246 1
 568 889 519 1905 1
 150 152 153 2132 1
 1467 1788 1697 1947 1
 995 951 586 1975 1
 1485 1743 1627 2020 1
 1861 1869 1677 2090 1
 814 1005 1702 2176 1
 279 292 291 2207 1
 1595 1801 1644 1876 1
 1728 2200 1590 2244 1
 1571 1602 1974 2173 1
 1525 1641 2128 2264 1
 1994 2042 1593 2288 1
 1767 1943 1639 2088 1
 1537 1984 2095 2269 1
 1490 2069 1850 2094 1
 1658 2034 1507 2091 1
 1441 2022 1854 2266 1
 1276 1271 1277 1786 1
 1734 1939 1510 2219 1
 1026 1861 777 1919 1
 1615 1859 1536 2266 1
 1647 2146 1704 2211 1
 1095 2074 1098 2164 1
 1667 2146 296 2211 1
 1670 2052 1803 2252 1
 960 372 375 2196 1
 1264 1942 1695 2055 1
 1471 1905 1779 2047 1
 694 2106 2038 2209 1
 1668 2019 1581 2029 1
 1494 1621 1932 2175 1
 1829 1941 1603 2203 1
 1965 2078 1754 2167 1
 86 704 70 1619 1
 917 931 332 1986 1
 1480 1813 1753 2265 1
 320 520 312 1900 1
 151 212 147 1728 1
 392 2153 1603 2193 1
 167 717 93 2033 1
 481 2107 1793 2235 1
 598 1664 1006 1827 1
 1738 2074 1708 2141 1
 330 1731 332 1986 1
 1557 1720 1680 2101 1
 1618 2200 1790 2244 1
 1610 2095 1984 2269 1
 571 458 867 1776 1
 1609 1772 1542 1946 1
 1833 2229 1580 2233 1
 1577 1853 1852 2050 1
 354 744 743 1764 1
 1442 1275 1426 1734 1
 1506 1883 1869 2253 1
 81 631 73 1588 1
 1379 1304 1439 2103 1
 482 447 462 1662 1
 689 1652 1904 2216 1
 1575 1792 1701 1894 1
 1585 1920 1761 2066 1
 921 641 1998 2118 1
 1508 1698 1964 1992 1
 1284 1923 1613 2039 1
 715 1746 470 2249 1
 1771 1856 1585 2057 1
 6 61 7 2245 1
 1487 1896 1768 2122 1
 73 1588 631 2182 1
 462 1952 1662 2162 1
 563 164 2214 2283 1
 1259 2080 1621 2180 1
 1529 2076 1629 2162 1
 297 294 298 1983 1
 1039 615 625 2176 1
 371 892 832 1727 1
 696 1820 695 2038 1
 482 824 447 1662 1
 1205 1938 1197 2001 1
 1457 1235 1243 2119 1
 1655 2045 1707 2257 1
 539 626 968 2193 1
 93 716 92 1817 1
 821 396 810 1876 1
 1483 1950 1898 2257 1
 1685 2110 1214 2195 1
 205 2010 1703 2021 1
 1482 1800 1673 2005 1
 378 1644 377 2220 1
 1467 1697 1659 1947 1
 156 2214 1676 2271 1
 1530 1825 1809 1953 1
 235 240 1675 2198 1
 1219 1222 1382 2174 1
 1962 2067 1511 2092 1
 1042 221 618 1936 1
 86 1619 1795 2156 1
 1613 1902 1494 2039 1
 1322 2136 1779 2284 1
 800 120 799 1681 1
 1222 1219 1221 2174 1
 803 1866 1839 2273 1
 671 2064 279 2213 1
 646 1895 270 2262 1
 1624 2151 1725 2215 1
 502 469 501 1848 1
 1148 1835 1157 2095 1
 1790 2200 1728 2244 1
 1638 904 1903 2256 1
 1649 2059 1533 2061 1
 1277 1278 1279 1786 1
 467 193 729 2015 1
 1769 1800 1190 2194 1
 1551 2074 1608 2164 1
 1728 1790 1590 2200 1
 1543 1757 1646 1938 1
 450 445 446 1713 1
 1555 1966 1741 2230 1
 1803 2252 2052 2274 1
 1574 1876 1801 2177 1
 220 818 185 1654 1
 577 1652 969 2023 1
 1484 1675 1657 2102 1
 1772 2216 1509 2287 1
 1765 1519 1942 2004 1
 499 761 614 1798 1
 1388 1989 2134 2270 1
 1516 2013 1887 2233 1
 1439 1172 1694 1969 1
 1651 2011 1871 2081 1
 278 1635 863 1977 1
 1629 2076 1529 2109 1
 1715 1805 1479 2145 1
 1615 1837 1536 2086 1
 775 452 405 1634 1
 1114 1961 1843 1994 1
 1631 1884 1564 2119 1
 188 734 205 2021 1
 1765 1868 1519 2004 1
 1026 776 777 1861 1
 1779 2136 1558 2284 1
 1353 1253 2136 2200 1
 115 834 106 2062 1
 729 896 730 1757 1
 549 913 1968 2225 1
 208 210 211 2063 1
 294 2207 1746 2249 1
 1710 1592 1977 2154 1
 725 724 1037 2032 1
 2026 2075 1477 2082 1
 1058 2193 1844 2276 1
 37 1824 1194 2056 1
 1587 1906 1858 2117 1
 1615 1536 1859 2086 1
 851 339 882 1707 1
 1818 2006 1232 2123 1
 1487 1847 1896 2122 1
 57 912 676 1683 1
 875 1842 1827 2212 1
 1525 2128 1692 2264 1
 305 303 724 1642 1
 1133 1389 1427 1934 1
 454 1852 1693 2235 1
 1528 1755 1683 2001 1
 1561 2096 1930 2121 1
 23 946 53 2226 1
 487 1660 488 1964 1
 532 2107 1633 2149 1
 1057 1870 444 2233 1
 1440 2200 1314 2237 1
 1616 2038 1863 2260 1
 1482 1800 2005 2035 1
 605 1627 477 2204 1
 1679 1812 1485 2058 1
 474 760 1993 2240 1
 1215 1901 1093 2114 1
 1569 1951 1733 2124 1
 1350 1101 2141 2157 1
 1719 1873 1830 2214 1
 776 950 901 2280 1
 628 697 698 1629 1
 1657 1675 1525 2102 1
 1550 1646 1809 2250 1
 37 1091 36 1824 1
 986 583 584 2261 1
 1617 1748 1544 1893 1
 704 1619 86 2156 1
 637 529 1029 1684 1
 842 772 900 1771 1
 1534 1686 1671 1948 1
 1598 1612 2141 2157 1
 1199 1917 1755 1918 1
 1570 1671 1948 2014 1
 996 1637 253 2234 1
 1552 1899 1688 2081 1
 1598 1962 1612 2157 1
 1561 1935 1713 2242 1
 1615 1901 1819 2281 1
 865 278 275 2154 1
 1657 1718 1484 2248 1
 1362 1363 1358 1741 1
 1868 1873 1563 2004 1
 1362 1363 1741 1945 1
 1853 2028 1576 2050 1
 1761 1920 1504 2066 1
 15 705 16 1772 1
 1633 1713 1465 2107 1
 938 912 896 2250 1
 1616 1571 1863 2038 1
 339 1778 338 2155 1
 757 1719 489 2116 1
 1473 1749 1637 1777 1
 1624 1725 1546 2215 1
 1546 2085 1776 2215 1
 298 294 301 2249 1
 1207 1704 1167 2178 1
 1379 1801 1208 2177 1
 137 1669 884 1955 1
 1238 1236 1239 1758 1
 1520 1883 1869 1999 1
 1558 1774 2003 2136 1
 1011 609 1664 1827 1
 1584 1797 1695 1908 1
 267 2189 557 2232 1
 1111 1782 1185 2073 1
 567 942 1044 2156 1
 1608 1900 1551 2164 1
 1630 2205 1607 2232 1
 1399 1172 1969 2100 1
 751 556 459 2147 1
 1542 2019 1668 2029 1
 1485 1627 1743 1967 1
 1316 1841 1320 2098 1
 1609 1824 1524 1979 1
 609 655 570 1664 1
 46 1651 190 1842 1
 582 601 581 1647 1
 1085 1341 1083 1948 1
 745 848 742 1764 1
 1598 2141 2092 2157 1
 973 1055 913 2225 1
 1598 2072 1738 2141 1
 438 439 437 2218 1
 73 80 81 1794 1
 1642 1971 1486 2032 1
 1254 1252 1880 2126 1
 1467 1846 1788 1947 1
 1487 1839 2048 2272 1
 1625 2017 1547 2040 1
 1688 2041 1552 2161 1
 1588 631 2182 2238 1
 391 2125 1628 2147 1
 1678 2057 107 2222 1
 43 1863 44 1974 1
 1749 1882 1547 2040 1
 2023 2216 629 2287 1
 1614 1892 1702 2142 1
 1181 1126 1133 1829 1
 996 604 836 1637 1
 1513 1793 1694 2100 1
 1403 1847 1404 2115 1
 376 377 378 1644 1
 141 143 142 1774 1
 715 294 1746 2249 1
 1496 1832 1752 1997 1
 1830 2158 1532 2237 1
 1722 1752 1472 1997 1
 442 876 1775 1870 1
 753 1861 1726 1919 1
 37 1194 1076 2056 1
 557 860 964 2130 1
 912 938 68 1646 1
 765 766 764 1701 1
 1625 2017 1605 2268 1
 1114 1843 1132 1994 1
 1681 1722 1503 1886 1
 1287 1850 1841 2069 1
 483 484 413 2129 1
 337 1030 981 2050 1
 1657 1675 1484 2135 1
 1568 1940 1915 2248 1
 1470 1958 1781 2205 1
 1910 1983 1565 2169 1
 278 864 863 1635 1
 1560 2051 1670 2252 1
 843 1041 874 2027 1
 1577 2028 1853 2050 1
 1468 1733 1951 2124 1
 724 1642 303 2032 1
 1525 2126 1846 2278 1
 1557 1794 1723 2226 1
 1847 1849 1487 1896 1
 1573 1800 1673 1957 1
 1424 1755 1199 1917 1
 389 395 813 2025 1
 1672 1864 1488 2204 1
 1464 1613 1810 2068 1
 1003 82 946 2204 1
 446 606 450 1713 1
 1580 2229 1870 2233 1
 1027 1643 662 2163 1
 1622 1928 1326 2177 1
 1839 2272 804 2273 1
 1561 1691 1930 2242 1
 1282 1264 1695 2055 1
 1141 1626 1985 2229 1
 1493 1955 1836 2284 1
 1564 1840 1631 2119 1
 1388 1092 1989 2270 1
 1525 1675 1657 2198 1
 184 841 1640 2132 1
 1570 1839 1866 2273 1
 370 366 367 1687 1
 1490 1841 1850 2069 1
 1439 1399 1172 1969 1
 1304 1302 1439 2268 1
 969 2023 1652 2216 1
 1477 1816 1665 1920 1
 143 144 142 1949 1
 305 303 1642 2133 1
 1673 1800 1482 2127 1
 1509 1690 1652 2216 1
 184 841 513 1640 1
 598 599 655 1664 1
 1644 1876 1574 2282 1
 60 1828 691 1864 1
 1533 2059 2014 2061 1
 1970 2141 1612 2157 1
 1550 1809 1737 2206 1
 902 1746 512 2064 1
 834 169 911 1648 1
 1646 1683 1543 2001 1
 646 270 272 2262 1
 515 1638 2077 2256 1
 139 736 141 1955 1
 1289 1282 1695 1862 1
 1786 1836 1669 1867 1
 582 1647 581 2211 1
 395 1845 813 2025 1
 1748 1890 1544 2201 1
 1517 1782 2048 2272 1
 1608 2034 1658 2091 1
 1320 1458 1814 1841 1
 949 725 689 1971 1
 1393 1218 1321 1943 1
 2125 2169 1628 2227 1
 327 320 326 2267 1
 241 244 1675 2111 1
 1908 1952 1586 2168 1
 1310 1313 1247 1745 1
 406 460 987 2147 1
 774 1868 475 1921 1
 1930 2096 1606 2121 1
 1156 1135 1141 1626 1
 1643 1523 1834 2195 1
 109 107 2057 2222 1
 1145 1429 2028 2053 1
 259 522 258 2171 1
 1871 2011 1651 2042 1
 1700 2015 1596 2187 1
 1126 1181 1380 2170 1
 1851 2163 1679 2285 1
 1642 1954 1486 1971 1
 165 855 524 1889 1
 1576 1773 1687 1986 1
 657 50 1022 1770 1
 1073 31 1755 1871 1
 552 474 2030 2240 1
 1472 1714 1648 1823 1
 1635 1977 278 2263 1
 2018 2170 1656 2193 1
 1647 1704 1495 2009 1
 548 1996 957 2210 1
 155 818 847 1654 1
 567 1811 942 2156 1
 1469 1650 1739 1832 1
 1584 1952 1908 2168 1
 1236 1931 1235 2047 1
 1244 1240 1357 1657 1
 1223 1221 1441 2022 1
 553 527 1797 2120 1
 1350 1101 1099 2141 1
 1608 1658 2034 2037 1
 1355 1167 1161 2275 1
 15 1031 49 2216 1
 1714 1997 1469 2098 1
 1031 629 2216 2287 1
 264 830 266 1659 1
 1025 559 2186 2197 1
 494 422 2077 2256 1
 1525 1788 1675 1846 1
 1304 2103 1305 2268 1
 1316 1714 1366 2069 1
 1508 1964 1980 2193 1
 1815 2155 1483 2254 1
 1759 2089 1418 2150 1
 240 2135 1675 2198 1
 775 1634 405 2253 1
 1939 1977 1510 2219 1
 697 1629 2106 2209 1
 1507 1843 2207 2288 1
 372 407 370 2000 1
 1779 1796 1631 2284 1
 1437 2177 1763 2255 1
 678 77 677 1668 1
 1552 1688 1899 2041 1
 1544 1708 1656 2018 1
 1106 1083 1341 1709 1
 1683 1755 1528 2212 1
 2026 2184 1587 2241 1
 1629 1952 628 2162 1
 1530 1809 1825 2206 1
 1468 1814 1753 2124 1
 1146 1143 1145 2028 1
 1492 1677 1861 1919 1
 324 325 323 2008 1
 225 597 875 1842 1
 1547 2017 1749 2040 1
 550 664 1730 1921 1
 601 602 993 2108 1
 1624 1497 2016 2151 1
 1476 1846 1788 2126 1
 1641 1728 1611 2244 1
 1239 1238 1758 2044 1
 1326 1928 1622 2142 1
 28 1689 48 1831 1
 1403 1404 1119 2115 1
 626 539 487 2193 1
 1845 1928 1574 2103 1
 1690 1904 1652 2216 1
 1725 2215 290 2247 1
 893 224 197 2088 1
 1687 1773 1576 2079 1
 92 1837 90 2086 1
 349 352 354 1768 1
 1131 1893 1356 2073 1
 1289 1264 1290 2168 1
 1398 1187 1452 2101 1
 1574 1933 1644 2282 1
 543 783 784 2049 1
 1492 1706 1634 2090 1
 816 517 891 1887 1
 1793 1969 1694 2100 1
 1680 1720 1533 2101 1
 980 754 872 1861 1
 25 1794 58 1963 1
 383 416 369 1738 1
 1565 1910 1843 1983 1
 1535 1805 1715 2145 1
 373 832 377 1727 1
 1649 2059 1698 2194 1
 827 209 207 2010 1
 1291 1611 1779 2136 1
 1938 2001 1543 2152 1
 1505 1838 1684 2202 1
 1676 2237 1590 2271 1
 1735 2058 516 2285 1
 174 1975 916 2012 1
 831 1645 957 2239 1
 881 1647 601 2196 1
 883 599 708 1860 1
 1605 1749 2017 2040 1
 495 1693 454 1852 1
 1470 1891 1965 2078 1
 1650 1802 1739 2093 1
 1517 2027 1782 2272 1
 562 563 1811 2283 1
 2 192 1527 2223 1
 1554 2020 1735 2118 1
 376 1876 1644 2282 1
 23 923 63 1699 1
 1494 1895 1907 2189 1
 1616 2106 2109 2209 1
 1258 2105 1262 2180 1
 1132 1994 1843 2288 1
 90 1837 711 2086 1
 1633 1713 1561 1935 1
 334 337 2050 2155 1
 712 1705 293 1983 1
 1647 2108 601 2196 1
 1054 958 1831 2173 1
 1117 1136 1112 2036 1
 778 945 765 2000 1
 1519 1880 1730 2055 1
 1512 2044 1758 2240 1
 1605 1882 1749 2040 1
 1753 1814 1468 1841 1
 1433 1326 1928 2177 1
 1198 1602 2158 2199 1
 1678 1856 1549 1912 1
 531 669 551 1692 1
 1589 1830 1873 2004 1
 1485 1812 1679 1851 1
 1906 1959 1599 2184 1
 1906 2184 1226 2241 1
 729 1757 730 2015 1
 1678 1472 1912 2222 1
 1095 1094 2034 2164 1
 1532 1830 1632 2214 1
 1634 1869 1861 2090 1
 585 1796 906 1840 1
 330 332 331 1986 1
 1684 2080 1621 2202 1
 1675 1467 1788 2102 1
 1487 1768 1847 2122 1
 79 506 668 1721 1
 1210 1423 1385 1802 1
 1516 2229 1833 2233 1
 1800 1673 1957 2127 1
 502 696 533 2106 1
 1296 1327 1315 2158 1
 1085 1849 1341 1948 1
 65 682 25 1963 1
 1404 1847 1341 1849 1
 1830 1873 1632 2214 1
 383 369 382 1981 1
 1718 1972 1484 2248 1
 256 1663 497 2124 1
 1529 1662 2076 2162 1
 1627 1967 1485 2118 1
 929 1712 547 2002 1
 326 1900 313 2153 1
 934 1018 556 2181 1
 1752 1832 1469 1997 1
 1651 1591 1871 2224 1
 1095 2037 1098 2074 1
 667 1813 607 1819 1
 1725 2016 1497 2151 1
 1504 1897 1761 2066 1
 1651 1842 1466 2213 1
 1613 1810 1736 1923 1
 1466 1871 1651 2042 1
 1812 1496 2058 2185 1
 1660 1762 1603 2203 1
 1640 1975 1464 2006 1
 1922 1926 1763 2129 1
 1123 1124 1121 1698 1
 468 541 501 1848 1
 996 836 253 1637 1
 1598 1612 2072 2141 1
 237 238 1868 1873 1
 649 1052 1908 1952 1
 330 331 1731 1986 1
 1649 1769 1533 2059 1
 1844 2018 1508 2131 1
 1432 2089 1917 2150 1
 1627 1485 2020 2118 1
 1382 1363 1431 2024 1
 1769 1785 1573 1800 1
 567 1804 562 1811 1
 1736 1923 1810 1945 1
 1740 1877 1760 2251 1
 1682 1518 1982 2275 1
 723 954 596 1661 1
 1040 991 234 2112 1
 315 309 314 1670 1
 1630 1895 268 2189 1
 1576 1623 1773 1986 1
 17 2258 866 2287 1
 1489 2013 1887 2210 1
 1651 1466 1842 1871 1
 1416 1347 1113 2018 1
 1171 1694 1172 1987 1
 1753 1814 1663 2124 1
 1838 2080 1684 2202 1
 1271 1342 1278 1786 1
 1779 1905 1611 2047 1
 1414 2042 1132 2288 1
 1665 1816 1477 2160 1
 1891 2078 1470 2232 1
 805 1738 910 2140 1
 1526 1975 1640 2006 1
 1512 2030 1692 2240 1
 1489 1988 1937 2210 1
 1536 1854 2022 2266 1
 668 1721 506 2289 1
 1761 1897 1585 2066 1
 1558 1955 2099 2284 1
 708 291 295 1860 1
 1283 1275 1442 1907 1
 1612 1962 1598 2072 1
 1495 1857 1701 2000 1
 110 842 112 2057 1
 1121 1347 1893 2131 1
 74 190 46 1651 1
 778 366 370 2000 1
 1395 1380 1124 1980 1
 500 1058 811 1844 1
 801 1671 412 2084 1
 1558 1796 1631 2099 1
 914 296 2146 2211 1
 1587 1959 1906 2184 1
 1335 1215 1093 2114 1
 1561 1930 1691 2121 1
 1844 2018 1544 2276 1
 1637 1547 1909 2148 1
 1686 1709 1534 2046 1
 720 2179 1750 2265 1
 243 1765 245 1908 1
 1690 2019 1904 2216 1
 759 1761 152 1897 1
 1660 1603 1980 2193 1
 1530 1859 1737 2086 1
 1233 1931 1818 2119 1
 666 221 175 1674 1
 1620 1770 1524 2043 1
 112 1744 111 2057 1
 1485 1743 1643 1967 1
 467 670 198 2015 1
 1645 1988 831 2210 1
 1464 1975 1810 2006 1
 1703 1799 1499 2021 1
 170 163 160 1735 1
 1556 1801 1876 2177 1
 203 2078 201 2167 1
 692 18 943 2258 1
 930 1780 760 1905 1
 412 1671 2061 2084 1
 1677 1726 1560 2144 1
 1004 846 956 1877 1
 390 319 391 2169 1
 1163 1803 1361 2159 1
 1870 1995 1626 2165 1
 138 162 136 1766 1
 1109 1111 1185 2073 1
 1479 2027 1782 2073 1
 1589 1868 1765 2004 1
 1574 2025 1876 2177 1
 1540 1836 1669 1955 1
 1485 1851 1679 2285 1
 1782 2115 1715 2145 1
 812 865 1922 2263 1
 1500 1883 1874 1999 1
 713 714 901 1706 1
 533 696 694 2106 1
 1073 31 30 1755 1
 1057 1870 440 2218 1
 190 671 279 2213 1
 1764 1833 1489 2036 1
 1589 1765 1942 2004 1
 1823 1856 1678 1912 1
 326 320 313 1900 1
 1498 2105 1885 2180 1
 1538 1808 1617 1866 1
 1682 1982 1865 2275 1
 1610 1835 1791 2144 1
 236 235 240 1675 1
 1518 1682 2188 2275 1
 1013 356 392 2153 1
 331 367 366 1986 1
 1482 1762 1660 1960 1
 1582 1795 1619 2134 1
 1956 1984 1537 2269 1
 1382 1741 1363 2024 1
 1676 1804 1540 1855 1
 147 1790 839 2271 1
 1418 1129 1349 2090 1
 710 1737 91 2086 1
 1224 2026 2174 2241 1
 338 1778 337 2155 1
 1286 1366 1294 1823 1
 1565 1706 1634 2227 1
 68 1646 938 2206 1
 700 1967 508 2118 1
 241 1675 731 2111 1
 85 710 88 1737 1
 1550 2206 1737 2250 1
 1357 1657 1240 2264 1
 378 376 1644 2282 1
 1539 1934 1954 1971 1
 1206 1872 1168 2016 1
 1276 1277 1298 1740 1
 260 1679 131 2163 1
 972 1707 882 2197 1
 598 609 1006 1664 1
 1657 2044 1568 2248 1
 1313 1745 1446 2148 1
 1291 2136 1253 2244 1
 1538 1866 1617 1878 1
 1619 2110 1685 2156 1
 1685 2110 1481 2156 1
 1374 1375 1942 2004 1
 1655 1729 1535 1805 1
 94 1837 96 2179 1
 1289 1695 1264 2168 1
 1668 1756 1474 1889 1
 1642 2091 303 2249 1
 616 1864 657 1998 1
 837 1026 397 1919 1
 309 1670 315 2252 1
 1215 1216 1211 1901 1
 68 912 1646 2245 1
 1487 1768 1715 2115 1
 302 303 304 2091 1
 1516 1870 2229 2233 1
 1483 1815 2053 2155 1
 1715 1768 1535 2115 1
 885 991 664 1921 1
 208 207 209 2063 1
 1711 1929 1479 2186 1
 1098 2074 1183 2164 1
 849 114 111 2251 1
 1072 1196 1190 1769 1
 1637 1909 836 2111 1
 1607 1781 1958 2205 1
 488 487 539 1660 1
 534 709 87 1712 1
 1485 1735 2058 2097 1
 241 244 236 1675 1
 1973 1991 1484 2234 1
 483 1922 484 2129 1
 672 59 673 1688 1
 972 852 851 1707 1
 1520 1869 1883 2253 1
 1396 1207 1167 2178 1
 1161 1167 1166 1792 1
 1630 2078 1891 2232 1
 1492 1759 1732 2089 1
 1742 1874 1612 2157 1
 339 338 336 2155 1
 1656 1708 1544 1981 1
 1799 1838 1464 2010 1
 88 1737 710 2086 1
 1699 1723 1488 2226 1
 241 240 731 1675 1
 1556 1763 1926 2129 1
 864 1635 278 2263 1
 975 683 65 1720 1
 532 430 429 2149 1
 462 1662 447 2162 1
 1633 1879 1625 1944 1
 513 184 1640 2217 1
 1681 1912 1472 2222 1
 1754 1965 1579 2078 1
 94 92 95 1837 1
 698 1916 1629 2209 1
 356 2153 1656 2267 1
 1473 1614 1777 1973 1
 1800 2035 1482 2127 1
 1408 1869 1180 1999 1
 1621 2080 1259 2202 1
 1401 1181 1183 2170 1
 1509 2216 2023 2287 1
 118 1819 711 2179 1
 1142 1822 1937 2183 1
 699 1668 677 2041 1
 549 247 550 1968 1
 1850 2094 1750 2265 1
 949 1652 877 1971 1
 1509 1824 1636 2056 1
 1688 2081 1591 2161 1
 1104 1350 1874 2157 1
 661 994 206 1915 1
 1578 1828 1673 1957 1
 344 1729 848 1988 1
 32 1871 1195 2081 1
 423 905 408 1866 1
 1022 657 1770 1998 1
 1599 1906 1858 1959 1
 1560 1726 1677 1919 1
 1080 1090 1094 1954 1
 1513 1644 1727 1987 1
 1515 1937 1645 2183 1
 1387 1202 1201 2043 1
 143 142 1774 1949 1
 1850 2069 1599 2094 1
 1579 1965 1891 2078 1
 1694 1933 1574 2103 1
 110 112 111 2057 1
 316 1983 310 2169 1
 21 691 60 1828 1
 701 78 157 1733 1
 1118 1105 1104 1724 1
 1874 1883 1520 1999 1
 1526 1810 1736 1975 1
 1858 1906 1587 1959 1
 1865 2188 1682 2275 1
 841 2012 1640 2132 1
 1128 1138 1717 2243 1
 210 748 1885 2063 1
 1114 1096 1843 1910 1
 1433 1326 1306 1928 1
 547 2002 1712 2281 1
 589 595 707 1820 1
 1670 1546 1803 2052 1
 1535 1715 2115 2145 1
 1508 1808 1698 1992 1
 17 1979 2258 2287 1
 1090 1094 1954 2034 1
 1675 1745 1467 2102 1
 1566 1890 1748 2201 1
 534 547 929 1712 1
 1788 1846 1476 1947 1
 1131 1121 1347 1893 1
 1490 2098 1751 2261 1
 1502 1730 1697 2055 1
 1113 1401 1708 2170 1
 1575 2052 2252 2274 1
 1682 1803 1546 2052 1
 1482 2005 1660 2035 1
 549 550 1730 1968 1
 685 869 992 2084 1
 903 1885 748 2190 1
 1701 1792 1575 1835 1
 1648 1823 1714 2069 1
 1703 2010 1799 2021 1
 583 2104 1663 2261 1
 1829 1900 1539 2164 1
 881 581 601 1647 1
 1165 1174 1918 2150 1
 1624 2016 1725 2151 1
 1519 1880 1868 1921 1
 250 1885 252 2166 1
 1538 2014 2059 2061 1
 784 455 965 2040 1
 1448 1313 1405 2148 1
 1532 1719 1830 2214 1
 753 754 1726 1861 1
 1618 1728 1641 2244 1
 1160 1803 2188 2274 1
 1623 2053 1815 2155 1
 334 337 917 2050 1
 174 176 782 2279 1
 1188 1428 1917 1994 1
 1557 1723 1794 1989 1
 365 803 393 1866 1
 88 710 91 2086 1
 1488 1784 1723 2070 1
 771 948 1682 2052 1
 529 2063 1684 2175 1
 1651 1871 1591 2081 1
 1595 1727 1644 1987 1
 54 1038 866 1636 1
 1664 1732 1597 2150 1
 933 2088 1639 2230 1
 1204 1756 1086 1951 1
 1791 2144 1835 2274 1
 579 484 1922 2129 1
 662 1027 632 1643 1
 913 1797 1061 1968 1
 855 76 77 1889 1
 1507 2207 1746 2288 1
 1625 1879 1600 1944 1
 270 268 269 1895 1
 771 770 948 2052 1
 640 1771 859 2082 1
 1030 337 338 1778 1
 28 958 29 2173 1
 24 923 23 1699 1
 206 205 207 2010 1
 238 242 239 1868 1
 1688 2064 59 2259 1
 129 802 124 2058 1
 1626 1529 1985 2165 1
 1706 1531 2089 2280 1
 1743 1967 1784 2238 1
 1775 1870 1626 2165 1
 1538 1808 1698 2131 1
 675 1806 1037 2032 1
 385 1671 801 2286 1
 541 781 978 2122 1
 527 823 890 1653 1
 156 159 2214 2271 1
 1474 1819 1813 1826 1
 1653 1600 1862 2120 1
 46 190 225 1842 1
 904 558 939 1903 1
 1876 2025 1556 2177 1
 678 677 699 1668 1
 1417 1367 1247 1777 1
 1527 1914 1683 2152 1
 1835 2008 1522 2095 1
 1644 1801 1595 1987 1
 24 1699 23 2226 1
 1060 1780 930 1905 1
 1091 1384 1193 1951 1
 1475 1639 1781 2024 1
 1139 1147 1138 1984 1
 1314 1353 2003 2200 1
 1436 1814 1802 2098 1
 11 673 10 1688 1
 565 562 563 1811 1
 1954 1971 1642 2133 1
 1194 2056 1824 2236 1
 549 973 913 2225 1
 866 1636 2023 2287 1
 1165 2007 1164 2159 1
 388 765 764 1701 1
 1586 1952 1629 2076 1
 856 2107 532 2149 1
 412 2061 869 2084 1
 1683 1755 2212 2223 1
 3 1422 1198 1716 1
 1637 1749 1473 1882 1
 253 1637 2111 2234 1
 576 1038 1960 2023 1
 1421 1740 1298 2191 1
 420 1815 2077 2254 1
 111 113 849 1744 1
 1038 1960 1636 2289 1
 1558 1796 1779 2284 1
 827 2010 995 2068 1
 1127 1104 1350 1874 1
 1548 1933 1694 2103 1
 1500 1717 1638 2077 1
 1636 2023 1509 2056 1
 1125 1762 1076 2056 1
 1281 1435 1850 1906 1
 1227 2075 2026 2184 1
 1620 1554 2093 2228 1
 1384 1385 1453 1814 1
 1233 1234 1818 1931 1
 203 202 251 2078 1
 1780 1931 1512 2047 1
 1538 2059 1649 2061 1
 702 51 2054 2224 1
 542 1991 1973 2234 1
 1040 1846 735 1947 1
 31 32 1191 1953 1
 831 957 1645 2210 1
 1372 1923 2039 2205 1
 562 561 164 1804 1
 1482 1721 1673 2127 1
 1410 1833 2013 2229 1
 1639 1767 1470 1943 1
 1673 1828 1573 1957 1
 255 1718 660 2208 1
 947 670 2015 2187 1
 1366 1447 1294 1823 1
 1699 1723 1557 1924 1
 494 507 422 2256 1
 1593 2064 1651 2213 1
 1655 2045 1805 2186 1
 1755 1842 1466 1871 1
 725 1971 724 2032 1
 460 538 587 2147 1
 1559 1807 1746 2288 1
 1588 2134 1989 2270 1
 1549 1760 1740 2191 1
 1244 1657 1357 2102 1
 1173 1361 1759 2159 1
 1820 1911 1521 2172 1
 509 662 1643 1967 1
 1544 1893 1748 2201 1
 715 1746 294 2207 1
 1320 1841 1814 2098 1
 1436 1385 1802 1814 1
 274 275 1977 2219 1
 1230 1816 1228 1920 1
 1695 1942 1519 2055 1
 1626 1775 1580 1870 1
 369 1981 1738 2267 1
 410 454 411 2235 1
 1496 1812 2058 2097 1
 1054 1831 71 2231 1
 1230 1816 1920 2123 1
 1092 1723 41 1989 1
 1586 1916 1716 2143 1
 156 1676 733 2271 1
 470 902 974 2032 1
 10 2161 1688 2259 1
 1509 2056 2023 2236 1
 1610 1984 1956 2269 1
 1565 1628 1910 2169 1
 293 1983 1705 2207 1
 42 1092 41 1989 1
 1432 1418 2089 2150 1
 1655 1515 1729 2045 1
 1510 1895 1630 1907 1
 1692 1568 2044 2240 1
 711 535 89 2281 1
 64 680 28 1689 1
 633 2156 1795 2182 1
 271 270 269 1939 1
 202 1754 2078 2167 1
 1069 2035 1800 2127 1
 1696 2138 1510 2262 1
 906 585 530 1796 1
 663 1730 664 1947 1
 1616 1820 2038 2260 1
 1594 2174 2241 2277 1
 1505 1838 1799 2010 1
 1168 1865 1164 2016 1
 475 238 229 1868 1
 1565 1910 1628 1978 1
 1623 1986 1576 2050 1
 1506 1956 1726 1984 1
 1684 1838 1613 2080 1
 1589 1873 1868 2004 1
 795 895 1748 2027 1
 788 1852 789 2050 1
 199 1767 198 2167 1
 256 498 497 1663 1
 1513 1694 1644 1987 1
 1508 2018 1656 2193 1
 299 771 948 1682 1
 547 1712 534 2281 1
 1632 2214 159 2271 1
 113 849 1744 2246 1
 1610 2008 1835 2095 1
 1636 1824 1524 1881 1
 316 297 310 1983 1
 938 2206 1646 2250 1
 1463 2005 1800 2035 1
 1593 2207 1843 2288 1
 1653 1862 1797 2120 1
 464 267 557 2232 1
 1592 2154 1710 2178 1
 1542 1756 1668 1889 1
 1813 1819 1480 1826 1
 1568 1657 1692 2044 1
 1640 1504 1818 2132 1
 1601 1704 1647 2065 1
 1661 1734 1579 1872 1
 1121 1698 1124 2131 1
 172 787 173 1665 1
 1310 1383 1745 2102 1
 671 1651 74 2259 1
 1562 1710 1635 2263 1
 1563 1632 1790 2200 1
 1801 1876 1595 2196 1
 221 717 167 1674 1
 1517 1782 2027 2073 1
 623 600 492 2277 1
 263 264 254 1909 1
 253 1637 836 2111 1
 1491 2074 2037 2140 1
 1572 1934 1652 2236 1
 222 1736 782 2279 1
 1262 1288 1285 2139 1
 1626 1985 1775 2165 1
 1404 1140 1341 1847 1
 289 1725 290 2247 1
 133 131 1679 2163 1
 1561 1633 1935 1944 1
 1162 1803 1865 2188 1
 798 403 386 1890 1
 1635 2138 1696 2262 1
 1659 1697 1502 2225 1
 220 185 187 1780 1
 485 1922 483 1926 1
 1732 2089 1531 2280 1
 2003 2200 1590 2237 1
 1551 1900 1829 2164 1
 14 2019 1772 2216 1
 1481 2110 1685 2195 1
 1917 2089 1531 2150 1
 1810 1923 1364 1945 1
 495 454 1693 2235 1
 1464 1975 1640 2021 1
 1476 2112 1846 2278 1
 1810 1975 1526 2006 1
 7 1842 875 2212 1
 1508 1964 1808 1992 1
 440 1870 1995 2218 1
 1170 1704 1461 2065 1
 987 425 406 2253 1
 1641 2044 1692 2264 1
 700 508 605 2118 1
 1714 1472 1752 1997 1
 1520 1869 1634 1978 1
 453 486 937 1992 1
 1759 2150 1173 2159 1
 1632 1830 1532 2237 1
 1540 1669 1836 1867 1
 1531 1664 1917 2150 1
 330 737 1731 2269 1
 824 439 1995 2083 1
 552 930 760 1905 1
 1278 1342 1319 2195 1
 137 135 884 1669 1
 1827 2212 1755 2223 1
 1708 2074 1100 2141 1
 1546 1803 1682 1865 1
 1481 1834 1766 2195 1
 1539 1971 1954 2133 1
 550 885 664 1921 1
 1656 2193 360 2276 1
 1608 2074 2037 2164 1
 1517 2048 1839 2272 1
 323 388 1791 2008 1
 1514 1771 1856 2075 1
 1726 1984 1610 2144 1
 378 2220 809 2282 1
 187 760 1780 1993 1
 523 540 944 2228 1
 961 947 730 2015 1
 1572 2023 2056 2236 1
 924 313 1941 2153 1
 498 1753 970 2261 1
 1723 1784 1488 2226 1
 835 1666 181 1966 1
 1679 2163 260 2285 1
 1379 1172 1171 1694 1
 53 946 82 2226 1
 1755 1827 1466 1842 1
 404 1962 403 2067 1
 1714 1751 1490 2098 1
 1710 2154 1601 2178 1
 1594 2241 2026 2277 1
 1825 2054 51 2224 1
 1095 1098 1183 2164 1
 131 2058 1679 2285 1
 877 969 577 1652 1
 335 333 419 1815 1
 913 553 1797 2120 1
 1631 1564 1884 2246 1
 89 90 711 2086 1
 61 1825 51 2224 1
 1479 1782 1715 2145 1
 1686 1849 1501 1896 1
 1261 1273 1259 2080 1
 1645 1822 1567 1996 1
 1076 1125 1079 1762 1
 1467 1745 1675 2111 1
 1010 854 1967 2285 1
 359 1656 360 2276 1
 190 74 671 1651 1
 1355 1168 1292 2275 1
 1358 1382 1222 1741 1
 3 1198 44 1974 1
 1592 1710 1977 2138 1
 1563 1868 1880 1921 1
 2037 2074 1608 2140 1
 35 1690 1074 1946 1
 901 1706 714 2227 1
 289 288 1725 2247 1
 1576 1773 1623 2028 1
 1675 1788 1525 2102 1
 1775 1985 1529 2165 1
 1622 1845 1574 2025 1
 1582 1831 1689 1974 1
 371 832 373 1727 1
 776 452 775 1634 1
 1651 1871 1842 2224 1
 1748 1893 1566 2201 1
 939 515 1638 2254 1
 202 2078 203 2167 1
 882 972 851 1707 1
 56 929 967 2002 1
 863 1977 1635 2262 1
 1286 1316 1366 2069 1
 1478 1707 1898 2257 1
 1779 1796 1558 1949 1
 1463 1800 1785 2194 1
 959 284 1982 2060 1
 68 2206 62 2245 1
 7 875 6 2212 1
 1308 1206 1373 1872 1
 1484 2111 1637 2234 1
 1496 2058 1735 2097 1
 1316 1287 1320 1841 1
 1519 1730 1880 1921 1
 1907 2039 1607 2205 1
 1718 1915 1568 2208 1
 1535 1729 1655 2036 1
 1498 1885 1621 2180 1
 1081 1807 2011 2288 1
 1766 1834 1523 2195 1
 1675 1745 1484 2111 1
 939 1638 2197 2254 1
 1561 1879 1633 1944 1
 1056 572 574 1960 1
 1502 1968 1730 2055 1
 62 2206 1825 2245 1
 763 323 388 1791 1
 1303 2017 1944 2268 1
 1573 1699 1680 1924 1
 935 571 867 1624 1
 619 835 1966 2230 1
 874 843 2027 2272 1
 1639 1781 1470 1958 1
 1603 2153 1656 2193 1
 1188 1428 1424 1917 1
 24 80 1794 2226 1
 756 239 862 2071 1
 229 1868 238 1873 1
 1298 1421 1312 1740 1
 650 554 966 1797 1
 1469 1832 1739 1997 1
 882 2197 1707 2254 1
 1615 1819 1747 1837 1
 189 45 521 1673 1
 820 1896 978 2122 1
 581 2129 580 2211 1
 495 480 454 2235 1
 1640 1975 1526 2012 1
 2112 2126 1618 2278 1
 1213 1743 1267 2020 1
 1527 1776 1624 2007 1
 1613 1838 1684 2068 1
 1282 1264 1289 1695 1
 131 1679 260 2285 1
 1738 2072 1491 2141 1
 64 680 1689 2038 1
 1673 1721 1578 2127 1
 1528 2224 1825 2245 1
 843 350 844 1715 1
 1762 1980 1079 2035 1
 614 955 1015 1798 1
 1082 1331 1071 1863 1
 1465 2100 1793 2235 1
 1425 1631 1884 2191 1
 1520 1628 1978 2125 1
 1249 1250 1241 2244 1
 55 622 943 1821 1
 1616 1709 1848 2046 1
 1785 1800 1463 2005 1
 1637 1909 1745 2148 1
 1562 2139 1892 2221 1
 1860 1917 1466 1994 1
 528 100 739 2094 1
 1501 1896 1847 2122 1
 1525 1618 2126 2278 1
 202 203 201 2167 1
 1110 1117 1655 2257 1
 837 950 1026 2280 1
 433 431 432 1879 1
 447 2162 1662 2165 1
 1693 1822 1465 2100 1
 1603 1762 1660 1980 1
 1549 1884 1760 2191 1
 1652 1934 1539 1971 1
 1584 1662 1952 2076 1
 659 2154 1667 2211 1
 1305 1304 1306 2103 1
 1594 2174 2026 2241 1
 1687 1522 1857 2000 1
 809 2220 1933 2282 1
 1484 1777 1973 2234 1
 359 356 360 1656 1
 1673 1578 1957 2127 1
 1464 1799 2010 2021 1
 1633 2149 1548 2268 1
 1795 1989 1588 2134 1
 1587 2184 1906 2241 1
 1476 1880 1730 1921 1
 557 592 464 1958 1
 1148 1158 1835 2144 1
 603 1692 531 2240 1
 1173 1759 1418 2150 1
 2017 2103 1605 2268 1
 629 2023 969 2216 1
 1685 2110 1619 2134 1
 1691 1713 1567 2242 1
 917 789 931 2050 1
 576 1960 575 2023 1
 1740 1760 1493 2191 1
 515 904 1638 2256 1
 1490 1841 1753 2265 1
 188 186 734 2021 1
 1648 2069 1490 2094 1
 177 1666 178 2279 1
 1112 1110 1655 2145 1
 1901 2002 1552 2114 1
 131 1679 2058 2185 1
 648 918 538 2072 1
 1430 1364 1923 1945 1
 671 2064 1651 2259 1
 310 1658 472 2169 1
 1498 1892 2139 2221 1
 26 25 58 1963 1
 1625 1944 2017 2268 1
 1743 1784 1627 2070 1
 1477 1665 1761 1920 1
 541 1775 781 2122 1
 1614 2105 1972 2166 1
 710 1737 85 2206 1
 1637 1745 1484 1777 1
 1506 1999 1883 2243 1
 1871 1953 1528 2224 1
 1668 2002 1552 2041 1
 223 1736 191 2130 1
 54 866 17 2258 1
 1591 2224 1651 2259 1
 1836 1955 1558 2284 1
 1630 1895 1510 1939 1
 487 1964 811 2193 1
 1503 1740 1681 1877 1
 515 904 939 1638 1
 989 1902 833 2189 1
 858 737 738 1956 1
 687 45 21 1828 1
 1259 2180 1621 2202 1
 1692 2030 1641 2128 1
 1672 2020 1627 2070 1
 1556 2065 1763 2129 1
 744 1768 780 2122 1
 646 1932 1895 2262 1
 1603 1656 2170 2193 1
 1498 1892 2031 2105 1
 1652 2023 1509 2216 1
 1243 1381 1457 1779 1
 1472 1823 1678 1912 1
 184 2132 1640 2217 1
 1681 1722 1472 1912 1
 1496 1739 1735 1832 1
 1972 2105 1583 2166 1
 1165 1173 1174 2150 1
 1793 1969 1465 2107 1
 1625 2149 1633 2268 1
 1160 1161 1159 2188 1
 1621 1494 2080 2175 1
 1643 1834 1685 2195 1
 1636 1881 1721 2289 1
 685 686 684 1680 1
 1646 1543 1938 2001 1
 247 248 245 1968 1
 1721 1881 1636 2258 1
 1206 1292 1168 1872 1
 851 1707 852 2045 1
 1283 1907 1891 2205 1
 1599 2069 1648 2094 1
 1489 1833 1764 2233 1
 1236 1235 1359 2047 1
 1584 2113 2076 2168 1
 1827 1842 1755 2212 1
 349 354 742 1764 1
 472 2169 1658 2181 1
 1550 1674 2087 2192 1
 1575 1803 2052 2274 1
 873 2206 703 2250 1
 401 1926 413 2025 1
 497 1663 583 2104 1
 1824 1881 1636 2056 1
 1512 1692 2044 2240 1
 1560 1759 1670 2051 1
 502 1848 503 2046 1
 1436 1320 1814 2098 1
 265 1659 266 2225 1
 1484 1745 1675 2102 1
 1156 1626 1141 2229 1
 420 2077 515 2254 1
 177 1665 787 2160 1
 1770 1998 1620 2228 1
 496 2117 952 2277 1
 795 1748 794 2273 1
 495 1693 480 2235 1
 1082 1863 1071 2172 1
 1516 1870 1626 2229 1
 823 527 433 1653 1
 1644 1694 1513 2220 1
 442 441 1995 2165 1
 1011 1527 192 1827 1
 1651 1593 2011 2064 1
 1868 1880 1519 2004 1
 293 712 295 1705 1
 574 1056 1960 2289 1
 1051 605 641 2118 1
 1170 2009 1704 2065 1
 1112 1110 1117 1655 1
 816 436 1691 2218 1
 660 1718 1050 2135 1
 1523 1976 1679 2163 1
 1183 1181 1829 2170 1
 1161 1792 1159 2188 1
 1645 1996 1567 2210 1
 1471 1931 1780 2047 1
 118 711 1837 2179 1
 1558 1631 1796 2284 1
 260 2163 662 2285 1
 43 1989 42 1990 1
 1639 2024 1555 2088 1
 359 1981 1656 2276 1
 209 827 529 1684 1
 67 1602 888 2116 1
 498 256 970 1753 1
 156 733 146 2271 1
 713 295 712 1705 1
 738 1956 737 2269 1
 1588 1795 1794 1989 1
 222 782 179 2279 1
 1637 1484 1745 2111 1
 283 723 596 1661 1
 1498 2105 2031 2166 1
 1708 2018 1113 2170 1
 1666 1816 1741 1945 1
 1650 1739 1554 2093 1
 196 194 195 1993 1
 1005 615 510 1702 1
 392 2153 643 2203 1
 1697 1730 1502 2225 1
 1697 1659 1947 2225 1
 519 466 530 1796 1
 378 377 379 2220 1
 1487 1782 1715 2272 1
 1660 1960 1762 2203 1
 1559 1746 2011 2288 1
 345 1729 344 2045 1
 461 1964 486 1992 1
 1583 1991 1972 2166 1
 133 260 131 2163 1
 1244 1240 1657 2248 1
 989 833 476 2189 1
 348 1729 345 1805 1
 1491 2074 1738 2141 1
 1568 1692 1657 2208 1
 4 1199 30 1755 1
 692 622 944 1770 1
 1470 1781 1639 1943 1
 188 195 194 1993 1
 1569 1888 1620 2171 1
 1269 1301 1739 1997 1
 1693 1852 1577 1853 1
 1594 1741 1666 1816 1
 1563 1880 1868 2004 1
 455 417 400 2040 1
 1534 1911 1820 2172 1
 58 1794 73 1795 1
 1735 1739 1496 2097 1
 667 578 1813 1819 1
 1260 1696 1261 2180 1
 1465 1822 1693 1996 1
 1732 2089 1759 2150 1
 1506 1956 1984 2243 1
 345 1805 1729 2045 1
 1647 1704 1601 2211 1
 1326 2142 1622 2255 1
 1707 2045 1515 2257 1
 1034 658 374 1686 1
 1650 1469 1802 2104 1
 304 719 302 2091 1
 1750 2179 1480 2265 1
 1904 2019 688 2216 1
 378 1644 2220 2282 1
 661 255 660 2208 1
 1531 1917 1860 1994 1
 1626 1995 1662 2165 1
 1520 1978 1634 2125 1
 1467 1909 1745 2111 1
 1860 2042 1466 2213 1
 693 2173 1916 2209 1
 385 365 393 2286 1
 1564 1631 1840 2246 1
 968 392 643 2203 1
 414 415 814 1926 1
 204 1064 1754 2187 1
 667 988 578 1819 1
 463 862 243 2071 1
 9 2161 10 2259 1
 1087 1203 1201 1672 1
 1690 1581 1904 2019 1
 1598 2092 1962 2157 1
 1047 667 1819 2281 1
 842 110 772 2057 1
 1680 1699 1557 1924 1
 107 108 1678 2222 1
 1669 1766 1523 1867 1
 39 1201 38 2043 1
 1542 1946 1772 2019 1
 48 28 27 1689 1
 1400 1388 1685 2270 1
 679 2054 709 2161 1
 1646 1938 1809 2001 1
 1714 2069 1316 2098 1
 195 206 994 1703 1
 470 724 303 2032 1
 1590 1774 1676 2271 1
 252 1885 903 2190 1
 1459 1442 1373 1891 1
 1763 2065 1601 2129 1
 200 199 198 2167 1
 1516 1995 1870 2218 1
 462 628 1952 2162 1
 1044 741 1834 2156 1
 1677 1726 1506 1861 1
 1021 460 587 1742 1
 1211 1093 1901 1913 1
 2076 2113 1300 2168 1
 1843 1994 1593 2288 1
 282 708 599 1860 1
 1559 1899 1806 2137 1
 436 2121 1691 2218 1
 624 1936 600 2277 1
 1676 1855 1540 2003 1
 1524 1824 1636 1979 1
 1667 1704 1518 2146 1
 1065 60 1864 2204 1
 1533 2061 1671 2084 1
 1073 1195 1871 2042 1
 1001 623 492 2277 1
 1718 2208 1568 2248 1
 1506 1787 1956 2243 1
 1195 2011 1338 2081 1
 942 704 86 2156 1
 266 265 264 1659 1
 1614 1972 1991 2166 1
 962 837 2051 2280 1
 537 858 941 1956 1
 438 437 2121 2218 1
 1459 1891 1373 1965 1
 1654 1780 1499 2217 1
 935 1624 611 1914 1
 299 1682 982 2247 1
 1693 2100 1465 2235 1
 1575 2188 1803 2274 1
 1605 2017 1625 2040 1
 576 866 1038 2023 1
 1626 1870 1580 2229 1
 1259 1257 2180 2202 1
 314 309 308 1670 1
 219 2078 1630 2232 1
 169 121 826 1752 1
 1818 1931 1654 2119 1
 356 1656 359 2267 1
 400 263 836 1909 1
 862 239 1765 2071 1
 1311 1324 1763 2065 1
 1632 2237 1676 2271 1
 1736 1613 1923 2130 1
 1746 2207 1507 2249 1
 646 1045 1895 1932 1
 1524 1636 1881 2258 1
 681 1009 707 2260 1
 1593 1994 1860 2042 1
 213 748 2063 2175 1
 1638 1898 1707 2254 1
 1551 1708 1656 2267 1
 1513 1793 2100 2235 1
 1549 1856 1678 2057 1
 1466 1994 1917 2042 1
 1504 1761 1665 1920 1
 1688 1899 1559 2081 1
 753 777 1861 1919 1
 608 1753 970 2265 1
 1685 1795 1588 2134 1
 822 1775 468 2165 1
 734 2010 205 2021 1
 1473 1777 1637 1973 1
 106 107 108 1678 1
 1860 1994 1466 2042 1
 1588 1643 1743 2238 1
 1382 1222 1741 2174 1
 1557 1680 1924 2101 1
 815 732 561 1804 1
 683 685 684 1720 1
 1111 1420 1782 2115 1
 1474 2002 1901 2114 1
 345 344 343 2045 1
 1595 1857 1687 2079 1
 976 651 897 1785 1
 800 799 908 1681 1
 131 773 2058 2285 1
 350 353 352 1715 1
 1962 2092 1511 2157 1
 1533 1769 1680 2101 1
 1593 2042 1860 2213 1
 1552 1901 1712 2002 1
 1027 171 1834 2163 1
 100 117 1750 2094 1
 1740 1760 1549 2251 1
 1050 660 255 1718 1
 1484 1637 1777 2234 1
 1658 2037 1608 2140 1
 1887 2013 1567 2210 1
 286 1982 284 2060 1
 237 229 238 1873 1
 902 715 512 1746 1
 1517 2272 1839 2273 1
 377 410 379 2220 1
 246 243 245 1908 1
 1633 1944 1625 2268 1
 1662 2076 1584 2113 1
 619 653 835 2230 1
 1452 1084 1398 2014 1
 1490 2069 1714 2098 1
 1766 1867 1481 2195 1
 1721 2258 1636 2289 1
 1707 1898 1483 2254 1
 1079 1762 1126 1980 1
 474 551 2030 2240 1
 1601 1922 1763 2129 1
 1299 1284 1364 1810 1
 281 296 1667 2060 1
 1558 2099 1631 2284 1
 1682 1982 982 2247 1
 1481 2110 1811 2156 1
 1726 1956 1610 1984 1
 1781 1923 1372 2205 1
 1129 1677 1415 1869 1
 217 237 489 1873 1
 1553 2117 2022 2241 1
 1029 1684 827 2068 1
 962 2051 1732 2280 1
 1222 1224 1358 2174 1
 453 937 456 1992 1
 1655 1515 2045 2257 1
 1077 1071 43 1990 1
 1543 2001 1683 2152 1
 1248 1364 1362 1945 1
 1524 1979 1636 2258 1
 134 171 133 2163 1
 1381 1322 1779 2284 1
 1614 2031 1892 2105 1
 461 424 1808 1992 1
 1584 2076 1952 2168 1
 1683 1914 1543 2152 1
 1604 1875 1757 2015 1
 340 338 339 1778 1
 1400 1342 1267 1851 1
 807 644 490 1711 1
 483 579 484 1922 1
 360 1656 1013 2193 1
 1660 1762 1482 2035 1
 1640 2021 513 2217 1
 1526 1975 1736 2279 1
 1666 1741 1594 1966 1
 1657 2044 1240 2264 1
 209 1684 529 2063 1
 1423 1210 1387 2093 1
 485 414 814 1926 1
 988 1819 118 2179 1
 1630 1607 2189 2232 1
 822 442 1775 2165 1
 1744 1760 1549 1884 1
 1654 2132 155 2217 1
 1151 2028 1429 2053 1
 1539 1900 2133 2164 1
 1509 1824 2056 2236 1
 1170 1207 1461 1704 1
 1591 1953 1871 2224 1
 515 2077 904 2256 1
 1010 854 700 1967 1
 1724 1903 1742 2256 1
 845 525 846 1877 1
 1319 1400 1685 2195 1
 744 354 780 1768 1
 1622 2025 1574 2177 1
 1129 1418 1182 1677 1
 1260 1345 1696 2139 1
 1643 1588 1743 2270 1
 1591 1651 2081 2259 1
 319 2169 472 2181 1
 1665 1920 1816 2123 1
 1669 1523 1786 1867 1
 1396 1167 1355 2275 1
 438 2121 436 2218 1
 515 2077 1638 2254 1
 841 174 916 2012 1
 1616 2038 2106 2209 1
 1691 1930 1606 2121 1
 1214 2110 1685 2134 1
 1405 1266 1333 2148 1
 420 747 1815 2254 1
 1625 1548 2149 2268 1
 630 1063 1887 2210 1
 1811 2110 1619 2156 1
 1705 1706 1531 1961 1
 1622 2177 1326 2255 1
 1490 1753 1663 2261 1
 43 1192 42 1989 1
 1636 1960 1482 2289 1
 812 278 865 2263 1
 406 2125 391 2147 1
 1636 1482 1881 2289 1
 515 422 904 2077 1
 837 1919 397 2051 1
 1492 2089 1706 2090 1
 1436 1320 1385 1814 1
 1204 1086 1193 1951 1
 1223 1222 2174 2241 1
 574 878 1056 2289 1
 718 472 310 1658 1
 1646 1938 1757 2250 1
 1334 1281 1435 1850 1
 1650 1832 1469 2104 1
 908 1681 799 2251 1
 1343 1270 1276 1722 1
 1499 1640 1818 2217 1
 1137 1937 1950 2183 1
 1111 2115 1782 2145 1
 1367 1892 1262 2105 1
 1526 2012 1665 2123 1
 1665 2012 1504 2123 1
 1435 2022 1906 2241 1
 1656 1708 1551 2170 1
 996 825 1973 2234 1
 1388 2134 1685 2270 1
 1716 2116 1602 2173 1
 1046 731 591 2135 1
 1100 1708 1401 2074 1
 1666 1741 1475 1945 1
 457 458 1776 2085 1
 1374 1376 1375 2004 1
 1695 1968 1502 2055 1
 473 1973 542 1991 1
 775 1861 1634 2253 1
 1643 1834 1523 2163 1
 572 573 574 1960 1
 643 2153 1941 2203 1
 827 1029 529 1684 1
 589 504 588 1820 1
 1150 1800 1069 2035 1
 427 418 417 2040 1
 1618 1790 1728 2244 1
 1606 2096 1653 2121 1
 1579 1891 1630 2078 1
 1541 1661 1798 1872 1
 551 552 474 2030 1
 831 957 636 2239 1
 1500 1883 1999 2243 1
 537 1787 858 1956 1
 1659 1909 1547 2148 1
 1657 2208 1718 2248 1
 667 711 1819 2281 1
 908 1877 1681 2251 1
 138 137 139 1955 1
 448 2162 447 2165 1
 1011 609 569 1776 1
 1685 2195 1400 2270 1
 588 1820 504 2046 1
 307 458 2085 2215 1
 939 1903 558 2197 1
 94 118 1837 2179 1
 691 50 657 1864 1
 222 179 1736 2279 1
 676 2212 1683 2245 1
 1550 1809 1646 1938 1
 913 1055 553 2120 1
 510 545 1702 2031 1
 45 189 79 1673 1
 1747 1837 1819 2179 1
 1684 2080 1494 2175 1
 1053 119 1817 2117 1
 1604 2087 1674 2192 1
 1736 1475 1923 1945 1
 861 325 329 2008 1
 1500 1638 1724 2256 1
 1776 2085 458 2215 1
 1302 1209 1177 1935 1
 1480 1850 1750 2265 1
 1937 1988 1645 2210 1
 201 853 199 2167 1
 664 1040 665 1947 1
 1151 1773 1152 2028 1
 1038 1636 54 2289 1
 688 2019 14 2216 1
 1339 1739 1423 2093 1
 1540 1766 1669 1867 1
 74 46 8 2224 1
 1337 1300 2113 2168 1
 1423 1339 1301 1739 1
 1467 1909 1659 2148 1
 1499 1780 1654 1931 1
 549 1968 1730 2225 1
 1745 1909 1637 2111 1
 1379 1208 1433 2177 1
 1490 1663 2098 2261 1
 147 839 148 2271 1
 1469 1802 1663 2098 1
 1653 2096 1561 2121 1
 1657 1568 2208 2248 1
 1647 2009 1495 2108 1
 1591 1953 1825 2054 1
 363 1686 364 1896 1
 1011 571 1527 1776 1
 1657 1484 1718 2135 1
 1377 1716 3 2143 1
 416 910 805 1738 1
 457 307 458 2085 1
 561 733 156 1676 1
 1674 2033 167 2192 1
 1345 2138 1696 2139 1
 1005 615 1702 2176 1
 90 91 92 2086 1
 453 461 486 1992 1
 317 397 318 1919 1
 1559 2011 1807 2288 1
 201 203 218 2078 1
 49 1031 629 2216 1
 1440 1314 1315 2237 1
 704 942 565 1811 1
 1434 1826 1458 1841 1
 864 2221 1635 2263 1
 412 1671 385 2061 1
 1632 2214 1676 2237 1
 1673 1800 1785 2005 1
 168 167 2033 2192 1
 1477 1761 1665 2160 1
 1636 1824 1509 2287 1
 1685 2134 1588 2270 1
 147 212 839 1790 1
 1588 1743 1784 2238 1
 1687 1727 1595 2079 1
 1173 1418 1432 2150 1
 74 2224 8 2259 1
 2031 2105 1614 2166 1
 86 1795 633 2156 1
 565 1811 563 2283 1
 468 822 541 1775 1
 19 692 50 1770 1
 1982 2060 1541 2275 1
 1440 1830 1376 2004 1
 1554 1627 2020 2118 1
 867 611 935 1624 1
 1638 1483 1898 2254 1
 1498 1885 2105 2166 1
 835 178 181 1666 1
 1656 1981 359 2267 1
 1016 161 847 1840 1
 1492 1706 2089 2280 1
 1063 346 1988 2210 1
 1640 2132 1818 2217 1
 1695 1908 1942 2168 1
 1588 1794 1723 1989 1
 1676 2003 1590 2237 1
 1631 2191 1425 2284 1
 102 496 116 2082 1
 987 1883 838 2253 1
 1615 1837 1747 2266 1
 1184 1801 2009 2065 1
 1241 1250 1251 2126 1
 476 646 1045 1895 1
 1358 1741 1222 2174 1
 1573 1785 1673 1800 1
 1537 2095 1731 2269 1
 1717 1815 1537 2053 1
 7 61 51 2224 1
 927 2198 1692 2208 1
 558 879 465 1903 1
 659 1667 296 2211 1
 1500 1717 2077 2243 1
 1608 2133 1900 2164 1
 1104 1127 1118 1724 1
 1260 1345 1261 1696 1
 1746 2207 1593 2288 1
 1477 1927 2026 2082 1
 1478 1929 1711 2186 1
 1528 1842 1755 1871 1
 764 766 767 1894 1
 1594 1966 1741 2174 1
 1506 1883 1787 2243 1
 594 595 589 2084 1
 309 2052 1670 2252 1
 1528 1755 1842 2212 1
 1703 1758 1499 1799 1
 276 291 1860 2213 1
 618 493 1936 1966 1
 1108 1085 1084 1948 1
 179 180 191 1736 1
 1643 1523 1851 2163 1
 478 2010 734 2021 1
 1588 1723 1794 2226 1
 1492 2089 1732 2280 1
 1259 1260 1261 2180 1
 1259 1257 1258 2180 1
 1706 2089 1961 2090 1
 67 1602 2116 2173 1
 1817 2022 1553 2117 1
 1560 2144 1791 2274 1
 1658 1910 1628 2169 1
 1523 1867 1766 2195 1
 371 370 367 1687 1
 1009 590 707 2260 1
 1281 1850 1287 2069 1
 1586 1942 1908 2168 1
 783 429 427 2149 1
 173 787 177 1665 1
 3 1377 1375 1716 1
 1445 1323 1450 1700 1
 565 567 562 1811 1
 816 438 436 2218 1
 1469 1751 1714 2098 1
 303 2091 302 2249 1
 1667 1704 1601 2178 1
 1550 1674 1854 2087 1
 1739 1832 1496 1997 1
 752 1050 255 1718 1
 1565 1706 1705 1961 1
 1530 1953 1913 2054 1
 109 110 111 2057 1
 708 276 291 1860 1
 1167 1207 1170 1704 1
 558 879 1903 2256 1
 268 2189 267 2232 1
 1707 1898 1638 2197 1
 25 24 80 1794 1
 1357 1251 1383 1788 1
 759 900 963 1761 1
 827 478 995 2010 1
 1154 1184 1171 1801 1
 94 118 711 1837 1
 1601 1704 1667 2211 1
 553 526 527 2120 1
 1495 1701 1792 1894 1
 213 2063 529 2175 1
 347 345 348 1729 1
 2 1527 1914 2223 1
 831 1002 957 2210 1
 1471 1654 1931 2119 1
 634 1834 2156 2182 1
 1357 1788 1383 2102 1
 1268 1812 1269 2097 1
 1727 1987 1595 2079 1
 1682 1865 1803 2188 1
 1108 1948 1084 2014 1
 421 1787 494 2077 1
 1519 1968 1695 2055 1
 219 268 267 2232 1
 1474 1756 1668 2114 1
 362 361 358 1839 1
 933 893 593 1639 1
 1015 251 202 1754 1
 1579 1798 1661 1872 1
 68 1646 2206 2245 1
 496 1927 639 2082 1
 1607 2039 1923 2205 1
 1635 1977 1710 2138 1
 1642 2091 1608 2133 1
 1635 2139 1562 2221 1
 1575 2252 1791 2274 1
 299 948 982 1682 1
 401 415 414 1926 1
 1522 1773 1731 1986 1
 829 828 526 2120 1
 1523 1669 1786 1976 1
 1478 1638 1898 2197 1
 1467 1745 1909 2148 1
 1960 2023 1636 2056 1
 1499 1654 1818 1931 1
 500 1808 905 1844 1
 607 667 578 1813 1
 1746 2011 1593 2064 1
 1130 1365 1118 1898 1
 1405 1313 1446 2148 1
 1663 1802 1569 1814 1
 1541 1783 1661 1872 1
 548 985 957 1996 1
 639 640 116 2082 1
 1597 2150 1759 2159 1
 1620 1888 1821 2171 1
 10 1688 59 2259 1
 51 1825 66 2054 1
 1683 2212 676 2223 1
 603 994 661 2208 1
 70 48 69 1831 1
 432 430 790 1879 1
 826 997 169 1751 1
 1730 1968 1519 2055 1
 1357 2102 1657 2264 1
 96 1750 720 2179 1
 1270 1269 1268 1812 1
 174 782 916 1975 1
 374 385 801 2286 1
 1776 1918 1597 2007 1
 1718 1972 1583 1991 1
 749 2214 1719 2283 1
 525 130 128 2185 1
 1449 1180 1139 1999 1
 1527 1918 1776 2007 1
 1800 1957 1196 2127 1
 1504 1920 1665 2123 1
 1471 1780 1905 2047 1
 1643 2182 632 2238 1
 543 1845 395 2049 1
 1254 1788 1251 2126 1
 1230 1362 1816 2123 1
 409 453 456 1992 1
 1482 1881 1721 2127 1
 1507 1843 1983 2207 1
 1624 2007 1776 2215 1
 648 1962 918 2072 1
 583 1663 498 2261 1
 1086 1756 1392 2114 1
 1162 1355 2188 2275 1
 1001 1927 496 2277 1
 1668 2002 1474 2114 1
 1110 1365 1117 2257 1
 1750 1850 1599 2094 1
 1344 1142 1143 1822 1
 158 157 1733 2124 1
 1516 2013 1833 2229 1
 376 1876 821 2196 1
 1675 2135 1657 2198 1
 1408 1449 1127 1999 1
 1162 2188 1865 2275 1
 1265 1255 1880 2004 1
 590 1820 707 2260 1
 1364 1284 1430 1923 1
 422 904 2077 2256 1
 473 510 511 1973 1
 968 626 392 2193 1
 36 1194 37 1824 1
 1530 1809 1737 1859 1
 1765 1908 1586 1942 1
 1913 1953 1591 2054 1
 644 1025 559 2186 1
 1582 1794 1795 1989 1
 1506 1869 1861 2253 1
 1795 2156 1685 2182 1
 43 1071 44 1863 1
 1645 1937 1515 1988 1
 665 1040 735 1947 1
 1606 1930 1691 2218 1
 1685 1795 1619 2156 1
 1886 2058 1496 2185 1
 1311 1461 1324 2065 1
 1569 1821 1888 2171 1
 598 1006 597 1827 1
 1485 2058 1735 2285 1
 1465 1969 1793 2100 1
 1716 1916 1586 2071 1
 1572 2023 1960 2056 1
 1314 2200 2003 2237 1
 131 2058 129 2185 1
 127 922 126 1832 1
 1695 1797 1502 1968 1
 1262 2139 1260 2180 1
 1741 1966 1555 2174 1
 1676 2214 1632 2271 1
 736 1023 642 2099 1
 1337 1179 2096 2113 1
 1515 1950 1937 2183 1
 1629 2109 2106 2209 1
 149 759 152 1897 1
 104 101 103 1959 1
 1499 1818 1654 2217 1
 740 741 171 1834 1
 1663 1802 1469 2104 1
 1818 2132 1654 2217 1
 243 862 239 1765 1
 1179 1930 1176 2096 1
 1649 1769 2059 2194 1
 1130 1717 1138 2053 1
 1128 1139 1138 2243 1
 659 990 2154 2211 1
 1478 1898 1707 2197 1
 1617 1878 1866 2273 1
 1865 1982 1682 2247 1
 184 155 2132 2217 1
 1205 1352 1351 1809 1
 814 415 1005 2176 1
 474 760 194 1993 1
 1712 1913 1552 2161 1
 1279 1348 1277 1836 1
 65 681 975 1963 1
 273 274 275 1977 1
 1576 2028 1623 2050 1
 1072 1769 1187 2101 1
 1233 1231 1360 2066 1
 1498 2139 1696 2190 1
 1183 1829 1427 2164 1
 556 648 538 2072 1
 1057 440 444 2218 1
 381 1732 962 2051 1
 1491 2072 1970 2141 1
 1052 246 649 1908 1
 1148 1158 1157 1835 1
 1891 1907 1630 2205 1
 1510 1932 1696 2262 1
 1488 1784 2070 2204 1
 1471 1654 1780 1931 1
 178 177 181 1666 1
 1142 1143 1822 2183 1
 1705 1843 1593 2207 1
 788 495 454 1852 1
 1246 1257 1242 1940 1
 534 89 535 2281 1
 749 1719 887 2283 1
 104 834 739 2062 1
 98 720 96 1750 1
 442 876 822 1775 1
 1323 1700 1445 2152 1
 980 838 537 1883 1
 802 516 1735 2058 1
 1388 1989 1192 2134 1
 1627 2070 1784 2204 1
 1549 1740 1681 1912 1
 40 1072 41 1924 1
 1505 1799 1703 2010 1
 1645 1937 1822 2183 1
 1408 1116 1180 1869 1
 1055 266 829 2120 1
 1058 360 2193 2276 1
 75 1772 14 2019 1
 1319 1685 1214 2195 1
 984 206 208 1915 1
 1545 1747 1837 2266 1
 1291 1457 1779 2047 1
 1291 1253 1249 2244 1
 1588 1643 2182 2270 1
 1233 1235 1234 1931 1
 1806 1904 1486 2137 1
 1360 1256 1421 1884 1
 1435 1906 1226 2241 1
 680 1689 2038 2260 1
 1669 1836 1493 1955 1
 1449 1999 1139 2243 1
 1712 1901 1552 1913 1
 1209 1409 1176 1935 1
 346 848 1063 1988 1
 1764 1833 1580 2233 1
 1173 1163 1361 2159 1
 1753 1841 1480 2265 1
 1105 1109 1103 1929 1
 944 540 1022 1770 1
 1357 1241 1251 2264 1
 753 777 754 1861 1
 1573 1680 1769 1924 1
 1520 1634 1869 2253 1
 1685 2182 1643 2270 1
 1692 2198 1525 2264 1
 1507 1807 1642 2034 1
 1636 2258 1979 2287 1
 66 87 709 2054 1
 1142 1344 1155 1822 1
 1630 1907 1895 2189 1
 35 1074 36 1946 1
 1429 1145 1397 1950 1
 1715 1782 1487 2115 1
 564 840 839 1790 1
 1444 1810 1248 2006 1
 1160 1361 1163 1803 1
 1478 1903 1638 2197 1
 1112 1655 2036 2145 1
 382 791 398 1981 1
 1500 2077 1787 2243 1
 1246 1940 1242 2248 1
 674 675 974 1806 1
 1210 1384 1091 1888 1
 1325 1216 1747 2266 1
 285 286 284 2060 1
 925 885 475 1921 1
 1676 2214 1532 2237 1
 286 959 284 1982 1
 667 535 711 2281 1
 579 580 484 2129 1
 194 187 188 1993 1
 1051 921 170 2118 1
 1448 1386 1313 1749 1
 1631 1884 1760 2246 1
 152 759 172 1761 1
 1296 1855 1394 2110 1
 1812 2058 1679 2185 1
 1396 1355 1292 1783 1
 1070 1331 2109 2143 1
 1928 2142 1473 2176 1
 478 734 951 2021 1
 630 1887 517 2210 1
 654 870 522 2171 1
 1507 1642 1807 2249 1
 1476 1730 1697 1947 1
 1661 1734 1592 2219 1
 798 398 793 1890 1
 482 462 627 1952 1
 1326 1443 1928 2142 1
 252 748 903 1885 1
 1714 1751 1469 1752 1
 380 1876 376 2282 1
 1437 1326 2177 2255 1
 1667 2154 1592 2178 1
 1657 2198 1692 2264 1
 1549 1678 1912 2222 1
 1622 2142 1928 2176 1
 640 859 116 2082 1
 1589 1830 1719 1873 1
 1634 1978 1565 2227 1
 1731 1773 1623 1986 1
 170 1735 516 2118 1
 281 284 296 2060 1
 1532 1855 1804 2237 1
 1678 1823 1514 1856 1
 1804 1855 1676 2237 1
 1205 1217 1212 1938 1
 1677 1861 1506 1869 1
 876 781 1775 2122 1
 496 639 116 2082 1
 1732 1531 2089 2150 1
 356 326 2153 2267 1
 1500 1742 1724 1874 1
 136 135 137 1669 1
 1500 1787 1883 2243 1
 1477 2075 1771 2082 1
 182 536 1757 2192 1
 987 838 425 2253 1
 771 300 309 2052 1
 1629 2106 1529 2162 1
 1255 1254 1252 1880 1
 1952 2076 1586 2168 1
 5 676 2212 2223 1
 1635 2138 1710 2139 1
 380 2025 1876 2282 1
 851 852 343 2045 1
 1552 2002 1668 2114 1
 1265 1374 1255 2004 1
 1691 2121 1606 2218 1
 182 536 729 1757 1
 1048 488 907 2005 1
 1651 1466 2042 2213 1
 1216 1317 1211 1859 1
 1233 1235 1931 2119 1
 984 661 206 1915 1
 2076 2109 1629 2143 1
 131 773 129 2058 1
 117 98 100 1750 1
 1970 2072 1612 2141 1
 261 1991 228 2166 1
 282 276 708 1860 1
 441 824 439 1995 1
 385 412 801 1671 1
 185 1654 155 2217 1
 574 1038 878 2289 1
 402 924 313 1941 1
 1319 1342 1400 2195 1
 1095 2034 1096 2037 1
 1164 1168 1162 1865 1
 1696 2139 1635 2190 1
 62 1825 61 2245 1
 894 2030 669 2128 1
 1825 1953 1530 2054 1
 1760 2099 1493 2191 1
 1400 1388 1214 1685 1
 1413 2109 2076 2143 1
 1113 1181 1401 2170 1
 1562 1763 1710 1922 1
 1576 1727 1687 2079 1
 1712 2054 1913 2161 1
 1165 1164 1163 2159 1
 1512 1905 1780 2047 1
 31 1195 32 1871 1
 1397 1950 1137 2257 1
 1502 1797 1695 1862 1
 862 1765 243 2071 1
 726 949 877 1971 1
 1270 1343 1272 1722 1
 1225 1213 1267 2020 1
 1123 1438 1698 2194 1
 1547 1789 1659 1925 1
 1551 2153 1656 2170 1
 1349 1115 1122 2089 1
 1309 1396 1783 2178 1
 896 1757 536 2250 1
 939 2197 882 2254 1
 292 512 715 1746 1
 1547 1925 1659 2148 1
 1005 545 814 1702 1
 1558 1949 1774 2136 1
 1590 2200 1790 2271 1
 583 497 498 1663 1
 1594 1936 1966 2174 1
 1319 1214 1394 2195 1
 1497 2151 1700 2187 1
 1224 2174 1222 2241 1
 1592 1783 1667 2178 1
 501 503 502 1848 1
 260 662 854 2285 1
 1532 1804 1676 2237 1
 1571 1916 1716 2173 1
 369 1738 805 2267 1
 389 2025 380 2282 1
 804 803 1839 2273 1
 1390 1743 1213 2070 1
 1295 1855 1296 2237 1
 1114 1096 1340 1843 1
 902 512 672 2064 1
 1208 1311 1437 2177 1
 1281 1287 1286 2069 1
 1053 119 716 1817 1
 786 1017 545 2221 1
 275 274 277 2219 1
 1529 2106 1629 2109 1
 1590 1774 1949 2136 1
 913 553 1061 1797 1
 1474 1901 2002 2281 1
 1213 1743 2020 2070 1
 1533 1911 1720 2084 1
 1656 2153 1603 2170 1
 103 1959 102 2082 1
 1389 2056 1194 2236 1
 881 821 810 2196 1
 1424 1199 1174 1917 1
 1825 1953 1591 2224 1
 1185 1131 1356 2073 1
 1371 1232 1818 2006 1
 669 2128 1692 2198 1
 489 887 749 1719 1
 648 383 387 2072 1
 1356 1893 1416 2201 1
 1214 2110 2134 2199 1
 1411 1156 1141 2229 1
 678 967 979 2002 1
 238 774 242 1868 1
 1086 2029 1756 2114 1
 22 21 60 1828 1
 536 896 729 1757 1
 1369 1119 1112 2036 1
 548 450 985 1996 1
 704 1811 565 2231 1
 1668 1756 1542 2029 1
 728 1858 97 2117 1
 1802 1814 1663 2098 1
 1269 1272 1301 1997 1
 1738 2074 1491 2140 1
 1634 2125 1978 2227 1
 927 669 1692 2198 1
 1760 1884 1744 2246 1
 27 1689 680 2260 1
 574 1960 1038 2289 1
 1807 1954 1642 2034 1
 140 142 733 1774 1
 321 1791 763 2252 1
 1656 2153 1551 2267 1
 974 1806 675 2032 1
 381 962 837 2051 1
 175 1674 167 2192 1
 504 590 696 1820 1
 158 1733 84 2124 1
 1211 1093 1215 1901 1
 1125 1194 1389 2056 1
 665 663 664 1947 1
 1710 1922 1601 2154 1
 1057 444 953 2233 1
 1498 1635 2139 2190 1
 1790 2200 1632 2271 1
 1537 1984 1956 2243 1
 224 2088 933 2230 1
 92 94 90 1837 1
 1269 1739 1339 2097 1
 1486 1904 1690 2137 1
 1601 2154 1667 2178 1
 1575 1803 1682 2052 1
 550 774 885 1921 1
 1744 1884 1564 2246 1
 1667 2154 1601 2211 1
 782 222 586 1975 1
 795 895 793 1748 1
 850 1760 505 2099 1
 1629 2076 1952 2162 1
 1952 2076 1662 2162 1
 1231 1256 1360 2066 1
 16 1031 15 2287 1
 1705 1983 1843 2207 1
 1404 1341 1149 1849 1
 118 667 711 1819 1
 1216 1334 1325 1747 1
 203 251 721 2078 1
 195 188 205 1703 1
 1195 1414 2011 2042 1
 1300 1377 2076 2168 1
 22 687 21 1828 1
 317 397 1919 2051 1
 981 788 789 2050 1
 1671 1948 1686 2286 1
 294 1983 297 2207 1
 810 413 484 2129 1
 1513 1853 1693 2100 1
 1588 1784 1723 2226 1
 325 324 328 2269 1
 1637 1973 1777 2234 1
 107 109 108 2222 1
 1671 2014 1538 2061 1
 1367 1246 1972 2105 1
 1022 1770 540 1998 1
 1371 1237 1407 1799 1
 1317 1859 1216 2266 1
 1301 1436 1423 1802 1
 1575 1682 1803 2188 1
 1355 1292 1783 2275 1
 396 1876 380 2025 1
 250 226 1885 2166 1
 644 1711 899 2186 1
 1309 1308 1426 1734 1
 1338 1899 33 2081 1
 1513 1852 1693 1853 1
 1117 1397 1137 2257 1
 609 598 655 1664 1
 300 307 308 2085 1
 1072 1924 1769 2101 1
 1628 2125 1520 2147 1
 1396 1355 1783 2275 1
 238 475 774 1868 1
 641 616 657 1998 1
 444 891 953 2233 1
 807 899 644 1711 1
 905 424 408 1808 1
 845 132 130 1976 1
 73 633 1795 2182 1
 1540 1774 1676 2003 1
 301 303 302 2249 1
 1528 1646 2001 2245 1
 118 988 667 1819 1
 1589 1716 2071 2116 1
 1758 1993 1512 2240 1
 519 143 466 1949 1
 1295 2003 1855 2237 1
 1646 1550 1938 2250 1
 1666 1526 1945 2279 1
 509 854 662 1967 1
 1065 1003 60 2204 1
 542 1973 825 2234 1
 885 991 1921 2112 1
 660 1050 591 2135 1
 1595 2009 1647 2108 1
 116 859 103 2082 1
 806 456 976 1649 1
 346 344 848 1988 1
 929 56 679 2161 1
 1408 1127 1874 1999 1
 817 1793 1933 2220 1
 321 322 323 1791 1
 547 1047 979 2002 1
 1681 1740 1549 2251 1
 1258 1262 1260 2180 1
 709 534 929 1712 1
 1115 1961 2089 2090 1
 703 710 85 2206 1
 1607 1923 1781 2205 1
 1492 1732 1759 2051 1
 1161 2188 1355 2275 1
 1077 42 1186 1990 1
 1583 2105 1885 2166 1
 1395 1079 1980 2035 1
 47 75 14 2019 1
 401 413 396 2025 1
 505 2099 1760 2246 1
 360 356 1013 1656 1
 1660 1980 1762 2035 1
 210 748 226 1885 1
 1537 1956 1787 2243 1
 1372 1923 1284 2039 1
 863 864 1012 1635 1
 1729 1805 1655 2045 1
 558 1903 904 2256 1
 1524 1881 1721 2258 1
 1499 1758 1703 1993 1
 1655 1805 1535 2145 1
 245 243 242 1765 1
 974 675 1037 2032 1
 1562 1922 1710 2263 1
 1503 1812 1679 2185 1
 1060 930 568 1905 1
 1116 1869 1978 2090 1
 863 1635 1012 2262 1
 1582 1989 1795 2134 1
 1736 1945 1526 2279 1
 528 932 608 2094 1
 539 968 573 2203 1
 1736 1810 1526 1945 1
 107 772 110 2057 1
 1636 2258 54 2289 1
 536 2192 168 2250 1
 768 1894 1049 2146 1
 1702 1892 1562 2255 1
 1528 2001 1683 2245 1
 509 1643 632 2238 1
 1115 1961 1122 2089 1
 1581 1904 1806 2137 1
 1285 1710 2138 2139 1
 715 301 294 2249 1
 1158 1182 1361 2274 1
 1763 1922 1562 1926 1
 541 706 501 1848 1
 1393 1321 1297 1965 1
 1521 1863 1689 2260 1
 1119 2115 1111 2145 1
 493 600 618 1936 1
 53 24 23 2226 1
 1707 2197 1638 2254 1
 1587 2026 1927 2082 1
 179 178 180 2279 1
 1718 1583 1972 2248 1
 497 583 870 2104 1
 32 1093 1191 1913 1
 1661 1783 1541 2060 1
 617 523 1821 2171 1
 1632 1532 2214 2237 1
 395 543 544 1845 1
 634 1019 1834 2182 1
 1720 1911 1533 2101 1
 1361 1803 1160 2274 1
 1289 1328 1282 1862 1
 1513 2100 1693 2235 1
 1601 2129 1647 2211 1
 802 516 160 1735 1
 1597 1759 1670 2159 1
 801 412 869 2084 1
 1701 1522 1835 2008 1
 1528 1953 1825 2224 1
 729 730 467 2015 1
 1189 1427 1934 1954 1
 1656 1544 2018 2276 1
 605 477 616 2204 1
 425 2125 406 2253 1
 985 606 1028 1996 1
 603 927 531 1692 1
 1676 1774 1590 2003 1
 1362 1228 1230 1816 1
 1555 1966 1936 2174 1
 715 292 1746 2207 1
 1558 1779 1949 2136 1
 140 141 142 1774 1
 1890 2092 1598 2201 1
 1681 2222 799 2251 1
 718 302 719 2091 1
 51 66 702 2054 1
 648 387 1962 2072 1
 1634 1520 2125 2253 1
 1451 1782 1420 2048 1
 923 684 928 1680 1
 1619 2134 2110 2199 1
 330 328 737 2269 1
 1012 1635 864 2221 1
 1725 1865 1541 2016 1
 223 222 191 1736 1
 199 893 197 1767 1
 442 443 441 2165 1
 1694 1644 1933 2220 1
 1507 2034 1642 2091 1
 618 619 1966 2230 1
 1293 1892 2142 2255 1
 623 624 600 2277 1
 1132 1843 1340 2288 1
 1224 1226 1227 2026 1
 1163 1162 1160 1803 1
 537 494 1787 1883 1
 656 920 655 1732 1
 1306 1443 1386 1928 1
 817 1933 809 2220 1
 1683 2001 1646 2245 1
 652 988 720 2265 1
 187 194 760 1993 1
 843 353 1715 2272 1
 1391 1166 1170 2009 1
 450 606 985 1996 1
 1484 1972 1718 1991 1
 1548 1793 1694 1933 1
 1365 1898 1397 2257 1
 145 113 1744 2246 1
 1306 1326 1443 1928 1
 157 158 654 2124 1
 84 158 157 1733 1
 927 1692 603 2208 1
 1705 1860 1593 1994 1
 1663 1814 1569 2124 1
 669 894 551 2030 1
 1319 1400 1214 1685 1
 378 379 809 2220 1
 250 228 226 2166 1
 134 132 135 1976 1
 1588 1795 1685 2182 1
 1214 1685 1388 2134 1
 438 437 436 2121 1
 1631 2099 1760 2191 1
 1593 1843 1705 1994 1
 1263 1266 1254 1697 1
 894 216 1007 2030 1
 660 1718 2135 2208 1
 1566 2092 1890 2201 1
 876 744 781 2122 1
 477 1784 82 2204 1
 102 99 1858 1959 1
 774 475 885 1921 1
 914 659 296 2211 1
 942 567 565 1811 1
 662 632 509 1643 1
 727 227 231 2278 1
 649 650 966 1908 1
 1591 2054 1825 2224 1
 1019 1027 1834 2182 1
 1119 1111 1112 2145 1
 1710 1763 1601 1922 1
 775 777 776 1861 1
 635 651 937 1785 1
 1115 2089 1349 2090 1
 421 494 422 2077 1
 1846 2112 234 2278 1
 1342 1268 1267 1851 1
 204 1064 1015 1754 1
 773 1010 516 2285 1
 871 1844 792 2276 1
 1291 1359 1457 2047 1
 1487 1847 1768 2115 1
 97 99 98 1858 1
 58 73 72 1795 1
 1553 2241 2174 2277 1
 1534 1820 2046 2172 1
 549 1730 663 2225 1
 758 2116 1916 2173 1
 1514 1771 2075 2082 1
 1692 2044 1657 2264 1
 1258 1367 1262 2105 1
 1047 2002 547 2281 1
 1694 1793 1513 2220 1
 211 984 208 1915 1
 1692 2128 1525 2198 1
 151 216 215 1728 1
 445 816 436 1691 1
 440 1995 439 2218 1
 411 379 410 2220 1
 110 109 107 2057 1
 1737 1859 1536 2086 1
 257 1004 850 2099 1
 1640 2012 1504 2132 1
 1175 1930 2013 2242 1
 546 957 985 1996 1
 1698 1808 1538 1992 1
 1616 2046 1820 2172 1
 12 52 11 2041 1
 773 516 2058 2285 1
 2 57 1683 1914 1
 1730 1968 1502 2225 1
 488 539 572 1660 1
 969 877 949 1652 1
 1483 1815 1717 2053 1
 1551 1738 1708 2267 1
 852 1025 351 2186 1
 70 71 1831 2231 1
 1825 2206 1646 2245 1
 369 805 327 2267 1
 489 757 887 1719 1
 273 1977 863 2262 1
 1705 1843 1565 1961 1
 1543 1875 1757 1938 1
 126 826 123 1752 1
 361 820 357 1896 1
 1226 2026 1224 2241 1
 68 62 61 2245 1
 1747 1545 1837 2179 1
 1001 496 623 2277 1
 560 856 532 2149 1
 2 1683 57 2223 1
 1636 1509 2023 2287 1
 1136 1142 1144 1937 1
 758 2071 1916 2116 1
 789 788 518 1852 1
 1190 1800 1150 2194 1
 1166 1454 1159 1792 1
 10 59 9 2259 1
 616 1065 657 1864 1
 1179 1176 1409 2096 1
 1657 1525 2198 2264 1
 27 681 26 1963 1
 1100 2074 1098 2141 1
 200 1754 202 2167 1
 1455 1714 1316 2098 1
 527 554 553 1797 1
 424 453 409 1992 1
 1316 1455 1366 1714 1
 1274 2039 1907 2205 1
 712 297 316 1983 1
 1319 1394 1280 2195 1
 1708 1738 1551 2074 1
 1619 1795 1685 2134 1
 1686 1849 1570 1948 1
 713 901 971 1706 1
 375 376 821 2196 1
 1096 1910 1097 2037 1
 406 391 459 2147 1
 1075 1074 35 1690 1
 699 677 12 2041 1
 372 960 407 2108 1
 1682 1546 1865 2247 1
 1178 1857 1154 2079 1
 243 239 242 1765 1
 183 197 224 2088 1
 1120 1121 1131 1878 1
 347 848 344 1729 1
 183 175 182 2192 1
 127 125 160 1832 1
 1531 1961 1706 2089 1
 1095 1183 1094 2164 1
 1895 1932 1510 2262 1
 1738 1981 1708 2267 1
 956 1877 908 2251 1
 1060 220 930 1780 1
 442 440 1870 1995 1
 1531 1860 1705 1994 1
 1636 1979 1824 2287 1
 1602 1719 2158 2283 1
 461 424 500 1808 1
 211 255 984 1915 1
 665 735 1066 1947 1
 1639 1555 2024 2230 1
 1393 1323 1212 1875 1
 1565 1843 1705 1983 1
 1094 1183 1427 2164 1
 734 478 205 2010 1
 1309 1460 1396 2178 1
 1533 2014 1671 2061 1
 1368 1259 2080 2202 1
 185 818 155 1654 1
 1690 1904 1581 2137 1
 1434 1841 1287 1850 1
 677 47 13 2019 1
 293 294 297 2207 1
 1693 1852 1513 2235 1
 1184 1154 1391 2009 1
 389 396 380 2025 1
 796 795 794 2273 1
 996 825 1039 1973 1
 914 296 1036 2146 1
 1709 2046 1616 2172 1
 1081 1340 1090 2288 1
 397 1026 777 1919 1
 805 910 520 2140 1
 390 316 2169 2227 1
 1265 1440 1376 2004 1
 186 513 2021 2217 1
 1475 1736 1923 2130 1
 1651 2011 1593 2042 1
 1657 2102 1525 2264 1
 364 363 658 1686 1
 509 1967 1643 2238 1
 1403 1833 1410 2229 1
 1322 1291 1779 2136 1
 1063 1002 346 2210 1
 1712 2002 1901 2281 1
 1725 1865 1546 2247 1
 1187 1769 1190 2059 1
 358 368 1839 2272 1
 293 297 1983 2207 1
 1549 1912 1681 2222 1
 158 84 165 2124 1
 363 374 1686 2286 1
 1000 627 628 1952 1
 575 1960 573 2203 1
 340 341 338 1778 1
 1685 1834 1643 2182 1
 68 938 703 2206 1
 438 440 439 2218 1
 822 443 442 2165 1
 1283 1891 1459 2205 1
 938 703 2206 2250 1
 1647 2065 1556 2129 1
 1293 1288 1892 2255 1
 1397 1365 1130 1898 1
 1412 1220 1781 1943 1
 1546 1670 1803 2159 1
 1114 1107 1096 1910 1
 1550 1854 1674 2033 1
 1571 2143 1916 2209 1
 1246 1244 1247 1972 1
 1622 1928 1845 2176 1
 1916 2116 1716 2173 1
 1388 1092 1192 1989 1
 1162 1160 1803 2188 1
 576 575 577 2023 1
 1806 1899 1581 2137 1
 564 839 212 1790 1
 982 1982 288 2247 1
 1683 1914 1527 2223 1
 600 624 1042 1936 1
 1732 1759 1597 2150 1
 1694 1793 1548 1969 1
 1262 1367 1293 1892 1
 1011 2 192 1527 1
 804 1839 368 2272 1
 1238 1237 1236 1758 1
 1831 2199 1619 2231 1
 1602 2199 1831 2231 1
 1611 1949 1779 2136 1
 1514 1823 1678 2062 1
 426 404 403 2067 1
 1413 2076 1377 2143 1
 250 226 252 1885 1
 1757 1938 1550 2250 1
 149 150 145 1897 1
 1130 1128 1138 1717 1
 1158 2144 1182 2274 1
 1530 1737 1809 2206 1
 616 1065 1864 2204 1
 1372 2039 1274 2205 1
 317 837 397 2051 1
 9 702 679 2161 1
 1081 1090 1807 2288 1
 1308 1442 1426 1734 1
 1635 2190 1012 2262 1
 1500 1724 1742 2256 1
 1704 2009 1647 2065 1
 1642 2034 1608 2091 1
 817 1793 915 1933 1
 1601 2065 1647 2129 1
 103 102 116 2082 1
 1151 1145 1429 2028 1
 1532 1830 1719 2158 1
 4 30 1197 2001 1
 1507 2091 1642 2249 1
 231 227 230 2278 1
 1622 2142 1702 2255 1
 1603 1941 1829 2153 1
 1005 510 545 1702 1
 319 310 472 2169 1
 1656 2018 1708 2170 1
 1454 1157 1159 1835 1
 1629 1916 2143 2209 1
 1335 1086 1392 2114 1
 743 745 1764 2233 1
 1702 2142 1892 2255 1
 1560 1791 2252 2274 1
 812 1922 485 2263 1
 461 453 424 1992 1
 1232 2006 1248 2123 1
 298 302 718 2091 1
 156 148 159 2271 1
 685 1720 595 2084 1
 1429 1130 1138 2053 1
 787 963 998 2160 1
 1356 1102 2092 2201 1
 428 430 431 1879 1
 1531 1705 1961 1994 1
 1415 1677 1182 2144 1
 797 500 905 1844 1
 1534 2046 1709 2172 1
 187 760 220 1780 1
 715 294 292 2207 1
 1587 2082 1959 2184 1
 885 1921 925 2112 1
 1181 1113 2018 2170 1
 1574 1933 2049 2103 1
 567 815 562 1804 1
 1370 1294 1419 1856 1
 1730 1947 663 2225 1
 434 435 436 2121 1
 856 1793 481 2107 1
 747 335 420 1815 1
 1664 1597 1918 2150 1
 1444 1364 1248 1810 1
 2 1914 1683 2223 1
 1349 1432 1418 2089 1
 1186 1072 1187 2101 1
 836 1909 249 2111 1
 751 319 472 2181 1
 1590 2003 1774 2136 1
 874 2027 983 2272 1
 1635 1696 2190 2262 1
 1757 2192 536 2250 1
 4 2001 1197 2152 1
 702 2054 679 2161 1
 1023 736 257 2099 1
 1679 2058 1485 2285 1
 1499 2021 1640 2217 1
 1617 1844 1808 2131 1
 19 79 668 1721 1
 462 628 627 1952 1
 369 359 1981 2267 1
 1140 1404 1403 1847 1
 1074 1194 36 2236 1
 852 351 2045 2186 1
 248 913 1061 1968 1
 1571 1863 1689 1974 1
 1591 1913 2054 2161 1
 3 1375 1422 1716 1
 1498 2139 1635 2221 1
 1721 1881 1482 2289 1
 1348 1836 1322 2284 1
 128 122 800 1886 1
 1272 1455 1301 1997 1
 1548 2049 1933 2103 1
 1691 1930 1516 2218 1
 1587 2026 2241 2277 1
 1679 1851 1523 2163 1
 27 680 681 2260 1
 964 223 191 2130 1
 1643 1588 2182 2238 1
 469 2106 819 2162 1
 523 2171 259 2228 1
 1541 2060 1783 2275 1
 1331 1082 1134 2109 1
 76 84 78 1733 1
 1535 2036 1655 2145 1
 1498 2031 1892 2221 1
 1747 1819 1480 2179 1
 1593 1651 2042 2213 1
 1541 1865 1982 2275 1
 1559 2011 1746 2064 1
 184 185 155 2217 1
 1507 1807 1746 2249 1
 736 1955 257 2099 1
 749 563 2214 2283 1
 1605 1928 1845 2103 1
 1395 1079 1126 1980 1
 202 200 204 1754 1
 1916 2071 1716 2116 1
 1621 2080 1684 2175 1
 1414 2011 2042 2288 1
 932 997 584 1751 1
 447 441 443 2165 1
 177 178 176 2279 1
 59 2064 671 2259 1
 1726 1861 1677 1919 1
 873 536 168 2250 1
 1514 2082 2075 2184 1
 1174 1917 1199 1918 1
 1724 1638 1903 2256 1
 1555 1639 2088 2230 1
 196 603 531 2240 1
 1319 1867 1278 2195 1
 1154 1178 1391 1857 1
 1439 1172 1379 1694 1
 1011 1006 609 1827 1
 1572 1762 1960 2203 1
 1281 1226 1906 2184 1
 90 94 711 1837 1
 1123 1698 2059 2194 1
 1588 2182 1685 2270 1
 1269 1339 1225 2097 1
 358 353 368 2272 1
 236 240 241 1675 1
 1305 1749 1448 2017 1
 466 642 530 1796 1
 1220 1781 1943 2024 1
 663 1947 265 2225 1
 1746 1807 1507 2288 1
 1207 1460 1324 2178 1
 1433 1304 1379 2103 1
 1246 1244 1972 2248 1
 587 1014 879 1742 1
 1746 1593 2011 2288 1
 1584 2083 1662 2113 1
 92 716 95 1817 1
 1175 2013 1155 2242 1
 1702 2142 1622 2176 1
 378 380 376 2282 1
 38 1881 1069 2127 1
 846 908 956 1877 1
 1058 360 1013 2193 1
 403 404 387 1962 1
 822 468 443 2165 1
 1435 1223 2022 2241 1
 927 1062 669 2198 1
 5 676 6 2212 1
 52 690 675 1806 1
 849 1760 956 2251 1
 194 1993 196 2240 1
 700 170 516 2118 1
 119 728 97 2117 1
 1083 1709 1082 2172 1
 448 443 468 2165 1
 1330 1390 1213 2070 1
 1111 1119 1420 2115 1
 1528 1842 1871 2224 1
 1808 1844 1508 2131 1
 1681 1877 1740 2251 1
 1610 1791 1835 2008 1
 1631 1760 1884 2191 1
 474 1993 194 2240 1
 564 727 925 2112 1
 1088 1352 1205 1809 1
 1514 1959 2082 2184 1
 212 151 215 1728 1
 575 574 573 1960 1
 1679 1976 1503 2185 1
 1012 2190 1635 2221 1
 1380 2018 1347 2131 1
 206 195 205 1703 1
 565 566 1811 2283 1
 1367 1246 1247 1972 1
 1714 1752 1469 1997 1
 1791 1835 1575 2274 1
 168 175 167 2192 1
 1595 2108 1647 2196 1
 158 497 654 2124 1
 37 1076 38 1881 1
 1073 1428 1195 2042 1
 1189 1389 1074 1934 1
 586 555 995 2068 1
 543 1024 783 2049 1
 334 335 336 2155 1
 1916 2173 1571 2209 1
 1018 648 556 2072 1
 1546 2085 1670 2159 1
 120 108 799 2222 1
 1685 2156 1834 2182 1
 798 451 403 2067 1
 1158 1159 1835 2274 1
 217 214 229 1873 1
 99 728 102 1858 1
 123 122 124 1886 1
 1671 1570 1948 2286 1
 1843 1961 1705 1994 1
 833 557 267 2189 1
 584 826 986 1751 1
 794 793 792 1748 1
 970 1753 652 2265 1
 575 576 574 1960 1
 1760 2099 1631 2246 1
 1368 2080 1838 2202 1
 1291 1381 1322 1779 1
 1829 2153 1551 2170 1
 1021 1742 879 2256 1
 1689 1863 1571 2038 1
 978 820 364 1896 1
 1941 2153 1603 2203 1
 1144 1155 1175 2013 1
 1338 1068 33 1899 1
 501 706 503 1848 1
 844 350 348 1805 1
 939 882 515 2254 1
 1148 1984 1415 2144 1
 218 2078 219 2232 1
 1368 1259 1273 2080 1
 885 925 991 2112 1
 234 2112 727 2278 1
 1716 1916 1571 2143 1
 1232 1234 1371 1818 1
 1186 1924 1072 2101 1
 363 374 658 1686 1
 420 515 747 2254 1
 560 783 1024 2149 1
 1293 1288 1262 1892 1
 261 752 228 1991 1
 1596 1965 1754 2167 1
 59 10 673 1688 1
 39 1196 1957 2127 1
 669 1062 2128 2198 1
 1580 1847 1768 2122 1
 1805 2045 351 2186 1
 184 153 841 2132 1
 1603 2153 1829 2170 1
 75 705 15 1772 1
 984 255 661 1915 1
 1656 1981 1544 2276 1
 6 2212 676 2245 1
 145 113 112 1744 1
 368 804 358 1839 1
 1129 1415 1180 1869 1
 1500 2077 1638 2256 1
 1137 1950 1145 2183 1
 932 1751 584 2261 1
 786 545 2031 2221 1
 1161 1162 1355 2188 1
 1543 1757 1875 2015 1
 582 581 580 2211 1
 1546 2215 1725 2247 1
 579 1922 865 2154 1
 496 952 623 2277 1
 1572 1960 1762 2056 1
 1074 1934 1389 2236 1
 502 503 504 2046 1
 795 796 983 2273 1
 351 1805 345 2045 1
 613 611 612 2187 1
 555 223 1029 2068 1
 612 2151 610 2187 1
 351 844 1805 2186 1
 210 213 748 2063 1
 175 221 167 1674 1
 1685 1834 1481 2195 1
 2 936 57 1914 1
 630 517 548 2210 1
 1502 1797 1862 2120 1
 1335 2029 1086 2114 1
 1584 1908 1695 2168 1
 1635 2190 1498 2221 1
 1426 1345 1336 2138 1
 1348 1279 1322 1836 1
 1686 1948 1570 2286 1
 1063 745 630 1887 1
 1211 1191 1093 1913 1
 1383 1251 1254 1788 1
 900 859 640 1771 1
 542 473 825 1973 1
 137 884 257 1955 1
 82 1784 81 2226 1
 1650 2093 1554 2228 1
 1220 1431 1781 2024 1
 1239 1241 1240 2264 1
 664 663 550 1730 1
 1281 1245 1226 2184 1
 1835 2144 1158 2274 1
 17 1979 943 2258 1
 546 985 1028 1996 1
 702 8 51 2224 1
 1530 1913 1712 2054 1
 213 209 529 2063 1
 1627 2020 1743 2070 1
 1123 1438 1124 1698 1
 1587 1927 2026 2277 1
 846 525 908 1877 1
 1239 1240 2044 2264 1
 940 862 463 2071 1
 533 2106 694 2209 1
 1769 1924 1680 2101 1
 1213 1390 1267 1743 1
 269 721 722 1939 1
 1289 1300 1337 2168 1
 496 728 952 2117 1
 1099 1097 1346 1970 1
 1712 1901 1615 2281 1
 390 2125 405 2227 1
 1263 1264 1282 2055 1
 356 327 326 2267 1
 1574 2049 1845 2103 1
 867 458 750 2215 1
 781 541 822 1775 1
 1677 1869 1129 2090 1
 856 481 1059 2107 1
 1208 1379 1171 1801 1
 1481 1834 1685 2156 1
 1763 1926 1562 2255 1
 40 1087 39 1957 1
 833 989 860 1902 1
 530 642 906 1796 1
 611 2151 612 2187 1
 232 1062 235 2198 1
 1657 1692 2198 2208 1
 1670 2085 1597 2159 1
 306 1900 312 2133 1
 296 659 281 1667 1
 1223 1224 1222 2241 1
 969 949 689 1652 1
 1253 2200 1354 2244 1
 321 763 762 2252 1
 495 546 480 1693 1
 1473 2142 1702 2176 1
 1153 1332 1146 1853 1
 352 357 780 1768 1
 1380 1347 1124 2131 1
 1702 1892 1614 2031 1
 921 259 163 2228 1
 1274 1907 1283 2205 1
 1283 1459 1412 2205 1
 1044 634 741 2156 1
 1216 1307 1334 1747 1
 652 970 471 1753 1
 907 506 189 2005 1
 1177 1399 1302 1969 1
 792 871 797 1844 1
 1220 1431 1412 1781 1
 223 860 637 1902 1
 338 1778 341 2239 1
 1065 60 691 1864 1
 1643 1967 1743 2238 1
 689 969 1652 2216 1
 1069 1800 1196 2127 1
 498 970 1067 2261 1
 796 794 999 2273 1
 70 704 71 2231 1
 830 311 418 1789 1
 1285 1710 1336 2138 1
 219 218 203 2078 1
 1183 1133 1427 1829 1
 1221 1217 1854 2087 1
 1359 1235 1457 2047 1
 1356 1102 1103 2092 1
 734 186 513 2021 1
 1116 1978 1115 2090 1
 1196 1150 1190 1800 1
 618 619 493 1966 1
 576 1038 574 1960 1
 1079 1125 1126 1762 1
 1731 1773 1522 2095 1
 1151 1152 1146 2028 1
 565 1811 566 2231 1
 891 1887 745 2233 1
 199 197 198 1767 1
 1169 1164 1456 2016 1
 658 588 503 2046 1
 400 604 455 1882 1
 1339 1387 1203 2093 1
 1414 1338 1195 2011 1
 1132 1114 1340 1843 1
 701 157 617 1821 1
 712 293 297 1983 1
 1128 1449 1139 2243 1
 1433 1306 1304 2103 1
 1550 2033 1674 2192 1
 1378 1940 1257 2202 1
 686 928 684 1680 1
 618 1020 619 2230 1
 268 1895 476 2189 1
 1401 1183 1098 2074 1
 505 642 1023 2099 1
 95 716 119 1817 1
 487 811 626 2193 1
 1295 1280 1296 1855 1
 1309 1396 1292 1783 1
 786 1033 1017 2221 1
 1732 2051 1492 2280 1
 309 762 2052 2252 1
 480 1028 481 2235 1
 1855 2003 1676 2237 1
 849 850 956 1760 1
 669 531 927 1692 1
 795 983 874 2027 1
 1634 1978 1869 2090 1
 964 592 557 2130 1
 394 412 385 2061 1
 322 753 355 1726 1
 749 563 164 2214 1
 843 368 353 2272 1
 1350 1099 1346 1970 1
 542 825 1043 2234 1
 971 1706 901 2280 1
 1233 1234 1232 1818 1
 760 930 220 1780 1
 962 1732 656 2280 1
 612 947 613 2187 1
 1078 1398 1084 1911 1
 1658 2169 1628 2181 1
 726 305 1971 2133 1
 1077 1398 1911 2101 1
 1656 1708 1981 2267 1
 38 1069 39 2127 1
 1274 1261 1275 1907 1
 1148 1147 1984 2095 1
 1424 1073 1199 1755 1
 1428 1994 1132 2042 1
 1137 1142 1937 2183 1
 1112 1111 1110 2145 1
 505 850 849 1760 1
 305 304 303 2133 1
 1420 1451 1185 1782 1
 742 743 745 1764 1
 465 490 558 1903 1
 346 831 342 1988 1
 1697 1947 1730 2225 1
 791 1981 359 2276 1
 91 166 93 2033 1
 761 596 955 1798 1
 898 2190 1012 2221 1
 1594 2026 1927 2277 1
 569 457 458 1776 1
 1392 1215 1335 2114 1
 1264 1374 1290 1942 1
 1591 2081 1688 2259 1
 924 1941 643 2153 1
 1322 2003 1353 2136 1
 1030 1778 338 2239 1
 1000 1052 627 1952 1
 305 724 725 1971 1
 1059 606 857 2107 1
 1149 1451 1420 2048 1
 940 1916 758 2071 1
 1696 2139 1498 2180 1
 1602 1974 1831 2199 1
 1061 554 650 1797 1
 383 648 416 2072 1
 1435 1226 1223 2241 1
 1101 1103 2092 2157 1
 363 362 365 2286 1
 448 447 443 2165 1
 1088 31 1191 1953 1
 1430 1284 1372 1923 1
 1863 2038 1689 2260 1
 1587 2241 2117 2277 1
 705 55 16 1979 1
 693 1916 698 2209 1
 559 558 490 1903 1
 156 159 164 2214 1
 740 162 977 1766 1
 1098 1100 1401 2074 1
 507 1021 879 2256 1
 659 990 280 2154 1
 321 323 763 1791 1
 190 276 225 2213 1
 982 769 959 1982 1
 627 649 482 1952 1
 1267 1743 1390 2270 1
 1129 1869 1116 2090 1
 566 2231 1811 2283 1
 1543 1914 1700 2152 1
 1319 1280 1867 2195 1
 1244 1357 1310 2102 1
 1664 1918 1917 2150 1
 35 1086 34 2029 1
 1462 1165 1918 2007 1
 610 612 611 2151 1
 405 390 391 2125 1
 473 542 261 1991 1
 1446 1313 1310 1745 1
 1069 1150 1196 1800 1
 405 406 425 2125 1
 1013 392 626 2193 1
 540 921 1998 2228 1
 1562 1635 2221 2263 1
 671 512 279 2064 1
 1549 2057 1678 2222 1
 1213 1225 1203 2020 1
 1416 1356 1131 1893 1
 668 2258 1721 2289 1
 143 755 144 1949 1
 1154 1987 1153 2079 1
 828 830 418 1789 1
 1845 2049 1605 2103 1
 1085 1083 1084 1948 1
 1662 2162 1529 2165 1
 462 447 448 2162 1
 1280 1394 1296 1855 1
 549 663 973 2225 1
 1027 662 171 2163 1
 1236 1234 1235 1931 1
 1111 1420 1185 1782 1
 1141 1135 1140 1985 1
 1099 1100 1098 2141 1
 482 886 824 2083 1
 1229 1230 1228 1920 1
 1593 2042 2011 2288 1
 1070 2109 1413 2143 1
 94 96 118 2179 1
 1704 2146 1667 2211 1
 1209 1329 1409 1944 1
 809 817 915 1933 1
 1933 2220 1644 2282 1
 442 440 1057 1870 1
 1378 1407 1237 1799 1
 1062 232 2128 2198 1
 734 513 951 2021 1
 1698 1808 1508 2131 1
 822 876 781 1775 1
 1936 2174 1594 2277 1
 344 346 342 1988 1
 231 234 727 2278 1
 505 1760 849 2246 1
 240 591 731 2135 1
 64 694 2038 2209 1
 1181 2018 1380 2170 1
 477 82 1003 2204 1
 537 838 494 1883 1
 187 185 186 2217 1
 1313 1417 1247 1777 1
 1129 1182 1415 1677 1
 416 805 369 1738 1
 1179 1337 1156 2113 1
 1086 1204 1392 1756 1
 350 843 353 1715 1
 1230 1229 1231 1920 1
 2117 2241 1553 2277 1
 1932 2190 1696 2262 1
 1639 1943 1781 2024 1
 1401 1100 1113 1708 1
 323 325 388 2008 1
 1338 32 1195 2081 1
 812 483 485 1922 1
 314 381 317 2051 1
 166 168 167 2033 1
 1151 1406 1152 1773 1
 66 51 62 1825 1
 1057 746 1870 2233 1
 533 469 502 2106 1
 1271 1270 1268 1812 1
 648 387 918 1962 1
 900 772 859 1771 1
 1348 1425 2191 2284 1
 1189 1094 1427 1954 1
 1170 1184 2009 2065 1
 1876 2025 1574 2282 1
 1177 1935 1176 2242 1
 256 158 165 2124 1
 448 469 819 2162 1
 1106 1082 1083 1709 1
 1073 1195 31 1871 1
 674 52 675 1806 1
 150 153 155 2132 1
 439 824 449 2083 1
 955 614 761 1798 1
 1219 1382 1220 2024 1
 405 2125 425 2253 1
 595 683 975 1720 1
 1696 2138 1635 2139 1
 963 172 759 1761 1
 1285 1324 1336 1710 1
 486 487 488 1964 1
 72 633 86 1795 1
 523 522 259 2171 1
 51 61 62 1825 1
 424 905 500 1808 1
 595 685 683 1720 1
 753 397 777 1919 1
 1157 1147 1148 2095 1
 510 262 545 2031 1
 769 767 768 1894 1
 1463 2035 1800 2194 1
 1315 1422 1376 1830 1
 1320 1434 1458 1841 1
 1058 1844 871 2276 1
 1367 1258 1246 2105 1
 1315 1422 1830 2158 1
 1300 2076 1402 2113 1
 27 28 680 1689 1
 161 1840 906 2246 1
 735 233 236 1846 1
 1346 1107 1116 1978 1
 252 903 898 2190 1
 1079 1150 1069 2035 1
 459 556 538 2147 1
 941 738 355 1956 1
 1276 1298 1312 1740 1
 809 1933 384 2282 1
 149 152 150 1897 1
 1305 1386 1448 1749 1
 602 768 1049 2146 1
 649 627 1052 1952 1
 1380 1181 1113 2018 1
 1244 1242 1240 2248 1
 44 1071 1331 1863 1
 785 786 2031 2221 1
 1684 2063 1621 2175 1
 253 2111 731 2234 1
 1288 1437 1324 1763 1
 671 59 672 2064 1
 278 863 273 1977 1
 559 558 1903 2197 1
 1092 1330 41 1723 1
 272 273 863 2262 1
 1137 1145 1143 2183 1
 384 809 399 1933 1
 46 1842 7 2224 1
 126 125 127 1832 1
 1011 192 1006 1827 1
 670 467 947 2015 1
 485 483 414 1926 1
 982 286 288 1982 1
 1175 1410 1144 2013 1
 679 702 709 2054 1
 915 817 856 1793 1
 1275 1283 1274 1907 1
 1201 1202 38 2043 1
 663 549 550 1730 1
 1159 1161 1166 1792 1
 54 2258 668 2289 1
 938 873 703 2250 1
 697 2106 533 2209 1
 1227 1228 1224 2026 1
 56 10 679 2161 1
 756 2071 758 2116 1
 423 408 393 1866 1
 423 1866 803 2273 1
 335 419 420 1815 1
 665 265 663 1947 1
 648 1018 416 2072 1
 43 44 1089 1974 1
 1317 1352 1211 1859 1
 1136 1137 1142 1937 1
 38 1076 1069 1881 1
 726 306 305 2133 1
 390 714 316 2227 1
 1178 1454 1391 1857 1
 589 707 590 1820 1
 64 693 694 2209 1
 1694 1933 1793 2220 1
 219 203 721 2078 1
 1068 34 1899 2137 1
 558 904 879 2256 1
 1133 1183 1181 1829 1
 1756 2029 1668 2114 1
 1159 1158 1160 2274 1
 1425 1884 1421 2191 1
 1080 1081 1090 1807 1
 1141 1403 1410 2229 1
 1170 1461 1184 2065 1
 135 132 845 1976 1
 106 104 105 2062 1
 1269 1301 1339 1739 1
 918 404 1014 1962 1
 817 411 481 2235 1
 1917 1918 1174 2150 1
 518 788 454 1852 1
 415 813 926 2176 1
 299 290 300 2247 1
 770 771 762 2052 1
 779 308 457 2085 1
 740 136 162 1766 1
 753 318 397 1919 1
 413 401 414 1926 1
 376 380 821 1876 1
 123 826 121 1752 1
 1353 1314 1253 2200 1
 1187 1190 1452 2059 1
 49 629 969 2216 1
 224 666 183 2088 1
 158 256 497 2124 1
 1719 2214 1532 2283 1
 521 897 651 1785 1
 1327 2158 2110 2199 1
 1800 2035 1150 2194 1
 1328 1329 1282 1862 1
 1432 1917 1174 2150 1
 537 421 858 1787 1
 479 2198 927 2208 1
 961 936 613 1914 1
 819 533 697 2106 1
 838 987 645 1883 1
 491 639 1927 2160 1
 817 481 1793 2235 1
 720 1750 117 2265 1
 577 969 629 2023 1
 1437 1311 1324 1763 1
 1020 2088 224 2230 1
 556 751 934 2181 1
 266 1055 973 2225 1
 1214 2134 1089 2199 1
 112 113 111 1744 1
 382 369 359 1981 1
 1361 1418 1173 1759 1
 1553 2174 1936 2277 1
 1382 1358 1363 1741 1
 422 515 420 2077 1
 1221 1217 1351 1854 1
 2 5 919 2223 1
 1233 1360 1243 2119 1
 612 610 1064 2187 1
 1350 1408 1127 1874 1
 509 508 1967 2238 1
 472 909 934 2181 1
 1214 1327 2110 2199 1
 1030 338 341 2239 1
 1769 1190 2059 2194 1
 1861 1869 1634 2253 1
 872 425 838 2253 1
 617 523 622 1821 1
 351 899 844 2186 1
 1410 1403 1369 1833 1
 634 1834 741 2156 1
 1177 1176 1155 2242 1
 1020 666 224 2088 1
 1683 2212 1528 2245 1
 1444 1299 1364 1810 1
 1430 1363 1364 1945 1
 861 388 325 2008 1
 1300 1290 1377 2168 1
 363 364 361 1896 1
 479 2135 240 2198 1
 491 639 1001 1927 1
 750 307 290 2215 1
 174 154 173 2012 1
 1095 1096 1097 2037 1
 1101 1104 1103 2157 1
 802 773 516 2058 1
 471 970 256 1753 1
 68 676 912 2245 1
 983 804 368 2272 1
 1019 632 1027 2182 1
 634 1019 1027 1834 1
 807 426 451 2067 1
 230 232 231 2278 1
 336 338 337 2155 1
 17 16 1979 2287 1
 621 1045 1932 2175 1
 476 270 646 1895 1
 1353 1322 1295 2003 1
 1334 1434 1287 1850 1
 1419 1256 1370 1856 1
 82 81 53 2226 1
 304 306 312 2133 1
 285 284 283 2060 1
 888 2231 566 2283 1
 1278 1280 1279 1867 1
 1086 1335 34 2029 1
 28 48 958 1831 1
 1245 1227 1226 2184 1
 1688 2161 1591 2259 1
 84 157 78 1733 1
 1368 1378 1257 2202 1
 1081 2011 1414 2288 1
 230 2128 232 2278 1
 493 835 181 1966 1
 380 396 821 1876 1
 853 464 593 1958 1
 1437 1763 1288 2255 1
 849 956 114 2251 1
 1293 2142 1326 2255 1
 299 982 288 2247 1
 11 56 699 2041 1
 1384 1453 1204 1951 1
 1305 2017 1303 2268 1
 1332 1172 1399 2100 1
 665 1066 265 1947 1
 803 362 804 1839 1
 1110 1109 1105 1929 1
 1209 1303 1944 2268 1
 545 785 786 2031 1
 823 434 437 2121 1
 73 58 80 1794 1
 951 916 586 1975 1
 886 890 449 2083 1
 953 891 745 2233 1
 584 997 826 1751 1
 651 635 521 1785 1
 1168 1164 1169 2016 1
 562 815 561 1804 1
 791 359 360 2276 1
 922 258 870 2104 1
 924 326 313 2153 1
 1008 402 877 1941 1
 920 656 962 1732 1
 659 580 990 2211 1
 592 593 464 1958 1
 1057 953 746 2233 1
 384 389 380 2282 1
 318 321 315 2252 1
 1358 1228 1362 1816 1
 520 909 719 2140 1
 484 581 810 2129 1
 1385 1320 1453 1814 1
 177 787 491 2160 1
 1333 1329 1318 1925 1
 816 444 438 2218 1
 542 1046 752 1991 1
 231 232 233 2278 1
 1169 1206 1168 2016 1
 49 688 14 2216 1
 347 344 345 1729 1
 1042 618 600 1936 1
 1260 2139 1696 2180 1
 749 887 563 2283 1
 1088 1197 30 2001 1
 585 906 1016 1840 1
 1372 1284 1274 2039 1
 1432 1188 1174 1917 1
 1200 4 1445 2152 1
 757 67 888 2116 1
 97 728 99 1858 1
 1253 1354 1250 2244 1
 775 872 1861 2253 1
 1319 1280 1278 1867 1
 804 983 796 2273 1
 312 306 313 1900 1
 442 746 876 1870 1
 1123 1190 1438 2194 1
 452 901 714 2227 1
 875 1827 919 2212 1
 421 422 420 2077 1
 580 581 484 2129 1
 1392 1458 1307 1826 1
 233 1846 234 2278 1
 967 929 547 2002 1
 1095 1090 1096 2034 1
 1332 1143 1146 1853 1
 68 703 62 2206 1
 82 477 83 1784 1
 320 312 313 1900 1
 442 441 440 1995 1
 874 1041 808 2027 1
 855 868 524 1889 1
 1414 1428 1132 2042 1
 413 414 483 1926 1
 461 811 487 1964 1
 235 479 240 2198 1
 623 952 624 2277 1
 1047 535 667 2281 1
 962 381 920 1732 1
 879 1021 587 1742 1
 331 332 931 1986 1
 249 263 254 1909 1
 1371 1248 1232 2006 1
 947 612 670 2187 1
 102 101 99 1959 1
 780 354 352 1768 1
 1420 1119 1404 2115 1
 931 367 331 1986 1
 100 528 117 2094 1
 1165 1174 1462 1918 1
 1230 1232 1248 2123 1
 160 516 170 1735 1
 25 80 58 1794 1
 1209 1302 1303 2268 1
 924 643 392 2153 1
 833 268 476 2189 1
 1107 1115 1116 1978 1
 289 290 288 2247 1
 773 131 260 2285 1
 1285 2138 1345 2139 1
 523 259 540 2228 1
 1304 1305 1303 2268 1
 1107 1097 1096 1910 1
 39 1069 1196 2127 1
 1117 1365 1397 2257 1
 1449 1408 1180 1999 1
 1513 2220 1793 2235 1
 278 273 275 1977 1
 865 579 812 1922 1
 785 898 786 2221 1
 548 957 1002 2210 1
 1092 1388 1390 2270 1
 1395 1126 1380 1980 1
 704 565 566 2231 1
 868 855 77 1889 1
 1312 1419 1447 1912 1
 7 46 875 1842 1
 452 390 405 2227 1
 1719 1532 2158 2283 1
 1120 1451 1149 2048 1
 1187 1072 1190 1769 1
 838 645 494 1883 1
 589 590 504 1820 1
 1549 2222 1681 2251 1
 1132 1188 1122 1994 1
 874 368 843 2272 1
 1157 1158 1159 1835 1
 301 470 303 2249 1
 1321 1373 1297 1965 1
 1114 1122 1115 1961 1
 263 249 836 1909 1
 1328 1337 1179 2096 1
 947 467 730 2015 1
 1290 1374 1375 1942 1
 1440 1315 1376 1830 1
 1298 1348 1425 2191 1
 1080 1075 1068 2137 1
 1414 1132 1340 2288 1
 817 481 856 1793 1
 878 506 1056 2289 1
 1252 1265 1255 1880 1
 309 315 762 2252 1
 1458 1434 1307 1826 1
 611 867 514 2151 1
 14 75 15 1772 1
 1077 1186 1398 2101 1
 1188 1132 1428 1994 1
 1212 1197 1205 1938 1
 348 345 351 1805 1
 1176 1930 1175 2242 1
 1195 1428 1414 2042 1
 117 2094 608 2265 1
 643 1941 1008 2203 1
 1174 1188 1424 1917 1
 474 194 196 2240 1
 715 470 301 2249 1
 986 922 583 2104 1
 9 679 10 2161 1
 1330 1213 1087 2070 1
 817 809 379 2220 1
 795 793 794 1748 1
 775 405 425 2253 1
 270 476 268 1895 1
 1750 2094 117 2265 1
 46 225 875 1842 1
 421 537 494 1787 1
 1102 1101 1103 2092 1
 939 972 882 2197 1
 390 316 319 2169 1
 1138 1151 1429 2053 1
 1023 257 850 2099 1
 698 940 1000 1916 1
 440 438 444 2218 1
 1202 1210 1091 1888 1
 689 1904 688 2216 1
 1431 1372 1412 1781 1
 417 784 427 2040 1
 891 517 630 1887 1
 1277 1271 1278 1786 1
 14 688 13 2019 1
 680 2038 695 2260 1
 1254 1251 1252 2126 1
 919 875 597 1827 1
 748 252 226 1885 1
 1436 1316 1320 2098 1
 827 207 478 2010 1
 990 579 865 2154 1
 114 908 799 2251 1
 741 1027 171 1834 1
 1011 569 571 1776 1
 17 866 16 2287 1
 284 281 283 2060 1
 191 222 179 1736 1
 1310 1357 1383 2102 1
 217 749 159 2214 1
 261 250 262 2166 1
 1 29 958 2173 1
 559 939 558 2197 1
 753 754 355 1726 1
 39 1196 40 1957 1
 455 625 965 1882 1
 1447 1343 1312 1912 1
 1459 1373 1321 1965 1
 610 514 499 2151 1
 1020 224 933 2230 1
 1314 1295 1296 2237 1
 1080 1094 1189 1954 1
 83 81 1784 2238 1
 250 261 228 2166 1
 858 738 941 1956 1
 204 1015 202 1754 1
 417 455 784 2040 1
 543 395 399 2049 1
 1230 1248 1362 2123 1
 742 354 743 1764 1
 1078 1083 1082 2172 1
 229 237 217 1873 1
 1441 1325 2022 2266 1
 513 186 184 2217 1
 1296 1394 1327 2110 1
 691 657 1065 1864 1
 1043 253 731 2234 1
 817 379 411 2220 1
 382 359 791 1981 1
 1123 2059 1190 2194 1
 431 430 432 1879 1
 1286 1287 1316 2069 1
 182 168 536 2192 1
 1400 1267 1390 2270 1
 871 1058 500 1844 1
 630 1002 1063 2210 1
 24 53 80 2226 1
 143 519 755 1949 1
 88 90 89 2086 1
 575 643 1008 2203 1
 1657 2198 2135 2208 1
 1033 812 485 2263 1
 1329 1209 1303 1944 1
 73 631 633 2182 1
 1039 825 511 1973 1
 798 386 398 1890 1
 771 309 762 2052 1
 681 680 1009 2260 1
 1163 1173 1165 2159 1
 247 549 248 1968 1
 629 866 2023 2287 1
 1550 2192 1757 2250 1
 271 269 722 1939 1
 621 748 213 2175 1
 809 384 378 2282 1
 697 533 694 2209 1
 633 72 73 1795 1
 62 703 85 2206 1
 615 926 625 2176 1
 854 508 700 1967 1
 608 117 528 2094 1
 1412 1781 1372 2205 1
 850 505 1023 2099 1
 744 780 781 2122 1
 351 345 852 2045 1
 1337 1300 1402 2113 1
 106 834 104 2062 1
 547 534 535 2281 1
 1106 1140 1135 1985 1
 1033 786 864 2263 1
 559 1025 972 2197 1
 634 1027 741 1834 1
 533 819 469 2106 1
 1113 1347 1380 2018 1
 1054 958 71 1831 1
 1085 1149 1341 1849 1
 241 249 244 2111 1
 71 48 70 1831 1
 64 695 680 2038 1
 1040 234 735 1846 1
 1305 1448 1318 2017 1
 246 650 649 1908 1
 253 836 249 2111 1
 632 2182 631 2238 1
 279 291 276 2213 1
 820 978 781 2122 1
 1314 2003 1295 2237 1
 471 524 578 1813 1
 617 654 522 2171 1
 491 998 639 2160 1
 553 554 1061 1797 1
 1257 1378 1242 1940 1
 1657 2135 1718 2208 1
 878 1038 54 2289 1
 723 274 722 2219 1
 1 1916 693 2173 1
 594 801 869 2084 1
 796 999 423 2273 1
 647 1012 2190 2262 1
 462 819 628 2162 1
 1033 2221 786 2263 1
 592 964 1032 2130 1
 1260 1285 1345 2139 1
 1218 1217 1219 2087 1
 1125 1076 1194 2056 1
 888 1054 71 2231 1
 117 720 98 1750 1
 369 327 359 2267 1
 1186 41 1072 1924 1
 1457 1381 1291 1779 1
 328 738 737 2269 1
 1113 1102 1416 2201 1
 540 259 921 2228 1
 231 233 234 2278 1
 1405 1446 1266 2148 1
 1212 1218 1393 1875 1
 36 1193 35 1946 1
 1462 1200 1165 2007 1
 895 795 874 2027 1
 809 915 399 1933 1
 738 328 324 2269 1
 778 407 945 2000 1
 989 637 860 1902 1
 1100 1099 1101 2141 1
 1368 1299 1407 1838 1
 869 685 595 2084 1
 1314 1440 1354 2200 1
 971 901 950 2280 1
 474 531 551 2240 1
 888 566 887 2283 1
 841 154 174 2012 1
 337 981 917 2050 1
 646 647 1932 2262 1
 1417 1443 1293 2142 1
 641 540 921 1998 1
 381 837 317 2051 1
 291 292 293 2207 1
 701 622 55 1821 1
 1425 1360 1421 1884 1
 913 248 549 1968 1
 1053 952 119 2117 1
 1116 1129 1180 1869 1
 1369 1112 1136 2036 1
 145 161 113 2246 1
 407 778 370 2000 1
 1154 1171 1153 1987 1
 401 389 813 2025 1
 745 891 630 1887 1
 1171 1172 1153 1987 1
 1221 1219 1217 2087 1
 576 629 866 2023 1
 161 1016 906 1840 1
 804 796 803 2273 1
 407 960 993 2108 1
 368 874 983 2272 1
 122 128 124 1886 1
 18 668 54 2258 1
 1070 1331 1413 2109 1
 210 208 209 2063 1
 2 919 192 2223 1
 802 129 773 2058 1
 184 155 153 2132 1
 1385 1423 1436 1802 1
 1381 1425 1348 2284 1
 1255 1264 1263 2055 1
 813 395 544 1845 1
 1198 2158 1327 2199 1
 865 275 280 2154 1
 1227 1370 1229 2075 1
 505 161 906 2246 1
 1308 1292 1206 1872 1
 1291 1353 1253 2136 1
 878 54 668 2289 1
 1129 1116 1115 2090 1
 1332 1399 1344 2100 1
 1081 1338 1414 2011 1
 647 2190 1932 2262 1
 1293 1443 1326 2142 1
 286 982 959 1982 1
 862 758 756 2071 1
 131 129 130 2185 1
 993 960 601 2108 1
 1175 1176 1179 1930 1
 1347 1416 1131 1893 1
 460 406 459 2147 1
 647 863 1012 2262 1
 565 563 566 2283 1
 1281 1334 1287 1850 1
 1425 1421 1298 2191 1
 441 439 440 1995 1
 356 359 327 2267 1
 362 358 804 1839 1
 1371 1444 1248 2006 1
 786 2221 864 2263 1
 547 979 967 2002 1
 1287 1434 1320 1841 1
 391 406 405 2125 1
 1214 1089 1327 2199 1
 796 423 803 2273 1
 90 88 91 2086 1
 791 871 792 2276 1
 578 524 607 1813 1
 768 766 1049 1894 1
 1077 1398 1078 1911 1
 67 2116 758 2173 1
 586 916 782 1975 1
 930 889 568 1905 1
 1233 1243 1235 2119 1
 777 775 872 1861 1
 59 671 74 2259 1
 17 943 18 2258 1
 1314 1296 1315 2237 1
 878 668 506 2289 1
 694 696 695 2038 1
 960 375 881 2196 1
 8 46 7 2224 1
 820 361 364 1896 1
 392 356 326 2153 1
 509 83 508 2238 1
 1185 1356 1109 2073 1
 670 612 204 2187 1
 1268 1269 1225 2097 1
 1090 1095 1094 2034 1
 767 766 768 1894 1
 1302 1399 1439 1969 1
 1274 1284 1273 2039 1
 1413 1300 1377 2076 1
 1184 1208 1171 1801 1
 308 307 457 2085 1
 1356 1416 1102 2201 1
 274 723 277 2219 1
 1162 1161 1160 2188 1
 1048 907 635 2005 1
 1441 1221 1351 1854 1
 1154 1153 1152 2079 1
 1068 1075 34 2137 1
 974 724 470 2032 1
 1293 1326 1288 2255 1
 1054 67 958 2173 1
 1120 1108 1121 1878 1
 86 633 634 2156 1
 1239 1240 1238 2044 1
 777 872 754 1861 1
 148 146 147 2271 1
 709 702 66 2054 1
 1285 1336 1345 2138 1
 1036 768 914 2146 1
 81 82 83 1784 1
 1456 1164 1165 2007 1
 1437 1326 1208 2177 1
 1389 1189 1427 1934 1
 423 393 803 1866 1
 33 1068 34 1899 1
 1372 1274 1283 2205 1
 727 234 991 2112 1
 930 552 889 1905 1
 962 656 971 2280 1
 1152 1178 1154 2079 1
 604 1039 625 1882 1
 1321 1218 1220 1943 1
 61 6 676 2245 1
 409 806 394 2061 1
 688 689 880 1904 1
 30 1199 1073 1755 1
 42 1077 43 1990 1
 880 690 688 1904 1
 336 337 334 2155 1
 1137 1143 1142 2183 1
 856 857 532 2107 1
 55 943 17 1979 1
 241 731 253 2111 1
 1314 1353 1295 2003 1
 1193 1384 1204 1951 1
 1412 1321 1220 1943 1
 1395 1150 1079 2035 1
 844 348 351 1805 1
 96 720 118 2179 1
 543 399 1024 2049 1
 1363 1362 1364 1945 1
 460 459 538 2147 1
 1104 1101 1350 2157 1
 583 498 584 2261 1
 65 25 26 1963 1
 479 2135 2198 2208 1
 560 532 429 2149 1
 1374 1265 1376 2004 1
 720 117 652 2265 1
 1157 1406 1147 2095 1
 442 1057 746 1870 1
 1007 552 551 2030 1
 458 307 750 2215 1
 1281 1226 1435 1906 1
 9 74 8 2259 1
 720 988 118 2179 1
 1012 864 786 2221 1
 218 267 464 2232 1
 319 316 310 2169 1
 898 1012 786 2221 1
 882 339 747 2254 1
 938 896 536 2250 1
 895 874 808 2027 1
 1145 1137 1397 1950 1
 1339 1423 1387 2093 1
 635 907 189 2005 1
 503 588 504 2046 1
 204 612 1064 2187 1
 1022 50 692 1770 1
 1413 1331 1134 2109 1
 1139 1415 1148 1984 1
 101 102 103 1959 1
 1192 1092 42 1989 1
 479 660 2135 2208 1
 605 1051 700 2118 1
 608 970 652 2265 1
 139 257 736 1955 1
 483 812 579 1922 1
 956 908 114 2251 1
 199 200 201 2167 1
 933 653 619 2230 1
 616 1003 1065 2204 1
 1226 1224 1223 2241 1
 265 266 973 2225 1
 571 569 458 1776 1
 555 827 995 2068 1
 1148 1147 1139 1984 1
 1089 1974 1198 2199 1
 454 480 411 2235 1
 1442 1459 1283 1891 1
 487 486 461 1964 1
 758 1916 1 2173 1
 267 268 833 2189 1
 1246 1242 1244 2248 1
 619 835 493 1966 1
 479 660 591 2135 1
 234 233 735 1846 1
 1174 1199 1462 1918 1
 825 996 253 2234 1
 621 620 1045 2175 1
 647 621 646 1932 1
 230 894 669 2128 1
 919 1827 192 2223 1
 246 245 650 1908 1
 1323 4 1197 2152 1
 553 829 526 2120 1
 200 202 201 2167 1
 743 953 745 2233 1
 693 698 697 2209 1
 646 272 647 2262 1
 1122 1432 1349 2089 1
 1022 692 944 1770 1
 700 1051 170 2118 1
 974 1037 724 2032 1
 695 590 1009 2260 1
 44 1198 1089 1974 1
 780 820 781 2122 1
 13 47 14 2019 1
 617 522 523 2171 1
 166 167 93 2033 1
 1058 626 811 2193 1
 1045 646 621 1932 1
 1435 1223 1325 2022 1
 789 917 981 2050 1
 1209 1176 1177 1935 1
 511 825 473 1973 1
 1148 1415 1182 2144 1
 782 176 179 2279 1
 1146 1145 1151 2028 1
 726 305 725 1971 1
 11 699 12 2041 1
 403 451 426 2067 1
 613 935 611 1914 1
 1098 1095 1097 2037 1
 1325 1223 1441 2022 1
 437 434 436 2121 1
 218 219 267 2232 1
 213 529 620 2175 1
 756 758 757 2116 1
 768 602 914 2146 1
 1452 1108 1084 2014 1
 500 797 871 1844 1
 671 672 512 2064 1
 1165 1200 1456 2007 1
 148 156 146 2271 1
 1184 1461 1311 2065 1
 64 694 695 2038 1
 864 278 812 2263 1
 479 927 603 2208 1
 639 496 1001 1927 1
 973 663 265 2225 1
 129 128 130 2185 1
 950 837 962 2280 1
 553 1055 829 2120 1
 1322 1353 1291 2136 1
 1361 1160 1158 2274 1
 1381 1348 1322 2284 1
 1357 1240 1241 2264 1
 862 940 758 2071 1
 751 472 934 2181 1
 852 345 343 2045 1
 1436 1455 1316 2098 1
 783 560 429 2149 1
 139 137 257 1955 1
 1082 1071 1078 2172 1
 168 182 175 2192 1
 32 1338 33 2081 1
 53 81 80 2226 1
 689 688 49 2216 1
 886 449 824 2083 1
 276 190 279 2213 1
 1411 1175 1179 1930 1
 1368 1257 1259 2202 1
 65 26 681 1963 1
 1402 1156 1337 2113 1
 1220 1382 1431 2024 1
 1410 1411 1141 2229 1
 1402 1300 1413 2076 1
 1327 1394 1214 2110 1
 1441 1317 1325 2266 1
 1304 1303 1302 2268 1
 870 583 922 2104 1
 520 910 909 2140 1
 113 505 849 2246 1
 1081 1414 1340 2288 1
 1008 924 402 1941 1
 799 108 109 2222 1
 1262 1285 1260 2139 1
 992 412 806 2061 1
 629 576 577 2023 1
 16 55 17 1979 1
 422 507 904 2256 1
 18 54 17 2258 1
 746 953 743 2233 1
 509 632 631 2238 1
 542 752 261 1991 1
 1032 964 191 2130 1
 604 625 455 1882 1
 1432 1174 1173 2150 1
 881 375 821 2196 1
 401 396 389 2025 1
 1214 1192 1089 2134 1
 207 205 478 2010 1
 1391 1170 1184 2009 1
 477 1003 616 2204 1
 657 540 641 1998 1
 555 1029 827 2068 1
 7 51 8 2224 1
 1452 1190 1123 2059 1
 176 178 179 2279 1
 61 676 68 2245 1
 1047 547 535 2281 1
 119 952 728 2117 1
 29 1 693 2173 1
 1326 1433 1208 2177 1
 292 294 293 2207 1
 67 757 758 2116 1
 942 634 1044 2156 1
 1290 1300 1289 2168 1
 184 186 185 2217 1
 192 919 1006 1827 1
 643 575 573 2203 1
 662 260 133 2163 1
 630 548 1002 2210 1
 1030 636 638 2239 1
 1214 1388 1192 2134 1
 1303 1305 1318 2017 1
 404 918 387 1962 1
 1259 1258 1260 2180 1
 1013 626 1058 2193 1
 507 879 904 2256 1
 262 785 545 2031 1
 1022 540 657 1998 1
 698 693 1 1916 1
 914 582 659 2211 1
 775 425 872 2253 1
 1253 1314 1354 2200 1
 385 374 365 2286 1
 898 903 1012 2190 1
 595 594 869 2084 1
 213 210 209 2063 1
 1377 3 1070 2143 1
 689 49 969 2216 1
 949 726 725 1971 1
 669 1062 232 2128 1
 86 634 942 2156 1
 701 617 622 1821 1
 1115 1349 1129 2090 1
 938 536 873 2250 1
 384 380 378 2282 1
 1347 1121 1124 2131 1
 749 164 159 2214 1
 253 1043 825 2234 1
 1005 415 615 2176 1
 351 644 899 2186 1
 1326 1437 1288 2255 1
 304 305 306 2133 1
 991 925 727 2112 1
 1074 1389 1194 2236 1
 603 661 660 2208 1
 831 636 341 2239 1
 1327 1422 1315 2158 1
 9 59 74 2259 1
 515 882 747 2254 1
 819 462 448 2162 1
 1325 1317 1216 2266 1
 1377 1070 1413 2143 1
 652 117 608 2265 1
 566 563 887 2283 1
 171 662 133 2163 1
 411 480 481 2235 1
 932 584 1067 2261 1
 288 290 299 2247 1
 1327 1198 1422 2158 1
 83 631 81 2238 1
 196 531 474 2240 1
 321 762 315 2252 1
 940 1 758 1916 1
 1007 551 894 2030 1
 1409 1328 1179 2096 1
 1412 1372 1283 2205 1
 643 924 1008 1941 1
 919 2212 1827 2223 1
 714 390 452 2227 1
 394 806 412 2061 1
 479 591 240 2135 1
 479 603 660 2208 1
 972 939 559 2197 1
 611 514 610 2151 1
 659 582 580 2211 1
 71 566 888 2231 1
 241 253 249 2111 1
 971 950 962 2280 1
 633 631 1019 2182 1
 968 643 573 2203 1
 71 704 566 2231 1
 48 71 958 1831 1
 272 863 647 2262 1
 1186 1187 1398 2101 1
 1176 1175 1155 2242 1
 669 232 230 2128 1
 351 1025 644 2186 1
 998 491 787 2160 1
 621 213 620 2175 1
 631 632 1019 2182 1
 1059 857 856 2107 1
 1148 1182 1158 2144 1
 927 479 1062 2198 1
 919 597 1006 1827 1
 924 392 326 2153 1
 629 1031 866 2287 1
 1058 871 360 2276 1
 280 990 865 2154 1
 2 57 5 2223 1
 773 260 1010 2285 1
 694 693 697 2209 1
 509 508 854 1967 1
 791 360 871 2276 1
 1031 16 866 2287 1
 415 926 615 2176 1
 680 695 1009 2260 1
 83 509 631 2238 1
 1438 1190 1150 2194 1
 363 365 374 2286 1
 1396 1460 1207 2178 1
 1010 260 854 2285 1
 1020 933 619 2230 1
 505 113 161 2246 1
 647 1012 903 2190 1
 584 498 1067 2261 1
 1089 1198 1327 2199 1
 1251 1250 1252 2126 1
 4 1323 1445 2152 1
 6 875 919 2212 1
 479 235 1062 2198 1
 67 758 1 2173 1
 1 940 698 1916 1
 864 812 1033 2263 1
 1030 341 636 2239 1
 1 958 67 2173 1
 1400 1390 1388 2270 1
 1253 1250 1249 2244 1
 6 919 5 2212 1
 919 5 2212 2223 1
 936 935 613 1914 1
 2 935 936 1914 1
 2086 85 87 88 1
 2086 87 85 1530 1
 1956 980 754 941 1
 1956 754 980 1506 1
 682 1699 1680 923 1
 1680 1699 682 1557 1
 2228 921 170 163 1
 170 921 2228 1554 1
 170 1735 2228 163 1
 2228 1735 170 1554 1
 1234 1818 1237 1371 1
 1234 1237 1818 1499 1
 1799 1237 1818 1371 1
 1799 1818 1237 1499 1
 1828 946 1699 1488 1
 1828 1699 946 22 1
 2019 77 677 47 1
 2019 677 77 1668 1
 1785 928 1573 897 1
 1785 1573 928 1680 1
 63 1573 928 897 1
 63 928 1573 1680 1
 2128 215 1618 230 1
 2128 1618 215 1728 1
 1719 237 756 1589 1
 1719 756 237 489 1
 1999 1415 1869 1180 1
 1999 1869 1415 1506 1
 2148 1383 1745 1446 1
 2148 1745 1383 1467 1
 1785 687 1673 521 1
 1785 1673 687 1573 1
 2213 2207 2064 279 1
 2213 2064 2207 1593 1
 1917 1073 2042 1424 1
 1917 2042 1073 1466 1
 1912 1366 1823 1447 1
 1912 1823 1366 1472 1
 1999 1128 1127 1500 1
 1999 1127 1128 1449 1
 1771 963 1477 640 1
 1771 1477 963 1761 1
 1959 100 739 101 1
 1959 739 100 1599 1
 1486 880 1806 1037 1
 1486 1806 880 1904 1
 2178 2275 1667 1704 1
 1667 2275 2178 1783 1
 1897 847 2132 150 1
 1897 2132 847 1564 1
 1886 121 123 122 1
 1886 123 121 1752 1
 2093 1569 2171 1802 1
 2093 2171 1569 1620 1
 2067 490 807 426 1
 2067 807 490 1711 1
 2280 883 1706 1531 1
 2280 1706 883 971 1
 1895 271 2262 1510 1
 1895 2262 271 270 1
 2013 2036 1937 1489 1
 1937 2036 2013 1144 1
 2088 2087 2024 1555 1
 2088 2024 2087 1604 1
 1696 2138 1907 1510 1
 1696 1907 2138 1345 1
 1275 1907 2138 1510 1
 1275 2138 1907 1345 1
 1832 123 1496 1752 1
 1832 1496 123 125 1
 2109 1402 1135 1134 1
 1135 1402 2109 1529 1
 1135 1985 2109 1134 1
 2109 1985 1135 1529 1
 1865 1163 1803 1162 1
 1865 1803 1163 1546 1
 1877 1786 1740 1493 1
 1877 1740 1786 1503 1
 2132 2066 1897 1504 1
 2132 1897 2066 1564 1
 1047 1474 1819 607 1
 1819 1474 1047 2281 1
 1857 1406 1157 1522 1
 1857 1157 1406 1178 1
 1881 1079 1762 1076 1
 1881 1762 1079 1482 1
 1955 140 141 139 1
 1955 141 140 1774 1
 2095 1138 1151 1147 1
 2095 1151 1138 2053 1
 1857 1406 2079 1178 1
 1857 2079 1406 1773 1
 1152 2079 1406 1178 1
 1152 1406 2079 1773 1
 2043 1957 2127 39 1
 2043 2127 1957 1578 1
 1941 1971 402 877 1
 402 1971 1941 1539 1
 2075 1256 1585 1856 1
 2075 1585 1256 1229 1
 2013 1369 1410 1144 1
 2013 1410 1369 1833 1
 2160 492 181 1594 1
 2160 181 492 491 1
 2279 173 177 1665 1
 2279 177 173 176 1
 428 2149 427 429 1
 427 2149 428 1625 1
 678 1889 979 868 1
 979 1889 678 1668 1
 2040 2149 427 1625 1
 427 2149 2040 783 1
 2184 1294 1286 1245 1
 2184 1286 1294 1823 1
 2252 322 1560 318 1
 2252 1560 322 1791 1
 2172 1084 1911 1078 1
 2172 1911 1084 1534 1
 2215 300 2085 307 1
 2215 2085 300 1546 1
 2196 373 372 375 1
 2196 372 373 1595 1
 1948 1341 1709 1849 1
 1948 1709 1341 1083 1
 218 2167 853 201 1
 853 2167 218 1470 1
 2029 1193 35 1086 1
 2029 35 1193 1946 1
 2219 283 2060 1661 1
 2219 2060 283 277 1
 1912 1421 1740 1312 1
 1912 1740 1421 1549 1
 2187 200 1754 204 1
 2187 1754 200 1596 1
 2031 898 252 785 1
 2031 252 898 1498 1
 2217 1993 188 187 1
 2217 188 1993 1499 1
 402 1971 2133 726 1
 2133 1971 402 1539 1
 1732 570 779 920 1
 1732 779 570 1597 1
 2067 465 1903 426 1
 2067 1903 465 1511 1
 2288 2034 1340 1090 1
 2288 1340 2034 1507 1
 1096 1340 2034 1090 1
 1096 2034 1340 1507 1
 1366 1997 1455 1272 1
 1455 1997 1366 1714 1
 1804 162 977 815 1
 1804 977 162 1766 1
 1813 988 2265 1480 1
 1813 2265 988 578 1
 2121 2083 437 449 1
 2121 437 2083 1606 1
 439 437 2083 449 1
 439 2083 437 1606 1
 2029 1951 1193 1086 1
 2029 1193 1951 1542 1
 2271 144 1774 146 1
 2271 1774 144 1590 1
 2154 580 579 1601 1
 2154 579 580 990 1
 1881 2035 2127 1482 1
 2127 2035 1881 1069 1
 1981 386 398 382 1
 1981 398 386 1890 1
 2277 1053 952 624 1
 2277 952 1053 2117 1
 1473 1386 1928 1749 1
 1928 1386 1473 2142 1
 2171 2093 2228 1620 1
 2171 2228 2093 1650 1
 2204 1672 1998 1627 1
 2204 1998 1672 1864 1
 2133 402 1900 1539 1
 2133 1900 402 306 1
 2005 2289 1673 1482 1
 1673 2289 2005 506 1
 349 1805 1729 348 1
 1729 1805 349 1535 1
 2244 1241 2126 1250 1
 2244 2126 1241 1641 1
 2162 468 2165 448 1
 2162 2165 468 1529 1
 1956 754 355 941 1
 1956 355 754 1726 1
 700 2285 516 1010 1
 516 2285 700 2118 1
 2114 33 1093 1335 1
 2114 1093 33 1552 1
 2120 830 828 1789 1
 2120 828 830 829 1
 1832 258 163 127 1
 1832 163 258 1650 1
 2273 2048 1839 1517 1
 2273 1839 2048 1570 1
 2089 1188 1994 1122 1
 2089 1994 1188 1917 1
 2093 1888 1387 1620 1
 2093 1387 1888 1210 1
 1971 880 689 1904 1
 1971 689 880 725 1
 2171 157 617 654 1
 2171 617 157 1821 1
 2137 1954 1807 1080 1
 2137 1807 1954 1486 1
 2233 2218 1887 1516 1
 2233 1887 2218 444 1
 2273 2027 983 795 1
 2273 983 2027 1517 1
 1987 2100 1694 1172 1
 1694 2100 1987 1513 1
 1844 794 1617 797 1
 1844 1617 794 1748 1
 2257 1136 1137 1117 1
 2257 1137 1136 1937 1
 1870 744 2233 746 1
 1870 2233 744 1580 1
 1935 2096 1930 1561 1
 1930 2096 1935 1176 1
 1935 2096 1944 1409 1
 1944 2096 1935 1561 1
 2274 1670 1759 1803 1
 2274 1759 1670 1560 1
 2205 1459 1470 1891 1
 2205 1470 1459 1412 1
 2207 2213 1860 291 1
 1860 2213 2207 1593 1
 2109 1106 1082 1134 1
 2109 1082 1106 1709 1
 945 2108 407 993 1
 407 2108 945 2000 1
 1930 2229 2113 1411 1
 1930 2113 2229 1626 1
 1156 2113 2229 1411 1
 1156 2229 2113 1626 1
 1254 2055 1880 1255 1
 1880 2055 1254 1697 1
 2211 602 914 582 1
 2211 914 602 2146 1
 2230 835 1475 653 1
 2230 1475 835 1966 1
 1764 347 848 742 1
 1764 848 347 1729 1
 281 2154 659 280 1
 659 2154 281 1667 1
 2109 1848 2106 1616 1
 2109 2106 1848 1529 1
 2170 2074 1183 1401 1
 2170 1183 2074 1551 1
 1856 1447 1294 1419 1
 1856 1294 1447 1823 1
 2101 2014 2059 1452 1
 2101 2059 2014 1533 1
 1759 1919 1677 1492 1
 1677 1919 1759 1560 1
 1872 2275 1168 1541 1
 1168 2275 1872 1292 1
 2049 915 399 1024 1
 2049 399 915 1933 1
 1889 84 76 1733 1
 1889 76 84 855 1
 2251 109 799 114 1
 2251 799 109 2222 1
 2065 2178 1324 1601 1
 1324 2178 2065 1461 1
 2160 2026 1816 1477 1
 2160 1816 2026 1594 1
 2159 1776 1546 2085 1
 2159 1546 1776 2007 1
 2197 852 1707 2045 1
 2197 1707 852 972 1
 1721 2043 1770 1578 1
 1770 2043 1721 1524 1
 2025 415 1926 1622 1
 2025 1926 415 401 1
 2019 690 688 13 1
 2019 688 690 1904 1
 1108 2059 1452 1123 1
 1452 2059 1108 2014 1
 214 2271 159 148 1
 159 2271 214 1632 1
 2005 572 488 907 1
 2005 488 572 1660 1
 2041 967 1668 2002 1
 2041 1668 967 699 1
 2004 1255 1519 1374 1
 2004 1519 1255 1880 1
 1715 2027 1782 1479 1
 1782 2027 1715 2272 1
 2252 317 1670 315 1
 2252 1670 317 2051 1
 314 1670 317 315 1
 314 317 1670 2051 1
 2279 1475 1945 1666 1
 2279 1945 1475 1736 1
 2143 1863 44 1331 1
 2143 44 1863 1571 1
 1962 538 587 918 1
 1962 587 538 1612 1
 2181 2037 2140 1491 1
 2181 2140 2037 1658 1
 1370 2184 1227 1245 1
 1227 2184 1370 2075 1
 1329 2096 1328 1409 1
 1328 2096 1329 1862 1
 1774 1836 1955 1558 1
 1955 1836 1774 1540 1
 1734 1977 2138 1592 1
 2138 1977 1734 1510 1
 2221 545 1702 1017 1
 2221 1702 545 2031 1
 1777 1991 1972 1484 1
 1972 1991 1777 1614 1
 2029 2137 1899 34 1
 1899 2137 2029 1581 1
 1750 1906 1858 1599 1
 1858 1906 1750 1545 1
 1285 1763 1562 1288 1
 1562 1763 1285 1710 1
 2203 572 539 1660 1
 2203 539 572 573 1
 2024 1363 1475 1741 1
 2024 1475 1363 1431 1
 2147 1874 1970 1612 1
 2147 1970 1874 1520 1
 1785 456 976 651 1
 1785 976 456 1649 1
 2028 2183 1950 1577 1
 1950 2183 2028 1145 1
 2269 1522 329 2008 1
 2269 329 1522 1731 1
 2176 1039 1973 1473 1
 2176 1973 1039 615 1
 2287 15 2216 1031 1
 2287 2216 15 1772 1
 2271 733 1774 1676 1
 2271 1774 733 146 1
 2231 2110 2158 2199 1
 2231 2158 2110 1811 1
 1100 2141 1102 1598 1
 1100 1102 2141 1101 1
 2092 1102 2141 1598 1
 2092 2141 1102 1101 1
 2095 1151 1406 1147 1
 2095 1406 1151 1773 1
 2176 544 813 926 1
 2176 813 544 1845 1
 2265 578 1753 652 1
 2265 1753 578 1813 1
 471 1753 578 652 1
 471 578 1753 1813 1
 1061 1968 650 248 1
 650 1968 1061 1797 1
 1820 1863 2172 1521 1
 2172 1863 1820 1616 1
 2148 1333 1697 1266 1
 2148 1697 1333 1925 1
 2032 725 1486 1037 1
 2032 1486 725 1971 1
 880 1486 725 1037 1
 880 725 1486 1971 1
 19 2258 668 18 1
 668 2258 19 1721 1
 1923 1902 2039 1607 1
 1923 2039 1902 1613 1
 1402 2109 1413 1134 1
 1413 2109 1402 2076 1
 1261 2180 2080 1259 1
 2080 2180 1261 1696 1
 227 2112 2278 727 1
 2278 2112 227 1618 1
 1794 1990 1963 1557 1
 1963 1990 1794 1582 1
 2266 1817 1545 2022 1
 2266 1545 1817 1837 1
 1908 243 463 246 1
 1908 463 243 1765 1
 1519 1968 774 247 1
 1519 774 1968 1730 1
 550 774 1968 247 1
 550 1968 774 1730 1
 889 2030 552 1007 1
 552 2030 889 1905 1
 1515 2045 1988 1729 1
 1515 1988 2045 343 1
 344 1988 2045 1729 1
 344 2045 1988 343 1
 2201 1100 1113 1102 1
 2201 1113 1100 1708 1
 2145 1109 1110 1929 1
 2145 1110 1109 1111 1
 2203 392 1603 968 1
 2203 1603 392 2153 1
 1976 131 133 132 1
 1976 133 131 1679 1
 2136 2200 2244 1590 1
 2244 2200 2136 1253 1
 2065 1208 1184 1801 1
 2065 1184 1208 1311 1
 2181 910 909 934 1
 2181 909 910 2140 1
 650 1968 245 248 1
 245 1968 650 1908 1
 2147 751 391 459 1
 2147 391 751 1628 1
 2232 853 464 218 1
 2232 464 853 1958 1
 2274 1182 1560 2144 1
 2274 1560 1182 1361 1
 2215 289 514 1725 1
 2215 514 289 750 1
 1923 1431 1372 1430 1
 1923 1372 1431 1781 1
 1994 1114 1122 1132 1
 1994 1122 1114 1961 1
 2268 1209 1935 1944 1
 2268 1935 1209 1302 1
 607 1889 524 868 1
 524 1889 607 1813 1
 2221 1702 1892 1562 1
 2221 1892 1702 2031 1
 2194 1395 1150 1438 1
 2194 1150 1395 2035 1
 1826 1204 1392 1458 1
 1826 1392 1204 1756 1
 2228 258 2171 259 1
 2228 2171 258 1650 1
 2232 268 1630 219 1
 2232 1630 268 2189 1
 1336 2178 1324 1460 1
 1324 2178 1336 1710 1
 2177 1926 2025 1556 1
 2177 2025 1926 1622 1
 154 2132 841 153 1
 841 2132 154 2012 1
 601 2196 960 881 1
 960 2196 601 2108 1
 2168 1264 1942 1695 1
 2168 1942 1264 1290 1
 2130 860 223 1902 1
 2130 223 860 964 1
 2 1914 1011 935 1
 2 1011 1914 1527 1
 571 1011 1914 935 1
 571 1914 1011 1527 1
 2285 662 1967 2163 1
 2285 1967 662 854 1
 2148 1318 1333 1405 1
 2148 1333 1318 1925 1
 1806 880 690 675 1
 1806 690 880 1904 1
 1693 2239 546 1645 1
 957 546 2239 1645 1
 957 2239 546 636 1
 2269 330 329 1731 1
 2269 329 330 328 1
 1970 2181 2037 1628 1
 2037 2181 1970 1491 1
 2186 852 2197 2045 1
 2186 2197 852 1025 1
 2219 271 722 1939 1
 2219 722 271 274 1
 1299 2080 1368 1273 1
 1368 2080 1299 1838 1
 2216 15 14 49 1
 2216 14 15 1772 1
 1956 537 980 941 1
 1956 980 537 1787 1
 801 2286 1034 374 1
 1034 2286 801 1671 1
 2135 1050 1046 1718 1
 2135 1046 1050 591 1
 2256 1021 1500 507 1
 2256 1500 1021 1742 1
 645 1500 1021 507 1
 645 1021 1500 1742 1
 2191 2099 2284 1631 1
 2191 2284 2099 1493 1
 2275 1162 1168 1865 1
 2275 1168 1162 1355 1
 2077 2243 1537 1787 1
 1537 2243 2077 1717 1
 124 2185 128 129 1
 128 2185 124 1886 1
 2262 2138 1977 1635 1
 2262 1977 2138 1510 1
 2223 676 57 5 1
 2223 57 676 1683 1
 2271 2200 2237 1590 1
 2271 2237 2200 1632 1
 785 2166 262 250 1
 262 2166 785 2031 1
 302 2249 298 301 1
 298 2249 302 2091 1
 2235 817 2220 1793 1
 2235 2220 817 411 1
 2210 346 831 1002 1
 2210 831 346 1988 1
 2182 634 633 2156 1
 2182 633 634 1019 1
 2190 621 647 1932 1
 2190 647 621 903 1
 2238 508 1784 83 1
 2238 1784 508 1967 1
 2239 495 546 636 1
 2239 546 495 1693 1
 2239 2183 1693 1577 1
 2239 1693 2183 1645 1
 End
